basin_id,ref_run_idx,seed,best_MRT1,best_MRT2,best_Pe1,best_Pe2,best_fr1,best_fr2,best_J,nit,nfev,success,message
19,2,202,11.47584782202542,48.81959303366243,15.326610216638027,2.0345580528807794,0.26581516880705774,0.6716661815820224,0.03090939620719519,59,5387,True,Optimization terminated successfully.
