{"basin_id": 15, "ref_run_idx": 1, "seed": 201, "x_best": [11.634846239793596, 49.80930559250654, 14.137069660210248, 2.243315510450022, 0.29771234368788907, 0.6363018615852746], "best_J": 0.03155299218964248, "P_final": [[11.634846239793596, 49.80930559250654, 14.137069660210248, 2.243315510450022, 0.29771234368788907, 0.6363018615852746], [11.63655163672575, 49.79448389541771, 14.138573638059423, 2.244356495918198, 0.29780742706039265, 0.6363051600738707], [11.774390407981606, 50.87230460768263, 13.549282491845641, 2.51751656920387, 0.3275218683191708, 0.6025934489476877], [11.63483070488643, 49.79516129229337, 14.134475392311115, 2.2457747501419236, 0.2977352046842204, 0.6362898259506254], [11.634991240826594, 49.80035189835746, 14.140009142105583, 2.2441992219394677, 0.297831163624158, 0.6362228534337155], [11.634897910870716, 49.757260361632504, 14.145716928960717, 2.246933841614823, 0.2977209621642452, 0.6362921380413054], [11.635554080403422, 49.80368093431282, 14.12705557199496, 2.246022040761777, 0.29795206823675124, 0.6361484809967684], [11.634850413055599, 49.78701295271628, 14.135829699433053, 2.2433895366087993, 0.2977553310392493, 0.636160822338673], [11.634899830594545, 49.81050616587526, 14.148803558295214, 2.2436821570689056, 0.29774854194351297, 0.6363073608522004], [11.635114041042279, 49.76792942189032, 14.127086546980188, 2.2453297319768435, 0.2978632450710838, 0.6361263770869434], [11.634829263007711, 49.80109096634066, 14.136392063325118, 2.24416571868256, 0.2978273382804838, 0.6362659133412178], [11.635040555309184, 49.767354783369406, 14.117953924628017, 2.2522842216966907, 0.2982660280414289, 0.6358520984988965], [11.634910502540418, 49.782932615132275, 14.142203081027601, 2.2441547759672176, 0.2977330340892846, 0.6362250641606968], [11.634952844894382, 49.79256902857999, 14.137898893549751, 2.244166794235747, 0.2977141047031572, 0.6363097437260252], [11.66588992137232, 49.84000990678748, 13.948964648142317, 2.2864850382628483, 0.3023757717368666, 0.6322605762488615], [11.634930483261265, 49.80699815106726, 14.130638332725427, 2.243416727971156, 0.2977490166558911, 0.6363201450062805], [11.63492361295095, 49.80206237493875, 14.144710353671758, 2.2436272957868515, 0.2977745778576609, 0.6362817757831818], [11.63499498642877, 49.79090518929673, 14.143177175955257, 2.2445239795752303, 0.2977624773009508, 0.636205368181747], [11.634956194346307, 49.76343318840824, 14.135424588074189, 2.245077091089999, 0.2978584732206783, 0.6362676563565772], [11.634871874639881, 49.80551965937348, 14.133689664126752, 2.243092973270917, 0.2978160511459329, 0.636220093871397], [11.634915057614048, 49.78912287410951, 14.144048660895916, 2.2443280423319822, 0.29779265401040433, 0.6362893117264787], [11.635354595026552, 49.82544324971384, 14.126744188063649, 2.248663303084372, 0.298104855067848, 0.6363209388769173], [11.634831917509514, 49.79264202224669, 14.128379838732593, 2.244088456479502, 0.29783454212575655, 0.6362171969834872], [11.63499110566425, 49.87434508488384, 14.12297231160607, 2.2415034623516648, 0.29796513709700695, 0.6362867066067225], [11.63492154839777, 49.77076813759593, 14.120033823914229, 2.250062946259677, 0.29820901379558207, 0.6362082825084208], [11.634853888130253, 49.749092613054174, 14.133018541036396, 2.2466101495369952, 0.2977583948006644, 0.6359417110737081], [11.634879973754984, 49.797986098525634, 14.135339984399984, 2.245160353971899, 0.29780162011567407, 0.6362595219235913], [11.635043186743081, 49.78976302951824, 14.142146872390263, 2.245458678139086, 0.29795321951880993, 0.6362701027666045], [11.634945734321366, 49.78223808200358, 14.14022956771965, 2.246963544488422, 0.29778856268281473, 0.636219813613369], [11.63503459098579, 49.80717299509369, 14.137702984158555, 2.244153970905061, 0.2977351459701634, 0.6362951417274962], [11.63511227868737, 49.79745514073676, 14.143520169872449, 2.244738523812978, 0.2977368928851566, 0.636060807280101], [11.63488020371487, 49.7844192720696, 14.132008497321948, 2.2448410718549185, 0.2977175000786773, 0.6363162864492355], [11.634967126044156, 49.78909709479471, 14.13302878945508, 2.2438111834054046, 0.29771807375440174, 0.6362883752061493], [11.634990236327141, 49.83185516188998, 14.149092566741336, 2.2438745109121023, 0.2978347041853169, 0.6363293483386003], [11.634898351653463, 49.83447485591978, 14.151148390873574, 2.2426461921939467, 0.2977798702546076, 0.6362737747213042], [11.63514221215667, 49.80331187667083, 14.130084271615674, 2.2463997636371973, 0.29778887280635546, 0.6360691998689383], [11.634915504832367, 49.809887650631794, 14.139231324116396, 2.2423683418328637, 0.2977261906794775, 0.6362224371105855], [11.635068350054704, 49.806650922490384, 14.135763094179765, 2.243077444992329, 0.29781966227545126, 0.6362354001554107], [11.634892081845125, 49.809634575982976, 14.130217071996583, 2.2437996477525735, 0.29775140628843294, 0.6362485947598503], [11.634848651458821, 49.81243422735025, 14.140608904578382, 2.2434564158459107, 0.29775269957855366, 0.6361063704254027], [11.635438984915147, 49.80290767508036, 14.133308803964722, 2.2444693916183702, 0.29800332688721193, 0.6353454335190237], [11.634881188802266, 49.83807979947229, 14.145577546436865, 2.241688231747126, 0.2977194482149205, 0.6362161812622991], [11.813826480369773, 51.23665086705376, 13.369682941892268, 2.5929108319583074, 0.3361680772589079, 0.5930870753856651], [11.635048465763319, 49.80003646813811, 14.1333232153156, 2.2439109214700093, 0.29777603098321653, 0.6363176604243359], [11.634984165993597, 49.812690849567126, 14.135338184104707, 2.242636309842535, 0.2978693672647661, 0.6363199214224635], [11.634912507084163, 49.823239544484146, 14.141907439695231, 2.2439409872070897, 0.2979292839262678, 0.6362821342589156], [11.635044301800233, 49.81135201479116, 14.14748883955701, 2.2437944247802193, 0.29775604271843337, 0.6363165476977185], [11.634930003436802, 49.799438943189216, 14.141540592005907, 2.2433371814055776, 0.2977440201893472, 0.6363261121254041], [11.634928470770546, 49.79736592694135, 14.136392221725613, 2.243683627005368, 0.2977184225281702, 0.6363265621358709], [11.634835172169886, 49.80131476096225, 14.115179773622344, 2.242522037511347, 0.29772488493745936, 0.6362938312652207], [11.634920352440309, 49.80756171894161, 14.134271791632674, 2.2435717874104912, 0.29779285044489223, 0.6362878340568934], [11.657287897498042, 49.81743072447837, 14.076997519442735, 2.2713878580730915, 0.30078126838281766, 0.631376207988579], [11.634988035804039, 49.80878346043625, 14.135881015488277, 2.2430608884136665, 0.29773439867477686, 0.6363130152950269], [11.634855508227254, 49.777158355407586, 14.135671821794272, 2.242502893481305, 0.2978012458710855, 0.6363066172720446], [11.634920301230228, 49.782848282694275, 14.142049649642534, 2.2441280497696634, 0.2978174766513353, 0.6360243639540375], [11.634881451240187, 49.89596295512081, 14.087916234740524, 2.2433227070119783, 0.2985528023907958, 0.6362233889179175], [11.63492973210038, 49.82122764052971, 14.12035708143613, 2.2412207708490914, 0.29777054415182214, 0.6362996190910654], [11.63489302168852, 49.802379435704864, 14.134118529761235, 2.2445402616457932, 0.2977640101795941, 0.636328684452008], [11.634912053253762, 49.80719270788308, 14.136391803859707, 2.249322747435187, 0.29814776017689093, 0.636166568547737], [11.634834099893773, 49.783715584626336, 14.134349389884017, 2.2435141917881842, 0.29771023974346217, 0.6361495612952814], [11.635243940019302, 49.82691525773638, 14.131351626262093, 2.2449709554551074, 0.29778406376600525, 0.6362554849780465], [11.634996171969224, 49.78686136530288, 14.141156178170759, 2.2453579146179834, 0.2978948815459009, 0.6361643684156016], [11.635034243305242, 49.80493921998662, 14.12577025244667, 2.2460229194179475, 0.29799249873026756, 0.6361332551944762], [11.634898538586176, 49.8065061576547, 14.13431068612973, 2.244032243197732, 0.297781655020671, 0.6362740218125419], [11.634831001860762, 49.813944507491264, 