{"basin_id": 6, "ref_run_idx": 7, "seed": 207, "x_best": [11.488028717134082, 48.69459561513173, 15.158428685888522, 2.0770156214561046, 0.2700520884009937, 0.6656370260255436], "best_J": 0.03093178156751994, "P_final": [[11.488028717134082, 48.69459561513173, 15.158428685888522, 2.0770156214561046, 0.2700520884009937, 0.6656370260255436], [11.48883480377422, 48.74737816283605, 15.114038636103043, 2.07798945036837, 0.2708523609138635, 0.6648173585882172], [11.488660978450564, 48.69377079239514, 15.165972005289772, 2.0772811546561503, 0.2700780875796547, 0.6658084046375914], [11.484350569954668, 48.75534492047777, 15.168769313787728, 2.0783032167390574, 0.27007592744933795, 0.6656091331107825], [11.488996759127854, 48.801356955867334, 15.130163652991175, 2.0780557336028944, 0.2709450386937422, 0.6652234104092152], [11.491801458728757, 48.8039208403556, 15.074072929848565, 2.0896646524276914, 0.27186949263689714, 0.6637649004752364], [11.493180060573772, 48.832107442739215, 15.122087550633736, 2.0795849836137137, 0.27123936951004257, 0.6652071656261804], [11.488234217637688, 48.7093400120896, 15.17115987291856, 2.0778756366034465, 0.2699505689004871, 0.6664442625397635], [11.487976188407691, 48.681145404447236, 15.146700840995415, 2.0773544608748558, 0.27015285467424627, 0.6655745698562158], [11.489736352146735, 48.78881091669604, 15.15398734222001, 2.078059256749645, 0.27067500160499613, 0.6655499716018304], [11.488526442476909, 48.686152482911396, 15.174461360056764, 2.0773662544137435, 0.26987036101966244, 0.6658567925422616], [11.486555146547085, 48.74159479276752, 15.16979871147796, 2.0769347245002243, 0.2703721051285528, 0.6656041888357583], [11.490434408926811, 48.80694620600314, 15.114461073990334, 2.078061193510511, 0.2711021746167282, 0.6652740497549293], [11.56463462776901, 49.31046789843815, 14.669648882256494, 2.2024187945417735, 0.2853725386288531, 0.65139351744218], [11.489113808503872, 48.67741953409363, 15.14489037098204, 2.0784735775740653, 0.27016943856211184, 0.6654336015342852], [11.486307738294618, 48.70918671317904, 15.132543682459973, 2.0775734477304653, 0.2700864525389316, 0.6656099945080274], [11.491728847758962, 48.76412203087021, 15.103277684619123, 2.077509552180178, 0.27054508857237236, 0.6653844927717408], [11.49579778823942, 48.86666544867182, 15.09691610267268, 2.077498005544353, 0.2710304381072205, 0.6654616454437094], [11.49088337133415, 48.78492228948229, 15.147162752578577, 2.077391820308035, 0.2706527583031478, 0.6657784522925736], [11.495147290656254, 48.80045383437132, 15.119252691400975, 2.082806847365813, 0.2711563407891954, 0.6653215033576091], [11.489148522850323, 48.80255381396542, 15.120135545443054, 2.079192903572951, 0.2709466010899783, 0.6650859969522012], [11.48962837921816, 48.71073508029636, 15.150084303175385, 2.077157968083342, 0.27006848372257664, 0.6654653888288453], [11.491865005783678, 48.831745188063216, 15.10959766420115, 2.079392414272745, 0.27137048660415175, 0.6650059548586258], [11.49322128028776, 48.78652736159678, 15.125388948044609, 2.0781205151626647, 0.2708453038647379, 0.6649611772082833], [11.489160052343218, 48.85388337544796, 15.150112353661129, 2.078842153629493, 0.27093006587519963, 0.6656727640337925], [11.492769741774705, 48.61645430415353, 15.173826716516633, 2.081714827764833, 0.26984820871303994, 0.6646831671978537], [11.48955074846877, 48.79869642539723, 15.123731011002665, 2.077823976361276, 0.27086564673158986, 0.665447099476787], [11.49099273948722, 48.76555967923377, 15.129367378721437, 2.0788870809182525, 0.2707910796042817, 0.6654861497593701], [11.494108595761364, 48.81216285983655, 15.032132592565832, 2.0949440237210757, 0.2728328272209972, 0.6632910304752965], [11.500222468298356, 48.87693614636973, 15.075277621049738, 2.0827409662685827, 0.27166036183243886, 0.6650218575912189], [11.486913490342223, 48.75227781056795, 15.141696560143473, 2.0792497689761746, 0.2701600885874351, 0.6657905608668919], [11.497266987087954, 48.71365064860566, 15.05870731442368, 2.0877513552726636, 0.2716121657583286, 0.6638063478424056], [11.488835037212253, 48.84313479528894, 15.096210595049337, 2.081660376174372, 0.27133759452808914, 0.6652055718234489], [11.48770637195522, 48.857029752574206, 15.150582945041348, 2.077000940755743, 0.2707626268195281, 0.6653571399622545], [11.487018124087841, 48.78195073977818, 15.121686104496867, 2.079572169890128, 0.2709479534879138, 0.6651400635931577], [11.48817449536748, 48.74709664266999, 15.167840176856474, 2.0779158510639504, 0.27002581555299376, 0.6656630953416269], [11.7132585345341, 50.00661631394741, 13.907556066065515, 2.1823810438883733, 0.2922554848536136, 0.6473036230207773], [11.501526624521185, 48.812511772631034, 15.06827496596003, 2.088494161471238, 0.2723891110039071, 0.6630471545107084], [11.489015820109623, 48.81941687524261, 15.16026366347822, 2.078539787451374, 0.27082057665691744, 0.6656282644993938], [11.490373403317765, 48.859971403442266, 15.111610082502718, 2.0794548907942985, 0.2712498361906656, 0.6649372896096256], [11.490662702747132, 48.83485998594944, 15.128157894356622, 2.078926159292899, 0.2709108217113728, 0.6655140733246357], [11.48513791005648, 48.79085586468991, 15.170775947176958, 2.077660254565949, 0.2706553450284512, 0.6658263815430477], [11.48629757688551, 48.716640552788334, 15.169604283381801, 2.0783756634066837, 0.2700072058797646, 0.665843464894438], [11.510420417075967, 48.45529714623031, 14.942878411039693, 2.1336377908566213, 0.2750308051513186, 0.6583702229768621], [11.495202748669662, 48.768310067019925, 15.11254598749549, 2.0797000007359934, 0.27093296844643816, 0.6653705404966728], [11.488597834778972, 48.79219692914117, 15.153550936623, 2.078173264881487, 0.2706455777156854, 0.6651122112090585], [11.490456519660315, 48.76158831079616, 15.128728762485164, 2.0777266970484938, 0.27082003385536035, 0.6655405338849061], [11.487665053135174, 48.726065545958306, 15.163920099141485, 2.077372076917918, 0.27000050601002445, 0.6657015950008629], [11.51241968497583, 49.06959833679897, 14.998182669986681, 2.1033693761720866, 0.27577231363028964, 0.6625136323906221], [11.489698015458735, 48.73890352397082, 15.156930339988776, 2.0787547889712994, 0.2702710781462287, 0.6655592704250815], [11.490532816518105, 48.820303263687855, 15.139216073337904, 2.0786476171590347, 0.271055395719323, 0.6650725622665624], [11.494790943378892, 48.85247931138509, 15.087790342188788, 2.0810984694044814, 0.27167931246615845, 0.6642345179897816], [11.615922390589764, 49.80378866773576, 14.391624830415562, 2.3192612947093934, 0.3034676596239112, 0.6292272108816671], [11.491381472311039, 48.76671790082626, 15.10621151152101, 2.077429586574019, 0.27091083156155416, 0.6651711419969], [11.492875922986387, 48.78107417922374, 15.11699297266399, 2.080182297112018, 0.27093946904958716, 0.6652768346603563], [11.489144921053745, 48.82067918347317, 15.109878193754053, 2.0853358389009493, 0.2714306557047751, 0.6653510669968388], [11.488143679086678, 48.69638195176754, 15.145057678810577, 2.0774209514269524, 0.27006079698603364, 0.6655661188079057], [11.48933272507216, 48.79014335651384, 15.116288836922388, 2.079133284626692, 0.27090918409091785, 0.665395507773792], [11.487251467012822, 48.692911416548974, 15.155162222419655, 2.077298776588587, 0.2701001336015741, 0.6656227132709746], [11.484738001206514, 48.65879197761981, 15.172553815418242, 2.077187331161589, 0.26996528222968336, 0.6656293637331954], [11.486134684334127, 48.85555567242085, 15.115745934263941, 2.079564982712755, 0.2710504507718571, 0.6653282984583931], [11.548394835117747, 49.09023811584144, 14.46759762416457, 2.2012591095006324, 0.2848434565502279, 0.65356010107102], [11.494755389386036, 49.13420135707144, 15.02766845739958, 2.0882480132531374, 0.27459087249837366, 0.662873463194883], [11.492435520914455, 48.647806288805576, 15.101635624188267, 2.08180222243129, 0.2704425345777535, 0.664754383634946], [11.489200932817525, 48.79469129631083, 15.165392199931807, 