{"basin_id": 18, "ref_run_idx": 7, "seed": 207, "x_best": [11.49020234951793, 48.683095826412476, 15.067384830442254, 2.1111331155378705, 0.2734708831819418, 0.6613924695405269], "best_J": 0.03097038538645007, "P_final": [[11.49020234951793, 48.683095826412476, 15.067384830442254, 2.1111331155378705, 0.2734708831819418, 0.6613924695405269], [11.493104139886047, 48.6339770704379, 15.054901561832558, 2.113369370600444, 0.273703619980456, 0.6604912628155544], [11.492183146903166, 48.65785612449848, 15.058732317872561, 2.11132272383035, 0.27333720140663137, 0.6610092361403304], [11.487996530555622, 48.67633594434978, 15.082589406931183, 2.113093879632734, 0.27360009129843893, 0.6610980888976802], [11.494109831720577, 48.68287258263794, 15.027773708111297, 2.1120249774706936, 0.27385090927376476, 0.6606560502167097], [11.490096208944188, 48.685374859568654, 15.07107801255123, 2.112386899468567, 0.27347664712515884, 0.6611794032330511], [11.488335893499524, 48.681100121057234, 15.084120647671732, 2.1114594627633045, 0.27339430578015195, 0.6615274286623177], [11.479906190042069, 48.522076624479524, 15.157719620224483, 2.1129380093798162, 0.2722995110534484, 0.6621557155407826], [11.482164792505358, 48.567447729059694, 15.100277355040921, 2.1117961999322934, 0.27258782537060683, 0.6614802886574224], [11.489564943715862, 48.57882801100759, 15.05494663637346, 2.112373080708726, 0.2730908523123559, 0.6616218476598124], [11.501108384952705, 48.82319309040578, 14.997677202828754, 2.1153961397772227, 0.2750869224014537, 0.6597774242250151], [11.492381405426215, 48.67138672555925, 15.059944273881078, 2.112190649004364, 0.27350203096417486, 0.6608865024162035], [11.490858304960703, 48.646060766943, 15.054365773383921, 2.113345191390315, 0.27331204719060115, 0.6612988920284898], [11.490933403373415, 48.71506796288049, 15.037685262460103, 2.1113545911479417, 0.2737508056713475, 0.661167949684706], [11.494124693075541, 48.691756186763094, 15.045792749194858, 2.111379859268869, 0.27371027696321676, 0.6607801591087509], [11.478546096211597, 48.47578728953221, 15.15186977337297, 2.1177030073021874, 0.27192087406232607, 0.6620293095611133], [11.488584213571109, 48.615133321526876, 15.078344718648625, 2.1120558430250362, 0.27308425068625936, 0.6611088461422185], [11.493286933234408, 48.729723060722, 15.052252755413301, 2.1115892753779084, 0.2738209144858035, 0.661347027480721], [11.484201494356824, 48.51491663820422, 15.128220752662214, 2.1123374432271285, 0.27206094015710985, 0.6623039852275512], [11.493762183939593, 48.690337219313676, 15.039870180927457, 2.112644387538911, 0.2738131665197217, 0.6611105737527008], [11.489205395339084, 48.6679537947512, 15.081891757436326, 2.111621699298111, 0.27329501005252443, 0.6617144331073911], [11.488826822131578, 48.65187423525323, 15.063215507640521, 2.1132891183590097, 0.27339184731491095, 0.6613958898198592], [11.492235673507151, 48.661702111287774, 15.063153767767748, 2.112012574259022, 0.27364182227955836, 0.6612300523202546], [11.487896841938644, 48.66612680548411, 15.081318411587658, 2.1111727179251485, 0.2732524064298564, 0.6613365844050053], [11.487417236771151, 48.46357925733956, 15.078550456186349, 2.1111516139288806, 0.2724831364516458, 0.6612924231673338], [11.48427704054617, 48.560423348672614, 15.093867619583843, 2.1121383788209407, 0.2726692244131635, 0.661669119082193], [11.485226277643838, 48.59502935073645, 15.037307676246819, 2.111575687070463, 0.27247043456536785, 0.6620853375221297], [11.490885020121778, 48.708321639834416, 15.05791902100964, 2.1113325581373004, 0.27367322988159737, 0.661508346919895], [11.500573529880375, 48.77365787082777, 14.997888681387531, 2.111393977718701, 0.27435395920702466, 0.6600890127110608], [11.488752766368014, 48.52260134034608, 15.06819987940292, 2.1121169703823086, 0.27274765848050503, 0.6613209010231691], [11.490993752802407, 48.68031523468411, 15.065750500393964, 2.1125296771819833, 0.27348842840748205, 0.6614214646469021], [11.49561958485405, 48.6888885656424, 15.033654214863216, 2.1115941226097013, 0.27384169180902607, 0.6605778010568083], [11.490832553740312, 48.60496817040413, 15.067964854809738, 2.112984511441287, 0.27310832880538594, 0.6614113383395844], [11.498320687041122, 48.7217258650568, 15.010380391224826, 2.1130840453628053, 0.2742783014158831, 0.6602614076724252], [11.515674707273964, 48.93335838262371, 14.937342360436796, 2.1243113401967686, 0.2769870987221383, 0.6578259384574368], [11.488964739499949, 48.594745759494145, 15.083387961077698, 2.1112562174368197, 0.27298430893274517, 0.6613335884445916], [11.489123810879002, 48.62083932022059, 15.072299595225703, 2.1143762517609104, 0.27315803401218, 0.6615797189718459], [11.491799034296784, 48.622035102764244, 15.070125718075156, 2.112915904885206, 0.2732121279945528, 0.6614590904902709], [11.486986418005865, 48.65077330350045, 15.078222611164165, 2.1114087679555795, 0.27323863552815075, 0.6616967818584459], [11.488417830747458, 48.63513203181741, 15.105339481864988, 2.111319227247267, 0.27261594867915945, 0.6610278408941672], [11.48853920288063, 48.582127198129214, 15.073779077588105, 2.112320002432012, 0.27301606710964943, 0.6619879459353732], [11.491542946598281, 48.600228007014486, 15.059659631318139, 2.1131763044596408, 0.27359785156264677, 0.6610718324260982], [11.497771917890827, 48.81733027535063, 15.01857462942943, 2.1114361309950427, 0.2746744150156822, 0.6603378914089642], [11.503736041779256, 48.84830430383855, 15.00583908407879, 2.113324699493483, 0.27494770076494646, 0.659914971096901], [11.485757820184421, 48.608520125701475, 15.085191097555386, 2.113432803929623, 0.2728287100903479, 0.661175257092084], [11.49300579287032, 48.68914919447862, 15.034271640746885, 2.1120008225253257, 0.27342645937921084, 0.6610454797642292], [11.497942649327864, 48.75588843820367, 15.030060741613491, 2.111820901942431, 0.2742266704385144, 0.6605457212043069], [11.474622558069228, 48.54522911832949, 15.13496043324096, 2.1130282871377615, 0.2720432964785, 0.6613701665988874], [11.480626222697907, 48.606728761817074, 15.132363747926124, 2.112348266142568, 0.27269061684875695, 0.6624547735192816], [11.530053837694481, 49.10434289621958, 14.859275863339223, 2.140532899073948, 0.27986967047032735, 0.6549153367754056], [11.489472946500966, 48.65093590552927, 15.061136274530734, 2.1128268703976474, 0.2732362040387078, 0.6610621573946898], [11.495338981183702, 48.713933549819075, 15.02805609528193, 2.114147746130515, 0.27412235892652403, 0.6608804918476994], [11.487550020528326, 48.63141498928802, 15.079223139226539, 2.1112093448791964, 0.272945796158938, 0.6618683268688099], [11.495394386051329, 48.78159149509049, 15.045810157709115, 2.111402500850992, 0.274106760219634, 0.6608650331105685], [11.499002982794792, 48.744533357812344, 15.015857794504374, 2.1122936331728375, 0.2745931151882004, 0.6600091177417258], [11.489860971204422, 48.704080840955875, 15.051265858902335, 2.1112208878903242, 0.2733017073043885, 0.6614476864686762], [11.634562586342952, 49.20086227406935, 13.765759178640096, 2.4423674845906866, 0.3086782349365977, 0.6127605662699275], [11.494784346005586, 48.73818062918193, 15.047791966351415, 2.1111184551913236, 0.2740530454754606, 0.6608016793175969], [11.492665504751745, 48.702724711338185, 15.063058045713307, 2.111634817725705, 0.27361593615218766, 0.6614678743268612], [11.48659653969137, 48.539348779494624, 15.123836888273773, 2.1146129359803, 0.2727369770794454, 0.6615856572586365], [11.495947849293985, 48.72399296017942, 15.038822837650832, 2.1126161039366944, 0.2739324098384016, 0.6614791872987665], [11.493041657650481, 48.68323800680134, 15.051012127876506, 2.111249282897055, 0.273881624987572, 0.6610252665856653], [11.474740691209506, 48.51306686745183, 15.13820152741307, 2.1127197817144547, 0.27198362347508254, 0.6622550538944061], [11.54660027325073, 48.534347821954825, 14.539450825957964, 2.230830079293277, 0.28632381951368685, 0.644531819593673], [11.486535330728103, 48.59693370842133, 