{"basin_id": 1, "ref_run_idx": 7, "seed": 207, "x_best": [11.469227641250102, 48.624560452051476, 15.363690060062142, 2.0519630019824437, 0.26611577095484595, 0.669979668271776], "best_J": 0.030922991117628463, "P_final": [[11.469227641250102, 48.624560452051476, 15.363690060062142, 2.0519630019824437, 0.26611577095484595, 0.669979668271776], [11.488756495051362, 49.07991660442943, 15.230141368865599, 2.0488191758269307, 0.2684136359225325, 0.6689501562535947], [11.495830888407639, 49.459960749887635, 15.451016971752573, 2.0074302612901747, 0.2677233181369876, 0.6759229157263914], [11.487689017078079, 49.05756933928538, 15.25968508550835, 2.03778364437383, 0.2674560824955574, 0.672789652572255], [11.48450950187508, 49.297529313588726, 15.35723225728267, 2.00645672250419, 0.2650668224337572, 0.6759858476736518], [11.36324332173595, 46.914001779244, 16.007794815422454, 2.0403109176917154, 0.2533625902022113, 0.6696501529662338], [11.465463768809169, 48.841285451067066, 15.284410352892952, 2.037380525325152, 0.266699647706332, 0.6714502832903948], [11.479084036624478, 48.45817140933799, 15.40598634332933, 2.066423721252465, 0.2667267320097854, 0.6693713880287246], [11.450770075872782, 48.36937460407155, 15.201347996129146, 2.091484708078465, 0.2683733697639825, 0.6678138916684279], [11.47094532888803, 48.90896051823413, 15.280689734572789, 2.047885319621247, 0.26702974257017376, 0.6724407135082787], [11.48385389015916, 48.84079737917692, 15.309897214451036, 2.024317414991758, 0.2643802947352127, 0.6705860627340736], [11.451759155650374, 48.93583586505493, 15.37282444935473, 2.0407805130362937, 0.26627894496247034, 0.6713383322280478], [11.462166994824795, 48.525334533355476, 15.256971871990155, 2.0952681617912856, 0.27087041076099044, 0.6657195873061091], [11.480260525537716, 48.73321461766348, 15.264602369682246, 2.0629772303572156, 0.26791165581552256, 0.6713688861999179], [11.443328132294557, 48.787955018870704, 15.318494804398355, 2.0340890285695674, 0.2650938380995043, 0.6733547236563052], [11.440184475265994, 48.343478961095535, 15.81434402059184, 2.021606890587081, 0.26247212265336045, 0.6723421365625689], [11.428699750646818, 47.48595450479413, 15.516113439337557, 2.046653319626057, 0.2575685181515693, 0.6714188663070382], [11.476619566534435, 48.11406985713324, 15.307186741816817, 2.0318969242977793, 0.2622806280152626, 0.6716942449164655], [11.497301552642405, 48.90833790062477, 15.148158368351284, 2.0487096526284034, 0.2679561959709471, 0.6684905465272083], [11.478784168059313, 49.138888434098966, 15.258119015054291, 2.0606013674135473, 0.2689022912784821, 0.6711310653767802], [11.48687953925941, 48.962636197102135, 15.347925423927432, 2.0436985387632083, 0.2676608374433661, 0.6710482118813252], [11.453492046241609, 47.34553641991496, 15.124965915063939, 2.0895580160496685, 0.26451554839265645, 0.6644159141222166], [11.511574890219771, 49.43948607479762, 15.084836793736459, 1.9565983803910576, 0.26382098084217664, 0.6750352572267662], [11.477764090474748, 48.794024819746234, 15.387110684380882, 2.053757708133678, 0.2674926374355956, 0.6701386908196156], [11.480879358699699, 48.98479716909904, 15.301874586848925, 2.0419299149072607, 0.26730759365858625, 0.6703146598769733], [11.484750728638563, 48.562632789395074, 15.018152304517209, 2.1455951727034996, 0.273325946375611, 0.6645070423846033], [11.453059612390852, 48.66611508834535, 15.185926355230569, 2.0665926754735233, 0.26680257979334654, 0.6722152684870462], [11.464580628586942, 48.357579856927565, 15.398205260527739, 2.0754853938674205, 0.26654150752306005, 0.6699687085776784], [11.455617953246296, 47.56324993889185, 15.329294626260118, 2.240454050103961, 0.27338771559652186, 0.6494985800914879], [11.469978857745724, 48.8479099867959, 15.38570603954032, 2.046434305193731, 0.2679055926654824, 0.6701710153895531], [11.480489261586419, 49.125643525746554, 15.272530655207674, 2.0374714528261357, 0.2675808230267133, 0.670692552092361], [11.466047982511986, 49.52593311670627, 15.166772231746908, 2.0128185277799497, 0.26892959638214964, 0.6728530583638325], [11.476532292965492, 47.67044763899067, 15.26462663603712, 2.1747593951669644, 0.2732158922959185, 0.6535886079525857], [11.469027683423468, 48.637551636562094, 15.007577079487932, 2.1086149799981992, 0.27415592382936965, 0.6594564379056209], [11.468740228525377, 48.810996283594015, 15.23300353003007, 2.0433123313153123, 0.2656278908960871, 0.6720512115169516], [11.464264456951812, 48.79229424442888, 15.274622876849294, 2.042631228709745, 0.2669699321869331, 0.6694132870214978], [11.437488151158343, 47.40428946948816, 15.377396308754703, 2.0659168535981567, 0.26156129872393336, 0.6705233620811267], [11.446629282549287, 48.84724419044001, 15.351138200912546, 2.0369708712910337, 0.2653382439477844, 0.6734042859258779], [11.477692491199232, 48.85474805672906, 15.314801027246311, 2.0472406500481943, 0.2671192991871499, 0.6712219338315191], [11.485465706444876, 48.801177007641584, 15.184260370985976, 2.0472302511487404, 0.26669500825498926, 0.6691916978057143], [11.481712740382585, 48.68390088011008, 15.364563323322914, 2.051454724257962, 0.26672388169848216, 0.6695073520562069], [11.4693633307095, 47.97551126826117, 15.366912044025641, 2.078258573955639, 0.26541679801695295, 0.6694503462756681], [11.468225561492398, 48.78769002316041, 15.401984743792333, 2.0466079960522543, 0.2665305626072984, 0.6697320774937476], [11.508745605924322, 49.10498957674256, 15.150693575951612, 2.0414607330066277, 0.2683838874332901, 0.670751948518021], [11.452151944002805, 48.49892721692561, 15.481371433112, 2.073350956687999, 0.26739377687541305, 0.6664519197844073], [11.470907371762907, 46.89864256320338, 15.485084440618106, 2.0170577450994043, 0.2547775089226931, 0.6744165416956837], [11.461252534418888, 48.8748902241915, 15.298882194226593, 2.0256493376382414, 0.2639911611703733, 0.674316900656254], [11.474707459446822, 48.65579383956833, 15.259483229391485, 2.056226494124024, 0.26726868028763423, 0.6700597793828736], [11.469914570928665, 48.61568207762458, 15.308866808301048, 2.0441990176421245, 0.26708003186318197, 0.676017285049413], [11.46991332839183, 49.57745432237608, 15.314489375236247, 1.991196115026887, 0.2673847593735915, 0.67480403943291], [11.480551742265813, 48.78843989539806, 15.219503370343004, 2.0435523547619914, 0.2669170924920352, 0.6725608283299651], [11.47102047107238, 48.10954670984673, 15.221796201857897, 2.0862548067792224, 0.2697550772216969, 0.6609378048730613], [11.44915102722636, 48.77323787625178, 15.203162341939738, 2.046327297598979, 0.26637606892850635, 0.6712656923371519], [11.481158558267664, 48.58915645122489, 15.30272071268262, 2.0414724011931504, 0.2667070181921053, 0.6704717699275725], [11.491468540918868, 49.233412599036534, 15.268663526206677, 2.02471985351019, 0.26721667082962103, 0.6733271524354959], [11.417825980805457, 46.98352418368887, 15.510581654442097, 2.1727385883954486, 0.2658842657665713, 0.6581614514993134], [11.491639842901066, 48.77779864736024, 15.241576274103485, 2.0520966276740213, 0.2684974416452601, 0.6679299190246333], [11.472536479632671, 49.018253493680064, 15.287225163687717, 2.0434460134555392, 0.2671850717397317, 0.6733995776402745], [11.481663036635222, 48.45349369890946, 15.413352592483811, 2.0591197515545403, 0.26597558674838634, 0.6678697564510537], [11.414830162147895, 48.1073313202688, 15.332455621552064, 2.015861231101175, 0.2597976401065064, 0.6776762025608855], [11.488768589712835, 48.837486295192406, 15.311985943931383, 2.044646411368475, 0.2672914915538226, 0.6707493871044622], [11.474652236494148, 49.07255701204403, 15.309884511243705, 2.010406662793612, 0.26429820467898724, 0.6764374457065565], [11.478822231088596, 49.35379671726988, 15.314699893079021, 2.0227094300812882, 0.2705180781907758, 0.6653543882303005], [11.488236884067737, 48.99087820457144, 15.164456835359216, 2.05879574212479, 0.27021086174150977, 0.6665660439337237], [11.514681121312881, 49.66254587829927, 