{"basin_id": 7, "ref_run_idx": 1, "seed": 201, "x_best": [11.462999962689217, 48.588682055857156, 15.462539273710277, 2.0296857612513355, 0.2632643992845011, 0.6736307658013916], "best_J": 0.0309201988337975, "P_final": [[11.462999962689217, 48.588682055857156, 15.462539273710277, 2.0296857612513355, 0.2632643992845011, 0.6736307658013916], [11.53783399031043, 49.046414840398555, 14.849546927309504, 2.1053858480332472, 0.2776086941887321, 0.6570979220096056], [11.46998328352408, 48.51838054488969, 15.503903450069844, 2.022295399483438, 0.26190269266749566, 0.6762077186531501], [11.562225310809422, 49.35613898504793, 14.693246902154202, 2.1330818081188307, 0.2833320284967417, 0.652376669917066], [11.533056682677124, 49.00992979584515, 15.180806312271061, 2.0421566366806103, 0.26946082785275705, 0.6650237865229229], [11.503073167610797, 48.81591672024983, 15.083639610983358, 2.032520878930557, 0.26968919665431584, 0.6684182541986702], [11.476409197564822, 49.14514996755939, 15.23735851280102, 2.0351883531907715, 0.26788508432003044, 0.6695733277771576], [11.572939253453495, 50.32209294565088, 14.632894505437404, 2.1523472809682924, 0.28971117795985285, 0.6517759777533773], [11.480274676045633, 49.10814107643567, 15.448354457327927, 1.987368627937105, 0.2626094058950992, 0.6798810589696836], [11.441532966759429, 48.27775529605885, 15.66225051744582, 2.0034376219888284, 0.2578918586505829, 0.6770900148523024], [11.546818670936378, 49.64530079647544, 14.724731983396824, 2.0809575233492104, 0.27769732615770804, 0.6583018262975882], [11.489202104377375, 49.08040589505639, 15.181162537283145, 2.03018200372998, 0.2685253015442261, 0.6703923850241619], [11.563934013278283, 50.13108918159987, 14.422374971020462, 2.158634201297401, 0.290742314964681, 0.6438383452396576], [11.536620560401916, 49.164639669598685, 14.65197755739543, 2.1235507080790756, 0.28156744407466683, 0.6536386872457003], [11.538523265229012, 49.76852397103633, 14.73480703518519, 2.100288532905753, 0.2818431133272916, 0.6566136856447965], [11.531804763293499, 49.48712562753466, 14.886583902331703, 2.058115261282948, 0.27467302316866543, 0.6655787135178072], [11.58714905438218, 49.21009919516112, 14.58971775907586, 2.1106495713428677, 0.2814625193980855, 0.6520825782563126], [11.528583759576819, 49.060655852604306, 14.662264812579155, 2.135493789513195, 0.27867965023423313, 0.6520527650037712], [11.49834971340514, 48.96561281357038, 15.109442473904938, 2.050422918239567, 0.26967846009343543, 0.6673491522005689], [11.509854539907495, 49.02084522480639, 15.144142535888946, 2.0705807377988377, 0.2724341812086608, 0.6623741573545135], [11.584408840768353, 49.435256462188384, 14.502544413417574, 2.1238163068683122, 0.28289293179356617, 0.653184084135357], [11.527995027519239, 49.174337671197286, 14.891369874846689, 2.0967768763806425, 0.27660220074489644, 0.6613926186275475], [11.585100323961644, 49.00972808899652, 14.346045183176333, 2.137117824464224, 0.28263630132318845, 0.6504259500866363], [11.456970352689154, 48.33425646012483, 15.573533346232935, 2.026686640684124, 0.2611682861317356, 0.676658666251112], [11.496779876460863, 48.90346598003599, 15.185586264164558, 2.0319646463543615, 0.267702275623012, 0.6711982878485406], [11.515127586442949, 49.34617107808857, 14.896461571777703, 2.0875422908156844, 0.27566684993174917, 0.6611705189697262], [11.514000838663188, 49.08573363227673, 14.81964608836924, 2.110073510357703, 0.2782231338608043, 0.6603008478609571], [11.541960405766327, 50.01435932879708, 14.82407467558003, 2.0716005139175895, 0.27768927449141906, 0.6619182131843181], [11.454597326451827, 48.626728498255694, 15.57366679522696, 2.031805264812466, 0.262116094831236, 0.6743921648164116], [11.499892692828691, 48.995423750578475, 15.095162509222073, 2.0589538379171968, 0.2713487048240847, 0.6672047818620811], [11.499094647978616, 48.77524833503869, 15.167141613031555, 2.057675902125787, 0.26916561105329717, 0.6664656821742612], [11.569525850333347, 50.07726633167047, 14.838933679439902, 2.07759355352016, 0.2813425728867057, 0.6567542537628217], [11.517734924294361, 49.41582086147127, 14.915321215314128, 2.0559399711685367, 0.2738064675184694, 0.6645502212112679], [11.479845505305446, 48.73526738372596, 15.387398812094938, 2.035078469284105, 0.26606452195275127, 0.6714730868171294], [11.443082436436953, 48.40866098680692, 15.589041631698183, 2.028114546133504, 0.2609888449378661, 0.6763133676648274], [11.496558788582915, 49.81464776763287, 15.178695636067262, 2.005681356191497, 0.2691809983052746, 0.6748784745365645], [11.519781985740027, 48.67587950622583, 15.083081545930156, 2.071092997613503, 0.27065124890143777, 0.6648718584746868], [11.493188797574954, 48.86624557605705, 15.125436447488424, 2.0535892616443503, 0.2688644444385428, 0.6679886682852736], [11.462742924837622, 48.82659601294996, 15.36788561122639, 2.028955964796035, 0.2651325648546062, 0.6739905098056784], [11.51658631063288, 49.1334125679265, 14.973044405704886, 2.058150589270248, 0.271996717960425, 0.6669922245843132], [11.490590765362954, 48.50955776820821, 15.344038184455206, 2.0742742147687405, 0.2685803693187105, 0.6661159528690443], [11.561604675428091, 49.4368092993301, 14.456981440922139, 2.145169434337852, 0.28387269178597, 0.648498055926253], [11.480199689992926, 49.00150732191744, 15.25221919990253, 2.012879962974259, 0.2656484026589016, 0.6743528862119214], [11.506947008090068, 49.404316268592034, 15.082997034436156, 2.0538629226376464, 0.27272259020894085, 0.6683956598443126], [11.534171354110306, 48.88392621564191, 14.902045509331144, 2.0943720732562956, 0.2758527870706281, 0.6610394720175972], [11.460619213355937, 49.18890193561612, 15.51733525675961, 1.9773844036010866, 0.26142129023650806, 0.6810104185488796], [11.487973526529808, 49.500247827712414, 15.166099376887031, 2.0423095538015508, 0.27045549275733516, 0.6682013544455874], [11.487482315851839, 49.217976953624365, 15.151111316678817, 2.0251809708998456, 0.2679225049492279, 0.6707071615462017], [11.427184126621317, 48.84310681016551, 15.74140506098213, 1.977047274087917, 0.26093314942114804, 0.6787365946525905], [11.685637246664584, 50.059458099290765, 14.091910681914177, 2.189175162176472, 0.29374665400748545, 0.6470876708412704], [11.4820698587236, 49.288439632847904, 15.453439958099535, 1.9582653056350063, 0.261910111819672, 0.6817987728567859], [11.588026284854312, 49.704125344847, 14.600297022037733, 2.089502714507229, 0.28382347661024, 0.6534694616930328], [11.510276784404654, 49.149224841140985, 15.083868802422069, 2.053879542205955, 0.2709085074173918, 0.6664002378915123], [11.521645842884695, 49.03884598027563, 14.885594367255656, 2.1159722668406644, 0.2764156928135597, 0.6555628826856464], [11.574098775248794, 49.97946172039709, 14.181776626304627, 2.1808249393926737, 0.2897231411373477, 0.6469065154934514], [11.489100045925278, 49.284574273193016, 15.363469496803662, 1.9889270362157068, 0.26429981284863246, 0.6783731176919522], [11.495150636893065, 49.11950743657766, 15.162054227344543, 2.0315124814272125, 0.26883510848870207, 0.6696256610966307], [11.511964982023196, 48.996852009718324, 14.939423290919489, 2.0908523349111574, 0.2738576285169234, 0.6620044926175928], [11.488495738056598, 48.9348010530629, 15.211964589886156, 2.0485784400415032, 0.2680010512212507, 0.6679803929709677], [11.505843885446849, 48.108792282429064, 15.121219250620767, 2.120224963454398, 0.2732218646725949, 0.6555675565847283], [11.54209679656572, 48.894250641353, 14.780678531464572, 2.071791490552238, 0.27310167971491783, 0.6618992185567111], [11.543768102556127, 49.031877668375685, 14.526610382504629, 2.112527531575632, 0.2781439124017818, 0.6537315217419405], [11.486049087632274, 48.1700979773323, 15.296699127051673, 2.049093705772528, 0.26444385283930083, 0.6681200704345489], [11.427932642026615, 48.338002605920245, 15.6342999162065, 2.0002216786607727, 0.25665398048698057, 0.6803482297351845], [11.562409910834223, 48.92026611691803, 14.34135101875399, 