{"basin_id": 1, "ref_run_idx": 10, "seed": 210, "x_best": [11.479569854962724, 48.97664174394023, 15.509283287677187, 1.9839327058530227, 0.2612087764739172, 0.6787276230398033], "best_J": 0.03095418493472654, "P_final": [[11.479569854962724, 48.97664174394023, 15.509283287677187, 1.9839327058530227, 0.2612087764739172, 0.6787276230398033], [11.488541697571263, 49.21516370696424, 15.472441399523765, 1.9834412557353869, 0.2611464950357185, 0.6783343437670092], [11.502733766928994, 48.757696247023276, 15.500117254485527, 1.993248716869654, 0.2601594947721378, 0.6790646263283209], [11.445483258581952, 48.88289514545207, 15.563933540967211, 1.987842023927445, 0.25969535909900615, 0.6809534210854187], [11.45687948124632, 48.8292647591885, 15.541786562932339, 1.9826233137579388, 0.25936941098442434, 0.6800708479913485], [11.472979245911018, 49.03102340174543, 15.59210811787347, 1.9814392816283628, 0.2617184771981084, 0.6762278843663517], [11.47855020451942, 48.82426949999175, 15.15302429207368, 2.0379326948409555, 0.2683457921434244, 0.6676484156912805], [11.446682018259967, 48.45317700841026, 15.441539981124722, 2.065175463017516, 0.2653981937788209, 0.6721954697879341], [11.466425381700969, 48.46433745019294, 15.596186671888283, 2.00981308395952, 0.26094357668662943, 0.6770881919338302], [11.457979447458673, 49.08292224070101, 15.629426443599682, 1.9778862055072945, 0.2604364539216174, 0.6785492490974507], [11.456914437357566, 49.00163889200374, 15.617112499876592, 1.9766634588892167, 0.259552385453521, 0.6804018163104686], [11.354590121982422, 47.35999076634797, 15.431725449079304, 2.0928625735426567, 0.26190888912179483, 0.6677867804953522], [11.458002491686026, 48.32178486747346, 15.718423535579259, 1.9779149437893202, 0.2555315912610628, 0.6820720913587416], [11.479915950557885, 48.76973470847142, 15.485181115310901, 1.978253274020965, 0.2608540527898215, 0.6801149495113968], [11.431289071774959, 48.1797134166637, 15.51691400789691, 2.029682825315528, 0.2596555373289022, 0.6768619911567497], [11.502883704017412, 49.28006227106178, 15.04619443412348, 2.0301086329449474, 0.274041788966116, 0.6697319268343794], [11.474659966179267, 48.628432318135125, 15.425037174194072, 2.026404001460219, 0.26401380903296917, 0.6712212530367865], [11.453263216260888, 48.89697523043526, 15.45694481969498, 2.0099250506490507, 0.263518943775922, 0.6759844776281589], [11.455107117450249, 48.54810018808924, 15.317739862041833, 2.064980077747258, 0.2669675237542576, 0.6700602776889081], [11.460268093948907, 48.50435171673092, 15.344656623838373, 2.0782616988230243, 0.2676682510185026, 0.6687312969979063], [11.482888856617443, 49.04201502969839, 15.395935198001837, 2.0008495577984244, 0.26353196570743465, 0.6773061999151054], [11.487189023974837, 49.24337829427954, 15.392847146976756, 1.9912409354403717, 0.264071991042781, 0.6772970839342876], [11.354280651502263, 47.32049842942394, 16.038622816697025, 2.048964213527929, 0.253714169146176, 0.6873288439663275], [11.500537242901673, 49.18893727240222, 15.294708310464875, 2.023240152690609, 0.26771370462232025, 0.6716284859523751], [11.472278378719993, 48.94907990179251, 15.578140967615907, 1.9716405268330663, 0.2600116158862531, 0.6822044814371061], [11.445381309726795, 48.84478619011997, 15.628679567442854, 2.00321719804553, 0.2613387910430732, 0.677906312875664], [11.481212908508478, 48.417556409034475, 15.341139993695274, 2.068667091843845, 0.267346989402386, 0.6653902836715553], [11.461778477580118, 48.27471079093953, 15.480538539375447, 2.065916907153231, 0.26525344755598773, 0.6691564560754282], [11.435429584527535, 49.088212975365984, 15.198039265139517, 1.9798682894813404, 0.26123727638007443, 0.6794720820448179], [11.47740803866086, 48.86019164498049, 15.396583338110563, 2.0152903531500885, 0.26274756296904817, 0.6755261372422875], [11.464238242783825, 48.48503104192677, 15.468674756429769, 2.040603086417992, 0.2637911929000419, 0.6736349814840626], [11.458102690482074, 48.77812958357811, 15.526189424428564, 2.015275324866753, 0.2621458436086154, 0.6783409546758368], [11.461265702655325, 48.27346465781161, 15.672430004298441, 1.9952193201054578, 0.2572553814637329, 0.6792883108055702], [11.441025497200549, 48.368110981519486, 15.696588385091708, 2.0430062528136133, 0.2628266248781153, 0.6711260079739562], [11.461898204242742, 49.17341698266379, 15.554765753941496, 1.9628548385999078, 0.2602236798690086, 0.6792508729748831], [11.437297246277806, 48.83847335480033, 15.360932415101772, 2.0535597311965166, 0.2661553216899162, 0.6735365741445601], [11.502222681686673, 49.183718784919, 15.376211548976643, 1.9518459598554576, 0.2612470767794548, 0.6802721813586176], [11.428903168856138, 48.32730982121712, 15.511804971012232, 2.074047388561347, 0.2654336288326403, 0.6704027050059702], [11.475409645658495, 48.995968488228904, 15.594842982996672, 1.938718424979219, 0.2559774412536485, 0.6847170690514125], [11.478074972279208, 49.05087085438094, 15.460594558285216, 1.9872131390621053, 0.2613994712056725, 0.6789851518718172], [11.483876870413768, 49.150709049201275, 15.583463064636577, 1.9504128102210367, 0.2587888163912699, 0.6824300270220294], [11.481403952040411, 48.91284138859896, 15.45098794279438, 1.9692679908428425, 0.2587219169510203, 0.6837729006519926], [11.462688810118358, 48.517986076389576, 15.513580768867078, 2.008082595619537, 0.2601471473505063, 0.6784486031027261], [11.475073923754222, 48.46742826954382, 15.49079422824751, 2.020597198201318, 0.2619876075858047, 0.6755715764326788], [11.467737663756544, 49.11731763910539, 15.490318853078195, 1.9810366149583565, 0.26180376250065174, 0.6769515449538539], [11.472796236571705, 48.935207895142334, 15.56818852128582, 1.9753521986701867, 0.2593438125310228, 0.6816692498847206], [11.43787917403642, 48.69007356132909, 15.573892879141722, 2.004190486431528, 0.2603903280864934, 0.6781186739180158], [11.477361805961012, 49.17403782027311, 15.585339306874637, 1.9609953563779747, 0.2609668457666723, 0.6800094645675241], [11.485866502236822, 49.1829076170018, 15.333358782260808, 2.0149546550240394, 0.2659372634112062, 0.6756586852051435], [11.454981341769594, 48.29210678402048, 15.568682609176816, 2.0273398860250094, 0.26096702006666894, 0.6753119308709878], [11.366652147000375, 47.632113282201736, 16.312691448794727, 1.9825370760618457, 0.2455312188052341, 0.689467646499565], [11.380671990148914, 48.34031979591213, 15.43070978325003, 2.1420050549294394, 0.27006436840772835, 0.6612319593095041], [11.488234961000567, 48.7996684285893, 15.41926116639422, 2.000093771526536, 0.2629064443598003, 0.6743449338469903], [11.438742443148909, 48.233268923905, 15.48281862265072, 2.073943653504318, 0.2645256861724224, 0.6689277258063978], [11.489078879145866, 49.052570305783824, 15.438843195757029, 1.9972767608144024, 0.26262835122781386, 0.6777524495181788], [11.439657514100494, 49.037248798356266, 15.598751518108866, 1.9908699050242384, 0.2620294644973996, 0.6780625665966242], [11.471486143538451, 49.09366489768951, 15.476541807326534, 1.9863107291622408, 0.26244373710893343, 0.6788297490392319], [11.476791251165633, 48.40119364543867, 15.45437515402263, 2.0446850037719595, 0.2680284080304798, 0.659308551556744], [11.448483833486817, 49.063886950071314, 15.365720356251266, 2.01935665897301, 0.2657411561611852, 0.674929221443532], [11.486644118681678, 49.07669086021045, 15.294744690478582, 1.9799319491535385, 0.2614575686448912, 0.6783242253478836], [11.488701966367035, 49.042376528168035, 15.254137634399202, 2.028924251905473, 0.2680665640560143, 0.6742767016241623], [11.471209250448, 47.9951673064007, 15.49180930722058, 2.0472004133097053, 0.25952009423313627, 0.6736203681194046], [11.49478256921091, 49.33458228084584, 15.326188460020848, 2.0000171970043237, 0.2650529325789674, 0.6750302956254027], [11.456204191213208, 48.716183002260216, 15.238863567482232, 2.0768801637714507, 0.26884896005922465, 0.6693059265120116], [11.425175531388243, 48.08330130723044, 15.923364047435596, 