{"basin_id": 19, "ref_run_idx": 9, "seed": 209, "x_best": [11.475438687400397, 48.83069696561943, 15.362830036961476, 2.008938870741874, 0.2634168269809116, 0.6739321355084934], "best_J": 0.030936447675114383, "P_final": [[11.475438687400397, 48.83069696561943, 15.362830036961476, 2.008938870741874, 0.2634168269809116, 0.6739321355084934], [11.572589093612132, 49.84737581546551, 14.42363804508176, 2.126708319656052, 0.28663063895876056, 0.6516280207930469], [11.56420446980568, 49.632649037742084, 14.781673404773539, 2.1313360409405497, 0.28177080327632686, 0.6573542200514656], [11.628657905725193, 49.886168120033844, 14.274676166716846, 2.136047386748889, 0.2872084359946374, 0.6518852040726617], [11.454931152542063, 48.73290032936489, 15.546006727817758, 1.9817549594025143, 0.2597165793178865, 0.6785633700628764], [11.51759793062816, 49.414856916673, 15.145391098703954, 2.0098244875135167, 0.26817751060318407, 0.667862003641975], [11.469259702769097, 48.6918249334887, 15.230656640487325, 2.0600753304819284, 0.2689376153491466, 0.6661065678665432], [11.539124554650495, 49.45809025428064, 14.979988296149783, 2.039360909185814, 0.27186728453240566, 0.6663205449083911], [11.519960719224379, 49.59599586597581, 14.943658480140376, 2.063178253282006, 0.2741521927561809, 0.6647868737230467], [11.568695561289756, 49.42489739311527, 14.504917335305858, 2.1178824697568697, 0.2821379160399681, 0.6501604890573363], [11.527976276166475, 49.347400190477174, 14.955126671498999, 2.0594331134736943, 0.2726177993645114, 0.6627061467035513], [11.598960807846185, 50.56166688763124, 14.4807419579946, 2.092094417721502, 0.2868464231860237, 0.656129603798216], [11.502640822393774, 48.86424818967103, 15.055769523196298, 2.073164462788576, 0.27062308255577733, 0.6655283189789903], [11.536521030441246, 49.22484913549241, 14.873081251656327, 2.1068479718053723, 0.27718520554028403, 0.6569824724664111], [11.484459387834526, 48.69483643679545, 15.355776707362248, 2.0331403625572975, 0.2654372438131884, 0.6724197761524338], [11.633756873187137, 50.6263070911689, 14.421123093874844, 2.064873012641146, 0.2843721324993728, 0.6509321848398878], [11.560914450626619, 49.91348295785292, 14.713925030180844, 2.0512623824578298, 0.27762894876543387, 0.66375101693319], [11.532753794988151, 49.82437269120715, 15.110933851152202, 2.0074233821133523, 0.2697788480514778, 0.6693428948450709], [11.59629587381725, 49.83748699821801, 14.50745098558143, 2.083504287826289, 0.28258617757911036, 0.6585792713524713], [11.49476915109708, 48.77774603649082, 15.179156158354807, 2.1090096765418784, 0.272666747428414, 0.6607743275050297], [11.561326285806677, 49.42586197418629, 14.528613617401039, 2.1850648573691185, 0.2867059860422468, 0.6444303638700226], [11.463243808566565, 48.771870563224944, 15.426501841650218, 2.0263238638797003, 0.2633349912767272, 0.6719597212182977], [11.48430360346653, 48.92884997591531, 15.14616957938835, 2.061604930752031, 0.26934454580724787, 0.665575390481662], [11.451521014361688, 48.63128982866717, 15.741117235224989, 1.9414788377468735, 0.25423810736713276, 0.6880702588390615], [11.490897155877594, 48.801039583403586, 15.181527030326759, 2.0680590391500635, 0.26940922778507603, 0.6652227061077136], [11.45285458004102, 48.86365229264115, 15.416098762455611, 2.0769355469572126, 0.2682340328522747, 0.6680804514878484], [11.498679103827124, 48.80266987643438, 15.078084887688687, 2.0516991186952267, 0.26935611997864417, 0.6674069520243542], [11.592210139138958, 49.57895473294638, 14.386276449627713, 2.1713883629843145, 0.28807878217851135, 0.647575771035757], [11.574618060522718, 49.92931255587731, 14.732633061119794, 2.07752434764844, 0.2810437146082782, 0.6580905935366161], [11.47248113031899, 48.836342839324, 15.391894351024542, 2.0067575956138564, 0.26328894120127194, 0.6734625081738606], [11.449573789227843, 49.08631559577104, 15.700956741980029, 1.9558032918918087, 0.25825524475612804, 0.6836028569431575], [11.496338328458911, 49.77662408370506, 15.472194838216826, 1.9556657107499247, 0.2629796805547036, 0.6791899277809806], [11.624606821389163, 49.59706893582162, 14.364424973852582, 2.214661457826924, 0.2941375169188526, 0.6425627426016114], [11.505483950115389, 49.36865614546382, 15.23017892608123, 2.0058168536291645, 0.26646787724602916, 0.6740767630094353], [11.580607461914484, 51.336385749347315, 14.830345236233565, 1.9567758950356724, 0.27553142966589156, 0.6719135620987317], [11.55902357142703, 49.78599740450761, 14.851602106569832, 2.060996240390407, 0.2774233194062524, 0.6602161340552444], [11.634144607222867, 50.71481956674093, 14.254428008232598, 2.146001324389649, 0.2941963784162739, 0.6454127003786038], [11.59866431637909, 50.049087641868944, 14.7337377684037, 2.09725264340557, 0.2829282446595514, 0.6550885630451223], [11.594092043460817, 50.098586017485616, 14.56552084451809, 2.12458176301386, 0.28412857937203484, 0.6556276443402557], [11.533181158269368, 49.892684632053076, 15.090009937388146, 1.9595245120942648, 0.26541782226463995, 0.6774231554742944], [11.481962821476413, 48.655626365339316, 15.260915608118376, 2.0853070404765446, 0.27157442008719335, 0.6661006229922191], [11.497144304605074, 49.296925388300885, 15.158507668715291, 1.9946086032034527, 0.26649560391537935, 0.6714780124745084], [11.548397045891148, 49.781314524431835, 14.796585268048212, 2.070963853910188, 0.2801284037601537, 0.6615613571743167], [11.497769899702163, 48.8351963046204, 15.064935924507688, 2.0594991545503327, 0.27034999708889257, 0.6648244209743429], [11.48837637955625, 49.08097090986342, 15.28846420329379, 2.009548562223216, 0.2640929772603465, 0.681712909642984], [11.483400734680837, 49.32052981558424, 15.416045559097176, 1.9935509239680662, 0.26508325547485034, 0.6740634480427533], [11.485918423216345, 49.05874377590103, 15.338985408638084, 1.9972264764266654, 0.2632872200255971, 0.6731677596939624], [11.631661960132316, 49.703213384139836, 14.331502001991005, 2.1183163163923107, 0.28620310696913154, 0.6539316141910971], [11.474007921849418, 48.91322921135928, 15.489478380225412, 1.9695245809728024, 0.2601106837759862, 0.6789271653162784], [11.479751264583864, 48.75617187031246, 15.361332740351973, 1.9877228999442136, 0.2595080664209794, 0.6789163688184867], [11.64668882960771, 50.16506983083583, 14.24061119270131, 2.1632163455968105, 0.29007870021833837, 0.6443717960080282], [11.596493610262186, 49.90384606421917, 14.49880728563815, 2.028594213147861, 0.27651348322039176, 0.6627015862716906], [11.52625447144671, 48.76613377778123, 14.99610791502922, 2.0881784845995637, 0.27489192327067485, 0.6638900854792281], [11.578326451640356, 49.71539781155656, 14.404374115478738, 2.17968196668514, 0.2896128838103218, 0.6451440110871949], [11.452895262449271, 48.76148916018227, 15.672127097819025, 1.9424988421853093, 0.2549347949231623, 0.6849517481281941], [11.681781396102107, 50.99899597922512, 13.988390584216459, 2.0545301929846884, 0.290250717210583, 0.6514654819925519], [11.534260644944778, 49.58011678026558, 15.008959466853188, 2.0498111302186426, 0.27303299030022615, 0.6666841329015452], [11.632674116492511, 48.748254448161575, 14.271882178948596, 2.185856328286996, 0.2869605173758246, 0.6468930628845959], [11.484981300424339, 48.96958072374056, 15.33413751101473, 2.006469916125482, 0.26371433326487737, 0.6761348619454528], [11.459021192472665, 48.72590484820668, 15.503118232969777, 2.0334088990352686, 0.26299969336234746, 0.6733054171039878], [11.555084444426948, 49.84238329958784, 14.749469484015842, 2.0787181108072414, 0.27801357621242073, 0.6553351018025954], [11.64766907173221, 50.85413656189389, 13.884070820562416, 2.2116162688596783, 0.30137898750576014, 0.6451912098665934], [11.492630137864097, 49.2032053080285, 15.184250839681098, 2.0136812238540918, 0.2677858794966307, 0.6743196783085831], [11.515089556137815, 49.3136119511165, 15.054015438676444, 2.0351491554837904, 0.27048487959282524, 0.6666065008147966], [11.482152925952965, 49.01336268824855, 