{"basin_id": 3, "ref_run_idx": 8, "seed": 208, "x_best": [11.47257821852538, 48.74548399532946, 15.424481263575872, 2.014564302485252, 0.2630152036502584, 0.6738311513655574], "best_J": 0.030926354902998873, "P_final": [[11.47257821852538, 48.74548399532946, 15.424481263575872, 2.014564302485252, 0.2630152036502584, 0.6738311513655574], [11.481674888481304, 49.344763276423414, 15.279339182189542, 2.0161957222969558, 0.26724059143936124, 0.6706431941340919], [11.471605422945618, 49.17198756949544, 15.284114730487246, 2.040033919561647, 0.26820262725907895, 0.6704155541865465], [11.475558866222705, 49.51932455834178, 15.303533490647334, 2.014707036868765, 0.2681837374134959, 0.6745094875373995], [11.45697835673255, 48.60878441558362, 15.423416620607112, 2.0282979844698965, 0.26268147130423175, 0.6742813765047009], [11.468703441341697, 48.38427559930295, 15.51058188429069, 2.0450857810632748, 0.2630521038685145, 0.6711089254662914], [11.4702118289136, 49.63156744565333, 15.108468736223493, 2.0308710783974036, 0.27027214743612665, 0.6701817905917337], [11.47166041725928, 48.99023378314426, 15.319569343632482, 2.052121816956894, 0.2672360358968019, 0.6738920793171916], [11.459383177640351, 48.35383204043343, 15.357451766339729, 2.0711360055715566, 0.26592118065511333, 0.6700234995261647], [11.459142733482592, 49.15951354273715, 15.390934197047713, 1.9949722248681947, 0.2636011448949193, 0.675779318620942], [11.48049524429168, 48.22928902889137, 15.363505068991882, 2.0432256413163468, 0.26210821130241385, 0.6695370132027496], [11.499036309363651, 49.17477288935529, 15.284967104701238, 1.9820930063849276, 0.26556322846407604, 0.6720779897299973], [11.488189207865044, 48.8915379267373, 15.20767961866462, 2.0034375861630696, 0.2639458133873222, 0.6722040797094067], [11.469147399758373, 48.545327333263664, 15.483195985207, 2.063841805992556, 0.26566664054229716, 0.6709635715356155], [11.449492323757992, 49.57830671371012, 15.959621697577841, 1.8501873462531129, 0.2443028050450943, 0.6955775576042088], [11.481980718621973, 48.11140088278869, 15.310522220519024, 2.035152858671765, 0.2619394725780116, 0.671010584354448], [11.454278082433335, 48.574960250773664, 15.391358348286246, 2.0279464744573272, 0.2625707762436798, 0.6765608292647792], [11.496097820346433, 49.3098165806027, 15.26208863030108, 2.031526890475426, 0.2669106097780125, 0.6723266039201868], [11.464870563074609, 48.96154762781954, 15.57006940423574, 2.011406670673155, 0.26282443304690767, 0.677980020727282], [11.493002326900196, 48.79326268262251, 15.273455872200811, 2.0111015738295372, 0.2640821536623682, 0.6723562030635226], [11.466365165246426, 48.91849352327938, 15.447674546936648, 1.9795687419555346, 0.2590481894498307, 0.6771107948492161], [11.534332602325746, 50.13501040648065, 15.337644595362013, 1.9299809412421705, 0.2625083829440924, 0.6828736540733442], [11.449031666045814, 48.36391273009474, 15.279461860388171, 2.0892339453052955, 0.26684931260398936, 0.6644512188761199], [11.454102870200126, 48.41939460350831, 15.46110400235015, 2.0418517594771433, 0.26155437768684964, 0.6751028698852236], [11.54098912357868, 49.195283360701026, 15.03846746236315, 2.042557134062002, 0.2702877465334047, 0.6678117055189426], [11.477005348347335, 48.54047002249415, 15.190053728862443, 2.0519724431794395, 0.26708464861784986, 0.6683603614450601], [11.43198121139431, 48.19982243977826, 15.514060810324152, 2.0584352899074, 0.2628812018339639, 0.6725695940777531], [11.514416426959963, 49.12373562018833, 15.314835193244553, 1.9933275892240063, 0.26457960004927805, 0.6753600838129753], [11.454916838602074, 48.482753305361335, 15.415376103645196, 2.028896292506403, 0.2615476639025969, 0.6765933499049689], [11.501543145496603, 49.363510450542584, 15.31732361650448, 2.002246300053273, 0.2666625612608402, 0.6743044380129548], [11.478676318900403, 49.25663865174591, 15.416267705781564, 2.0004276325979173, 0.2634330274622778, 0.6742217453337453], [11.483186360697927, 48.79212967409126, 15.322524823735554, 2.040614362724069, 0.2665748718914783, 0.6696344448066178], [11.476242958614508, 48.922763405398626, 15.455462858649854, 2.056850230599724, 0.269417300104055, 0.6630831117882519], [11.455122252372561, 48.58077873825711, 15.07210293054323, 2.0399475229175468, 0.265925765930755, 0.6740443529796227], [11.452974726994082, 48.45112124472361, 15.475239714319258, 2.038240680361882, 0.26363465577584455, 0.6738956648603405], [11.454565897881698, 48.18272481530766, 15.403160115326166, 2.087863865309439, 0.2655850902282607, 0.6672830368992679], [11.456155284524954, 48.33687813526253, 15.395317207523304, 2.0666557830889927, 0.26414934313486094, 0.6710598531041504], [11.430188371560552, 48.6674728835248, 15.53839533277913, 2.0811701438946852, 0.2684786367965468, 0.6664645112358465], [11.440509825142307, 48.39338665276281, 15.471055234917998, 2.0119738431811927, 0.2607783998934976, 0.6763394020057736], [11.423445640575313, 49.060605297187934, 15.365654844347183, 2.053892693020126, 0.2683996531628751, 0.6718060059897113], [11.466331595565654, 48.506795255996664, 15.376573120251235, 2.0450439066631834, 0.26561003761735935, 0.6696101176093691], [11.394182778643735, 47.77250811786338, 15.474942804752837, 2.1824423936326722, 0.27151776105441516, 0.6661856724536507], [11.458809605625826, 48.94525872607759, 15.325956803995519, 2.0628438604254193, 0.26987515833334813, 0.6666163666664479], [11.445798401371388, 48.911459183394676, 15.320872048734094, 2.079228575255594, 0.2694653101490137, 0.6705244809064905], [11.449816933094146, 49.99732116207091, 15.246107164361346, 2.010142094003265, 0.27029575676617223, 0.6734912217433456], [11.463082387273804, 48.90220747749636, 15.409461878010731, 2.0207797889306134, 0.26494776152172383, 0.6752455069806778], [11.442657208715364, 47.8965094538781, 15.335528986957053, 2.0983121162871337, 0.2675618084470334, 0.6661728432674531], [11.464971049120718, 48.37234970306526, 15.34603601590492, 2.0449567227458476, 0.2649679160060646, 0.6687392684260937], [11.457260116252453, 48.948709282542836, 15.506335247983253, 2.0508868118317816, 0.26847885215371997, 0.6686707759614984], [11.467253075082297, 48.266674327007166, 15.404149124262888, 2.0438838934402104, 0.2631235548320118, 0.6696923454192703], [11.444029291846448, 48.176421955377634, 15.636870076809576, 2.0598829383372426, 0.26371952599011944, 0.6709219449336216], [11.481591916934223, 49.14562289036668, 15.331625085369637, 2.0099501452296513, 0.26434918180065176, 0.6731851684422863], [11.413272368984922, 48.695027278316026, 15.48981586832466, 2.06101021803251, 0.2663560834542113, 0.6676964609225419], [11.482493329886369, 48.287941770804814, 15.429753044097057, 1.9870789811741287, 0.25880564931531924, 0.6756484542494202], [11.483625809110388, 49.38205077115905, 15.181813184228625, 1.9914385016587721, 0.2658796168533788, 0.6787955661490082], [11.476166961870428, 49.03428073128024, 15.252502758142612, 2.0323957302809177, 0.2666360074695048, 0.6706463990021007], [11.467321054485025, 48.24015105232594, 15.543945439763265, 2.017617569834414, 0.26117395082590633, 0.6762251000975982], [11.465438004945623, 48.652800306007364, 15.387865499290514, 2.070317628413467, 0.26658266225314614, 0.6695994646693979], [11.442720202324876, 48.80329249656337, 14.914006838746309, 2.139666009943032, 0.2736276911643895, 0.6657205811630079], [11.450431587921273, 49.388162380056215, 15.241869895985248, 2.055821752867369, 0.270948693751963, 0.6693604856081847], [11.460828115207148, 47.999862460261994, 15.462781224487479, 2.031387134648935, 0.2591391243807297, 0.6735183997828846], [11.485635443024918, 49.393967124830866, 15.155073584925534, 2.0250312766396488, 0.2695666267209557, 0.6722575965832888], [11.490108643220001, 47.96654835698581, 15.266129043620506, 2.0885309949149926, 0.2650985237170667, 0.6644761557210181], [11.465090180637334, 49.10638676202706, 15.289836490925277, 2.0295683969498097, 0.26652967546692874, 0.671706866547009], [11.4900726384794, 49.05925157974294, 