{"basin_id": 2, "ref_run_idx": 7, "seed": 207, "x_best": [11.504605376934053, 49.28503050826526, 15.091618752067177, 2.0527991708563, 0.2716819980179284, 0.6667707467909263], "best_J": 0.030943328911246792, "P_final": [[11.504605376934053, 49.28503050826526, 15.091618752067177, 2.0527991708563, 0.2716819980179284, 0.6667707467909263], [11.531020362491883, 49.134309263218064, 15.029540497169762, 2.0508613865335046, 0.2725505188908101, 0.6619266567108559], [11.560414712915401, 49.35648195181714, 14.87891819400116, 2.0991544922176453, 0.2765925629727186, 0.6631492765743169], [11.499069550304784, 49.21864765417866, 15.003447160993332, 2.068165785837771, 0.2736178794360249, 0.6622768906118166], [11.540019407778221, 49.3868978800382, 14.800331029415265, 2.073160787831984, 0.2768061229084143, 0.6619962495670176], [11.504414883221335, 49.34633289866488, 15.029230346533492, 2.068662420107262, 0.27318014333200347, 0.6634678161104399], [11.551003850831593, 49.96875511773128, 14.609179287083517, 2.111146267628178, 0.28253365396214336, 0.6556214081715442], [11.534188930341102, 48.98322137010448, 15.04480294851906, 2.096220786681925, 0.27576898410680184, 0.6607805689430435], [11.51688486181959, 49.12724561843498, 15.058290077504253, 2.0688880705441286, 0.2729103407173051, 0.6649398175793453], [11.510512388288921, 49.11653054541236, 14.88927102317683, 2.086273871470661, 0.27568750174875833, 0.6609616592069514], [11.550526093541414, 49.65908361122368, 14.727917235918076, 2.1475808332903084, 0.2847893395855148, 0.6566453211537554], [11.50170951136722, 49.151789984084644, 15.006427727234366, 2.068955452134049, 0.27209914786544287, 0.6650188364898523], [11.610018447670106, 50.18441264718328, 14.049883429776116, 2.230765931110243, 0.29864097817424484, 0.6338897235447398], [11.523090748463597, 49.36238934170804, 14.858932263436872, 2.0818585751375664, 0.2750906269073987, 0.6640348704087831], [11.49553075065712, 49.000165477244074, 14.931931868418918, 2.0826630922613045, 0.27309144881937775, 0.6651408402212444], [11.529327816656538, 49.016772349000775, 14.76245564083554, 2.12723295575047, 0.2782159068195444, 0.6576449778799247], [11.47884557126348, 48.94479286654882, 15.037476632774382, 2.086312796029387, 0.27234336935106784, 0.6623123478634522], [11.534683065277125, 49.53166595799866, 14.825016790964943, 2.0760503926733245, 0.27688939498640514, 0.6623918030624044], [11.531967058933247, 49.49564303329324, 14.673750364694234, 2.1285401134909927, 0.2802817338865984, 0.6560513422544474], [11.537787046880478, 49.40787874514024, 14.68292725280146, 2.0955649848902627, 0.2784963741236741, 0.6591375705187011], [11.549094149313405, 49.19674708089108, 14.801362970315235, 2.0513071185724585, 0.2730077314047491, 0.6654646100865118], [11.554818881394631, 49.40064317861716, 14.788773455952699, 2.1310689000541307, 0.280349416917553, 0.6563217762725914], [11.536721902015977, 49.365364860230436, 14.955365150351351, 2.0809156285230515, 0.2737292860510552, 0.6653137006270884], [11.488072102003748, 49.2691406058231, 15.06070131574938, 2.066813671898193, 0.27282241892758763, 0.6670590361785446], [11.55978641057359, 49.2748392674328, 14.794381890858356, 2.0943642785237797, 0.2774916689381558, 0.660075654783443], [11.529265255949252, 49.65959317616399, 15.04913875297656, 2.0538313953154637, 0.2733705092180259, 0.6652157563337445], [11.51922468225358, 48.99495995698578, 14.923774992411015, 2.0682140292602567, 0.27294109452494414, 0.6642683011137409], [11.509741930409959, 48.98252674004969, 15.030576677163445, 2.0955906885666034, 0.2750087523267575, 0.6624231904673751], [11.615959209276049, 50.08448217033559, 14.433691911288447, 2.16690779752052, 0.2876486937663096, 0.6490543421659909], [11.5318971034413, 49.06382067923845, 14.924998052186384, 2.085400447900462, 0.2748770149250134, 0.6612879685877531], [11.537769084111956, 49.24633210425639, 14.95232909440649, 2.0987002062215963, 0.2759711267123138, 0.6613232580710581], [11.508916184064123, 48.880280789405134, 14.957803710473332, 2.112631152707662, 0.2741308895363785, 0.6609575165345082], [11.513377134259937, 49.249298543308285, 14.949356126191267, 2.0554627666647445, 0.27174764718153355, 0.6660471881330515], [11.521962355092727, 49.30929090242758, 14.904911497246736, 2.09733149730315, 0.27611439838683144, 0.6608227791177363], [11.505216705527786, 49.415930827034686, 14.937441831471439, 2.087799419651813, 0.27561789708739726, 0.662481493002341], [11.531382799796834, 49.75305689186707, 14.883143208434822, 2.068324290459506, 0.2759595933398337, 0.6653625773965807], [11.545033810415758, 49.42424288169689, 14.649530071411261, 2.169746233726148, 0.28602737583819837, 0.6495082442175031], [11.556417799851017, 48.907203143362864, 14.995615087051227, 2.06313967302191, 0.27188631672822805, 0.666937227195022], [11.515028126008362, 49.182011103260535, 15.035407327675804, 2.1047557769955687, 0.2755114543096761, 0.661594668684149], [11.507156826232789, 49.114650142851595, 15.128076752995003, 2.0708038371572846, 0.27223851124200527, 0.6654910529530532], [11.548109956924103, 49.794124593186694, 14.534487715682147, 2.103697391527918, 0.28256242376175394, 0.6540960845852924], [11.603412664197899, 49.677502619473834, 14.502209434293272, 2.065517711022989, 0.27917157705386747, 0.6612094845576879], [11.550322594765278, 49.74970878088841, 14.525330217830136, 2.1401825991571384, 0.28461917675152215, 0.6552541110598002], [11.523799757029032, 49.35705334684326, 14.89101037395034, 2.0662651501635865, 0.273270151072094, 0.6663309608985837], [11.537036011787238, 49.27596043211014, 14.85165310036449, 2.1141092935580796, 0.27848658993492115, 0.6585443833506004], [11.497831665891582, 48.907629879220984, 15.142319126782459, 2.090015964709434, 0.2726119741107546, 0.6644216399482166], [11.568712228104477, 49.14946296727622, 14.562120093705893, 2.1055290313774693, 0.2799593330828786, 0.6551398486801905], [11.552551357141995, 49.75188254088802, 14.83119482556151, 2.1196698411011172, 0.282840172883013, 0.6516871315834156], [11.559286945237591, 50.152710597885836, 14.733348404830359, 2.1619270444838024, 0.2871630579900987, 0.6482668620848284], [11.52297910381219, 49.23105232988412, 14.947101448959755, 2.0707151715997436, 0.2741538329226858, 0.6639681141540145], [11.537470340312725, 49.3564275448452, 14.910185069780681, 2.0664515928688627, 0.27488238665031023, 0.6643930905185891], [11.532969201562803, 49.74509794135978, 14.920874069411404, 2.089203620395713, 0.2773030701990841, 0.66154051031663], [11.530254799122874, 49.56957819589942, 14.990532990619556, 2.0937130394546766, 0.27653050734840434, 0.6634275614349804], [11.53132771986386, 49.24522239277894, 14.870248157559136, 2.1098855077181486, 0.27711945366597335, 0.6577861185601345], [11.516826123680714, 49.01898235473599, 14.998639198194756, 2.079801052997744, 0.2724999287272872, 0.6643173279665775], [11.51787187188318, 49.000660462228474, 14.93985790762746, 2.0782230418661927, 0.27460268412272254, 0.6595272675886336], [11.60128010344928, 50.33345724686293, 14.486249872850225, 2.232334021655284, 0.2972459575720943, 0.6400642707044601], [11.584630749160164, 50.04903285444768, 14.533748270424711, 2.1649883317372653, 0.28876881436488455, 0.6508948202950032], [11.532027749151991, 49.11244895180079, 15.056738864797769, 2.0715013981482966, 0.2730185200462104, 0.6643969660945154], [11.564104460385163, 49.74304271700626, 14.90095947207622, 2.055449833367298, 0.2745833792362017, 0.664807894515264], [11.516127616055309, 48.841353739808824, 15.052820515107419, 2.1014836313519356, 0.27304395764648126, 0.663348998642686], [11.559738602813232, 49.63995085257335, 14.619682685481921, 2.134861430997598, 0.2833622858222688, 0.6517726216703581], [11.56082711300999, 49.07014620956882, 14.9407508943951, 2.1256741752512616, 0.27927006676258037, 0.6522522832032808], [11.589936295599362, 49.432767868854, 14.56156213406741, 2.1569814866176196, 0.2875622204496896, 0.6467104626184157], [11.522004207578018, 49.85783677699867, 14.79175492761732, 