{"basin_id": 10, "ref_run_idx": 11, "seed": 211, "x_best": [11.559107745304855, 49.08127357641541, 14.505654269695295, 2.2122463796507317, 0.28793792747354446, 0.6439032992240432], "best_J": 0.031243709055569745, "P_final": [[11.559107745304855, 49.08127357641541, 14.505654269695295, 2.2122463796507317, 0.28793792747354446, 0.6439032992240432], [11.57200150267093, 49.06077140407273, 14.55227769723669, 2.2261942512788573, 0.2894113775464222, 0.6426867611684491], [11.58592830178891, 48.89420257593025, 14.39918475071444, 2.2424296217864117, 0.29195410215939127, 0.6391494264945203], [11.614072262976926, 48.37178113068661, 13.851785084569656, 2.4161052002272045, 0.3036833696848177, 0.62311447277256], [11.587753777851653, 49.498641568010086, 14.336924689326333, 2.2281555886060693, 0.29376825684131874, 0.6410449096141663], [11.576205624822567, 48.80497694258843, 14.5488465498247, 2.230078570606479, 0.28681892563746525, 0.6452218023222833], [11.545169638825563, 48.793276355145096, 14.700977031340123, 2.2286294375926254, 0.28767558032062207, 0.6433564745677111], [11.608401078752474, 49.33091206802496, 14.173983573422298, 2.268503844018119, 0.297345652217506, 0.6374098617328343], [11.598283870325428, 49.31252215226347, 14.241225150310484, 2.290503206986089, 0.2976664492765535, 0.6357196537665927], [11.602717169297494, 49.210562035830826, 14.190975364306833, 2.346696457867801, 0.3028177199274873, 0.6254826262109211], [11.601526752996923, 48.682291625664284, 14.351612826786758, 2.26788413897184, 0.2926268485107729, 0.6370114888982308], [11.584811042516753, 49.40851545386366, 14.367422996802139, 2.2220675481859358, 0.2916706769234235, 0.6418229253294156], [11.583423181544044, 48.79540913332873, 14.495782310229346, 2.2705450354965624, 0.29170169085250025, 0.6413343944712601], [11.584534497721926, 49.59765104240852, 14.391482571605243, 2.24166565145165, 0.2943701654482751, 0.6378317297232845], [11.616476634778458, 49.674934447689694, 13.977134608915142, 2.34082151278417, 0.30405999869586475, 0.6311969737647413], [11.59949076123955, 49.12450815281863, 14.377497026402455, 2.2390817962333314, 0.2912788047828243, 0.6406391492558938], [11.589766160631173, 49.079951500436366, 14.321384941547601, 2.266676675591825, 0.29333013524558493, 0.6398203390632632], [11.579998633855993, 48.893369600445055, 14.163040670130526, 2.2543976688860514, 0.2913662881114288, 0.639267412265768], [11.56771104115066, 49.0820467166655, 14.570387878153186, 2.2151993496642555, 0.2883292252503206, 0.6448124945903039], [11.62031079293222, 49.76562314108256, 14.11376438961919, 2.211221288198834, 0.2932239822936938, 0.6423800728226697], [11.601123728539566, 49.626003746421766, 14.274725926093575, 2.2178200071672864, 0.2925464050585314, 0.6405243444671623], [11.56313236291569, 48.20092384846773, 14.515443176185798, 2.36570411690889, 0.2945771579305398, 0.6302238888920375], [11.57836828177911, 49.24386789758943, 14.419400515014733, 2.2191957335090047, 0.29017955828515934, 0.6430072337691104], [11.54310150735985, 48.56311989516463, 14.815505359766313, 2.2253431859398844, 0.2850256773315556, 0.643829842719026], [11.574368853540355, 49.322145328401, 14.44334621460805, 2.228093350725974, 0.2914852162788627, 0.6399681158869891], [11.54467824890706, 48.960735520696524, 14.59611155254762, 2.2302091787705844, 0.28928524663880884, 0.6423254562782348], [11.572930826351852, 49.07605205540758, 14.500012997870918, 2.233585933835754, 0.28944960386208524, 0.6436570227656442], [11.607952254169863, 49.027181592209864, 14.310088838166957, 2.333555496974253, 0.29795249982700445, 0.6346269485705618], [11.572736727974789, 49.46393991695202, 14.374089312917658, 2.2194831471149454, 0.29193000025122373, 0.642790297321059], [11.583420692183457, 49.45114029885306, 14.205018916437252, 2.2507494003611765, 0.29393170581194017, 0.6430211256556442], [11.588482874339658, 49.0530355151854, 14.321997971962835, 2.2824429537877338, 0.2948912861105018, 0.635504766893933], [11.57617637035661, 49.214969023976266, 14.502017448053019, 2.2459804097132796, 0.2913518808907514, 0.6412622202637965], [11.562414997736337, 48.9346957401472, 14.58276965103938, 2.219659386508306, 0.28738727963038485, 0.6440637067472621], [11.626217364714686, 48.454150063001315, 14.076109781000067, 2.4239711659302583, 0.30275376962101197, 0.6241712062543497], [11.566740145690316, 48.66491289020686, 14.576191024013154, 2.233763345765161, 0.28829698657258307, 0.6400575418783104], [11.599663929262325, 49.17394251634028, 14.452265326621017, 2.278287056860406, 0.2949120645399461, 0.6354155467148742], [11.549925805591542, 48.61261238419409, 14.34263672768516, 2.265073538754488, 0.28928210725669745, 0.64189878633874], [11.58619153142512, 49.00497314846754, 14.232718082915298, 2.2851493384040817, 0.29503349479784313, 0.6345191151461554], [11.55791242926364, 48.83224696773825, 14.44214817343124, 2.232379377106439, 0.28872721571003696, 0.6421334663809288], [11.568944063586983, 48.81151161941341, 14.519895381631162, 2.2604860696987727, 0.2904287448261234, 0.6392207929099427], [11.62405380201429, 49.11331067050711, 14.28164147759258, 2.2762766155301764, 0.2972324246879142, 0.6339366519228332], [11.589572193132696, 49.46867015900108, 14.156917142425149, 2.299440915725995, 0.29676322400181265, 0.6388020530675388], [11.595788896473888, 49.465242305436746, 14.135114030818023, 2.2915836193340144, 0.2974340543122144, 0.6392190057037155], [11.597678913838298, 49.729199600715994, 14.283836484927967, 2.227078135471043, 0.29508557330278856, 0.6408638062247844], [11.594866664112429, 49.33543756293802, 14.345758730359037, 2.2210913351709367, 0.2908626842494128, 0.6450803494267373], [11.622085348663465, 49.4919512805419, 13.984966251546137, 2.3491285673860127, 0.304935640299973, 0.6286407193094775], [11.563978630740797, 48.933199662409734, 14.608813532850217, 2.2483439551465283, 0.288611457086901, 0.6414122220001035], [11.575568102723482, 48.97577799594897, 14.478572915098646, 2.2294995131706536, 0.28922718706139106, 0.6419034635214217], [11.576447358454333, 49.002393916818505, 14.447177561634497, 2.2481811313593085, 0.2906331513338401, 0.6394565612616763], [11.586385812034903, 48.511801461349364, 13.903742577356605, 2.3455115890237277, 0.2967225540906724, 0.6308320770786937], [11.605931405397328, 49.22069957088773, 14.269669630945, 2.270777324384128, 0.2960880855752699, 0.6368412049614515], [11.595500587664699, 49.23143382924955, 14.379096818987938, 2.3159081231705607, 0.2984763369925142, 0.6349848653693952], [11.563205554808611, 48.45221302857418, 14.495504624397551, 2.2528580390015454, 0.2876251159503776, 0.6417052735684813], [11.563501438499983, 48.89907630343058, 14.372250200114436, 2.2485750788478374, 0.2909979587489654, 0.6406274005457246], [11.560092327590686, 48.36024181772336, 14.487345032208234, 2.2531987848988644, 0.288767338826411, 0.6405324110755988], [11.596525275142241, 48.90076497320559, 14.361398150594832, 2.2729613154687267, 0.2940113098941117, 0.6377036020909076], [11.616354440625047, 49.347907849106356, 14.111212229768055, 2.301709565220266, 0.2985760882730617, 0.6359352545664454], [11.56622420218441, 49.04438058854759, 14.464980843705801, 2.2575221307587108, 0.29121592274157315, 0.6401852154881083], [11.57766715898598, 49.48695253532938, 14.421884866263964, 2.2385509787810887, 0.2940388367702128, 0.6388274833808748], [11.576313892702654, 49.14983073940418, 14.229738148751746, 2.303957848698169, 0.29650661400955913, 0.6363613845385202], [11.609801494845554, 49.48722474476061, 14.196899581127512, 2.3232185305065207, 0.30103310292334257, 0.6311648054059765], [11.564007807145227, 48.983415365522504, 14.580164451454682, 2.2335812407303415, 0.2894496543996823, 0.6427245202437939], [11.573855673967122, 49.3467028891845, 14.510692252370792, 2.2122691279949116, 0.29058557868430723, 0.6429562296468425], [11.599790533793769, 49.56914666719963, 14.19556110229639, 2.227228914409602, 0.29389893574554493, 0.6393784565262884], [11.569215600361401, 48.94543763581381, 14.449232639104986, 