{"basin_id": 18, "ref_run_idx": 14, "seed": 214, "x_best": [11.504509604302894, 48.80222736604602, 14.99539031619647, 2.1112470355478954, 0.27473267008579805, 0.6605784078907971], "best_J": 0.030974143586447338, "P_final": [[11.504509604302894, 48.80222736604602, 14.99539031619647, 2.1112470355478954, 0.27473267008579805, 0.6605784078907971], [11.49867814729876, 48.81679547002561, 14.953901643751447, 2.114075631749986, 0.27495564695426644, 0.6599434799893975], [11.503867258835875, 48.7518210060624, 14.988675731368389, 2.112140302665137, 0.27472972031825443, 0.6596718956974492], [11.505054915483392, 48.66681686139362, 14.974922614776453, 2.1173970525365906, 0.2748009002625402, 0.6586978095273746], [11.496811877467435, 48.8502120335633, 14.978891612172863, 2.1151842541461363, 0.27528984315910143, 0.6602218641617974], [11.508217897202366, 48.66516780103068, 14.94286193684517, 2.120810011246729, 0.2753342949607562, 0.6581802854417192], [11.499403285232258, 48.84656565797157, 14.944646987386642, 2.1112479718569084, 0.2749822746473946, 0.6606042703433389], [11.53878068646241, 49.22146097089104, 14.757938149890684, 2.142030645016049, 0.28170366339827274, 0.6499606036064093], [11.501306268672367, 48.661604886114404, 15.017469953601635, 2.113773946820206, 0.27442258315351925, 0.6589165681521305], [11.510097251249972, 48.775645419005905, 14.928111973763693, 2.1213041688744347, 0.27570151084157485, 0.6585998043533499], [11.502913723678898, 48.79422249906298, 14.885357946691892, 2.1167175111845484, 0.27542304392956907, 0.6595962871736702], [11.530944420741621, 48.91171099016661, 14.80326261238354, 2.12253883536332, 0.2771308274707758, 0.6588484733203459], [11.501258198983141, 48.7953845821563, 15.008482908152523, 2.113735840309613, 0.27497622315421827, 0.6600160023772289], [11.52815833099414, 49.1790140834351, 14.820914644812447, 2.1264132063963017, 0.2786059009395522, 0.6576501145847612], [11.503396270944632, 48.786862132700364, 15.001769421543678, 2.11243539271291, 0.27505289857813203, 0.6603251712120766], [11.496739264419446, 48.76512062342405, 15.026252789640484, 2.1127301327327412, 0.27455304990424106, 0.6608974687535534], [11.501182148163254, 48.681746696973455, 15.009767777531732, 2.117648175926786, 0.27451495938247306, 0.6606559202350276], [11.51822236867743, 48.97149989021396, 14.877309759052121, 2.120761523681787, 0.2766308116558899, 0.6589279658044153], [11.500682639045321, 48.69316635571254, 15.037612451113315, 2.1126644823250267, 0.27462120205403007, 0.6595029245763316], [11.50245980026045, 48.72266469211356, 14.989355347755094, 2.115381833317199, 0.2751397037053134, 0.6599354273877763], [11.514745944983954, 48.78773695250625, 14.950370850605802, 2.111270217860898, 0.2744879634231094, 0.6612318646271284], [11.586926721676805, 49.27324329863178, 14.372904810553042, 2.189876514201939, 0.28648486910745724, 0.6497618688679818], [11.505897637082278, 48.79808189305241, 14.961975770783178, 2.1123792440731926, 0.2753107730012113, 0.6602812511645247], [11.525088683983581, 49.05934946014083, 14.842794128503337, 2.1197478127381126, 0.27761995370869, 0.6574715711601123], [11.516714543934306, 49.13422437941826, 14.783469591363447, 2.133128848523037, 0.2794560868654458, 0.6569202943559604], [11.506084965470514, 48.974957104408176, 14.975501201181476, 2.126377176516785, 0.2769704063746615, 0.6577725169906691], [11.51529273787085, 48.990128050895265, 14.898754453224157, 2.122084406395467, 0.2765788811928488, 0.6575591076662588], [11.505672265718271, 48.79413636143579, 14.97230174926417, 2.111533358379648, 0.27482254645398907, 0.6608476213682418], [11.511986044678551, 49.055299962805115, 14.889149396006703, 2.121627121433309, 0.27725469063546665, 0.6580464456182125], [11.497870045154277, 48.70319205192371, 14.998162787877993, 2.1128240517680013, 0.2745525780995542, 0.6607214940247205], [11.505894811797223, 48.76160843668566, 14.92688212439994, 2.1178338534432823, 0.27550528587676715, 0.6587452613034609], [11.510130409708388, 49.043836562919985, 14.896419860188486, 2.123179588808713, 0.27743890050647174, 0.6581545820251795], [11.498414347589875, 48.69029360495482, 15.048521953620707, 2.1246381493450968, 0.27496947880836997, 0.6580363439825356], [11.49778861162003, 48.813638701888046, 14.996057878191788, 2.1127428495645515, 0.2747086821757636, 0.6609062108470077], [11.50612774177164, 48.77259871010034, 14.984600761769578, 2.1167498929462534, 0.27537279571017964, 0.6593722218137162], [11.506086451648605, 48.78387525735209, 14.980207193453214, 2.114564543261795, 0.2750728844110117, 0.6591192173296571], [11.504937420936088, 47.93440445663855, 14.780645943119314, 2.250716887002191, 0.28249445715687965, 0.646313439561596], [11.504894767037218, 48.81338227683344, 15.021547433881173, 2.1124662520211817, 0.2749882077356104, 0.659723391563638], [11.50649067246418, 48.68385193029829, 14.97255482050711, 2.120015936151225, 0.2748223767323003, 0.6596925335998075], [11.506024733152081, 48.92365292624009, 14.869635174530012, 2.1174549163115977, 0.27668960688502486, 0.6586070423522399], [11.505808875430583, 48.939210512770366, 14.968665935513966, 2.1173616192758193, 0.27636633351218337, 0.6597058321788158], [11.52593681677264, 48.98110789133084, 14.859960246087203, 2.115180905883423, 0.27669417652398304, 0.6585441885550287], [11.494011516625745, 48.65051056336362, 15.072746813732708, 2.1158305991022623, 0.2740241080312161, 0.6605460726783804], [11.523801781084542, 48.98669689906413, 14.901323016623445, 2.1164153444301874, 0.2769939998511045, 0.658552120189275], [11.507211495980549, 48.88530034331162, 14.918096755095005, 2.113665893918792, 0.2761304174292985, 0.6589057856541332], [11.503657055952864, 48.798023620872314, 14.983825027729875, 2.111817202875284, 0.2748778487203859, 0.6603693013410761], [11.524519095965424, 49.07259697673608, 14.872362864723929, 2.125058153588272, 0.27768934265358314, 0.6574657047914245], [11.506727531021017, 48.89904925545332, 15.004257643844825, 2.1123952688190895, 0.2754662971283325, 0.6595419250442528], [11.507982832008066, 48.81978174877155, 14.953597702281346, 2.131270695208804, 0.27695138593467095, 0.6578991208564037], [11.534420165317592, 49.16748547006429, 14.681379130401279, 2.1264987207677253, 0.2792377930773362, 0.6564065515457486], [11.505881180117406, 48.89564863808786, 14.941568802617265, 2.1207107065487154, 0.27629267061467144, 0.6586946686792784], [11.49909554267787, 48.753096245951895, 15.037619229612467, 2.1168627151578394, 0.2742007581687669, 0.6608855209218926], [11.532840449544471, 49.056929650579235, 14.84564402801809, 2.111537250278801, 0.2781024518141561, 0.6563920279794119], [11.497772650558415, 48.750199137511416, 15.014844901379101, 2.120873525250642, 0.27518428934842953, 0.6599788431393799], [11.50075692216924, 48.88831788666841, 14.986055478896064, 2.112898692325163, 0.2749314552066971, 0.6603779839919123], [11.507127290872987, 48.78379062291641, 14.96321246285613, 2.1215752884774703, 0.2758529921126498, 0.6588617364185578], [11.502817450571094, 48.91265479366206, 14.971745460842518, 2.1148937168987807, 0.27571617533201137, 0.6593968316539304], [11.507275321481348, 48.861315035173625, 15.01362221968217, 2.1116792810647436, 0.27537262124507167, 0.6595998314737312], [11.524728972307098, 49.025702782089, 14.817106300997484, 2.1311079215829167, 0.27930151872299425, 0.6568648912887661], [11.521717635042991, 48.93552135881735, 14.9420998323489, 2.116722870650304, 0.2768487671639408, 0.6575729601860969], [11.503273797323027, 48.74259775681643, 14.953777204144178, 2.1188155755531772, 0.2752017863605799, 0.6591430741102448], [11.514078650321794, 49.03981268167575, 14.799942904013456, 2.1344769220744966, 0.2783140658286424, 0.6557092690220812], [11.611658513091447, 48.63424247774961, 14.17516657768622, 2.317640954156926, 0.29823058490579685, 0.6258025032986266], [11.502397599981213, 48.8591008087653, 14.99723531466908, 2.112818854450868, 0.27492880778900886, 0.6599714768570196], [11.504282892524595, 48.89935621788209, 