{"basin_id": 15, "ref_run_idx": 9, "seed": 209, "x_best": [11.634871190543434, 49.7936928285605, 14.13392473028784, 2.2446177178897058, 0.2977687377368044, 0.6363191120490213], "best_J": 0.03155321668793484, "P_final": [[11.634871190543434, 49.7936928285605, 14.13392473028784, 2.2446177178897058, 0.2977687377368044, 0.6363191120490213], [11.635429223495807, 49.784594317560696, 14.134234702341265, 2.247164270778927, 0.2978374879781782, 0.6362988225328191], [11.635064544135291, 49.791239672339266, 14.141001349152953, 2.2451489196729693, 0.2978621740456263, 0.6363142118331158], [11.634931682175809, 49.80618232135869, 14.133277298124383, 2.244121734183074, 0.2977490375996529, 0.6362686026528048], [11.635737747243548, 49.75028698075911, 14.137229189879616, 2.2496471695226066, 0.297940774638745, 0.6359822386008571], [11.63484168436812, 49.7557842459839, 14.143497851701378, 2.2477393400405106, 0.297726183660179, 0.6357598850759688], [11.63487024201193, 49.80354700366514, 14.14958999967894, 2.2439013685869993, 0.29783003806083364, 0.6362921752244519], [11.634989733725385, 49.80236826419767, 14.144263598262679, 2.2435512859717965, 0.2978441770006126, 0.6362349470078614], [11.634863262902924, 49.788572546611434, 14.133914982583253, 2.246236720393633, 0.2978354831719375, 0.636318180175584], [11.70015577222739, 50.29499578920117, 13.913541601538808, 2.3244086372970028, 0.30775951590332384, 0.6268267995398324], [11.6350424562996, 49.781912616275946, 14.134341453904959, 2.247263895775752, 0.29782141186869543, 0.6362323507634722], [11.634948740014533, 49.83083335945373, 14.143455496964005, 2.2414691273256806, 0.297833285815796, 0.6361730254703796], [11.634832043709087, 49.82115685602372, 14.135614162854374, 2.2420908949405565, 0.2978516911009761, 0.6362064278231905], [11.63487853018923, 49.79075231549457, 14.136589451448144, 2.2451606265949984, 0.297810399721474, 0.6362986537693834], [11.634886908516759, 49.78210234582893, 14.13866818291904, 2.2455148415266017, 0.2978219043007787, 0.636190337599467], [11.634985683224889, 49.802922791142706, 14.131240928038837, 2.2449785594435765, 0.2978087561293985, 0.6362038871587442], [11.634985240083449, 49.80520668650368, 14.135192043410832, 2.2438503015769142, 0.2978173983585859, 0.636322072682036], [11.63528303341759, 49.786487556782944, 14.152552053084346, 2.245313557843761, 0.29774940827381896, 0.6363284274501821], [11.634924708016516, 49.803516283206186, 14.14692397486906, 2.24385488214625, 0.29780982227847874, 0.6359383117956035], [11.634894200111129, 49.78207990858968, 14.139012272979972, 2.246383350365822, 0.29783663067813027, 0.6362841434786948], [11.634918178728697, 49.82735325766532, 14.134963213029614, 2.24199378927874, 0.2978219581874815, 0.6362169156750302], [11.635148611644954, 49.79655957882596, 14.131111785492555, 2.2446772477765986, 0.2978025712342893, 0.6362487492309962], [11.63483117699309, 49.760366329420904, 14.135489403168897, 2.247605574024218, 0.29773918510161484, 0.636281595135034], [11.634919544176146, 49.76143122118748, 14.144043373546218, 2.247483196013228, 0.2977688584878123, 0.636257406860793], [11.634972683830759, 49.812438462847346, 14.13248929242624, 2.2442116616033583, 0.2977970745639685, 0.6362449059775019], [11.634954357610185, 49.83662564279126, 14.135269028140652, 2.2437107552821782, 0.297829847633693, 0.6363164729158617], [11.634955147184243, 49.81894681426931, 14.130374683241289, 2.245803697659845, 0.29788807918130694, 0.6363160603389739], [11.634912310932988, 49.78168076981868, 14.135213268264588, 2.2453102526445186, 0.2977771093554368, 0.6362336747886529], [11.63520190065371, 49.72581340971259, 14.123530564080186, 2.249109436376589, 0.29776986295027846, 0.6360919954524795], [11.63506835779269, 49.79288597571924, 14.134234702341265, 2.2448356212333334, 0.29779105397397415, 0.6362988225328191], [11.634941241640547, 49.821415719307495, 14.132333984827373, 2.242115731834516, 0.29774691614358234, 0.6362683003483053], [11.635140533309377, 49.76363865820123, 14.142624797756747, 2.2482192055051353, 0.29786720534227135, 0.6362884562192757], [11.63491750703531, 49.82851141153471, 14.13778576661572, 2.2417454406259156, 0.29788268032238124, 0.6362922182278543], [11.634895146841654, 49.819660369310824, 14.137733148131023, 2.244803444432349, 0.29784372661904446, 0.6362744069498137], [11.634900681351033, 49.76944426724249, 14.138942148495104, 2.246777111488467, 0.2977849561243755, 0.6360819359150465], [11.63591887869928, 49.77753558076467, 14.14192697339943, 2.244245127437781, 0.2977983859511917, 0.6363152352222063], [11.634889970073832, 49.82613866709789, 14.151192792082638, 2.2439935342559374, 0.2979043439744977, 0.6360852932584607], [11.63492341564609, 49.78319288081496, 14.12719966482273, 2.243892049161201, 0.29778906805028393, 0.6362118726946137], [11.634935474207367, 49.773222548700524, 14.146832074649955, 2.24853194208602, 0.29779930442302477, 0.6363303167517106], [11.634838783984055, 49.78606417358225, 14.13257085190029, 2.2448554476309965, 0.29776895079892746, 0.6361970310485654], [11.634926599476863, 49.80583121825687, 14.136459883439434, 2.242534324894791, 0.29777705604571203, 0.6362590676038195], [11.634922506224548, 49.82857623848536, 14.14303270064097, 2.2419802118638894, 0.2977288582987019, 0.6362982243673749], [11.635042853267265, 49.83941498068138, 14.144629741069181, 2.2430161481598816, 0.2978768023422074, 0.636262778916313], [11.635067077400985, 49.82464217051533, 14.144069857466517, 2.244413636199801, 0.29792344214682126, 0.6363159297752129], [11.634843560540274, 49.793075241981754, 14.13415377976979, 2.2444826532410858, 0.2977218576879872, 0.6362034322313008], [11.634948973711015, 49.82392751819833, 14.124173734095837, 2.23888396174522, 0.29772668580621164, 0.6362849467686473], [11.635512175995629, 49.801853109607265, 14.133753054717733, 2.244098796795628, 0.2977682943530148, 0.6362815817760304], [11.634861134148831, 49.73999840259494, 14.150386038424339, 2.248983174159675, 0.2979002983007908, 0.6359094204296198], [11.635082595984919, 49.674804413882946, 14.131027000814763, 2.258222881879708, 0.29840355417039854, 0.6352643089151775], [11.63503356792469, 49.82313698965781, 14.13426576995261, 2.242591607194761, 0.2977612084521616, 0.6363030250694577], [11.7513371792452, 48.819000256313366, 13.478690219598265, 2.525462068402895, 0.31669480692312785, 0.6034120598210295], [11.634832923148565, 49.802504401964136, 14.140544245131345, 2.2461932132983513, 0.29776800268697123, 0.6362993293944782], [11.634851503814225, 49.79231502373856, 14.133486989913862, 2.243393834316957, 0.2978298178966562, 0.6362430641486847], [11.634856677107702, 49.84254898327396, 14.140364640785227, 2.2423684290656953, 0.29782583329834994, 0.6362690584093477], [11.661147234746903, 49.85111514568, 13.985719008564898, 2.2929544907723853, 0.30341042258458284, 0.6297627959136838], [11.63483194129752, 49.8572517635577, 14.130791243220171, 2.2444801339015013, 0.2978902938221338, 0.6362724881375068], [11.63484189224933, 49.80487590215157, 14.131614848358721, 2.243732115037044, 0.29779541143037747, 0.6363085401789812], [11.635318757786013, 49.820354259464125, 14.138553298810285, 2.243471660534606, 0.29782000597158487, 0.6363221567031551], [11.635143134121803, 49.82789581190084, 14.144211418796019, 2.243110199531691, 0.2977967271795928, 0.6363301755172796], [11.635002665106411, 49.76027928100432, 14.127517483003315, 2.24746258699904, 0.29777584314489614, 0.6362766778233644], [11.63498613967991, 49.705333856060456, 14.131096668425009, 2.254357260117204, 0.2981333312183383, 0.6357503162198077], [11.634983414507003, 49.80449211094466, 14.13635452048692, 2.2432731201578173, 0.29773457904278194, 0.6363270529040976], [11.63509967666542, 49.87799985150295, 14.138795805799782, 2.240615007189597, 0.2978408895833822, 0.6363304930388084], [11.634930829570898, 49.74765449617995, 14.127730970554497, 2.2464790004901296, 0.2977782422051273, 0.6361834071371849], [11.634912489735612, 49.77114775226967, 14.133670838234185, 