{"basin_id": 22, "ref_run_idx": 2, "seed": 202, "x_best": [11.549482098294083, 49.35706392527593, 14.787881397652097, 2.0635050472350907, 0.2758704929498725, 0.6606205204576217], "best_J": 0.03110901455352222, "P_final": [[11.549482098294083, 49.35706392527593, 14.787881397652097, 2.0635050472350907, 0.2758704929498725, 0.6606205204576217], [11.538747410197868, 48.97694082337241, 14.727519723533224, 2.1506592478557867, 0.28109412606483586, 0.648357963923531], [11.632025264013185, 48.952886590510275, 14.230071249196683, 2.318359434559396, 0.299592301393045, 0.6295078038294456], [11.59816019813446, 49.674753519677274, 14.252064489928506, 2.2366496677981087, 0.2928230009420131, 0.6416236547625999], [11.597173383324934, 50.11336323731985, 14.104251796163554, 2.2134025080195343, 0.2959106056655116, 0.6443859729935312], [11.593564181741685, 50.27510394162381, 14.351132041036863, 2.092403050846645, 0.28439730027347465, 0.6553421374279728], [11.587051951943401, 49.36331314829877, 14.624522979288672, 2.0952078355440684, 0.27896124047232984, 0.6572148032111135], [11.570955839530749, 49.52750163046976, 14.524456755117763, 2.178103864418606, 0.2867360130163419, 0.6527225040607378], [11.524113336244477, 49.85434604276136, 14.551218303111868, 2.090927103747959, 0.2813749337251378, 0.6562608658367415], [11.54276046476132, 49.91333241371929, 14.52000174806054, 2.1275790537239505, 0.2842513373068058, 0.6534295582396936], [11.56355188342042, 49.66985509123252, 14.58983414546299, 2.1138234957958146, 0.28335528771547014, 0.6543004073278175], [11.589291888218277, 49.61883158061984, 14.312481451442848, 2.2299333669863493, 0.29379046365209166, 0.6378038314719946], [11.596663602662288, 50.516041540095515, 14.463677113892455, 2.2166822205560544, 0.2956185698314038, 0.6442659140330047], [11.610820645902596, 49.185989138257476, 14.412221341477945, 2.2525397278896007, 0.2945713844488931, 0.6460745041593451], [11.598809967268526, 49.31908108067858, 14.503544582141148, 2.1748498222342967, 0.2866687803087204, 0.648495392102783], [11.55800101394348, 49.416452944387615, 14.703715689800994, 2.0928837691532816, 0.2796376653334646, 0.656795437412679], [11.565427742895915, 49.77644117127768, 14.492853198848186, 2.1418507386509065, 0.2862592692415156, 0.6516519588611974], [11.55969444423584, 49.33087944650826, 14.451933522538198, 2.126968010922025, 0.28136182880135074, 0.6559944250792811], [11.579910351576965, 49.47904341453455, 14.556742029361006, 2.1281234671880815, 0.283173478073145, 0.65370512007492], [11.626305211993643, 49.72575877382402, 14.40304357279626, 2.200905467343059, 0.29169938309525834, 0.6436289548201223], [11.651508778470603, 50.610611046357086, 14.089171835321217, 2.148459381772496, 0.2947776980491954, 0.6488445188419455], [11.584974754904323, 49.631054627714214, 14.320349133747413, 2.117168035749938, 0.2842780642069237, 0.6542827180400539], [11.574917478449407, 49.760238491528824, 14.470935415244004, 2.1699010476279184, 0.2881219914498964, 0.6470306027646285], [11.585125287960416, 49.40326351157717, 14.433418073890733, 2.1995234032789512, 0.2914192207383155, 0.6433022157461447], [11.534363366111753, 49.529997364334825, 14.69227648198182, 2.074562884901346, 0.27849450824, 0.6603596133447229], [11.59425797597539, 49.31679909806289, 14.180439859818616, 2.18197032010758, 0.289603004628784, 0.643562444942011], [11.582960078357589, 50.25272768603123, 14.25778995736787, 2.2644984678182953, 0.29989217511015454, 0.6363194509183393], [11.513796937150332, 49.58102089972237, 14.84713171477071, 2.079289181475056, 0.2765023473226955, 0.6594344521505134], [11.630295929701724, 50.498096368477924, 14.396366906218423, 2.1224680056522924, 0.28954802490630077, 0.6492118328274635], [11.556096625484622, 50.12032245001912, 14.762330864654366, 1.9903844273239788, 0.2723749042586448, 0.6689918260420047], [11.57662994662311, 49.897171712880485, 14.43030041387614, 2.186328129448635, 0.29093165108340746, 0.644800665376463], [11.630757134005542, 49.461170254805786, 13.970057156683467, 2.2734679329494036, 0.30024737550408737, 0.6312443633447571], [11.558652192362814, 50.210346444346015, 14.443733281017217, 2.093502935076739, 0.2835548093707968, 0.6568739470219982], [11.62559319049678, 49.69337262007969, 14.243358180777747, 2.161314877767686, 0.2873480315575405, 0.6498796860489798], [11.58746737019263, 49.84772917593776, 14.346944221353299, 2.2131811779639423, 0.2936717125104025, 0.6413955689060342], [11.641814089752945, 49.64006470443995, 14.263679754419785, 2.2615797977577365, 0.2979432547516694, 0.6377329209622715], [11.634228619051463, 50.15595689537921, 14.321288938564726, 2.171765916896896, 0.29260869399413475, 0.6474717888776518], [11.648383920528227, 49.90220982953859, 14.371227366926556, 2.1605658384937274, 0.2895142895855897, 0.6493692408694216], [11.642103679545578, 50.18939048797274, 14.05126782755624, 2.189812832056205, 0.2969365873425769, 0.6365224612790901], [11.547629902717295, 49.909834842634496, 14.623861708790741, 2.0737465820617538, 0.2792590660540191, 0.6610572714176656], [11.568718800938878, 49.063211249693104, 14.465448526649789, 2.118556819236152, 0.2776895899177894, 0.6622829667124607], [11.64986414528088, 49.4523028886771, 14.36331782568764, 2.298270136400867, 0.29884449854109685, 0.6319765113435809], [11.502169397508458, 49.55605485466746, 14.824215613247038, 2.0774947499688046, 0.2759364407055915, 0.6596082296676465], [11.567932766102835, 49.37477414571146, 14.543155753249575, 2.1623698275669754, 0.28498344132224934, 0.6527033019484848], [11.611416200160495, 49.39954971451021, 14.268118533058058, 2.257621624745285, 0.2948314013900918, 0.6397579318941307], [11.560243406209818, 50.21183323805373, 14.765218647595091, 2.1123887844867992, 0.282891263699429, 0.6569582645609073], [11.639780214152278, 50.04702995326158, 14.233050918975904, 2.1725079749604626, 0.2926857733243583, 0.6433777717980154], [11.58430598757409, 50.80105202319435, 14.096632917442117, 2.168883397568718, 0.29516800214340155, 0.6466842690003427], [11.573838436445977, 49.629538813703704, 14.889204508753707, 2.054657999868824, 0.2770563503677134, 0.6558570681809989], [11.605292045277942, 49.86327219001409, 14.215642869401604, 2.285782534709063, 0.3014785128606105, 0.6353491685755904], [11.577713389482337, 49.76729920297944, 14.411692124218376, 2.1160343909538346, 0.28396528553426553, 0.6542887138927855], [11.605076246010656, 49.94929432132603, 14.113822773759539, 2.2259054101523863, 0.29608758227589116, 0.6432736804931103], [11.638535829444507, 49.81920180069286, 14.110358970388603, 2.290957734690278, 0.2995467765249119, 0.6332421304260567], [11.606245459567278, 49.892323945014844, 14.236159545783453, 2.2801709877841905, 0.298704506202014, 0.6377935763595924], [11.596713833065765, 49.27353486303803, 14.238903194857134, 2.2063682103473274, 0.28900409277634675, 0.6426743955984923], [11.566639752776688, 49.62220436072138, 14.47575790103339, 2.1264772849966036, 0.2837033950201423, 0.6558070212499978], [11.570269950092799, 49.038927990449324, 14.472165957067158, 2.192525108618704, 0.2891404988554917, 0.6458103019094037], [11.625546655614546, 49.63299493954154, 14.197965230162927, 2.262601446266925, 0.296617363558349, 0.6394245024113382], [11.569146368403803, 49.86425081473462, 14.485974158541993, 2.1076167328486264, 0.28254550135330353, 0.6556744239443835], [11.548279354113584, 49.93314886030998, 14.585072736372915, 2.070521219505285, 0.28154710297187086, 0.6566036903574024], [11.555765973629354, 49.725269830159306, 14.498500150736348, 2.116673322989833, 0.283561554135914, 0.6558040071425334], [11.559118607576027, 49.94071872741867, 14.468417990211288, 2.039640113066975, 0.27817731497201476, 0.6605851168615956], [11.541443717549875, 48.736495054461734, 14.262571515927709, 2.2611295960465685, 0.289469934199782, 0.6471227373120824], [11.521865211361526, 49.61282555304101, 14.56543676139695, 2.1033880047641635, 0.2818665664939202, 0.6593076863698394], [11.579983267778637, 50.16192508102894, 14.354977895680873, 