{"basin_id": 4, "ref_run_idx": 2, "seed": 202, "x_best": [11.52442549904342, 49.252936962659035, 14.954449457732817, 2.0766972664991346, 0.27511271051351743, 0.6613653027596595], "best_J": 0.03099436057428832, "P_final": [[11.52442549904342, 49.252936962659035, 14.954449457732817, 2.0766972664991346, 0.27511271051351743, 0.6613653027596595], [11.550561721328501, 49.24580604923152, 15.039564968644052, 2.0741625498731344, 0.2756025146776251, 0.6589400888246755], [11.499579701276756, 48.92076452776806, 14.9955885795112, 2.0811404950307226, 0.2699782742811514, 0.6659729892927551], [11.53683120269959, 49.642482419666734, 14.9620406534091, 2.0552483243300497, 0.2750272570895493, 0.6633737294313202], [11.532348898351366, 49.8598456380977, 14.951474918069005, 2.052644762697895, 0.2777333377546802, 0.6634295229928934], [11.536301688133687, 49.509748536417796, 14.864129068172586, 2.089582988124752, 0.2772964840299814, 0.6599885565948955], [11.546631448996218, 49.88900049561522, 14.95959889890446, 2.050913276853811, 0.27655063732271007, 0.6641679875397969], [11.531913912315298, 49.21156830176569, 15.00258058725072, 2.080793383776056, 0.27320764049646556, 0.6630574859883488], [11.523876857455297, 49.07443340235648, 14.690130602816653, 2.185705859380475, 0.283693861174931, 0.6552313825676661], [11.524253243053224, 49.71404669081496, 14.92027403161777, 2.0647691122296745, 0.2766773164158749, 0.6637733246632853], [11.51143781497436, 49.04120369216362, 14.855578965181142, 2.09689217116204, 0.2754296880150219, 0.6605120176611138], [11.552965652501943, 48.32008990228463, 14.44579498798881, 2.1940442964013074, 0.2830299245712294, 0.6396092102261935], [11.528119240363196, 50.14779071880796, 15.043945402382448, 2.040098436484089, 0.27539256863898814, 0.6681256469081033], [11.508827773639059, 49.9360764885367, 14.49463261693117, 2.1813864241440233, 0.28951674475112305, 0.656397191573463], [11.540059285112442, 49.97200057621657, 14.742077731546111, 2.0407336744509683, 0.27535337678046395, 0.6632840772636001], [11.50681693142171, 48.99857740484936, 14.901016670119796, 2.119041890543112, 0.2780528908484847, 0.6565994585986213], [11.544734314475177, 49.764759690563565, 15.032886142096851, 2.0591541069581534, 0.27582901484580913, 0.6648832936963527], [11.527475633395865, 49.54138432484893, 14.980885343141955, 2.0346966294705005, 0.2724730103376573, 0.6649868158456604], [11.58455058642392, 49.87630169247542, 14.345992961768616, 2.1190879495129327, 0.28890039852288735, 0.6494487930358998], [11.522627263201928, 48.97361027531192, 14.993686214880734, 2.0537488740170264, 0.2707538609873038, 0.6709296810542849], [11.554360129929604, 49.97206524477151, 14.619812523558682, 2.081566837226395, 0.2823952746042128, 0.6570967313151023], [11.530285104312846, 49.11583499763625, 15.178362871380346, 2.0377774934502426, 0.2687726312583663, 0.667799505215454], [11.516265503852965, 49.36105208995726, 14.918769110182943, 2.1036925816828806, 0.2781908347560498, 0.6603632599561715], [11.560065227927415, 49.635708879332526, 14.761888886457571, 2.103393166774731, 0.2807951664134813, 0.6558364042482628], [11.517494729811592, 49.051940870141614, 15.07309218959946, 2.0681371722318005, 0.27116743220673584, 0.66185181869279], [11.55541147778035, 50.13745125245296, 14.314404083729748, 2.1602467331930293, 0.29239313306736964, 0.6461558789844267], [11.544858589684521, 49.929205045839105, 14.91785417771935, 2.05129189900944, 0.27537923847371726, 0.6628801053195389], [11.534026172998017, 49.677606421312305, 14.739213449840271, 2.0966125001689004, 0.2790988813564653, 0.6592293445522048], [11.536622760274673, 48.64652724009422, 14.73447592689575, 2.0681715816758186, 0.2704540230342056, 0.6641690067519919], [11.524694961238678, 49.51668162237094, 15.128580657949739, 1.9870808676914582, 0.26737929836935453, 0.6706022310436505], [11.549336595712562, 49.38631748835612, 14.577713172423577, 2.1161758573113354, 0.2814746451205683, 0.6569823373747026], [11.53978653361284, 48.85009184772927, 14.637004869654554, 2.2200142197156794, 0.2849887601427259, 0.6499437217800809], [11.532310107771874, 49.4053110496629, 14.824316460630198, 2.084326681006657, 0.27619181375491786, 0.6601982394455099], [11.511816086588395, 49.56054530088908, 14.989997612354987, 2.0702549668730765, 0.2732185502424102, 0.6649256719784081], [11.52590954083023, 49.496771508982526, 14.706457594276936, 2.0597515534272492, 0.275022562627402, 0.6618394899144832], [11.547587583509493, 49.71747475163356, 14.814748841691156, 2.0615336321577757, 0.2770304671145138, 0.6647405292020494], [11.515025956007433, 49.90843994499105, 15.334558694575577, 1.9727259399697177, 0.26496569345762927, 0.6745750829193552], [11.521475063816741, 49.83906349741341, 14.971499987000803, 2.027415784351437, 0.2733682803758777, 0.6643142796961772], [11.54512365358054, 49.2924099971499, 15.000185250615875, 2.0079551221831435, 0.2676641109652619, 0.6691475323395578], [11.525428290006944, 50.80922743483428, 14.516951748308221, 2.098189427967731, 0.2874417148651899, 0.6511767612290795], [11.513816934403648, 49.423342609980004, 14.745305321617572, 2.1310844700488176, 0.28412821403517297, 0.6526656855085384], [11.563711333842168, 49.919694948539075, 14.529950638510694, 2.1404019301690846, 0.29027855193515073, 0.6485383250400639], [11.55537133571695, 49.535911874799986, 14.92091760084735, 2.051606970423097, 0.27582258767650947, 0.6607526429034197], [11.532189746014437, 49.28190136026212, 14.687422608253533, 2.1345000481190106, 0.28220142799664355, 0.6543378054028924], [11.589970024390357, 50.298329146413415, 14.608601689366422, 2.1150650121879355, 0.28624083078748525, 0.6550777128799274], [11.560101604899431, 49.5213571199179, 14.741860886932892, 2.086474575466335, 0.2786395250271369, 0.6617645915580701], [11.53904283442418, 48.96565970600964, 14.942689648957765, 2.0684651885504297, 0.27233578017146093, 0.6693479573532461], [11.546250658344086, 49.382346541298155, 14.64656560047979, 2.148222231544311, 0.2837044541306738, 0.656193601420095], [11.559242077973268, 49.50242549415341, 14.941614661493775, 2.0391517547611064, 0.27389136776635575, 0.6636383681683808], [11.517985795584085, 49.11795643883304, 15.0961346323932, 2.0459756870670653, 0.27041679194730395, 0.6649119609882169], [11.547016806574057, 49.59300040351236, 14.69687086030456, 2.0729448256926175, 0.2764181752567768, 0.6612730702201959], [11.533926000524453, 49.71962715726998, 14.95347403210887, 2.131184369245827, 0.281377935642223, 0.6636858420730879], [11.52107620560264, 48.98096065558067, 14.713742837254184, 2.058152442494537, 0.27073121064466327, 0.6659691168052493], [11.550990709750241, 49.44028002630567, 14.816165257796968, 2.053314314220548, 0.2754704680547348, 0.6610439718667992], [11.512490592860642, 48.87750893498143, 14.873355382046636, 2.0798250898947637, 0.27140335910834984, 0.6655026567054201], [11.533455664080082, 49.3727293749747, 15.028076214207662, 2.0614236850491685, 0.2760005016453552, 0.659695542195816], [11.523301796977297, 49.341005013714394, 14.974414483402366, 1.936217293502404, 0.2616866237413281, 0.6781303663484647], [11.557053895279958, 50.02772304866244, 14.818151487548805, 2.0733814975548466, 0.280038063700322, 0.6622311490886867], [11.547542887902162, 49.83649403261664, 14.725101768515371, 2.0941817811746093, 0.28139723495669317, 0.6579386854057828], [11.527340521501207, 50.079761734222835, 14.784507332810868, 2.0779252262266033, 0.2814815860760265, 0.6591335479364602], [11.536623666420668, 49.26164049979495, 14.923168621351692, 2.059192860052228, 0.2729162731645941, 0.6643002869774245], [11.541944892118043, 48.884087754731524, 14.722168268323399, 2.1460633308533916, 0.27780108329894465, 0.6562982758154275], [11.527401313294702, 49.613516414832525, 15.216234381252749, 2.0232628435711613, 0.2727352421147317, 0.6667100630363535], [11.5217702654104, 49.69071870645101, 15.079082276618173, 2.0112932713654907, 0.2711139393200595, 0.6712055063310375], [11.566348963055578, 50.04307538034172, 14.656181003629786, 