{"basin_id": 4, "ref_run_idx": 4, "seed": 204, "x_best": [11.54382514631061, 49.56830614854388, 14.82027346750389, 2.0748418606697525, 0.2773776713397514, 0.6625017651375377], "best_J": 0.031062582379530877, "P_final": [[11.54382514631061, 49.56830614854388, 14.82027346750389, 2.0748418606697525, 0.2773776713397514, 0.6625017651375377], [11.53856749113125, 49.62216306691166, 14.743975442364016, 2.1245911487490607, 0.2815578415566466, 0.6515290752293275], [11.54460866112456, 49.649509143732224, 14.951918444462322, 2.059083096028235, 0.27707327503698154, 0.6588221155587617], [11.477956049073413, 49.580072603048215, 14.846832850189667, 2.0768754750046545, 0.2746882812100196, 0.6656167635092413], [11.526003514296212, 48.87062693375096, 14.727357025020172, 2.1692544428328566, 0.2799947758860611, 0.6558569786745189], [11.566842236247574, 50.593044994916944, 14.792505768381954, 1.9801102563051423, 0.2728409861753803, 0.6776652071328377], [11.553461721153, 50.239815066278744, 14.70381268430852, 2.02111832341341, 0.2769288438156991, 0.660715713202676], [11.532121385067601, 49.75884427063081, 14.77803166173567, 2.086913951696026, 0.2756504477102218, 0.663571119355669], [11.53743329409819, 49.43982472295732, 14.557186654816917, 2.1232759500881127, 0.27883115604900716, 0.65790182157604], [11.528713913654858, 49.914226023573065, 14.595240666471332, 2.1094878135312656, 0.28261147390963043, 0.65180209147682], [11.540569420771439, 49.690518881161005, 14.728900080321589, 2.1539090380614248, 0.2848848659409166, 0.6540753750434124], [11.440452731172709, 49.82125322741057, 15.217034132383516, 2.0687361429073112, 0.274811123099577, 0.6621320600289726], [11.52360511230236, 49.47703545764426, 14.970653672146288, 2.0888386570352084, 0.27488805178074804, 0.66219736155616], [11.528365383295007, 49.48287568422508, 15.037095934282172, 2.0733864463883687, 0.27527422135085095, 0.6644507287463655], [11.532478024715678, 49.289256554672434, 14.624532928607561, 2.1496642419060232, 0.28228681826058943, 0.6546334063368378], [11.531784695652563, 49.450226386304955, 14.851622198246814, 2.075107264511828, 0.2767474113511964, 0.665136684620839], [11.553623746875845, 49.58827557317444, 14.727040096100197, 2.096444000884241, 0.2793478606465374, 0.6587998829671574], [11.574249570709695, 48.97851905809672, 14.533613667394617, 2.1372125688480734, 0.2806076083369468, 0.6559434037816088], [11.588060859483075, 48.27508474397498, 14.584843597301841, 2.1291064815093645, 0.27991170784691344, 0.6488220764286282], [11.570484856013811, 49.2714011970453, 14.908880832177768, 2.0795620068815044, 0.27773315549913236, 0.6538610162131658], [11.5246838423717, 49.58883438099647, 14.618938543506887, 2.143815908775621, 0.2813294553254257, 0.6593218863520843], [11.504992866879205, 49.39545024675084, 15.170475393031863, 2.090343302137966, 0.27495826899721787, 0.6682815844925072], [11.539733094473647, 49.22879297544496, 15.067645220670455, 2.090676689835059, 0.2770548372340567, 0.662876205402589], [11.55029375902939, 49.80693222868054, 14.595689947241398, 2.1591762587150902, 0.28629075394454717, 0.6573995046465949], [11.514392793147463, 49.339164569618184, 14.856284241462953, 2.0412848162016206, 0.27280932041469846, 0.6629628858694654], [11.54692037480833, 49.82030048726627, 14.89132433267198, 2.070031339792557, 0.2792144010085003, 0.6608729212582556], [11.544727277975621, 49.779304470442284, 14.633229304228369, 2.076181290387869, 0.2781596262846948, 0.6641007383019393], [11.528826221605057, 49.48051297672146, 14.978886000036542, 2.0729003616218917, 0.2760183671011268, 0.6590596296089579], [11.539633426179973, 50.33182061289557, 14.814335416183017, 2.0954051722831344, 0.28304207991996183, 0.6591496889084044], [11.584652094555262, 50.52005059123316, 14.576804229872163, 2.042444059125661, 0.2819612455491596, 0.6575226016134257], [11.530352942209941, 49.60621016305299, 14.881112342046752, 2.076739842736042, 0.2745269602380026, 0.6612589190461274], [11.525635902344163, 49.68442659390554, 14.839585896487275, 2.0964956495747336, 0.2802977544931529, 0.6599786528252319], [11.559937364322176, 49.961656534692025, 14.639541866380322, 2.0935996491627935, 0.28175261002394736, 0.6544739255367865], [11.572186405215767, 49.86716660633148, 14.647601549854736, 2.107539887808019, 0.28440045045930423, 0.6523652688407144], [11.526279847995635, 49.1743215319782, 14.725302777459424, 2.093864731233213, 0.27692168261715266, 0.6593535489351858], [11.500533344590885, 49.51255679705815, 14.927956886490938, 2.1365699248438936, 0.28204282102443284, 0.6561123044217962], [11.490769468047684, 49.85356394660549, 15.114134119381903, 2.0553204665022764, 0.27484434934665947, 0.6626702879748106], [11.56427341402466, 50.280758494468145, 14.827549653434557, 2.117083803656635, 0.2890038936484949, 0.6512833943125345], [11.527820476226267, 49.50099336184092, 14.849803828165948, 2.118600553161177, 0.28205922457034255, 0.6493488614709578], [11.523769318460412, 50.20167811166428, 14.875703701758669, 2.0276624180510057, 0.27571183490840956, 0.6634108026703017], [11.557036329394657, 49.94357446600703, 14.597516179096273, 2.0605461875857563, 0.278296657881148, 0.6600380088043075], [11.519817164249206, 49.59316676870232, 14.848453118742091, 2.0379104663193823, 0.2741198927406082, 0.663659279906148], [11.536591832588202, 49.4481141826328, 14.37638803068407, 2.260542683592033, 0.295645781186121, 0.636354730203164], [11.543245221381902, 49.10328341883257, 14.392617557006911, 2.1129410607779695, 0.2798944803443131, 0.6540857914386545], [11.513409210819171, 49.36270986392031, 14.80310596203514, 2.034198367888352, 0.2738487771010483, 0.6667764283569556], [11.542603907233334, 50.09933437092574, 14.724645817026262, 2.0310348538903784, 0.2752733726140476, 0.6689801578354015], [11.52008521528515, 48.96688771665712, 15.161232164859321, 2.137990350158537, 0.2798826637332678, 0.6576953108799094], [11.516084072283745, 49.781565252356906, 14.83307258173777, 2.0728369506765763, 0.2773395036656036, 0.6575071480654947], [11.543322965193802, 49.68410373193331, 14.73072893479434, 2.0677381430238633, 0.2762789659859896, 0.6604610348476427], [11.537203351351375, 49.85724265082774, 14.800895872428944, 2.0446206652632792, 0.2753533720257068, 0.6618883784070424], [11.530918121427018, 49.5546322688501, 14.847707039485632, 2.0426675802567265, 0.27662360046814555, 0.6624834858032964], [11.490440560744535, 49.366411058482726, 15.046956597672631, 2.02365545581518, 0.2683181359932621, 0.6745417963426142], [11.518664660818805, 49.670748601908485, 14.88300604178831, 2.1070316236507307, 0.27880453657962273, 0.6585447298965187], [11.530151313700209, 49.450226386304955, 14.851622198246814, 2.075107264511828, 0.275136323249766, 0.665136684620839], [11.561761339345445, 50.1172587221962, 14.875778439399344, 1.9571622400369486, 0.26883856075261203, 0.6723771914684373], [11.523577588258082, 49.07643652613013, 14.689126922071383, 2.1236491180345194, 0.2790427869838892, 0.6591569992494521], [11.554177760996934, 49.448513205358914, 14.617587521224507, 2.068422509971773, 0.2766053222575929, 0.6647744996832471], [11.564349672934405, 50.39248156769128, 14.463324673552098, 2.099590511989772, 0.2850554512352071, 0.6587383597894456], [11.595218486421805, 50.2836117908563, 14.552245475202307, 2.0029714652537725, 0.27716097215979707, 0.662453931815658], [11.54478341902832, 48.92696858720537, 14.731660833903588, 2.0969536992872655, 0.2756670295804406, 0.6575998017908393], [11.566202146656137, 49.09114261456784, 14.75562721169123, 2.0789232982668753, 0.2771083848198678, 0.653848586631942], [11.536308336959673, 49.679113878172224, 14.76670739370749, 2.0319042152308064, 0.27246090513797555, 0.6666330559174808], [11.568835425908338, 49.42210336152672, 14.955481233628886, 2.1000205177503464, 0.2801201877658741, 0.6609637354211347], [11.518722773465813, 49.629181496660166, 15.129753693862313, 2.128882012720208, 0.2810694578472253, 0.6603228272972352], [11.519279563546483, 50.10258469176745, 14.956864471302366, 