{"basin_id": 9, "ref_run_idx": 10, "seed": 210, "x_best": [11.464420911763654, 48.54004115051696, 15.43396567222859, 2.0455337213337708, 0.26432195540229153, 0.6718392334058858], "best_J": 0.03093452426714272, "P_final": [[11.464420911763654, 48.54004115051696, 15.43396567222859, 2.0455337213337708, 0.26432195540229153, 0.6718392334058858], [11.463891641683894, 48.23024848973549, 15.266562034884945, 2.1044652162377124, 0.26917173287240914, 0.6620506814866088], [11.417369142954817, 48.940694914980696, 15.981628457564426, 1.9212552669631437, 0.250412642291038, 0.6922221238716509], [11.453204489727623, 48.59999586474946, 15.264149004153214, 2.0623138854472605, 0.2672317630390818, 0.6702730690370307], [11.374000490058824, 48.33346758534332, 15.798085855432637, 1.9969324068535612, 0.2543697770108108, 0.6844766631300567], [11.461250314697013, 47.41752598897649, 14.913802194571694, 2.1756079668516564, 0.2731666400139782, 0.6534260629348414], [11.469796744652568, 48.63593195992744, 15.221720650237573, 2.0355540450667418, 0.2640519599851415, 0.6725696321834183], [11.441633061481998, 48.15216665710144, 15.482016348449594, 2.0532041541198605, 0.2609728797888061, 0.6714993214089795], [11.545029698980677, 48.34092491871875, 14.818418338878539, 2.128550469259854, 0.2774453637814571, 0.6569802848400675], [11.47626854267304, 48.34951541200394, 15.023546141716542, 2.1076129210441814, 0.269765695629828, 0.66155725377987], [11.426390431629846, 48.68680873721071, 15.653203380344227, 1.9970913435621065, 0.25680337586398483, 0.6823651429287478], [11.42483172658174, 47.81237125355208, 15.742309130054643, 2.1294324981069352, 0.26636373705645744, 0.6629586217055771], [11.417298335446949, 48.89128072890742, 15.667562337259547, 1.9702484554610686, 0.25723793386741145, 0.6823107694998861], [11.468726061201115, 48.89021898000533, 15.462523392608022, 2.050831682715416, 0.2677212099455936, 0.6691641381984131], [11.430974325858621, 48.32669310920215, 15.639237175953982, 2.0001840294168387, 0.2580403772864818, 0.6803380936808164], [11.486189879450142, 48.800807093990265, 15.672923680025706, 1.986451307372505, 0.2564805153931927, 0.6820263650784387], [11.441800257444877, 48.039614598523706, 15.492419676566197, 2.019720548300841, 0.2585949899284978, 0.6723879560586387], [11.428052912865184, 48.55444963315318, 15.52472267233757, 2.0319828398885456, 0.2616220359193572, 0.6769633903495368], [11.413708169113297, 48.54615635614842, 15.470875477450834, 2.0379474353984754, 0.26168304515041757, 0.6796886354467059], [11.43606867180546, 48.43411909675048, 15.49366115909365, 2.028435798218911, 0.26036448980199134, 0.6771945909831567], [11.438689285226886, 48.55988862388007, 15.456812167109794, 2.02288600347254, 0.2632637310791132, 0.675182394676247], [11.456484041647691, 48.56888087488823, 15.551070629672193, 2.018250069370082, 0.26097799668545585, 0.6772762879914431], [11.416391545276387, 48.72100715847601, 15.665463315443532, 2.0205851148739464, 0.26084316870666446, 0.6790191007444782], [11.450465151466211, 48.43405608302272, 15.491854665984143, 2.043754536841481, 0.2627733956381474, 0.6730963108681193], [11.455068040242953, 48.43995964689318, 15.369185125823858, 2.0493057136245634, 0.26420176131399487, 0.6731483936251077], [11.451911747354817, 48.56351050651937, 15.449050726179838, 2.019686963093025, 0.25945616750195655, 0.678548569050028], [11.45642666926022, 48.53714061358064, 15.464100458990146, 2.0374858764418997, 0.2623794323423026, 0.6735892041463317], [11.41426216584626, 48.81301163310415, 16.015570425754902, 1.9450565068699552, 0.2522765317752312, 0.6882776309313235], [11.44841472944857, 48.52443859127689, 15.55314382337466, 2.015763945353323, 0.2607172038653972, 0.6725165103079281], [11.434833945182195, 48.38615658067639, 15.302774688450473, 2.0780266286723275, 0.2664415896705581, 0.6695318110657609], [11.44725594747592, 48.89298042970706, 15.56312359272145, 2.0166639811376914, 0.26406603191887285, 0.6739306687826596], [11.477398758430835, 48.54509147625526, 14.782262046525297, 2.1621726361671234, 0.2818712988203759, 0.6538516738598048], [11.431111471819662, 48.812460587062276, 15.353667297789102, 2.0575307871423076, 0.2657246948968292, 0.6777785895678572], [11.464540441054538, 48.43721089790499, 15.295591241935481, 2.07196713133014, 0.2673317231300624, 0.666558678389875], [11.444414913421658, 48.61674273011063, 15.652428294268482, 2.020141834422988, 0.2613696980848095, 0.6772754002528808], [11.431144093467786, 48.31058640546129, 15.559678797728308, 2.0310452594295434, 0.260388485102193, 0.6763266415776952], [11.441001088308036, 48.81612414028069, 15.709784127008756, 1.98844255004759, 0.2579619399802107, 0.6820292804759758], [11.41638877848712, 48.68676223873231, 15.580852731830866, 2.0098691647610214, 0.2603933280312268, 0.6778981630548968], [11.45905624496966, 48.54825020956688, 15.48727021159123, 2.024077113899281, 0.2617832545491889, 0.672919620137294], [11.469119938959217, 48.678321519586675, 15.423776083943263, 2.0102948255725854, 0.26176863608736944, 0.6789772325962723], [11.446711319077938, 48.32483954424192, 15.22209047512237, 2.1038228846825153, 0.26805175398695286, 0.6659593406616668], [11.429379436128771, 48.52577466430659, 15.711122324809907, 1.9879176654693045, 0.2565492185901555, 0.6822693871634365], [11.499672113782106, 48.38734527948417, 15.06494119517624, 2.119655602561134, 0.2740313339413813, 0.6607048769075454], [11.474361715313902, 49.179612416900866, 15.176036595215969, 2.061915557783683, 0.2697266197380917, 0.6659847592825835], [11.45055266163742, 48.25831534628722, 15.735792190359614, 1.9796593234044486, 0.2550903140053998, 0.6811174044523407], [11.450047871607527, 48.595228248972695, 15.506015190376118, 2.036537410001372, 0.26335116709547374, 0.6743113952854801], [11.426687047081945, 48.685379344526346, 15.776409541032248, 2.009623290883054, 0.2595903605343393, 0.6803055691844638], [11.46296505637156, 48.38865675144139, 15.560137785954042, 2.040572800314914, 0.2622265677611832, 0.6725085194796548], [11.402975686594123, 49.233257760693895, 15.858919656009501, 1.9465886044709937, 0.2552198841740435, 0.6855818487328225], [11.42192325396815, 48.26624890876496, 15.641299188758856, 2.0193431230357133, 0.2592501119365556, 0.6762644071713532], [11.507922252219837, 47.53029535800484, 15.032006598897357, 2.1518349464435365, 0.2702530876012821, 0.6611307633936764], [11.48458473663918, 48.879393410330714, 14.94806607074123, 2.0809309119770765, 0.2700235707255717, 0.6734659822398337], [11.417385152362074, 48.35322124744049, 15.797773148955178, 1.9874523933796078, 0.2556846954050267, 0.6833386697203989], [11.453371710746389, 48.03163458922873, 15.29372997307566, 2.08382488328084, 0.26792978200996853, 0.6675756072836588], [11.49637910257553, 47.93677624660748, 14.872611411729805, 2.0935579828493, 0.2670858072415865, 0.6644037077355317], [11.435614954874643, 49.059860558733504, 15.494252119894313, 1.9954958363273712, 0.2581465175051561, 0.6853670558333994], [11.453105089880095, 48.31958450516257, 15.26621635234073, 2.0781562061730683, 0.26654576981089995, 0.6678552980259744], [11.450289934560283, 48.32125296204982, 15.36346176764348, 2.081298724623746, 0.26601519325736867, 0.6771744902875163], [11.448643001825973, 48.485023972320576, 15.456356171206894, 2.024406742845059, 0.26283377811848935, 0.6707425162951667], [11.428841814678007, 48.94680916974279, 15.786246744120259, 1.976780002100511, 0.25666108259765524, 0.6871870054908223], [11.430111440421719, 47.91492857138695, 15.486942232181363, 2.0522181570539857, 0.2601270981267247, 0.6735237004009321], [11.433158032549768, 48.803804560099756, 15.513042466500412, 2.0153770900732875, 0.26247692335897305, 0.6746202947379323], [11.475978009454408, 48.696653373646, 15.398208863893696, 2.06982402982701, 0.26697371136853304, 0.6678147284829072], [11.37147750474875, 48.95806886264158, 15.993782654564452, 1.9644126836794862, 0.25463843746917103, 0.689960312542502], [11.42081297055059, 48.69509007974807, 15.678977008785635, 