{"basin_id": 19, "ref_run_idx": 1, "seed": 201, "x_best": [11.488537384122841, 48.905740333618006, 15.290817988829433, 2.017578661537334, 0.2648697910114965, 0.6738773985645216], "best_J": 0.030932572029211815, "P_final": [[11.488537384122841, 48.905740333618006, 15.290817988829433, 2.017578661537334, 0.2648697910114965, 0.6738773985645216], [11.542870212993991, 49.96965045781244, 14.825946195833133, 2.106347831902442, 0.2825625793795814, 0.6587295970476175], [11.496007565602783, 49.058144354755015, 15.3292892783462, 2.0410265759315, 0.2686324090726822, 0.6698341180270558], [11.521478782404824, 49.13222024282854, 14.845310214003867, 2.0944181879699584, 0.2749147598072957, 0.6626872326345946], [11.523539156791472, 49.3429973804302, 15.021329207036969, 2.090191433932748, 0.2751698633720059, 0.6630415165171737], [11.49002019040243, 48.72718838041857, 15.476708041891358, 1.994787537400335, 0.2600575661623932, 0.6805095781278498], [11.473097278991762, 48.90587462146446, 15.357656373242994, 1.9956637622759021, 0.26238250659696216, 0.6759747814909629], [11.546125160798288, 49.29138159087107, 15.064420466716497, 2.044261833164599, 0.2724004103733717, 0.6649247013838733], [11.4959125892997, 49.038712714347795, 15.197165027286598, 2.0174586923381073, 0.26643889038394664, 0.6718671986519836], [11.498590895028212, 48.875863829259224, 15.344521476276178, 2.001821770815318, 0.26367422465001855, 0.6756137526222405], [11.52001547954594, 49.23730653681774, 14.997927899025328, 2.0469144054306128, 0.27141445042998613, 0.665862878927831], [11.554826133971027, 49.31979644478953, 14.88769673644123, 2.083322852834103, 0.2770369426625494, 0.6576860540197346], [11.502012696164483, 48.972726656299315, 15.186049674073807, 2.0270700014778646, 0.26786593034318773, 0.6714946055366856], [11.497394166762097, 48.63434755159426, 15.260183001718577, 2.016199420775786, 0.26230349600788505, 0.675347408771033], [11.487153791133561, 49.06577838317223, 15.195571543914456, 2.025127074697009, 0.26710189465418777, 0.6724330632568505], [11.514678910053343, 48.91320215175336, 15.115944364328474, 2.020546932974241, 0.2681965956563394, 0.6686163930088507], [11.500710652351763, 49.61889673525439, 15.035605963041197, 2.0801712358682845, 0.27616777100160644, 0.663619712961245], [11.517068916800774, 49.07604125809588, 15.010009691367802, 2.0822414948337578, 0.2730556530077548, 0.6652099035319677], [11.508640138083187, 48.74177043289835, 15.24457120710878, 2.0036863275340973, 0.2631819081623109, 0.6746843253891198], [11.535901000340575, 49.082253531002046, 14.95489886558055, 2.055888104168226, 0.27176113037225114, 0.6643029550383198], [11.47595403293222, 48.95513020295224, 15.20723004661397, 2.0429973064397364, 0.2679684920782698, 0.6697300616604862], [11.4874085140411, 48.88555466371985, 15.520567350180738, 1.9975381711617666, 0.261551042523802, 0.6771705350397823], [11.648918642545643, 50.95048639657131, 14.070274629346812, 2.050301032514658, 0.28710646595115086, 0.6618994065764234], [11.50568611953522, 48.97895316640059, 15.179887176067282, 2.047147494789444, 0.26836583154261207, 0.6697685164727568], [11.497188691897845, 49.164237540159014, 15.190905887064428, 2.0564614953497973, 0.26956673570224615, 0.6689543892258533], [11.491210879136114, 48.873180988786075, 15.264960514578851, 2.012907537085702, 0.26473859733861216, 0.6736156033618262], [11.511966981265465, 49.203689277194584, 15.084040061750072, 2.076767896112544, 0.2730437271031297, 0.6652483741078158], [11.490467026232226, 48.93628688785216, 15.085246947625194, 2.0389076282606196, 0.26723264088897813, 0.6711445997828605], [11.539573722845791, 49.69415576306845, 14.755485613303708, 2.0672556911337825, 0.27778258657272753, 0.6589653615330192], [11.509334621963879, 49.45833279736441, 15.067619252710523, 2.0333655256812393, 0.2713897420710377, 0.665603993614278], [11.537569157539586, 50.04914849957703, 14.720921712612434, 2.0764824656696437, 0.2811448088361344, 0.6606755614741028], [11.52355227501503, 48.98214346980046, 15.056276246689183, 2.021619020680203, 0.2689855665077668, 0.6662166538446148], [11.468003737639993, 48.99980075377254, 15.13147611514054, 2.069897296839344, 0.2708395141457966, 0.6675286880112314], [11.518876085265262, 49.1640673502135, 14.88229356633129, 2.07757576828054, 0.27425388978616355, 0.6626983977646429], [11.469974359009733, 48.98285701519636, 15.269786871802593, 2.0317094582726813, 0.2665552719178943, 0.6722790913635481], [11.512517922038002, 49.66148219140549, 15.081574806366225, 2.0348480049548177, 0.2718998535526795, 0.6723537148879905], [11.49674473758627, 49.243027960114524, 15.153990833212108, 2.0273415817858482, 0.2688779461236937, 0.6698698885944013], [11.586846518926155, 50.02474329021641, 14.58812074518293, 2.165169930475732, 0.2897463662669111, 0.6442713985600957], [11.488187938158488, 49.33187266860326, 15.381960178635596, 2.011245895923678, 0.2657434476849788, 0.6724440577237776], [11.54109536058051, 49.018993653802454, 14.904660119861708, 2.0468125296835558, 0.27150623287112297, 0.6637943105167721], [11.564546980579566, 50.60370568871765, 14.365615611726037, 2.084719848291378, 0.28600854639305184, 0.656856820452937], [11.52123179409536, 49.75052798102699, 14.866396047035636, 2.0477639112348034, 0.2761952951818794, 0.6635913201784155], [11.52777117446146, 49.762071985708495, 15.0722779912391, 2.044673233253758, 0.2724864894488357, 0.6703973267482651], [11.503092191430603, 48.9599719188267, 15.266293148908757, 2.0239593187247786, 0.2661325962445802, 0.6718990337343881], [11.502702126778875, 48.86368827505589, 15.287259196465024, 2.0270995112283727, 0.26590970500432226, 0.6728242603997051], [11.507675734919303, 49.35528300170434, 15.1086474419402, 2.0480485940689315, 0.27217674177995044, 0.6656313318213554], [11.510388519365186, 48.96804905883459, 15.112596281866455, 2.0577635116202275, 0.2714559833470853, 0.664677605787427], [11.542870212993991, 49.30541374539445, 15.05105923416558, 2.1014954494391813, 0.2775790210070667, 0.6587295970476175], [11.512480281631033, 49.075058592734386, 15.14609013611705, 2.0323381966852305, 0.26815641517402944, 0.6695041750114448], [11.479090148722808, 48.94484815195888, 15.273127078639476, 2.0231892623477936, 0.2650828340810579, 0.6739701280938397], [11.54206155678347, 49.313957287702934, 14.88832242895299, 2.1004350236124543, 0.27697830568520887, 0.6609083709516678], [11.622681498915194, 51.60648990791106, 14.513900497693816, 2.1104030035112116, 0.291292111535837, 0.655909565297478], [11.483901939821225, 49.11665992346865, 15.229726186314512, 2.0276288297151317, 0.2670420301157302, 0.6731846771159038], [11.530193063031836, 49.12131526736481, 15.090247997745035, 2.053314075261687, 0.2708958212543815, 0.6682438141798392], [11.487262308866558, 49.107649492946884, 15.221918477174269, 2.0515752806899754, 0.2695185805615249, 0.669917470575103], [11.47942882541152, 48.8452182082953, 15.074130855050267, 2.028317806985542, 0.26540586741878547, 0.6733440244388856], [11.546252422056506, 49.95308060109049, 14.413010131652278, 2.0952261247064174, 0.2833132142035015, 0.6580484862788357], [11.493322838867648, 49.052227831036866, 15.235584395377556, 2.0585940873523993, 0.27065809087492704, 0.6658598561912412], [11.488250262681943, 49.11136799363905, 15.216943060452412, 2.069768751533437, 0.27046175792267085, 0.6695917841478656], [11.472676184600013, 48.825346415970834, 15.357402478583634, 2.0347789478743152, 0.2658385094112865, 0.6735805485606601], [11.532153613730113, 49.62611482270844, 15.12783005876817, 2.0207363646412686, 0.2699382746048323, 0.6698852366298639], [11.48705761754319, 49.01510651103086, 15.352685502909075, 2.0123944984326925, 0.2647835984884972, 0.6751100128918944], [11.46857367121945, 49.08827520181339, 15.123279561425644, 2.0716280106235785, 0.27089585784717246, 0.6692911642565051], [11.59443125284599, 49.88210430007391, 14.575243640258828, 2.1429474294837054, 0.28619309646906194, 0.6474716366954747], [11.496451499090014, 49.350390409176654, 15.088257641958073, 