{"basin_id": 20, "ref_run_idx": 3, "seed": 203, "x_best": [11.489920324770885, 48.904094781429116, 15.119547285814262, 2.071294987688669, 0.2706093391012503, 0.6666550595926143], "best_J": 0.030932714536118133, "P_final": [[11.489920324770885, 48.904094781429116, 15.119547285814262, 2.071294987688669, 0.2706093391012503, 0.6666550595926143], [11.480122330622068, 48.94888289875234, 15.174225816565855, 2.0500842110334596, 0.26858296893414996, 0.6688290776502211], [11.504934291732683, 49.2591364831739, 15.172792850770106, 2.043023297419967, 0.2702215382429134, 0.669253961125831], [11.520136660935794, 48.956974945400546, 14.848161297104454, 2.101664838904518, 0.275116771083584, 0.6605630727650463], [11.488386094909197, 49.16966427913532, 15.245107464550655, 2.0312961810214483, 0.26875214839241096, 0.6709049574920175], [11.550283114339244, 49.31137754287298, 14.619015458553163, 2.1578215675348487, 0.2833447231195584, 0.6513752122563111], [11.499310447280452, 48.93172599695951, 15.052332812465092, 2.0643285157295694, 0.2718129845349023, 0.6663931338178135], [11.466043560364264, 48.56931876293079, 15.211989735692566, 2.053844981054233, 0.2659451530796679, 0.6692874595931709], [11.493734309287595, 48.874054442431124, 15.064297211600714, 2.113586258000806, 0.27341149844263996, 0.6629982845993004], [11.516881723972388, 49.03920011319667, 14.981909371767602, 2.064431682047378, 0.271218778618146, 0.6649151975755363], [11.505499624790637, 48.98255181339483, 15.031140307658475, 2.0745939194173846, 0.27308716721703447, 0.664537450309217], [11.520372593529036, 49.614911658367156, 14.683475108375907, 2.0812169969608982, 0.2767378898909886, 0.6614730187154447], [11.484765719909758, 48.69344837483348, 15.1638096517901, 2.108251428181905, 0.27211337006389585, 0.6624128284336732], [11.494256134064537, 49.06888576788069, 15.187863435588898, 2.080263108039958, 0.2717893076186808, 0.6655128998023347], [11.497892050714444, 49.11776279889201, 15.184356729425199, 2.05818255957447, 0.2702908060312185, 0.6675972001848618], [11.49866527878355, 48.86785980094911, 14.965603607905763, 2.106014753799355, 0.27525714122494604, 0.6608038583439197], [11.48859781250002, 48.80070253626461, 15.186257154308004, 2.037238914755388, 0.26795014122507455, 0.6683062945527944], [11.563089313722124, 49.00703659614359, 14.560329795708165, 2.2006229235454726, 0.2862485961736595, 0.6442662261549026], [11.468821484294034, 48.46201955873941, 15.241647363638151, 2.079685350796959, 0.2675923319606065, 0.6667929699158304], [11.541892218855065, 48.539735980258, 14.715021114273634, 2.243140149227952, 0.28618111075886543, 0.6421739482450907], [11.524990316988012, 49.186020248764194, 14.86499984294437, 2.110184443283141, 0.27708933229100885, 0.6592119274473753], [11.48226558033097, 49.00524404172544, 15.125512412538527, 2.0756796034657454, 0.2700630355934582, 0.6667516721168216], [11.532271652152968, 49.3018707897437, 14.585087571126978, 2.238026485135451, 0.2895649997849218, 0.648230954862253], [11.4818397451445, 48.9252842465466, 15.16955888358456, 2.083685447651759, 0.2716643763655225, 0.6656077283639369], [11.491386832393312, 48.66707627887979, 15.24224159135846, 2.069043594859263, 0.2677094448472648, 0.6710702038508899], [11.481705963217115, 48.60961706102773, 15.143890889290587, 2.100585631004335, 0.2710942702701854, 0.6633350792113325], [11.498786449340482, 48.66634958854044, 14.82177209963648, 2.1365520595636167, 0.27710227694158573, 0.6567963091183809], [11.488630173514318, 48.85918842257505, 14.980394671233613, 2.123309693734593, 0.2755766108757219, 0.6627336047548957], [11.571207964868773, 49.55202350363567, 14.491506824061323, 2.235883414139681, 0.2918151800985844, 0.6421801760493819], [11.484778638909953, 49.3571970836704, 15.0355412331998, 2.045470685713208, 0.27094237289892764, 0.6715304041969259], [11.487994481699415, 48.9106344817054, 15.175385556710294, 2.058985885890163, 0.2700981716756909, 0.667121155283583], [11.488668560796738, 49.20629660844633, 15.134335986808773, 2.075449492019239, 0.27247707296760393, 0.6670530545735129], [11.511768066371586, 49.355591619943056, 15.117142306092413, 2.035279388544086, 0.2705603324140019, 0.6707633053293822], [11.489874245606186, 48.92745880655567, 15.097405003839686, 2.087337654225776, 0.2723806209860979, 0.6641011929644958], [11.486822906154078, 48.925437218036606, 15.310569432459632, 2.0332719386027165, 0.2657855519775422, 0.6739048312827419], [11.666425476452371, 51.194553817503234, 13.982251271075313, 2.305337418889457, 0.313019906220557, 0.633742730293941], [11.526491264676176, 49.3824945803938, 14.673676485312924, 2.079151075551903, 0.27564554712666, 0.6627574812176441], [11.473959138586725, 48.91552692797045, 15.074904083190162, 2.0690377544964615, 0.2712176455128131, 0.6663354436406173], [11.5062289751896, 49.11718514946259, 15.150794019191496, 2.05001374421414, 0.27010470028447614, 0.6682588289113423], [11.60622955639763, 49.84113709700919, 14.426318450326178, 2.2132312645203216, 0.2945919395635558, 0.6395060254335757], [11.502511201586778, 48.978894418504225, 15.145057831381147, 2.089332310379119, 0.2734539925087828, 0.6621154678520207], [11.512182269351822, 49.277777404066, 15.248056491112687, 1.9940563443476678, 0.2667399147358167, 0.6742109804702017], [11.495152754437198, 48.902179325075984, 15.078859989271095, 2.1034657693168692, 0.27427925373793216, 0.6618213293913848], [11.488410347846429, 48.75573173352724, 15.000101069824128, 2.1021520731101035, 0.2734950800443753, 0.6631804125352568], [11.53665187588967, 49.10341515212348, 14.743678573121876, 2.1188574623882594, 0.27936563223868316, 0.6543486379154733], [11.507216406201366, 48.966734083236744, 14.710683557597742, 2.270616348271374, 0.2895038165766907, 0.6427400703555233], [11.481684078374718, 48.58678475135942, 15.149636880131922, 2.100435780401882, 0.2710798958390931, 0.6630393026721931], [11.4556514856739, 48.286064355545875, 15.284359170803718, 2.13042026476999, 0.27036886024357404, 0.6634084838683576], [11.46506137209069, 48.30728027336033, 15.104246969584427, 2.1180075239651326, 0.2699780627592581, 0.6648649330503789], [11.461810335447884, 48.60090806261505, 15.238024709863407, 2.0753193926267794, 0.2687757869787042, 0.6661209226395937], [11.473380931066526, 49.02257819303851, 15.189717515527056, 2.0762769335524323, 0.27144849673405347, 0.666142190610437], [11.531764635700164, 49.28879466845059, 14.681582669649291, 2.158911489773926, 0.2835069110927106, 0.6495830605107775], [11.496438094580824, 49.01225043196676, 15.123617812266621, 2.0691603464292956, 0.2713701761441359, 0.6659391527322681], [11.471900873266927, 48.30935387121925, 15.142857369386968, 2.141351136134794, 0.27161817611234307, 0.6615771792160458], [11.515608420299309, 49.35091817821664, 14.993641136340557, 2.0582793798830816, 0.27341160580401064, 0.6663533247183097], [11.478859843057737, 48.86146379469132, 15.151678893354251, 2.0702701630088916, 0.2699959741556643, 0.663417656908996], [11.471863369329238, 48.74973429159139, 15.144818806806219, 2.098389209488941, 0.27156593409700325, 0.6633106258722619], [11.48917521709136, 49.112818706080716, 15.148624577644695, 2.0418793139779168, 0.268658554514399, 0.668721172953324], [11.497961275387375, 49.1794181873494, 15.249165565820105, 2.0222674393739704, 0.2669473322199472, 0.6737350472097959], [11.514106269031215, 49.391276865462494, 15.082414051822726, 2.0570115713339923, 0.2732494847641202, 0.6655672274195598], [11.484167950299865, 49.08269126155502, 15.13906276425731, 2.08337406719272, 0.27270617696658683, 0.6637111005691441], [11.496597058439008, 49.08403859695558, 14.899257469976101, 2.1203063296044546, 0.2770205541227604, 0.6607829321802468], [11.472873985900739, 48.82843027718438, 15.141199932250675, 2.0651232009696368, 0.26916279026661066, 0.6671060743686446], [11.481247643142012, 48.65774907268145, 15.219811992253547, 2.0918575350314836, 0.27308880363754323, 0.6638488467472193], [11.57763705133291, 48.49413328577244, 14.286274870885945, 2.330098901181468, 