{"basin_id": 12, "ref_run_idx": 4, "seed": 204, "x_best": [11.525637760673531, 49.11185485098849, 14.818658245074499, 2.125034027338025, 0.2783956582639721, 0.6562955669852905], "best_J": 0.03104042042429321, "P_final": [[11.525637760673531, 49.11185485098849, 14.818658245074499, 2.125034027338025, 0.2783956582639721, 0.6562955669852905], [11.555758337801977, 49.80538213389058, 14.741381402991683, 2.1435189343459595, 0.2851121750277968, 0.6579916575375471], [11.529910983829598, 48.87122909605542, 14.869347010028656, 2.1260260991398994, 0.2784046002269756, 0.6550526622490201], [11.525085404047907, 49.456717254726975, 14.795486096270468, 2.097822514049211, 0.27795189973028145, 0.6554576858649775], [11.490015860354935, 48.22830813779162, 14.91426781870648, 2.173993349460546, 0.2792603399127792, 0.64881539707674], [11.495483236357067, 49.49969184710867, 14.874111268844878, 2.161580069750416, 0.2824190021989876, 0.654579955089713], [11.47065666194493, 49.268989396259336, 15.139215592742552, 2.1430357673932243, 0.27615393458766013, 0.6656090855450264], [11.539671700612917, 49.25860554161912, 14.714644556037092, 2.1794635867657584, 0.2824194658070453, 0.6506405631711594], [11.520190265248692, 48.56345564448286, 14.88686721047013, 2.1028377518717423, 0.27193995128929527, 0.657757590103507], [11.519078167053616, 47.65669745185001, 14.593678639220263, 2.2514250495736756, 0.2812183929539174, 0.6457686612236925], [11.511412614000523, 48.32061244770169, 14.662020714803976, 2.1735168577342456, 0.2781973156563, 0.6505325895101612], [11.600781918284643, 48.654029355020974, 14.33825628334362, 2.2109618789246017, 0.2870278784630088, 0.6452302746709764], [11.513471960489893, 49.52752224182734, 14.907412099081371, 2.1512747780081822, 0.2833639357344094, 0.6536027570367529], [11.548512380042558, 48.58058146646686, 14.448718696268571, 2.24757276249893, 0.28920860128038034, 0.6424790685605293], [11.543659174638169, 49.30252415344365, 14.651664682516865, 2.0884488409742237, 0.2771106775756514, 0.6591010968833582], [11.532688637284334, 49.47393822290141, 14.637683929722156, 2.1333760153310073, 0.28376489828077756, 0.6561123753308761], [11.501131203437692, 49.923100814061755, 14.890414657907048, 2.1245259197946824, 0.28362923095988707, 0.6523504023022874], [11.53606325363576, 49.17189385785411, 14.875072395922384, 2.117596251152109, 0.2775840601298338, 0.6575097346666614], [11.566583444816652, 48.90100245488788, 14.515053423816797, 2.195623109034723, 0.2849274114507672, 0.6458219083672847], [11.489403074798494, 49.23604442249292, 14.771694635961923, 2.1422616786766544, 0.2822644817107136, 0.6578917875056952], [11.506633634149816, 48.68180896182751, 15.054256440785407, 2.070802226372626, 0.27005072239946104, 0.6627818588135016], [11.533776040248522, 49.82747933203587, 14.67518551355995, 2.1154834746078293, 0.2815958545329974, 0.6563909467208962], [11.551167642126076, 48.405820080799906, 14.688997163257403, 2.2058233362951833, 0.2833504649328676, 0.6500854161438535], [11.511521276776483, 48.442632642312326, 14.856001818466012, 2.2266208608702867, 0.28200923032898617, 0.651123857111726], [11.468337010123665, 48.16335367886512, 15.198834098174355, 2.1348369279514277, 0.2735791500673348, 0.6566654588117987], [11.601566696959363, 50.03530345069666, 14.473803144934033, 2.17237634366531, 0.29068718504827246, 0.6472660206656058], [11.573245160343953, 49.696054017965096, 14.579427384122015, 2.247376345483294, 0.29539167108399994, 0.6416530233015402], [11.560845999036674, 48.96543255406073, 14.706552870566645, 2.1677830941163116, 0.28181852038489813, 0.6553521674338387], [11.545175698901224, 49.47068676781276, 14.478433257968168, 2.244361236582351, 0.29136980693365466, 0.6449284393032266], [11.480873562916699, 49.747132430232355, 14.862979964856155, 2.217822512149142, 0.2923487041922617, 0.6436949706081259], [11.555091610223165, 48.8314040784339, 14.437202575286175, 2.223596840887117, 0.2885290448023522, 0.6448163963620931], [11.582940045590112, 49.37237116899769, 14.575250834288102, 2.10097630739874, 0.27983854381337353, 0.6560012733006754], [11.496993804806001, 48.77306043505334, 14.802800906761288, 2.1696958015781376, 0.27988063904112026, 0.653858657225118], [11.556138491903688, 49.576419394628566, 14.429040923586863, 2.25098252150403, 0.29378551168838474, 0.6419985872745485], [11.523723121098131, 49.07589899810338, 14.509965663488895, 2.206381037925711, 0.28570402579819565, 0.6494258709704644], [11.531914289250395, 48.072648547223864, 14.656492413208692, 2.161262598749033, 0.27705733939251626, 0.6539278759264594], [11.546349434509343, 48.9778379198426, 14.642967049129206, 2.1182153225005487, 0.2797781248897795, 0.655655055788195], [11.495144821274518, 49.28220721008161, 14.580087331182531, 2.2328803789497553, 0.28908329917865805, 0.6481012732660947], [11.559790016411377, 48.38671558373067, 14.719882621676833, 2.1678906825113016, 0.2821256820583326, 0.6457094636725035], [11.47737320239325, 48.83894923701889, 14.941530698820372, 2.1181758281634155, 0.27409168164762127, 0.6613197340623739], [11.52276325601362, 48.95254288414576, 14.630253595522838, 2.2161348609471876, 0.2855863164399382, 0.649204089893052], [11.656383134192629, 49.801926809493324, 14.206135010859224, 2.2357418450848345, 0.2966456963869334, 0.63663425348695], [11.517477981823308, 48.68985170973722, 14.84706492330866, 2.167976188643546, 0.2812395583062919, 0.6528677032606938], [11.598110677832535, 49.513667869981546, 14.526152820016847, 2.217769572679636, 0.2919497639168806, 0.6425668729145365], [11.507699398234971, 48.91756278178816, 14.725077099143947, 2.113056731766614, 0.27454355770675787, 0.6584021124190578], [11.502142965484525, 48.56708282220225, 14.532063999000448, 2.2209697738405647, 0.28533757325212944, 0.6478443453668719], [11.531781381767383, 48.92919184342698, 14.800654364243766, 2.151246781743209, 0.28095548141056353, 0.6525014419160995], [11.514613780351798, 48.6302225793697, 14.7641869378294, 2.218522066102307, 0.2851432089844595, 0.6491266072489159], [11.507797762012776, 48.09207421968383, 14.663356750073852, 2.2052993662207356, 0.27702517670506904, 0.6511827257455266], [11.502907269734479, 48.96159183367697, 14.580980535470177, 2.158755335875113, 0.2810592287002814, 0.6512672849736697], [11.575879352184215, 49.649609287622155, 14.344585468247192, 2.159303990793427, 0.2864777359890788, 0.6482611250380959], [11.62662616337953, 49.67286970392111, 13.971744848716495, 2.2083816940956233, 0.2938531208063295, 0.6416850278290908], [11.560457168123754, 48.67807720202989, 14.6574120704387, 2.1788617084429722, 0.28228466719971596, 0.649451727660227], [11.5267342730032, 48.3951626723792, 14.686766967048962, 2.185131147861431, 0.2793500714250987, 0.6531864872071218], [11.506122307899771, 49.1876159518628, 14.860920636585305, 2.130430729919805, 0.2790368432776865, 0.6561187893942918], [11.499164674403122, 48.810159636907436, 14.975475111840161, 2.1021729037810384, 0.27349001240442705, 0.6585140402171584], [11.510124269688298, 49.342706776794984, 14.898633870992672, 2.1238948490178693, 0.2783160947598418, 0.6555043209099001], [11.53253266559863, 48.8433194583779, 14.92256809298482, 2.0794729177528932, 0.2708914892884168, 0.662009091052244], [11.573451339403247, 49.38263823187943, 14.475629885423707, 2.217821001044969, 0.2887053821378964, 0.6420912277457974], [11.552975877618865, 48.47443760480337, 14.64194989832904, 2.1900704824127546, 0.28188526080413334, 0.6467058109482146], [11.486035728152194, 48.725342166167245, 14.849016573626068, 2.1645544712450038, 0.2803478781476022, 0.649019261082765], [11.52259863060263, 49.3727192474087, 14.804302738094814, 2.1107047999654682, 0.27720132600681624, 0.6615837263033921], [11.526077661451367, 48.60337719950182, 14.535877977885301, 2.227478607360667, 0.28709383431559715, 0.6481316511013582], [11.564674705208901, 48.66434949123151, 14.542116321345937, 2.1724530317885007, 0.2820717593799287, 0.6481298078160452], [11.496037287486738, 48.48577374353454, 14.719482737367287, 