{"basin_id": 15, "ref_run_idx": 4, "seed": 204, "x_best": [11.635427523267767, 49.76781212092135, 14.153717433733096, 2.249463903243663, 0.297791191385817, 0.6355319706338716], "best_J": 0.03156739686161489, "P_final": [[11.635427523267767, 49.76781212092135, 14.153717433733096, 2.249463903243663, 0.297791191385817, 0.6355319706338716], [11.648861041669328, 49.94071310335396, 14.027802805502953, 2.2621795470342727, 0.3002269577011364, 0.6328181978499117], [11.801471223604215, 50.484481220587554, 13.338394588912822, 2.500590372295232, 0.3273382278991311, 0.5995585243498139], [11.65397662370918, 50.06984079855526, 14.051303217530203, 2.2791007740123486, 0.302487327322136, 0.6339738423312858], [11.637665652903591, 49.60353553267918, 14.131549730218953, 2.258597469722277, 0.2981339518225645, 0.6359668238783281], [11.639431928039368, 49.79767743254741, 14.082408191606394, 2.2803993982151125, 0.3001246704169407, 0.6329371192174719], [11.637600365315821, 49.61722215266471, 14.093499729952287, 2.260612968920475, 0.2984217384651653, 0.6317719518921425], [11.642038757329157, 49.70463218131598, 14.07025884679433, 2.255784222446468, 0.29952634608967854, 0.6360461397197938], [11.648732954868871, 49.82103153969793, 14.045068012484883, 2.2794797118909855, 0.3012876321949852, 0.634227807073026], [11.660289778063428, 49.932029342334076, 13.94697085908176, 2.2930344975299133, 0.3037075333480154, 0.6300711167263351], [11.63898486679052, 49.79285319836429, 13.97051736744404, 2.292843534633655, 0.302630378876539, 0.6308094364741301], [11.644236281869517, 49.681986781146044, 14.04470195924736, 2.270148887201659, 0.2995158305598334, 0.6349960846566283], [11.652930333172689, 49.611988601436444, 13.995660130563758, 2.3162987443223524, 0.30377777791531824, 0.6279859727492422], [11.638573402965122, 49.87224819572918, 14.06404183678074, 2.302795651466505, 0.30166999475402, 0.6354196447808799], [11.636213027699267, 49.87222781446036, 14.162079035162986, 2.245676575200573, 0.29784080366486543, 0.6304846541877133], [11.63896691477189, 49.76456669180113, 14.125460152465596, 2.2624227154808314, 0.2989966856064163, 0.6356446858323942], [11.647322845952809, 49.646550187672325, 14.140428753672042, 2.263652474293498, 0.29996757674109464, 0.6330409084500376], [11.642828677878807, 49.841066911570785, 14.028594989739513, 2.289716248728647, 0.3016921575216972, 0.6336991920808601], [11.708164849598122, 50.1345044432726, 13.85760804506574, 2.359166027167361, 0.3107231414004751, 0.6230947844075864], [11.635398191276934, 49.79716667126935, 14.085958342433416, 2.2754612859352155, 0.3001307830966046, 0.6339127492412864], [11.638598495295211, 49.55123983348938, 14.074051506709054, 2.2649725980358166, 0.2995306576720031, 0.630640695203254], [11.64629371232591, 49.73659580428338, 14.120479029189628, 2.2684242539047945, 0.29990123335473556, 0.634609529572004], [11.651358418763007, 49.93465447312243, 14.017945367697891, 2.3038096557407233, 0.30490463227546805, 0.630880934187283], [11.638735177527835, 49.76807070221099, 14.105579671241106, 2.255141445219465, 0.2984934129432105, 0.6362936948786534], [11.650599642578538, 49.569521905399526, 14.042328767112158, 2.286310478892826, 0.29886411897894954, 0.6320776381106059], [11.637692429598411, 49.62379592069601, 14.086917520583555, 2.2874280952204833, 0.30018413784026715, 0.6334365916639688], [11.638018039480844, 49.869463422633025, 14.130413277889554, 2.288844858942274, 0.3010641922932009, 0.6320100653232247], [11.6465654036433, 49.76716045584195, 14.05499003003389, 2.2975307646813783, 0.3021137109596878, 0.6316848408818452], [11.644174766848458, 50.0112912892224, 14.041306090534748, 2.300008606227814, 0.30345306037656594, 0.6321163114004943], [11.638492783731733, 49.835419217954666, 14.036445146374216, 2.26047151362898, 0.2991556914102761, 0.6360527200624629], [11.635231062818432, 49.73662320626757, 14.095192743058652, 2.2714811397415904, 0.2995946791622936, 0.6338190645465137], [11.640765210172294, 49.69600594728745, 14.161187650516322, 2.2572565124291026, 0.298251782572779, 0.634657228379444], [11.639268382130755, 49.72163177691274, 13.975928148519916, 2.307167407180356, 0.3030267451948242, 0.6308628471201281], [11.643697572389883, 49.836724612459726, 14.05189853027691, 2.2676330202269765, 0.29962387974819066, 0.6350939108179152], [11.637116798487137, 49.59261211444845, 14.13090570958599, 2.2729081460778366, 0.30001061861550454, 0.6348488416069699], [11.63564601288075, 49.539543714858254, 14.070852867370148, 2.304783680044817, 0.30159701627073576, 0.6320526240468392], [11.644565063428391, 49.75501823465028, 14.22346125376667, 2.289561293369721, 0.30167084834203867, 0.6297395782188526], [11.63830417756187, 49.77948935380319, 14.153911821467128, 2.2628817023176095, 0.29817827688192844, 0.6358089060503479], [11.669944481188795, 49.89838402603586, 14.075359110275564, 2.320724684645811, 0.304686736587807, 0.628699661211107], [11.63953793806588, 49.674214049604366, 14.179843504456358, 2.27068904321756, 0.29890774373325263, 0.634325782597736], [11.635014244818395, 49.67746772281275, 14.024681054796627, 2.2548516044263502, 0.2978330294656358, 0.6355513630453804], [11.720507966621973, 49.955239349940356, 13.763666085944651, 2.3403004639197684, 0.3083804293249991, 0.6269026100200003], [11.637612411846188, 49.84387735729064, 14.066140092928626, 2.2813267976514933, 0.30126584247047, 0.631721129445253], [11.645213987621917, 49.6804017748375, 14.135281598441894, 2.2699246271965237, 0.299032983761022, 0.635404945710424], [11.747899883210865, 50.72552198989144, 13.745011781776782, 2.3417353928625535, 0.31589920102000324, 0.6176073238664475], [11.641896470346717, 49.68648798563393, 14.108325412452835, 2.2676598660455793, 0.299736459620567, 0.6317380295384537], [11.642351382550855, 49.8394732703176, 14.123193690377821, 2.272543646231727, 0.30027352466748247, 0.6341195099604847], [11.638787478980248, 49.617623548860585, 14.098640268767314, 2.254899238499113, 0.29832149634297445, 0.6350264251644581], [11.6511610766987, 49.91767538550163, 13.996146365162682, 2.2714134839582694, 0.30189864329860877, 0.6329435032817492], [11.63662321580129, 49.73656952399265, 14.073498067221799, 2.257309303567467, 0.29839931894227006, 0.6359308956299013], [11.675481337141957, 49.820387873198065, 13.83182115208161, 2.325271947868883, 0.3054746950221576, 0.6266704953152654], [11.63572407191351, 50.126587717106844, 14.028020205227483, 2.265202770877994, 0.3011053772153923, 0.6348525477255186], [11.638289489796295, 49.75431577793587, 14.132650554277332, 2.2796445247508443, 0.30012369468806893, 0.6334085755961808], [11.63752416525305, 49.73498675492857, 14.129114212051878, 2.2602412605954836, 0.29873510275094295, 0.6356458873711139], [11.64146618881954, 50.07612988185438, 14.177069310814591, 2.2800649258000645, 0.3023875905927319, 0.6322632723338143], [11.645846418518948, 49.8291146843049, 14.14498042219139, 2.2555330777970704, 0.2994498415305634, 0.6334044621105192], [11.640968282513466, 49.60743643882042, 14.168400971304298, 2.2551953933185143, 0.299555200787556, 0.6340332956382573], [11.636635622204636, 49.81787193268662, 14.06443558639168, 2.2818819807031203, 0.30114917473427005, 0.634693036960017], [11.646447272323806, 49.77716976764212, 14.082568346707522, 2.2766940420150608, 0.2998498138472298, 0.6333977694938996], [11.635505278470024, 49.80115079045032, 14.115590440045121, 2.2659478111621376, 0.29872521538021296, 0.6354471238559822], [11.637781691450455, 49.39734172625367, 14.096463473440787, 2.3516791104005597, 0.30492428314018416, 0.622091589154531], [11.636828854903564, 49.54507229115551, 14.138373195133797, 2.2557860566963654, 0.29802844635995085, 0.6358329712284692], [11.64635931979273, 49.904056680413795, 14.168246571818269, 2.257078169033853, 0.30134856813462585, 0.6340087716469408], [11.642113685681567, 49.601983585126774, 14.063370292807265, 2.2971921615070525, 0.30119852322973417, 0.629798846424978], [11.786998962562613, 50.225482157497005, 13.197348903910626, 