{"basin_id": 14, "ref_run_idx": 3, "seed": 203, "x_best": [11.473828374625382, 48.805694662551, 15.437875325828442, 2.010392842764423, 0.2631643484358732, 0.6742691941911534], "best_J": 0.0309225911948493, "P_final": [[11.473828374625382, 48.805694662551, 15.437875325828442, 2.010392842764423, 0.2631643484358732, 0.6742691941911534], [11.44033940600493, 48.76166901827697, 15.546314824097415, 2.016904039598178, 0.26341662214386385, 0.672157491227645], [11.442221299063778, 48.44628535796851, 15.482524123198488, 2.042973805060448, 0.26357489170447723, 0.6717003599787644], [11.481917201982057, 48.79561954937519, 15.516530060692354, 1.9722412604437172, 0.2591622238227297, 0.6812848947619022], [11.460569678252975, 49.11823723571164, 15.529771929406571, 2.013329119437553, 0.2647795299049963, 0.6720942036960333], [11.442560357129388, 48.96184892168947, 15.466328915756925, 2.04822785315802, 0.2666018453390241, 0.6718307768552033], [11.446130300273305, 48.463670198439154, 15.633822216758835, 2.0320241099824266, 0.2624969909941203, 0.6731960979134857], [11.4417039731975, 48.867867687680636, 15.59300078567937, 1.9971050389450715, 0.2611757752697259, 0.6765752349490868], [11.477657337576968, 49.1234694772311, 15.538304143882783, 1.9983209458759505, 0.26368903544588485, 0.6760085713491685], [11.446094506528679, 48.632066597042424, 15.481287506684435, 2.030156880255241, 0.2629594780903779, 0.6735423722144112], [11.450511383768418, 48.5898791782136, 15.532481283829572, 2.0342428972870814, 0.2621636727712655, 0.6743995539509534], [11.461797672243453, 48.60200938939838, 15.578226786332774, 1.9973092111866448, 0.2601902364315062, 0.6766323391715665], [11.46010419637002, 49.31391792454151, 15.511404691280639, 2.0194016060419018, 0.26651914181192554, 0.6742454432425902], [11.461168913042624, 48.510680827066295, 15.357995957615492, 2.000301304301542, 0.2614225874394202, 0.6775876449463386], [11.512696888522068, 49.77270309090558, 15.76753410925308, 1.9011816805274557, 0.25614642169200075, 0.6856086345158812], [11.476379286447454, 48.91116558830828, 15.385264652080398, 1.9888592975081973, 0.261584796097753, 0.6804456548507576], [11.468841038544037, 48.88516133114418, 15.411596743461619, 2.0235604913955316, 0.26530381302987366, 0.6734349575916077], [11.467806015708584, 48.33958944507073, 15.476225254191485, 2.028341716544713, 0.2618643387584161, 0.6721740668471453], [11.456437536226632, 48.79705495627507, 15.462747815959181, 2.0269652706925334, 0.2638573142570648, 0.6738870771930822], [11.499654858413107, 48.96856838823812, 15.464666417976579, 1.9819381119405222, 0.260232987939552, 0.6761908600579486], [11.469588832384673, 48.92796653163279, 15.302269953542341, 1.9969014609334652, 0.26363737704692936, 0.6759368301793398], [11.512644095406213, 49.49509504671128, 15.547836572896575, 1.9382414533044434, 0.26161562286067336, 0.6844196352652422], [11.44742028059893, 48.7814141398122, 15.393765250708997, 2.0410533597923424, 0.26513081971845476, 0.6734613996282021], [11.466151575468539, 48.45641627800081, 15.368942954341037, 2.0045589572518656, 0.261553817020122, 0.6775691119979678], [11.469918315629945, 48.40201162926977, 15.426241730385694, 2.060927756892014, 0.26594250403446923, 0.6675628958999378], [11.442452856443209, 49.279457115852324, 15.398401933882154, 1.9423349393960851, 0.2616800354447763, 0.6805141132739769], [11.452380370859466, 48.084241182167126, 15.473947563487984, 2.0402776019168467, 0.26037774053011126, 0.6711207438074416], [11.41717147685953, 47.92171522147067, 15.706033476516438, 2.059031769984406, 0.26156864763554355, 0.6708237739371353], [11.366296942296701, 47.60959349220959, 16.125110402012155, 2.0238512362220193, 0.25321903347998026, 0.6763144445960416], [11.462215479200804, 48.665231421257246, 15.432940452895615, 2.022952073519157, 0.2626482290085543, 0.6735016689008083], [11.45972492605514, 48.743461412718155, 15.627378098258212, 2.0016356459147806, 0.2608454157013038, 0.6777387533979189], [11.447305292660282, 48.82731261333374, 15.63728413730804, 2.046202479439406, 0.262825339782149, 0.6763494154173382], [11.456463089254077, 48.475318818708075, 15.55809220168511, 2.0174885751590073, 0.2606671879093449, 0.678615526507972], [11.45228347769597, 48.81767662454625, 15.563125283784089, 2.047643420225702, 0.26533185523960795, 0.6743671940083276], [11.443077359886486, 48.86658408785963, 15.381241914214312, 2.0173185722536893, 0.2636642060075698, 0.6759110495464568], [11.445881933378024, 48.2273783394254, 15.333603810901169, 2.0827577145797194, 0.2658065463656165, 0.6729312612807972], [11.473238939824013, 48.53321962896981, 15.37528569231526, 2.0559118712037465, 0.26432422535576444, 0.6719408018603487], [11.472281132089892, 48.86447853573348, 15.444823978961788, 2.0219014321543938, 0.2649376359961688, 0.6738551021649014], [11.474355542354772, 48.491327614614, 15.502682690557423, 2.0161219520629703, 0.2612736637617486, 0.6723128516242683], [11.477128620740453, 48.35118841007643, 15.2785475899376, 2.055748011670101, 0.2625188994172553, 0.6716212601014814], [11.4889044066216, 49.01897991474147, 15.528739246121013, 1.9730726489071344, 0.25997527263609566, 0.6793423918070459], [11.453398389322977, 48.64700800425629, 15.468988583489919, 2.036694360172062, 0.26362795585826837, 0.6722080554510734], [11.471431842561467, 48.166233707711264, 15.461415043606673, 2.0539163488532477, 0.2600022507326353, 0.6725893061123586], [11.464907928034105, 48.24427730674169, 15.536056528485632, 2.0429284068218108, 0.26275083086878087, 0.6744296469694371], [11.476563300793899, 48.53128992656999, 15.527524084264446, 1.989380472655373, 0.258758175501685, 0.6783270527146251], [11.43145925896458, 48.310134474273056, 15.345021324795225, 2.0740216535344977, 0.26560026073565407, 0.6696976357565624], [11.448371673178704, 48.52065657398911, 15.391880344925696, 2.0220426869302877, 0.2620179282382709, 0.677650858699045], [11.430213971505657, 48.98810180513069, 15.693252890163004, 1.9882318492124553, 0.2596215201130178, 0.6826765073541626], [11.45451762721472, 48.3416348003522, 15.378135425016982, 2.025712523663099, 0.2633442258431322, 0.6713763139463581], [11.451009697250495, 48.57597113860505, 15.46338717175027, 2.0207625390899837, 0.26231032106193886, 0.6759236869590841], [11.49149304479165, 48.951643588440696, 15.342568466289395, 2.0221462353363386, 0.2671494948691599, 0.6669806318933995], [11.441215790600245, 48.003311134278434, 15.388534229737527, 2.050513521852992, 0.2615333910685252, 0.6679814784636207], [11.473523105631116, 48.862591815469486, 15.565929283126271, 2.007902658946099, 0.26395283386936186, 0.6755086651122106], [11.463892424763028, 48.70304540468521, 15.255051562034483, 2.0483895977920383, 0.26597954229890997, 0.6708414946468535], [11.455217600379518, 49.00845410684975, 15.614502138912012, 2.039093942996754, 0.2661107875020432, 0.6738750509155432], [11.471256318468068, 48.88325144773839, 15.46008790018914, 2.0046679728957018, 0.263650784770763, 0.6715662150354995], [11.455862248324545, 48.53145574462595, 15.43879913953393, 2.0282147962858263, 0.26368277193919626, 0.672894835379772], [11.45857572972257, 48.76617210768961, 15.495273518559843, 2.0618407701239905, 0.2663485564526188, 0.6682070394779863], [11.437369010191041, 48.50023582645489, 15.457716722822243, 2.0375678951528706, 0.2634804466117738, 0.6679566091922718], [11.468616602872185, 49.517883294294364, 15.357302932739522, 1.9778473398572964, 0.2644426863145314, 0.6761118408184483], [11.454303059800136, 48.67579699704269, 15.478169737691541, 2.0025448574632456, 0.2603594252824079, 0.676134894607564], [11.476881022463203, 48.900680263852045, 15.5284574053852, 1.999594244072773, 0.2628878624798382, 0.6729861089448996], [11.417206566525985, 48.71185986312706, 15.455514911543618, 2.0256996101653635, 0.262657068032878, 0.6734927514382186], [11.457250779476063, 48.90389986097114, 15.497284283305506, 1.9929666500415963, 0.26221855157570384, 0.6770269225631078], [11.526022254674318, 49.431516302404646, 15.391402975283889, 