{"basin_id": 6, "ref_run_idx": 14, "seed": 214, "x_best": [11.502376301621595, 48.89523134614894, 15.051602839665456, 2.0819799296941257, 0.27218596420944663, 0.664104515042341], "best_J": 0.030942626608167666, "P_final": [[11.502376301621595, 48.89523134614894, 15.051602839665456, 2.0819799296941257, 0.27218596420944663, 0.664104515042341], [11.513811307419086, 48.8344318202138, 15.015254829181995, 2.091326229126929, 0.2727327516223185, 0.6630276261647499], [11.533708282904088, 48.77191289011407, 15.069632521437098, 2.0879017982643324, 0.27189489864046956, 0.6635156470259544], [11.504707670178298, 48.74576165294898, 14.966487483133946, 2.166839408123298, 0.2790239640210131, 0.6542215294672626], [11.55435849837128, 49.31929731870154, 14.812356420470268, 2.084687371136642, 0.2778640233420191, 0.6591330807267939], [11.560112764326865, 48.989674186586036, 14.372185801958423, 2.157471612591222, 0.2834922610061124, 0.651725318312091], [11.501372264678094, 48.73375672953723, 15.062089103806462, 2.097002725205095, 0.2728046020576768, 0.6637998595089442], [11.51434176270092, 49.035772683710334, 14.933579343837861, 2.0967865826503584, 0.2758588956376118, 0.6586846270288395], [11.504952805240217, 48.98395484023691, 15.005336502330248, 2.093893980180791, 0.27463879952003367, 0.6627682893591033], [11.513818380386924, 49.11706217691396, 14.929271642824531, 2.0859477191577587, 0.2742452904589508, 0.6627984861104521], [11.530488347715666, 49.41860683375438, 14.808704999781876, 2.0856647552261913, 0.27791495594941235, 0.6609097132694507], [11.5135731842142, 49.099880756770396, 15.008453004726858, 2.0962741994728535, 0.2750807337432404, 0.6628086964615504], [11.50095841307688, 48.731761704918796, 14.802996988983885, 2.079440276158661, 0.27101496670059405, 0.6650636650669771], [11.505927978960786, 49.07593416867125, 15.043834958583258, 2.0932240810704394, 0.2741507488011703, 0.6644594532128035], [11.482010962670477, 48.94183836501023, 15.141907914089401, 2.078100183160002, 0.2709322937014841, 0.6659718962304304], [11.488573163870962, 48.60877781183928, 15.106904071172515, 2.085308888588086, 0.2706876400167998, 0.665232301868891], [11.525607520043643, 48.49071353036193, 14.822768682804696, 2.145008401289784, 0.27722557253988145, 0.6571862119769324], [11.541248210397185, 49.4726786164892, 14.687321300864904, 2.1378756226692666, 0.28314414176304653, 0.6561410004150003], [11.551362539724208, 47.72801237425164, 14.488732898950632, 2.207977102639412, 0.280170238417502, 0.6472886441772625], [11.509231763271204, 48.72139662164377, 15.114689586506316, 2.0897285408195905, 0.27220411384248105, 0.6614314281445076], [11.50050692192649, 48.64345030467653, 15.019029266109484, 2.0922063043723194, 0.2725061188507998, 0.6630004833677107], [11.49657018560738, 48.65819991704319, 15.12581757837358, 2.077561698646698, 0.2701498902286207, 0.665336840055233], [11.50667345272865, 49.04349145893062, 14.998004912667145, 2.0960476521451916, 0.2746524706095473, 0.6618225945582231], [11.506205793157603, 48.928140222687496, 15.083765462759697, 2.077784947705436, 0.27246106811352183, 0.6630715602725872], [11.490931601996637, 48.99820280852382, 15.091168519164983, 2.0929289756858354, 0.27324477869733477, 0.6634634735089981], [11.494300197218427, 48.911317777412485, 15.006653686951383, 2.093596396350178, 0.2735173832099146, 0.6619061453299042], [11.546524244102004, 49.314249893852946, 14.698496273110381, 2.156154875937998, 0.2840917086865056, 0.6505877907765721], [11.507518055648909, 48.93572757680936, 14.969645641228958, 2.1012026447901, 0.2748406700953715, 0.6623298447177352], [11.50197837739083, 48.80973625923945, 15.05623011672698, 2.0807258075052837, 0.27183455654278377, 0.6639440504710042], [11.517249527848858, 49.04475845980295, 14.902469673345712, 2.1042415818173787, 0.2760825292030545, 0.6593766764477575], [11.514786223315607, 48.88554344285463, 15.014206430617126, 2.0810981949579777, 0.27252485322556186, 0.6634383063762883], [11.510754080761979, 49.126671362170086, 15.019372325027277, 2.100684599867468, 0.275950221083858, 0.6605897977932786], [11.48848352597674, 48.7272662038266, 15.108424145095547, 2.0810397716677658, 0.2710867955773436, 0.6660569318408777], [11.536763443019435, 47.86242925089004, 14.491373875518512, 2.3505445316191067, 0.28804698905916726, 0.6443838835281308], [11.533091258003875, 49.058413613789874, 14.67695724536113, 2.1209305955266027, 0.27887204373484925, 0.6569438132402865], [11.49267974416972, 48.85384817969276, 15.090467593376347, 2.0875525801911707, 0.2715390482244369, 0.6652841794624372], [11.501024514848813, 48.868233028441324, 15.038067335794468, 2.09522753823357, 0.27319704378233456, 0.6635553436933948], [11.484049260390924, 48.52259551275739, 15.200399113961032, 2.0853893580993983, 0.2698304416743488, 0.665725828802748], [11.50784109005116, 48.92257279273706, 15.056757772949362, 2.094408658625258, 0.2735963500989979, 0.6633731605384334], [11.509011432496585, 48.98552711642797, 14.895317164394566, 2.110633091297142, 0.27582280638198914, 0.6605758923155328], [11.490400843636145, 48.890540064739, 15.037467157809688, 2.103608591267079, 0.2737567867284533, 0.6612236436452192], [11.501775889091244, 48.94672951651923, 15.100178873660317, 2.0881857563213853, 0.27211236430317187, 0.6648867608231837], [11.522512162920231, 49.008381928881235, 14.837511426523756, 2.102109308247577, 0.2748504850532423, 0.6608382206266513], [11.562488049831817, 48.409224727956015, 14.125451735912055, 2.264271856546618, 0.2904635009992166, 0.6378223514358949], [11.49888647630874, 49.01818613493038, 14.976617650958676, 2.0789204504975416, 0.2723886174863467, 0.6637701969852142], [11.500473222905232, 48.994195526818, 14.987545644485673, 2.0834919871613438, 0.27401128648190537, 0.6611969330243102], [11.525887492385134, 49.028342088784484, 15.015060758444273, 2.0823591422120753, 0.27370865881412293, 0.662082033335495], [11.522235499939503, 48.66502731910266, 14.891193108434411, 2.106395843734661, 0.2739268869373604, 0.6621069016034202], [11.522935698200568, 49.09405733367122, 14.961694957706547, 2.091598636952802, 0.27535340806305786, 0.660965046826918], [11.576180386836791, 49.33547767458262, 14.515779159401976, 2.111797438736426, 0.27960148792894346, 0.6566510453421899], [11.49679306039835, 48.846976256232814, 15.024793586293155, 2.103466044974588, 0.2748471651131713, 0.6627777434079275], [11.499779401700518, 49.049552103917556, 14.981484068088664, 2.0897767731685257, 0.27396975537821244, 0.6611360566776017], [11.489636605059319, 48.634138046255096, 15.073097913491125, 2.0877196698586395, 0.2706901940759666, 0.6621837273842602], [11.505251396027965, 48.68752284150453, 15.059129605175132, 2.086937915021423, 0.2714529447844468, 0.6635649979083609], [11.533892071497716, 49.03029222247543, 14.80238705941103, 2.122966592400851, 0.27945728101076106, 0.6561295436525257], [11.504198701131045, 48.4422733804217, 15.094356297294338, 2.120282559909191, 0.27293545451776313, 0.6580874523187641], [11.514350678618136, 49.055748821551646, 14.914036080057596, 2.0957942816534243, 0.27538736430369526, 0.6610834127235994], [11.490804295967985, 48.74917295020866, 15.076751600352035, 2.087305613808016, 0.27147019188520055, 0.6642931792653414], [11.512919316981762, 48.815119455747485, 15.034872179000006, 2.0900815390346037, 0.2726480484576113, 0.6624006487078092], [11.500367814117038, 48.94898642478232, 15.117806388691339, 2.0774688058248514, 0.2718323585421594, 0.6647858791508765], [11.516753805410644, 49.106031483177276, 14.876489167853258, 2.1176171253294545, 0.27824964788328876, 0.6597708918648472], [11.519384584329671, 49.02838270589686, 14.851500824657265, 2.1031505752326933, 0.2767892530106878, 0.657604908958736], [11.497544409181902, 48.674463670335896, 15.12327211798923, 2.08312897561495, 0.27032866219793433, 0.6647274456705553], [11.535989931077165, 49.268846763885456, 14.839413488256135, 2.1129092579702524, 0.2779973301551147, 0.6580460792267768], [11.516224658981836, 48.99500706014227, 