{"basin_id": 4, "ref_run_idx": 7, "seed": 207, "x_best": [11.507789850594014, 49.04594708149884, 15.06305056748684, 2.0596412806427074, 0.2708314035552058, 0.6664750207932802], "best_J": 0.030944011410435845, "P_final": [[11.507789850594014, 49.04594708149884, 15.06305056748684, 2.0596412806427074, 0.2708314035552058, 0.6664750207932802], [11.470993689585384, 48.3904223963446, 15.380727938332917, 1.9887782974586043, 0.26178203206470446, 0.6765786162747094], [11.489236315536367, 48.2904186719874, 14.94559301530995, 2.1563942517126824, 0.27426360330988614, 0.6591079721338147], [11.491779499150995, 49.00690863353425, 15.067753794195314, 2.0365543634724084, 0.2695423137454954, 0.6690701175349981], [11.476182422959806, 48.63780230845333, 15.05012292374276, 2.113165264484231, 0.27422541720212645, 0.6579279986980459], [11.463463048977431, 48.65349342451261, 15.318219228366694, 2.0452371996408965, 0.26497070927095406, 0.6731179972355282], [11.514822676601819, 48.73087103025296, 15.021588264478604, 2.0771343611803594, 0.27095865051923834, 0.6652861357076396], [11.537418428092035, 48.73652282677443, 14.955211302122933, 2.1378880610615685, 0.2767698070202752, 0.6516551191499425], [11.496653738366755, 48.722671074944785, 15.211457529303186, 2.079269150337485, 0.27004015505341267, 0.6644373204644503], [11.503806254070007, 48.84059650682451, 15.115315981388086, 2.0785644478913095, 0.2714221736873703, 0.6659233797649434], [11.442004929794123, 48.0545249984682, 15.29593452941026, 2.130849070122302, 0.2684424115622261, 0.6656661553170597], [11.49191819622726, 49.160082107481, 15.21730853961428, 2.040537374860762, 0.26890696295936406, 0.6712914911812485], [11.509144967741939, 48.943008036602286, 15.1790517677002, 2.0355198611781034, 0.26801256229023224, 0.6700153845964191], [11.494889521194004, 48.79492253282772, 15.191860084149178, 2.065828453805798, 0.2689612073087098, 0.669239767887097], [11.50049833648344, 48.822105893100215, 15.085962508541673, 2.091878593334647, 0.2717979818454834, 0.6654289051148616], [11.481118834620574, 48.64880082466284, 15.186014040234367, 2.064521534556321, 0.2689059792836632, 0.667608628350862], [11.506908101982031, 49.27383281943821, 15.35407201804574, 1.9986164591031297, 0.2680210319946501, 0.669393686251226], [11.491838318824938, 48.53816859461383, 15.18117231427385, 2.069808338839935, 0.2671612628420601, 0.6713028804048924], [11.519496553271654, 48.84249731066893, 14.6034373163081, 2.1316880858925438, 0.2788182742280505, 0.6528915937863984], [11.491364303611109, 47.825894967046594, 15.092593911998021, 2.1472622950451936, 0.2706510014704176, 0.6616934858469916], [11.477748251212528, 48.53076977273474, 15.170861709954622, 2.107757990995004, 0.27030156462916805, 0.6649572258759945], [11.479529556049036, 48.334482699506026, 14.975755297678395, 2.135073437351801, 0.2722944926803056, 0.6592400411683711], [11.471161474845482, 48.1323995442614, 14.937472676316146, 2.131323144136637, 0.2721260995126299, 0.6640105575702571], [11.451774641457233, 48.21158671332188, 15.360471017718124, 2.0671346687302363, 0.2645683920908115, 0.6715732562373716], [11.431570393742852, 48.19230782808762, 15.246257512407254, 2.0496501201812434, 0.2637291355619021, 0.6713997447657303], [11.495433954696631, 48.97559062250068, 15.017656844556866, 2.1114877756395303, 0.2761409922538595, 0.6577002431213939], [11.495541980014218, 48.56619796286733, 15.128637550882985, 2.0759302824789363, 0.2694614253377046, 0.6653516363371546], [11.466313411702247, 48.66502672737215, 15.124578852128906, 2.115963224110919, 0.2733621856203343, 0.6632300652555161], [11.50418696883057, 49.23691161847039, 15.029568369322568, 2.13254058383489, 0.27366768866437186, 0.6623397750961081], [11.505690276419413, 48.43056391832032, 14.84149654517612, 2.1278351728748572, 0.27498905184626105, 0.6598987887083265], [11.499136131802388, 48.867435413714404, 15.20522581325853, 2.039356737656066, 0.2668433973332417, 0.6684155683328946], [11.575246641881142, 49.13407453409358, 14.590159651187678, 2.157625718494628, 0.28333836248384525, 0.6467255636614749], [11.541039502566017, 48.19029752564255, 14.56395613449432, 2.297604445275724, 0.28721612904534294, 0.6478763818230142], [11.55375767951825, 50.444015523548096, 14.673684445906861, 2.0804470901725343, 0.28359468059071147, 0.6590129565029357], [11.505351650770919, 49.00488132013811, 14.985983979356625, 2.11051262126002, 0.27467285320293783, 0.6585229573616239], [11.4888615185314, 49.24320785419698, 15.461811961766827, 1.9697922870255535, 0.26313508758788723, 0.6746128966462439], [11.512299065325577, 49.009582009098075, 15.16727675504368, 2.0400069511256396, 0.2687911251706856, 0.6686240648524888], [11.50349960011317, 48.500126518031934, 15.03950152361883, 2.110190487807559, 0.2727526093001275, 0.6616673448416073], [11.461634664179114, 48.81002965705618, 15.45818566604131, 2.050556757049155, 0.265350157943564, 0.6756412746370768], [11.532808434722849, 48.254458094486274, 14.502370967503822, 2.2060651906314184, 0.28310439222700584, 0.6525434513051371], [11.42746515954168, 47.68843869446135, 15.665773423172073, 2.026869133326291, 0.2558396918957475, 0.6788703921960577], [11.455440587732856, 48.731961355775795, 15.0686304225599, 2.080014579984197, 0.2694535178676569, 0.6684068107599678], [11.5191683927618, 49.33171645583064, 14.982840795152848, 2.05267337424757, 0.2731342975322032, 0.6653347129124932], [11.559439131113756, 49.877064948932116, 14.480811823028441, 2.15542875966293, 0.2888452020543977, 0.6479307365162826], [11.508044694133426, 48.73732938004503, 15.041154020681935, 2.093997994610131, 0.2741921846217818, 0.6612881695547791], [11.47171741533579, 48.30690943385177, 15.265200146288471, 2.0938685173458516, 0.26748231970140846, 0.6663432915879371], [11.493689481349572, 48.48900743078284, 15.372304059662254, 2.0272646543779658, 0.2652147620389882, 0.6686952067400143], [11.488803952391507, 49.01281224471615, 15.066372224080911, 2.0671914545578103, 0.27103613018777717, 0.6671535817923491], [11.488701614854994, 48.45369863647481, 15.010499138801453, 2.0746553185972854, 0.2708538906988254, 0.6621920926970399], [11.4478260902526, 48.28366437156777, 15.428314105614046, 2.0726284595220705, 0.2648424318885649, 0.667375742624636], [11.54678161064255, 49.41031432991099, 14.808928893860324, 2.1103894526198763, 0.27987676975658743, 0.6570899182697431], [11.52195171987846, 49.58837607897613, 14.82209126386442, 2.083835507057858, 0.2774749780662202, 0.658663328280205], [11.466110226012658, 48.7784885768668, 15.172827121811475, 2.0454094537802674, 0.2692213901061516, 0.66873756011423], [11.48245462369874, 48.88682843582847, 15.05218791620181, 2.0271261051760527, 0.2668120202008616, 0.670401064029307], [11.43570749065427, 48.40151821671227, 15.391951310736815, 2.0829138994962495, 0.2680361459669533, 0.6711602294105466], [11.52870411936783, 49.16933192386788, 14.925532253229488, 2.1304569528691597, 0.2769078970815133, 0.6562226329547228], [11.457288309240807, 48.50773178570818, 15.202476883950535, 2.07638553461599, 0.26804320066154547, 0.6661431094137077], [11.475679455593271, 48.92215900437439, 15.720905975001308, 1.959894932808457, 0.25694923073679643, 0.6804997381570034], [11.515323510897582, 48.352875608912456, 15.064159550437974, 2.0858894880229806, 0.2706303150708195, 0.6644898863957724], [11.572737250872917, 50.437089076556646, 14.812655204853243, 2.1072638045328667, 0.2827134322462607, 0.6512423674685343], [11.472157620854352, 49.1532473712637, 15.289276923093656, 2.031373028698802, 0.2692747205567613, 0.6681415505359425], [11.495690773174397, 48.807390774301965, 15.10248757182417, 2.0535498815682005, 0.2701164696373337, 0.6670020972525598], [11.542142658396173, 48.374453295924056, 14.767202618938384, 2.123921707750553, 0.27601409528596804, 0.6560609676719192], [11.452592232516121, 48.40755343753236, 15.309605782664653, 2.082503015581066, 0.266760362196686, 0.6665502671535337], [11.63290497473331, 49.565272987937476, 14.30660175171418, 2.200955206797496, 