{"basin_id": 24, "ref_run_idx": 14, "seed": 214, "x_best": [11.576374836361587, 49.526130394262196, 14.435264062070683, 2.19415851771427, 0.28909149097998144, 0.6465688284754757], "best_J": 0.03125556432685188, "P_final": [[11.576374836361587, 49.526130394262196, 14.435264062070683, 2.19415851771427, 0.28909149097998144, 0.6465688284754757], [11.58276146701029, 49.493816899271714, 14.393967035243648, 2.2032982237961787, 0.2901922698329264, 0.6447914455122683], [11.586006697699618, 49.49028169976, 14.37754780524527, 2.219202368668676, 0.2922159016595862, 0.6436575054183319], [11.586338036734345, 49.49037109228673, 14.402089708920133, 2.1978449049119564, 0.29032041381984314, 0.644749809869325], [11.587603450389043, 49.49076310769615, 14.354473005018031, 2.2013316319027956, 0.291330478741469, 0.6434650203501182], [11.584097684366343, 49.287939606816074, 14.377374707574491, 2.2331488723737394, 0.2915406150894382, 0.6421604828911166], [11.596597360390847, 49.75033905023582, 14.248232038409679, 2.232227639497717, 0.294366088500067, 0.6387502743501668], [11.567814574454333, 49.48000566047423, 14.388634213548324, 2.196445430032396, 0.28892927591089795, 0.646676904836704], [11.56922499564834, 49.60043841709186, 14.399167189682998, 2.2151872254426657, 0.2914132040428195, 0.6427171770434357], [11.581142248068684, 49.19959466362325, 14.432643030934084, 2.2093876840472366, 0.2889539336937711, 0.6445513519031397], [11.575333032610692, 49.67488724860325, 14.422808129129791, 2.198704736749778, 0.2897958222259767, 0.6460561710969471], [11.584584581012914, 49.43573061496175, 14.478427135052561, 2.2019761404158746, 0.28955594191068446, 0.6455625479826733], [11.611107117888023, 49.838088557676, 14.112269352520405, 2.2843616195252605, 0.30061496361016427, 0.6330552438663263], [11.626176839083461, 49.551725784526006, 14.157364563931035, 2.261514556118314, 0.2978700253329671, 0.6363304053221426], [11.562626996097638, 49.415284525413796, 14.466352718609924, 2.2010942368587205, 0.2895414970131362, 0.647790681429419], [11.595211272598394, 49.656217888585594, 14.346463712065365, 2.2174032853265575, 0.293001535158798, 0.6421281865591714], [11.583030734115091, 49.463750401420675, 14.417162605319861, 2.204719227145161, 0.28919540090579243, 0.6453832525492114], [11.576374578691828, 49.509428739476085, 14.421067557888593, 2.1997266302881204, 0.2899812254492791, 0.6452784017606054], [11.574122278205522, 49.575187098850876, 14.316774475159164, 2.2198859640416533, 0.2922750015611839, 0.6448135903737442], [11.566705616491763, 49.348052745452286, 14.491905819940017, 2.207507023696216, 0.2895153418854788, 0.6427194731816231], [11.578525471209254, 49.09287234694276, 14.354231520894945, 2.216831631373466, 0.2896886139665382, 0.642137564148534], [11.573333327846214, 49.895809639115846, 14.42395489084792, 2.204053188680803, 0.2931604443426347, 0.6445040573102581], [11.631509511310433, 49.49236970997422, 14.068520332519302, 2.264891769085279, 0.29779226881260484, 0.6356749785044526], [11.573430660563105, 49.20623672028166, 14.38309400672634, 2.211335480856079, 0.28974387870581625, 0.6456751164897376], [11.577392239499492, 49.34369159285893, 14.359021691544607, 2.204290156622477, 0.2899943799105522, 0.6462602404292453], [11.579066770861411, 49.460035293392565, 14.382572965861794, 2.2181532605365772, 0.2915921905411879, 0.6428654793416962], [11.561483967269412, 49.41250398949076, 14.502415374292251, 2.1980288838025404, 0.28983480504146, 0.6457275156732935], [11.706316396053078, 50.117811070199636, 13.686775757745943, 2.3580069506177375, 0.3081674534678595, 0.624903338484192], [11.577065474072713, 49.51991854063095, 14.432048810785345, 2.1965766319720514, 0.2891824452127684, 0.6458245241277344], [11.585857221431416, 49.11960543810533, 14.412935582970096, 2.211190746914665, 0.28984931118757307, 0.6432492100584994], [11.657496595670867, 49.842911225058714, 14.218059638292477, 2.2624442999187626, 0.29860991701932005, 0.6373215582977455], [11.572109234029098, 49.55033106191794, 14.322941459521143, 2.226834086330105, 0.2921524550762642, 0.6424984988649659], [11.65253090180765, 49.98501983707412, 13.828073518311214, 2.2246680010931237, 0.30081580712799605, 0.6335542074440441], [11.591687947526859, 49.27941542006859, 14.369764100610173, 2.2376043629209694, 0.2924076803980477, 0.6404688539765313], [11.582353384185248, 49.571603022587674, 14.367555669023693, 2.1966434854241217, 0.28987970878808167, 0.6455758537680086], [11.58089757673701, 49.513556183296174, 14.321047158926783, 2.2173195040264617, 0.2917376326463033, 0.6446226856987992], [11.58005724428586, 49.46820075351605, 14.334477070628614, 2.2188745157825527, 0.29165196271336286, 0.6421487168007153], [11.593483564588556, 49.29226948561534, 14.412274010329293, 2.2026146173944596, 0.2900723869094221, 0.6437502590869432], [11.618747830528653, 49.313688701769614, 14.142402836206783, 2.2704614017825135, 0.2960231371203146, 0.636136704601444], [11.572668823594912, 49.74089190010256, 14.40408468523892, 2.219276127356132, 0.29286337323740125, 0.6429828358007347], [11.61165953117488, 50.00232908848076, 14.30491570225843, 2.2331539606645197, 0.2976389290883161, 0.6396798896821684], [11.569725100218394, 49.383188451704406, 14.494072590172951, 2.2000284274369997, 0.28975605918899394, 0.6443821253778614], [11.577593507413075, 49.28425424760885, 14.395300147520924, 2.1954962383682153, 0.28963512397356467, 0.6434101614423438], [11.58248127525334, 49.61102962420071, 14.405051278669323, 2.1992530498646703, 0.29046611869466576, 0.6456866192777906], [11.571148317678745, 49.47191566726943, 14.425623916241788, 2.205014760334325, 0.29049336910714824, 0.6438503580081988], [11.598257361903503, 49.84384383611167, 14.226308003354, 2.2650723751018425, 0.29843281131090676, 0.636476256964873], [11.569234668190175, 49.62566033049454, 14.40085309814993, 2.2030341821846973, 0.29161798915644366, 0.6434504415043646], [11.620197172543273, 49.90685473917619, 14.216869643077926, 2.23774057753191, 0.2973085470243468, 0.6389291166900113], [11.597544320843603, 49.64403377935948, 14.408513568665835, 2.2116186574275436, 0.2906323748808685, 0.6463186458669068], [11.620906904273431, 49.6102604523397, 14.239757899337613, 2.283762382330689, 0.29748447313886767, 0.6355236048529335], [11.566028829395712, 48.98267318113923, 14.422720992808607, 2.2168498136689148, 0.28923461202504214, 0.6422544813136085], [11.59954735913034, 49.796700972608086, 14.30093706971157, 2.1997889959612276, 0.2922250805236175, 0.6445734351522577], [11.622625844907732, 49.82693635854397, 14.107950525166618, 2.2577659921795243, 0.3004645602828007, 0.6319887111166693], [11.581221820151066, 49.23045177666382, 14.323674363029136, 2.28565906206866, 0.29544349173319817, 0.6383626288330885], [11.68580736185885, 50.03484871164049, 13.821158989593322, 2.3641684348967544, 0.3125184917336199, 0.6220112554813528], [11.642633077445831, 49.609569101252006, 14.07141901492233, 2.296109496045399, 0.3023795456000717, 0.6276421576132638], [11.573007908670526, 49.549095331603894, 14.422005673030405, 2.2076640289303855, 0.2909312391139556, 0.6440103880580293], [11.602261936967064, 49.55114255094662, 14.254602850468405, 2.229004941163378, 0.29354776156601387, 0.6416126992232833], [11.664946876083336, 50.198692368343615, 13.905189029826147, 2.2930296415556475, 0.30614331380655263, 0.6310063908976206], [11.591032853806201, 49.92170461570348, 14.353904075322042, 2.2114874421585204, 0.2924843685797117, 0.6419441180696381], [11.591667132438575, 49.3556249891675, 14.42656941997389, 2.198171773341267, 0.2889387801804766, 0.64549348892125], [11.57478683256796, 49.581444973164885, 14.416277694680192, 2.201088242308598, 0.2901650911562611, 0.6457873935255303], [11.6000729670564, 49.43907448860249, 14.418126402499896, 2.1934203365585723, 0.2898383945046414, 0.6419546202915434], [11.584207904458163, 49.410002672441294, 14.417041444179134, 2.2010488912303807, 0.2900229635989828, 0.6445787437298789], [11.578068382653306, 49.493099492134725, 