{"basin_id": 23, "ref_run_idx": 10, "seed": 210, "x_best": [11.46967085891388, 48.65172461276684, 15.498972975944548, 2.007815178563767, 0.26153712374652927, 0.6765846510996715], "best_J": 0.030934193063643967, "P_final": [[11.46967085891388, 48.65172461276684, 15.498972975944548, 2.007815178563767, 0.26153712374652927, 0.6765846510996715], [11.515048842267733, 48.589911882449094, 15.076747733125254, 2.0671111903406034, 0.2694648130546694, 0.6633382822934722], [11.529698179960535, 49.190198526999865, 14.416583433223812, 2.2443581852381356, 0.29504776205384226, 0.6367649287458119], [11.420396884128898, 48.54903252622133, 15.446571397244162, 2.007330972473465, 0.26157232139206577, 0.6768448344272897], [11.489292863327858, 49.61525219553803, 15.429473752014417, 1.9942255379237888, 0.26514111517443995, 0.6764524422140928], [11.489622127568136, 48.86065999508919, 15.242968773055546, 2.0194995486655674, 0.26614858945637193, 0.6689265219141063], [11.578731133221495, 49.48390476042097, 14.48185279324543, 2.250656388596066, 0.2921874173174351, 0.6422219052725541], [11.53667407034381, 49.035858957241054, 14.698738843523317, 2.23097407702301, 0.286921302424906, 0.6449191057831619], [11.478902604020641, 48.87607821217854, 15.311233901159598, 2.0469229337036783, 0.26690962836623844, 0.6721099397543664], [11.495811926485672, 49.0350595746081, 15.260261184497164, 2.013976951509522, 0.2673161157324405, 0.6714768027851491], [11.531465645691348, 48.41564257300136, 14.61882547209084, 2.2148317058417795, 0.283688297752011, 0.6469302431378837], [11.47619809581236, 48.83209202217756, 15.515042676497599, 2.0249562735243813, 0.2631094599907266, 0.6749150262679409], [11.512610711597462, 49.14927000761953, 15.01903920984811, 2.1023719131443177, 0.27652038610050755, 0.6596234459490903], [11.488038144464339, 48.887897388852764, 15.397587924809443, 2.0464918102829706, 0.2675972472565291, 0.6689564367806132], [11.466589229356618, 48.8096912566552, 15.339055705004231, 2.0315922643908753, 0.2665475415689935, 0.667741743752123], [11.638139740814097, 48.98040010475294, 14.222418883223131, 2.4355389537948016, 0.30626247928950845, 0.6195102066702594], [11.541674553709566, 48.84669844611057, 14.786555057648714, 2.1785214691137917, 0.2809764411008651, 0.6486531792408534], [11.47555913999228, 48.602009950345646, 15.49900766333514, 2.0409634502719642, 0.26604380687313245, 0.6705134213738944], [11.474789645987817, 48.55890552148248, 15.331632833927424, 2.034823286923555, 0.2655646465814507, 0.6684232387854055], [11.516749890201524, 49.3910867319219, 14.848056031114746, 2.1656667377171313, 0.28260136982062467, 0.6530092933704069], [11.481064662621899, 48.75552381157275, 14.70039627123804, 2.178267184226633, 0.2821248884027825, 0.6508321644645019], [11.491043881230151, 48.848749520869724, 15.454321619985494, 2.0623488767913125, 0.2635100060466476, 0.675333970034403], [11.558730354366931, 49.296213051214316, 14.925431118443212, 2.0731820497116966, 0.276104761524417, 0.6640244547310922], [11.505556139956179, 48.82123889613267, 15.037055990539267, 2.0806489834083557, 0.27256079895709445, 0.6617922554143942], [11.488376482074509, 48.66128158329903, 15.396110603550447, 2.0332961121190243, 0.2644293646292141, 0.6715230497086903], [11.505039057637813, 48.56237108165984, 15.041725715773293, 2.089321482198656, 0.27041092268813977, 0.6611400114293341], [11.587237482268431, 48.949499911156124, 14.51935594048654, 2.2211814140521096, 0.2857904580238546, 0.6518120948856521], [11.49391188667881, 48.71499884624282, 14.950582792541226, 2.113673314735335, 0.2744072018660155, 0.6584949582189621], [11.50116953254682, 48.457860622550804, 14.946433141824139, 2.169733643286091, 0.2771483943846007, 0.6565232765678998], [11.454595850641716, 48.81456545229193, 15.534035109368222, 2.004480488213841, 0.2626503149835828, 0.676147841672567], [11.46298647876526, 48.891360439620165, 15.509362718913783, 1.9981079324127293, 0.26159322243019506, 0.6752352931199022], [11.488501222350589, 48.74157874448601, 15.323280475939223, 2.0486045710419596, 0.2662176917765719, 0.6712799857819537], [11.573920594156107, 49.33680947309412, 14.37660782357181, 2.2436369981568753, 0.29467283578385406, 0.635642627702672], [11.480312151073978, 48.980430099717196, 15.134651564743084, 2.030719273852652, 0.267313046673838, 0.6703923965315692], [11.519929035626763, 48.463677071044316, 14.843827114918845, 2.117389950598335, 0.2754727191011074, 0.657005668390831], [11.54792919235112, 49.19231269665593, 14.731369681390444, 2.05725307066331, 0.27502666966997513, 0.6618408531936659], [11.476758071338615, 49.02226598081994, 15.335608697447677, 2.0392214871486267, 0.2676727850756859, 0.671137856200991], [11.499021008631177, 49.10126740271632, 15.012169496550563, 2.081332441592127, 0.2728298864033632, 0.6631586349351015], [11.545366235049498, 48.810507419597265, 14.745952317029847, 2.1620344809313337, 0.28230853543103, 0.6544369328089337], [11.593842709226509, 49.243991496193466, 14.446377762015262, 2.250559736664246, 0.29277388755539335, 0.6399353752329046], [11.484507447825669, 48.84653806704039, 15.11962562150136, 2.0645871727731033, 0.26975574398306107, 0.6666265871853915], [11.489330422682398, 48.75932772892331, 15.154653015199333, 2.0813002300719345, 0.270672023385851, 0.6643839667345741], [11.536623172215487, 48.77993848792376, 14.691992761774282, 2.1579222606862505, 0.279772479867989, 0.6515218412533845], [11.572718782220742, 48.970101718172856, 14.578586372989875, 2.232961519808896, 0.28808689659198494, 0.6420162835829312], [11.451952235883871, 48.70073039777267, 15.330024406273006, 2.0718084319793033, 0.2688753830278042, 0.6679214039018266], [11.455394910195352, 48.37597670582515, 15.2094961136438, 2.1103882405462278, 0.269247115742518, 0.664399558839149], [11.483172700602028, 48.92701672314201, 15.370157118478954, 2.0485761315558104, 0.26767226158173607, 0.6693429275842571], [11.483986404819904, 48.92365653339792, 15.349529166340083, 2.0273879213665094, 0.2664894696991014, 0.6667145002417244], [11.473261495490565, 48.72307252892824, 15.305030429179327, 2.0503300169814644, 0.2671918916314372, 0.6653701811871158], [11.489957100781519, 48.55667297729198, 15.273508634218265, 2.0759479126885414, 0.2688983009732946, 0.668550571208241], [11.479938311219248, 48.760295897980086, 15.209481529498412, 2.07297915501307, 0.2691264945044179, 0.6658873658007103], [11.541841820325573, 48.96600160167434, 14.5717770922387, 2.1992518349074675, 0.2858628855561995, 0.6499035525633848], [11.44161570791069, 48.88056356176448, 15.388288308008235, 2.0372817804289856, 0.26518378318165187, 0.6699952336659977], [11.447033977783244, 49.02287301227285, 15.115167484986422, 2.067364101782918, 0.2721396636583116, 0.6670547218509472], [11.548444155432868, 49.19082102920643, 14.757256119428183, 2.173711123781063, 0.2842399168910401, 0.6506819052274475], [11.512161832907008, 48.923714712458555, 15.066756443269545, 2.0559429551445474, 0.2707065402355924, 0.665534373161993], [11.446314854305673, 48.753126152394024, 15.422124478793705, 2.048811241837622, 0.26585691882899914, 0.6742629154863417], [11.45464760208155, 48.6838691721438, 15.415061347838982, 2.046670005072757, 0.26508526687312106, 0.6733984899616099], [11.524613402514532, 48.830540787420844, 14.844739493025294, 2.157615798028478, 0.28052989887561686, 0.6507805899955518], [11.495701093134604, 49.12248622363717, 15.163036705234695, 2.08396636407248, 0.2731210443274158, 0.6644817221263444], [11.520839495512613, 49.062772742868916, 14.659766876164007, 2.152728168689945, 0.28171705146325915, 0.6537983303440459], [11.516636822695594, 48.848416384170456, 15.00421125003638, 2.0894968407483923, 0.2724799749243857, 0.6659225903881207], [11.549082909509277, 48.865435408788734, 14.559412589045833, 2.2100175064702223, 0.28552439628335, 0.6470620818182764], [11.503681602620519, 49.2015243773242, 15.085764174963371, 2.0502549622290984, 0.2718559835856315, 0.6670380062559588], [11.530697326396915, 49.030512373576755, 15.062694169729735, 