{"basin_id": 14, "ref_run_idx": 1, "seed": 201, "x_best": [11.467885205943366, 48.79338602370277, 15.435641745983924, 2.0223560943097088, 0.26409009845774795, 0.6729007592237886], "best_J": 0.030923353596824153, "P_final": [[11.467885205943366, 48.79338602370277, 15.435641745983924, 2.0223560943097088, 0.26409009845774795, 0.6729007592237886], [11.446825639449822, 48.4018375938744, 15.47166227862807, 2.0466461091277464, 0.264586590090291, 0.6708790022184326], [11.481327282046168, 48.63114156077343, 15.29028112598366, 2.0428904435293744, 0.2656466114898985, 0.6716809971538258], [11.466340900975263, 48.666367144016235, 15.170694691331278, 2.0390447475671136, 0.26593163917933943, 0.6696227444997265], [11.47858737117526, 48.42063782218701, 15.298394244613295, 2.0603372946727245, 0.2631465875409731, 0.669060167053331], [11.475984129149666, 49.10866295370633, 15.36100123783169, 2.0134635269718806, 0.2654702395652324, 0.6743164516671771], [11.476266175893358, 49.33338898631226, 15.346641028898299, 2.022010375659245, 0.2670371215184066, 0.6707386508562599], [11.50429606087695, 48.8176705352038, 15.225883943099367, 2.001918327612783, 0.26410340927366827, 0.6689785288791816], [11.492225550485603, 48.99754336557316, 15.241055740952003, 2.013407451301542, 0.26548304649264653, 0.6742113689623521], [11.561649111552377, 49.09177508303116, 14.925317398401324, 1.9667470995712244, 0.26441126959633604, 0.6762159430674197], [11.485933446855405, 48.52579303681845, 15.658645605803484, 1.9861297455802749, 0.25727058246900536, 0.6726461401315786], [11.479199415349251, 48.71880024420961, 15.322457837199002, 2.0521989010111006, 0.265913044395191, 0.6684325856865496], [11.403410887703943, 48.639311130809034, 15.723652755505904, 1.9990524615763423, 0.258271176624714, 0.680760468121647], [11.451581519519252, 49.453568109416736, 15.493012572202916, 1.99940680172834, 0.26306946848563584, 0.6753021716570551], [11.457067249762545, 48.54039417164656, 15.482698493843111, 2.0381201267063718, 0.2644716963042318, 0.6705184678930821], [11.473267776183748, 48.66145751911557, 15.270475036321644, 2.0604015219270937, 0.26806873681349885, 0.6659393284836893], [11.425879061703636, 48.449794603279834, 15.722380033113382, 2.045294307921785, 0.26236826973012123, 0.6714079384923846], [11.462148939156151, 48.46296210306637, 15.57050583749885, 2.022597433879185, 0.26337140112757806, 0.6716040150887794], [11.424458023020044, 48.82001036061056, 15.667058640163866, 1.9995045273565097, 0.2593517718225767, 0.6812513621963815], [11.560229785406179, 50.27046689428728, 15.145911512472093, 1.97871002628543, 0.2708734162660561, 0.674457149271473], [11.477225134444689, 48.681280353213296, 15.34249764730942, 2.0173268513196247, 0.264556456503985, 0.6744891039430324], [11.464418271121943, 48.66567620766748, 15.492999683641699, 2.015279174019313, 0.26167143943017673, 0.6760568375624745], [11.47442207401199, 49.7548440701986, 15.441461336708633, 1.9345090518344783, 0.2598011593837818, 0.6852538277564527], [11.457026129245254, 49.053273339606235, 15.39127982955249, 2.0182749780242304, 0.26461426270332644, 0.6750167181083379], [11.465435959615933, 49.28128861505831, 15.521991505174917, 2.0059116512251154, 0.2640326939374907, 0.6800962898136772], [11.399323854183548, 47.80820813253, 16.12435081983143, 1.9927410321044334, 0.25409025938730634, 0.6834780542822559], [11.442727248849014, 48.617013556638135, 15.499978677084961, 2.003438949637168, 0.26314804565117444, 0.67398943242254], [11.468051080525928, 49.5324353413988, 15.755696970666918, 1.9480668188968107, 0.2576929336493932, 0.6875939710419513], [11.46280104472985, 48.91937233309211, 15.319427648516736, 1.9985331269745203, 0.2618664206233267, 0.6806126217009869], [11.463441212936635, 48.95758139017777, 15.35684400663248, 2.025535705656726, 0.26677825549022705, 0.6739455971478407], [11.455950229019924, 48.577060079285154, 15.557106042776011, 2.01711536789186, 0.26380470317504745, 0.6739270482538744], [11.444906019309611, 48.50221775645693, 15.463778198610083, 2.0308171454468624, 0.2613489589289836, 0.675230032244134], [11.456198317408186, 48.70798329291529, 15.392620700418469, 2.043465684398318, 0.2660065999684039, 0.670650358153473], [11.4756613731363, 48.97333201780714, 15.326012714491245, 2.0322596588907187, 0.26589158958016895, 0.6739759761258983], [11.344584244412806, 48.33935646871043, 16.281715616161375, 1.9572820114818157, 0.24989264821655574, 0.6912893414810882], [11.476864417116971, 48.541763120314634, 15.52661829413637, 2.0224190075132333, 0.26196580467197034, 0.6748598649470398], [11.46378389075793, 48.810214176245005, 15.370979563999006, 2.0241437705205834, 0.2641204100465526, 0.6733162911693721], [11.470494939766956, 48.7560355296862, 15.399305455614213, 2.0458919463099488, 0.26484933656086374, 0.6729750087177169], [11.421041318090564, 49.26880108372423, 15.959505047045008, 1.9592443741370977, 0.25669464929594205, 0.6922829570231529], [11.463155254009193, 48.99245220680276, 15.604042665117378, 2.0014116170095844, 0.26212138174637833, 0.6776383650319979], [11.454724467343079, 48.70203411283932, 15.466779861441994, 2.0261381451760254, 0.2639619781463735, 0.6730828659039714], [11.47628622341672, 48.602538810473675, 15.313966517700909, 2.0234105731023844, 0.2625818973722475, 0.6739622046597366], [11.456635171961501, 48.705980576496934, 15.495950028260637, 2.0305184859106356, 0.2640808424093809, 0.6718247502538326], [11.38798138030824, 47.59996300870368, 15.795174809643449, 2.090276639316317, 0.26073494873484504, 0.6672368414827662], [11.525788446218574, 48.40394194915729, 14.984485319121898, 2.0299807249347284, 0.2660840986291838, 0.6686212465100067], [11.490003363333116, 48.874824336959776, 15.234994519154327, 2.015067044412925, 0.26594594954168066, 0.671786931941638], [11.410643135912082, 48.44740572696689, 15.76073171987574, 2.0222617059993273, 0.25813662789733327, 0.683237584316449], [11.467533576388758, 48.39726085634346, 15.50772651707562, 2.036784743385297, 0.26282462220023933, 0.6713960276336541], [11.439253613942277, 48.92339947837554, 15.322816887352612, 2.059075404589753, 0.2675287298280688, 0.6715944823832668], [11.486072918407888, 48.95467725850856, 15.241167366496466, 2.0231642458761807, 0.26581304078764095, 0.6746490863184311], [11.450463067448581, 48.588181295188505, 15.538586027743063, 2.05114429814464, 0.2644503164891581, 0.6718426509098686], [11.477284422465313, 47.72412249253447, 15.63022069029788, 2.0613034511853128, 0.26067418923710023, 0.6688390263521979], [11.454504348887243, 48.62063682200071, 15.554453469415291, 2.018752574989999, 0.26166246109950214, 0.6767771471469768], [11.51912559714465, 49.77516733550084, 15.15978287234972, 1.9891846468404624, 0.2661127748101328, 0.6742948147648158], [11.464790614011465, 48.89022867108695, 15.525212025206041, 2.0377817762943287, 0.266323614749401, 0.6710222913092875], [11.452770924391956, 48.720418063703974, 15.384736561530405, 2.051709696505551, 0.2658492038593043, 0.6695342554162688], [11.487809721105693, 48.824115451419196, 15.30741554649691, 2.0291114954217866, 0.26447530140750497, 0.6728677962589938], [11.447419546464817, 48.339121907987106, 15.568791269077504, 2.036836617233506, 0.261026170495141, 0.6742783181605544], [11.458599484767003, 48.43647403612752, 15.441689148998456, 2.030952988065791, 0.2633442258431322, 0.6729525907214365], [11.494757306853112, 48.774762965265765, 15.08855005743641, 2.0439014406418865, 0.2690196464145081, 0.6667267520313804], [11.459374461603824, 48.720317412507185, 15.458526477780667, 2.0221732943123754, 0.2636531425810728, 0.6708351667774978], [11.461495058707426, 48.45666399765276, 15.477865312370067, 2.0302376104852953, 0.26197994356547033, 0.6740770347131255], [11.462941347670395, 48.11715140799019, 15.589354623636266, 2.0007395852479064, 0.25641804478258085, 0.6794204982086937], [11.465090020612994, 48.77296001728094, 15.426873148774346, 2.0230529697394397, 0.2645484734043469, 0.6723625245995544], [11.439345704153855, 48.311002538486505, 