{"basin_id": 17, "ref_run_idx": 1, "seed": 201, "x_best": [11.51458400821173, 49.240799289064626, 14.931549631687085, 2.09685195101944, 0.27605463500942173, 0.6605393955930586], "best_J": 0.030989679245700764, "P_final": [[11.51458400821173, 49.240799289064626, 14.931549631687085, 2.09685195101944, 0.27605463500942173, 0.6605393955930586], [11.530557596447682, 48.626660943247565, 15.29776488403662, 2.037883794696267, 0.2649499927766984, 0.672843019456729], [11.487826505531338, 48.751806607198745, 15.096084424786644, 2.1339639724079245, 0.2746283559915452, 0.6593397355224814], [11.459385651899025, 49.453526293625615, 15.080249486836143, 2.0240735777190157, 0.2678535575261322, 0.6736324921758363], [11.384232357595849, 47.58711890618243, 16.334268122218855, 2.047509685604, 0.2551265671253995, 0.6768410728165632], [11.452180058270676, 48.12421861161801, 15.30202916229932, 2.1245041893730385, 0.268359888854341, 0.669317326029677], [11.41462186417185, 47.94705373911934, 15.385251041033698, 2.0962518644728587, 0.2659794981695891, 0.6646076522798793], [11.478461479130301, 48.26747391743056, 15.386372289867587, 2.0833621673129827, 0.26676693720022376, 0.6676189493062511], [11.490265412144586, 48.438134879279524, 15.122499440267338, 2.0966584006014966, 0.2715283320293958, 0.663651955513227], [11.443154986074816, 47.37228040170562, 15.550161200882412, 2.1123216227246653, 0.2633120248127834, 0.6615945251230795], [11.389738697489118, 48.00529995837413, 15.700175508343342, 2.169374394800289, 0.27004764389257246, 0.6636383935872778], [11.473694005359825, 48.17216041296459, 15.006707766719371, 2.1015169229711295, 0.2691432900541861, 0.6646380527137998], [11.47634460695911, 48.25226974942942, 15.122894518242521, 2.124818393941015, 0.27235709689773846, 0.665183689154641], [11.48196587056322, 48.239855287753144, 15.19148733913432, 2.1216328432659175, 0.2710303951352195, 0.6595906778105083], [11.510899873517879, 48.78521778027057, 15.028939362837313, 2.131578436388529, 0.27634503322648535, 0.6539937868110862], [11.413810755351156, 47.302049289788364, 15.173169076083227, 2.117097846472069, 0.26351957642568113, 0.6696955152170228], [11.399204166289117, 49.12791841152799, 15.442754054953541, 2.045556278975723, 0.2685960898915571, 0.6699583498233309], [11.489993511010352, 48.45123755537642, 15.280585580675455, 2.0779854360841536, 0.2677133798396532, 0.667896958929464], [11.424887029809558, 48.40496168107889, 15.602657798153695, 2.06283979537456, 0.26375295792597053, 0.6703054387961875], [11.505899722332082, 49.62079173034239, 14.876353384216333, 2.0799641273893257, 0.2791266606506486, 0.6603234425466401], [11.436976677946165, 49.56758483224848, 15.547555212377087, 2.017426617083889, 0.26714937755554036, 0.6748093679994911], [11.493322205606033, 48.45539883564153, 15.279358433985236, 2.109627653291304, 0.2702071597876402, 0.6647374923365413], [11.454624069174882, 49.276248020227406, 15.35815321632478, 2.063044296790943, 0.2698280060778285, 0.66674287910707], [11.425448346553475, 48.40088898917934, 15.382052492646977, 2.1101960583626935, 0.2690649464565806, 0.6663521185646382], [11.470431413043865, 48.81829010518239, 15.221515578487905, 2.057036641977308, 0.2657778706867281, 0.6748488941346451], [11.47680726882584, 48.07046143813882, 14.947100124655895, 2.2459762223122204, 0.28227388443421253, 0.6449125074365852], [11.484406377504902, 48.591199854587, 15.100245770068344, 2.112934422734212, 0.2727939697007877, 0.6599236902846537], [11.530072166873575, 48.72439317946259, 15.097480227914419, 2.0179436257003838, 0.2664051762257646, 0.6706656196249661], [11.44294251831961, 48.76716648920378, 15.519689073465887, 2.1018528734126947, 0.26843238704275724, 0.6690697589353081], [11.460853427586278, 48.264916237029404, 15.181655969320953, 2.0955967802102657, 0.26772292335378284, 0.6671338885605766], [11.42260425271177, 48.01957684678231, 15.354030134628484, 2.197366604845612, 0.2723565594745113, 0.6579635331628683], [11.461809651741714, 48.78616594427768, 15.218512260549678, 2.1002391786135246, 0.26864722104411914, 0.6724443428569696], [11.497161938852962, 48.22981291585222, 15.035602092986668, 2.162021587972785, 0.2766826647207277, 0.6570197451697559], [11.465010120181907, 48.8445820784332, 15.184342587686917, 2.0979425196889134, 0.2734021100130085, 0.6611015836210289], [11.52676517044644, 48.34456329513014, 14.839863641958887, 2.1675266457267366, 0.2776793248838835, 0.6519035042202129], [11.498640832068137, 48.82142681532007, 15.208550161006638, 2.127006219424379, 0.27482751740501005, 0.6569966304115856], [11.434042673867669, 47.43851955292968, 15.958283545372893, 2.1137611911353167, 0.2603788680377283, 0.6745548396097912], [11.441501872127098, 48.491077933377376, 15.242057869953543, 2.0648444617395345, 0.26801080168952035, 0.6710626645466444], [11.431025225865136, 48.210290024687055, 15.56205983228245, 2.0845483756531884, 0.26732713078073056, 0.6664648175736878], [11.531587483960836, 47.960366072714834, 15.19186007866493, 2.052799212642962, 0.26307175995046744, 0.6718278271909595], [11.426687479654165, 49.05568102336818, 15.571313816309699, 2.0651742630816474, 0.2655722192196003, 0.675965803635717], [11.454579269954335, 48.094654622803766, 15.642690116437414, 2.1443772195354787, 0.2705676605316134, 0.6606255713668036], [11.484789035415847, 49.096727866733985, 15.141815002841103, 2.050365913645543, 0.2707990104765924, 0.6638101717593047], [11.441008073440297, 47.1519820883353, 15.95706984645879, 2.0895399994774024, 0.25648699974197064, 0.6743788315463352], [11.468481639886114, 48.63780444872559, 15.23341993321516, 2.0903999913276823, 0.2698671705192156, 0.6641520472678004], [11.498535405374028, 48.240019556722714, 15.23089686227378, 2.05199399900891, 0.26826027503263306, 0.6617008671643401], [11.463991451152218, 49.03185667410506, 15.152046491164459, 2.1065974617864627, 0.27346580881697724, 0.6627717667751857], [11.43761717110915, 47.49866347508811, 15.687772252553469, 2.0856657260663285, 0.2649888731347432, 0.6660462274283419], [11.416935615329763, 47.84488223241078, 15.66887785080139, 2.1113080706528207, 0.26611998107015317, 0.6656037472997379], [11.452252077854808, 48.640011920259596, 15.252984697542496, 2.1323692792655553, 0.2730786478508394, 0.6661141316272242], [11.498469092363704, 48.47381019051715, 15.378641457722136, 2.1030960679789445, 0.27250167490964006, 0.660757911304319], [11.484802324244393, 49.107316041129785, 14.994443740734816, 2.118536107222587, 0.2743138081415394, 0.6611925921842073], [11.436739561119015, 48.340837253102336, 15.219705714894582, 2.141192480974297, 0.2714691496807533, 0.6628052201097833], [11.446113420158701, 48.862416839500284, 15.359180103528132, 2.036456682975017, 0.26469089408171437, 0.6714997370558082], [11.483358204344961, 49.40744805352135, 15.18328140693914, 2.018175655376745, 0.26992928041815195, 0.6673458410523891], [11.484182659688225, 48.51871372654959, 15.19439145940245, 2.051355948622886, 0.26372279979769714, 0.6716721063533808], [11.427657934139852, 48.0001423555173, 15.499581093726222, 2.0713160887098794, 0.262544251706054, 0.6756375693462428], [11.432505689789373, 48.471031196103, 15.077181378973295, 2.107858735354061, 0.2713287326591408, 0.6625989649543242], [11.476074353454448, 48.44334090274303, 15.051663714301913, 2.098406033517445, 0.27209609207911717, 0.6600322240407447], [11.469026969461867, 49.42897805427759, 15.035085886624529, 2.0887399452130664, 0.2746502217480912, 0.6639847096612526], [11.506936735306613, 48.050879478792396, 15.060170487803093, 2.1536919739226295, 0.27363315869104676, 0.660184745101838], [11.452436372457482, 49.02558669030802, 15.316257834251257, 2.0573952341197463, 0.27108442764764346, 0.6667884069198978], [11.46336654913041, 48.738044177899916, 15.547555212377087, 2.106112836277549, 0.27124422914562274, 0.6637546366554662], [11.456991881080663, 47.59680414849028, 15.288444141977466, 2.1037210693359154, 0.264575563110957, 0.6687384199328802], [11.4987376007241, 48.35876825238331, 14.871053545425013, 