{"basin_id": 14, "ref_run_idx": 2, "seed": 202, "x_best": [11.463230904457328, 48.603086236105206, 15.445432410036952, 2.0200271340786897, 0.26235441146049826, 0.6746595794606206], "best_J": 0.030923292542619434, "P_final": [[11.463230904457328, 48.603086236105206, 15.445432410036952, 2.0200271340786897, 0.26235441146049826, 0.6746595794606206], [11.453880032711014, 48.761618265197946, 15.4290211856052, 2.0115782863301415, 0.2628346735976476, 0.6750901673181698], [11.48268880393689, 48.3767714032936, 15.274550456432625, 2.0614556830572575, 0.2667770561672098, 0.6693502510812446], [11.476896002880682, 49.07186366717726, 15.290907589322916, 1.9923056344075736, 0.26381065958928057, 0.6767619295191702], [11.481500430607538, 48.594567262939464, 15.46398953477706, 2.036750350032024, 0.26311846521327714, 0.6731162193924375], [11.477292339879796, 48.7304505514633, 15.440417286503328, 2.0194951950907574, 0.26505407817726734, 0.6751075648808423], [11.498360129151559, 49.31934522753614, 15.26954197248341, 2.0151341570129206, 0.26680172017943427, 0.676171259685036], [11.489949578658138, 49.162934748418934, 15.241352894083027, 2.028351053923291, 0.2678905809279532, 0.6741246255756403], [11.410085672001909, 47.949327484861236, 15.853228974782224, 2.0457853902441894, 0.256867837574388, 0.6794125223834248], [11.475358203700806, 48.72331990785207, 15.275356588532208, 2.0329009851510107, 0.26526237882156845, 0.6702041199041268], [11.526836208296812, 49.68641464463627, 15.303908778495474, 1.99517941808586, 0.26792896618209583, 0.67671730528871], [11.536402879189408, 50.4739268339705, 14.948765224216993, 2.0190603982120394, 0.27648030952452635, 0.6665102695952494], [11.484648583706083, 49.645483057324405, 15.684932444497887, 1.999392622470527, 0.2654299226477438, 0.6761546560576168], [11.516797387545077, 48.66169292555712, 14.97309925925788, 2.085995067529232, 0.27252622129866766, 0.6636257423837684], [11.491085657040335, 48.886237279583874, 15.457941736855053, 2.0035005064849396, 0.26375770473537596, 0.6755078600804638], [11.510264929455804, 49.65919516429207, 15.691058028935027, 1.9401351625515437, 0.2589965131051169, 0.6859298308817048], [11.458834601312626, 48.46128425196514, 15.393611516514161, 2.0028876275059244, 0.2591341579284888, 0.6828734976341941], [11.466752974643228, 48.59475182442674, 14.500874264898604, 2.2130094910147413, 0.28271849949643163, 0.6479489659785451], [11.47336817099185, 48.91508594517747, 15.415788256768005, 1.9987380413371496, 0.2615928227241578, 0.6750664370740952], [11.488580055131102, 48.63747059556284, 15.505259191117304, 2.015366784821644, 0.26168132441628034, 0.6737352780795482], [11.46305328334212, 49.09772054911542, 15.613137579839279, 1.9796571312965558, 0.259311555239689, 0.682972199288696], [11.497553512951164, 49.147249169661634, 15.375856447589552, 2.011015016525984, 0.26523453803237806, 0.6759518442404722], [11.441489650688274, 48.82315066590424, 15.441291716770396, 2.0121094095596863, 0.26213620768979984, 0.6758794767295331], [11.493767830044755, 48.58320596989549, 15.17595540237356, 2.060425578285249, 0.2682595772868004, 0.6646636938475968], [11.471329372838728, 48.63388998411341, 15.447162804511578, 2.047260754694626, 0.26485892185050375, 0.6720486349756394], [11.472336441882554, 48.66452468360379, 15.434566295150452, 2.012103379434285, 0.26252034268201385, 0.6742905460883073], [11.448716142770532, 48.5897127635021, 15.477551422933995, 2.026049392637099, 0.2616589286802614, 0.6751250863177997], [11.450589909015648, 48.643301420695906, 15.40761357678932, 2.020246196804202, 0.26225434208034665, 0.6754681152188899], [11.461459113533047, 48.187935277955354, 15.481640174251433, 2.039154548439888, 0.25976340762957495, 0.6771966639245575], [11.51436399597322, 48.90684657804995, 15.09669801163646, 2.0507591416960254, 0.2685879219938864, 0.6656483037765659], [11.492180340321038, 48.42240953083561, 15.352612353568684, 2.008875822486829, 0.2618573007899573, 0.6747285732768196], [11.471908579367831, 49.22674688443727, 15.3929393825888, 2.0131698612708573, 0.26600115936376445, 0.6731813930204972], [11.480572977919564, 48.68924942683117, 15.379387487012629, 2.0005663531735878, 0.2610204185452948, 0.6782047821665087], [11.456209457785908, 48.397130306672594, 15.44254329391333, 2.032541529807959, 0.26225838096709625, 0.6733804657847541], [11.506790348862902, 48.001489052697515, 15.00953217072825, 2.105589692483808, 0.2697285364535444, 0.6589451060528764], [11.486044313977835, 49.40302025665971, 15.496993229814768, 1.9768009220823106, 0.2632226946254952, 0.6779298465284961], [11.445574482973106, 49.3130672211921, 15.584986074539758, 1.9936667932395749, 0.26153868541800446, 0.6815054759081292], [11.450985937770259, 48.413663669618124, 15.448170719131445, 2.0336983452982884, 0.26288292751383857, 0.6729021116933644], [11.467468493664178, 48.7289861308515, 15.497867491317928, 1.971199353594368, 0.26030836967470483, 0.6779818635229341], [11.454597737984747, 48.33885217876747, 15.43363048379044, 2.015781688680502, 0.26149179344116197, 0.6752666413242355], [11.503359697415192, 49.20752499236147, 15.174343446161235, 2.029471026198483, 0.2690635371597287, 0.6724918340694225], [11.478345276451426, 48.34571262736755, 15.472177659617111, 2.038254330006777, 0.2614716961405288, 0.6725794030863542], [11.470322530600422, 48.39052989044574, 15.584480189111412, 2.0252345993271206, 0.26110372446250313, 0.6779800505946559], [11.434071609249086, 51.01912486474886, 16.171237011825777, 1.8076345735098642, 0.2508064783735676, 0.7037971565916369], [11.434965654240663, 47.82848045244527, 15.694125158886942, 2.00920534919429, 0.2544267296165687, 0.6792157933122417], [11.485763609663891, 49.56883446168633, 15.28025029585734, 1.9899735524287099, 0.2669441394760715, 0.6738929674517281], [11.457505475389798, 48.564194508365524, 15.559092646889699, 2.009665138900956, 0.2607787620783007, 0.6744890038011921], [11.483746590369016, 48.01593242966273, 15.454801768890203, 2.052116322032464, 0.261668430622132, 0.6709346602490175], [11.48782394678631, 48.87796378047136, 15.45286161681536, 2.002782254018494, 0.2637272102019262, 0.6719147857114345], [11.473565504724313, 49.03804600139643, 15.36575916240731, 2.014993486456427, 0.26521977744940084, 0.6759634092442042], [11.475604989424225, 48.95810255637518, 15.304207351128023, 1.9958795330492212, 0.2637809030811692, 0.6757002122593188], [11.47527096435221, 48.49348336352225, 15.459059627405809, 2.0238298111723623, 0.2619344589332341, 0.67369765638216], [11.474122667178493, 48.61901250709244, 15.271287066692604, 2.0593412728051836, 0.2669496340574848, 0.669090667319786], [11.459624548919038, 48.4883808802018, 15.500829446126124, 2.0357130713908287, 0.2630885385373612, 0.673454887872396], [11.426287237689476, 48.3659502351344, 15.522195181019352, 2.0369359235670834, 0.26308593183165596, 0.6739258653927503], [11.46335322640019, 48.364784138842346, 15.57465765244732, 1.9564795685093472, 0.2532058693738296, 0.6856983772924579], [11.504294872892494, 48.71670731225343, 15.28264410167516, 2.0490823861262544, 0.26566322347601645, 0.6705783223352993], [11.430946115797507, 49.71865967846605, 15.247851256480129, 1.9867577890716634, 0.26715341586067803, 0.6771501949252178], [11.496084894529009, 50.08538322413211, 15.205973106917448, 2.0252284426179012, 0.2716844062663726, 0.6645450240309829], [11.550199245213902, 49.14466579163487, 15.427644783577664, 1.9684823323368081, 0.2640519829382834, 0.6763458998282329], [11.495895908676653, 48.43439519743124, 14.925593493689755, 2.0752100298640617, 0.26988576707159445, 0.6648995401293739], [11.478539728920413, 49.302778066000926, 15.418836579179844, 1.9882739198006183, 0.26424940245553075, 0.6760374297219839], [11.479213780575352, 48.95364287119901, 15.507627371199385, 1.9923100389700443, 0.26196138617282166, 0.6763455656452765], [11.484173932029115, 49.867080822624544, 15.293779897151152, 1.9646425911395458, 0.26440421049593144, 0.680312836374775], [11.465992301745962, 48.841651763767395, 