{"basin_id": 19, "ref_run_idx": 11, "seed": 211, "x_best": [11.542921765881475, 49.130740722460104, 14.644374978360382, 2.1422452802058216, 0.28170596983395535, 0.6539032421590097], "best_J": 0.031102433384079385, "P_final": [[11.542921765881475, 49.130740722460104, 14.644374978360382, 2.1422452802058216, 0.28170596983395535, 0.6539032421590097], [11.53088440747702, 49.05177200199608, 14.530529734336273, 2.183550406286299, 0.2846873813649223, 0.6478524996984211], [11.572355585262551, 49.59245951367443, 14.543891587252395, 2.143700025150258, 0.2853818154847672, 0.6491524033046951], [11.581736524069024, 49.860106139526, 14.432470504219303, 2.1502328311440846, 0.2886061038446464, 0.6494876194953854], [11.569152655083005, 50.03153976181482, 14.436489169032116, 2.1543359485507145, 0.2885606552506876, 0.6519991772076156], [11.551987259376126, 49.243548286332114, 14.578614813717234, 2.1300613635082453, 0.2818384276190189, 0.6568544805346477], [11.56183940613171, 49.98726262583051, 14.506576964351957, 2.1220474134658986, 0.2835598975998378, 0.6565064582581515], [11.566996468860498, 49.648855294125774, 14.546862980369237, 2.1285497365504793, 0.2827600586661611, 0.655187962419044], [11.556555692073413, 49.73863999056586, 14.50254032229493, 2.1336343500192165, 0.28458823218475887, 0.6512630152477853], [11.564115330458932, 49.716102610924665, 14.39197066420476, 2.162304323223148, 0.2867524483509535, 0.6493722306806778], [11.561643234048129, 49.5981511670714, 14.511763149353088, 2.1143974956210796, 0.2827465996307429, 0.658002843964635], [11.56280312688669, 49.66117835105119, 14.58044560411551, 2.1299409028257603, 0.285213029633431, 0.6528402434602938], [11.55859953374911, 49.73006798152381, 14.57966769785295, 2.1446649269508473, 0.28542719845241166, 0.6520006324606684], [11.573808156527619, 49.38634996613397, 14.543304369930986, 2.158455011930627, 0.2848409239669964, 0.6496071929119756], [11.60863585842727, 49.84148540799593, 14.513523945464458, 2.1026702978973106, 0.2840743840858267, 0.6535092426679692], [11.584509999588182, 49.34319229826146, 14.623525989133254, 2.133363860648687, 0.28247572816309924, 0.6595011689975996], [11.56284780578519, 49.9358803697375, 14.339041560965562, 2.1732546039554705, 0.28929323089033876, 0.64856548727872], [11.571940396407546, 49.273803726095274, 14.569980203801174, 2.1553938804204287, 0.2850826094473597, 0.6501410726333006], [11.550316918122903, 49.20747599257961, 14.664763427232046, 2.1393222553169142, 0.2825594270983386, 0.654693429959865], [11.601214513352895, 50.362809377966855, 14.490951624478637, 2.11737289002849, 0.28734456892128113, 0.6531718088515366], [11.649354758431805, 50.22317081064143, 14.164024836518152, 2.1075484715531125, 0.28721116452280204, 0.6525622861566956], [11.565606714852283, 49.1672489670984, 14.672965988653347, 2.1402088996507245, 0.28205009623892, 0.6519016270598287], [11.565930163153928, 50.12247947912215, 14.539870966002512, 2.075663708213723, 0.2838061759899546, 0.6571077991450252], [11.565272652739983, 49.71153929243939, 14.489774756049638, 2.12414598200325, 0.2824716022292118, 0.6561069190969702], [11.618006154763373, 50.20740328575458, 14.434586376497315, 2.103701545143724, 0.2860725006194129, 0.6528405471193481], [11.54151825158755, 49.4253191473288, 14.531436894876009, 2.1632971796649536, 0.28518002618243127, 0.6518331113587399], [11.568860702110971, 49.38549087428355, 14.458255652288768, 2.173215142110198, 0.2853227303331378, 0.6484631007326407], [11.553003633269393, 49.38068242032199, 14.617970926356593, 2.1544323071869838, 0.28473616251843326, 0.6488703909456012], [11.636326702174975, 50.80893276918945, 14.224583383402061, 2.0911992920527513, 0.28834327495700723, 0.6521509890167809], [11.53254060630364, 49.02896463030637, 14.678112994092295, 2.152594136906328, 0.28304891646157965, 0.6506733049435129], [11.539792452677217, 49.61878656780045, 14.572118849707676, 2.1627190463615, 0.2868655885127549, 0.649892341704412], [11.576967736487509, 49.515413686878084, 14.541971179921253, 2.13888670385686, 0.2855364925058565, 0.6502034851993709], [11.542372405637959, 49.603035378844304, 14.550498697945343, 2.1232716441869948, 0.2828929758374566, 0.6549972106207803], [11.50225320347603, 49.613294959796086, 14.733889900681818, 2.1485755757748555, 0.2838774645545242, 0.6557747691821117], [11.55793367648803, 49.68256246112689, 14.566406767543741, 2.136988178486268, 0.28463876388853565, 0.6551603239701643], [11.57157098107585, 49.6822542951712, 14.607006707845985, 2.144548044698397, 0.283854593731688, 0.6517982823183746], [11.558191231582967, 49.857460410092344, 14.53078872392026, 2.150576340276549, 0.2874561588466856, 0.6503577068445782], [11.534131628029334, 48.97320288577963, 14.63430226829636, 2.1518921667612303, 0.2805889499813494, 0.6537382093604394], [11.561605394279228, 49.77006221444764, 14.414164326014527, 2.123994377306705, 0.28477081929928, 0.6566212120462721], [11.548526685720962, 49.74614128722635, 14.441672578567374, 2.174560017832645, 0.28800587816868195, 0.6504655572857342], [11.573235320426216, 49.22801223552575, 14.534119126634238, 2.157948067889822, 0.2846509792448182, 0.6526516545537967], [11.568537870788417, 49.71809853473767, 14.386191595050832, 2.164076699991386, 0.28795477331239594, 0.6490799860409309], [11.56845842453635, 49.69834801380627, 14.527762593852048, 2.1176985521063183, 0.28356275275826975, 0.6553386442729183], [11.570496308895933, 49.444017184868656, 14.532129785260107, 2.1487570867645305, 0.2844594197137977, 0.6491815003811039], [11.582708932847336, 49.95111426885225, 14.441605967863335, 2.146056692925094, 0.28726038706383833, 0.651079413429592], [11.551135346004914, 50.35733922873761, 14.585848254982787, 2.0954911152829063, 0.28297845727807514, 0.6556704525676186], [11.555904050806589, 49.6627342309563, 14.627292404975934, 2.1285476179645757, 0.28349269967692414, 0.6515983480897579], [11.579609342349041, 49.787060117484785, 14.404344789901167, 2.1392091063645617, 0.2862673059846824, 0.6491979097798296], [11.538458799122246, 49.51620057040851, 14.634531702184534, 2.1556541438290595, 0.284882608390091, 0.6522010006822032], [11.552853342846902, 49.30773022310153, 14.435653220593704, 2.156298687117702, 0.2852605694269833, 0.6505158839133051], [11.562162466063247, 50.160531534455004, 14.462190398385102, 2.1143627588307727, 0.28586191037906694, 0.6573741055858496], [11.587610580483558, 49.969232869303355, 14.385293846023895, 2.1281480180404504, 0.2863350687807405, 0.6508915570869082], [11.609779737561658, 50.36006141400774, 14.380289966738449, 2.1100440870810915, 0.28707325994431326, 0.652268058423757], [11.61375221300707, 49.55912447261732, 14.447664349034534, 2.142914769042746, 0.2869268525162237, 0.6484028964312212], [11.587819515913468, 49.971651119380226, 14.276412663860462, 2.1357437150654683, 0.2877529912706919, 0.6508718333477677], [11.542131974715717, 49.288510255577705, 14.531861373694785, 2.170742118605654, 0.28600251765417584, 0.6487499557610917], [11.564610749262691, 49.15471365723453, 14.624239196692374, 2.115003067598468, 0.27843274840907684, 0.6581252889663287], [11.578605886311946, 49.98160207185678, 14.515294256942553, 2.1241267242589945, 0.2862511518332208, 0.6521714080875719], [11.559210521467168, 49.47097013468704, 14.579793308671976, 2.142298692186982, 0.2840906205475774, 0.6534362492323279], [11.557441057725107, 49.59300078106768, 14.56649202384104, 2.1469584691275596, 0.28455885104146594, 0.6506509042322174], [11.575196886483296, 50.011122651017395, 14.453985659931469, 2.1671866845255088, 0.29069038029794425, 0.646882864636533], [11.598323615966827, 49.81288565687398, 14.522357296397212, 2.0973002466845245, 0.2832302285789116, 0.6570822065323007], [11.569429545424537, 49.844933866903546, 14.488158966340691, 2.1360083148602538, 0.28600180291598626, 0.6496037854315584], [11.57246285405421, 49.84872586985848, 14.488559807377309, 2.1166285814980625, 0.28435165250322697, 0.652688380452305], [11.580317567648601, 50.00078288677867, 14.410049909880199, 