{"basin_id": 20, "ref_run_idx": 13, "seed": 213, "x_best": [11.470424904128887, 48.787789602521826, 15.353449700916189, 2.0366909078886857, 0.26554892116056966, 0.6722302984208576], "best_J": 0.030912474417902226, "P_final": [[11.470424904128887, 48.787789602521826, 15.353449700916189, 2.0366909078886857, 0.26554892116056966, 0.6722302984208576], [11.494436756684344, 49.008418879036796, 15.141421898439306, 2.0790719560105284, 0.27133947192664126, 0.6657747023047388], [11.495066991806768, 49.34541438061656, 15.116944207557417, 2.081180029630778, 0.2747204895882041, 0.6649031008687613], [11.563194307402656, 49.106342884662055, 14.408894971915538, 2.184734883974291, 0.28817409293286345, 0.6472585258223109], [11.514019149861358, 49.25734388907414, 15.024664607413566, 2.097009276809102, 0.2745526451819721, 0.6624986496327611], [11.527932356521456, 50.02738179954685, 15.00421675175797, 2.0543798315273256, 0.27556370081462833, 0.6654367436714499], [11.513466666775155, 49.087579508389354, 14.925524315162415, 2.0996258780740735, 0.2753834319734193, 0.6605357753957692], [11.523687461013937, 49.46359179052416, 14.940673643459021, 2.05300475871303, 0.2736757968986748, 0.6674037951922508], [11.511746497469332, 49.18904848472916, 14.97016281441241, 2.0649312179291175, 0.27261371185829714, 0.6659690778907907], [11.465203829775184, 48.70432672054382, 15.314479079661663, 2.0521478262267867, 0.26659667098124445, 0.6706607678852118], [11.474097689890609, 48.836651054664394, 15.335032697494828, 2.055582800237473, 0.26755250700914573, 0.6695863569584667], [11.501624479657437, 48.86398921909883, 15.193933665865364, 2.0679209878191096, 0.2699079020013819, 0.6664506808358523], [11.475729297560349, 48.80480920575595, 15.351921559320097, 2.0355346588552803, 0.2657179625621662, 0.6712004129006653], [11.48337207573754, 48.90326254569192, 15.26689171632896, 2.0401992653339063, 0.26751875573142697, 0.6698987794742309], [11.53848192286731, 49.30820451948217, 15.005684136198719, 2.0637463083455345, 0.2746808897380322, 0.664838337079275], [11.472435819135258, 48.872563668627954, 15.26847764168392, 2.0765707472961914, 0.27044441115838314, 0.6667842728942933], [11.491943765572444, 49.07995349537514, 15.242633215192482, 2.044136805138987, 0.2686286164791247, 0.6702500733821891], [11.47882359803018, 48.8635404393696, 15.250110612811447, 2.0475998962492885, 0.2678826233339936, 0.6700217775753087], [11.560421660602014, 49.32248682728032, 14.546161559277076, 2.1806385772160306, 0.2846864706915804, 0.650110554318777], [11.47379439481833, 48.93714168294852, 15.321270867367254, 2.040184251588538, 0.26679446909236715, 0.6703200589244807], [11.492946461345484, 48.946242350990104, 15.167007806548982, 2.029241221353023, 0.26690007136398525, 0.6699259352286581], [11.488484652247042, 48.9758051402145, 15.256334247564078, 2.0520124622777103, 0.26869380111279656, 0.6690810641596499], [11.47775598921276, 49.33254816052223, 15.30842568836312, 2.003157780417212, 0.2658613761688653, 0.6730147983619897], [11.47368016125971, 48.77742062931929, 15.371476964570919, 2.0396127359852887, 0.2656128617392079, 0.6721968309958251], [11.509194408164726, 48.99232074494427, 14.92851240217313, 2.0981983491782508, 0.27498462553009345, 0.6627667574515935], [11.537567206367177, 49.21930177752375, 14.565579448765325, 2.1741962918362776, 0.2844458216262447, 0.6516843700209219], [11.516560002546065, 48.838017011769516, 14.932193353674242, 2.1231074932476632, 0.2760421649871126, 0.6586259591346763], [11.488408644367018, 48.73895198400127, 15.269794605704513, 2.043727239031745, 0.2661794604601065, 0.6710978099172711], [11.48655765567396, 48.92932553344532, 15.286476431345825, 2.033137584643569, 0.2664573094475414, 0.6712981110055396], [11.514275531182083, 49.40587618325035, 14.960146054971348, 2.051386303558355, 0.272840353618302, 0.6663657659318835], [11.479991905598286, 48.977087155384446, 15.248460355223582, 2.0411963200620655, 0.2676246197693215, 0.6706873437356536], [11.480223518904436, 49.04982366588627, 15.254463803420728, 2.0414605047438585, 0.2676653362579328, 0.6713030095457656], [11.480386936808136, 48.89162850512692, 15.316164074861717, 2.0411902329064135, 0.267132980239079, 0.6701597948902219], [11.486007675334752, 48.69781883955674, 15.200365991633555, 2.077719815210336, 0.2702003592282703, 0.6660063137513782], [11.478525708245517, 48.71004353849372, 15.287419064847194, 2.058082193559287, 0.26694526847160743, 0.6698019302137295], [11.470871840498411, 48.79049667996253, 15.370927195144988, 2.0364607681782596, 0.2654559857255023, 0.6719182365920643], [11.491694766487013, 49.20895528829002, 15.228479432934567, 2.0454391374118903, 0.26909823817288997, 0.6697026403317343], [11.462125128577371, 48.81231606643318, 15.414995704467898, 2.0382616559535935, 0.26554635660252435, 0.6717513199176077], [11.527597819964349, 48.6895394974356, 14.827151826823549, 2.112402028351788, 0.2747805548977366, 0.6596944891543375], [11.471969785452657, 48.87904927332846, 15.382078095459418, 2.021259249542588, 0.2658517091016558, 0.6716869274275354], [11.501121865891268, 49.177012374798316, 14.970804282618712, 2.056859145150065, 0.27202071285259644, 0.6674203569554199], [11.55188657494277, 49.533470340830775, 14.650219850505513, 2.1512684036916014, 0.2827680738067554, 0.6542664164170624], [11.457635197079254, 48.793258462406435, 15.390002285471905, 2.041225599480508, 0.26610501458706154, 0.6718623547699848], [11.427568891431486, 48.787495256157854, 15.362022305050697, 2.04409633666889, 0.26631090464625207, 0.6748960738545423], [11.500978902201084, 49.108436483323864, 15.162250504039228, 2.0445298854863116, 0.2691512176492942, 0.6698208635517675], [11.505982592042683, 48.82057125780597, 15.308729054853421, 2.0414118418191545, 0.26655884558343496, 0.6712745470119045], [11.48113183292663, 48.72593020255832, 15.321455944976575, 2.040070949825755, 0.266413099820294, 0.6713046155496146], [11.486148355085644, 49.022210090980586, 15.275589114111309, 2.0395617560437773, 0.2676940200613963, 0.6699574301823408], [11.639441490909197, 50.16354233268803, 13.761742988396135, 2.2418149203732494, 0.29789861681756263, 0.6358050000887593], [11.486853182396286, 49.02478484989654, 15.236046100752205, 2.0499452441663326, 0.26757436439660215, 0.6670459057179398], [11.468336614718288, 48.9380427708643, 15.319542618618991, 2.0304060245534536, 0.26622936789724677, 0.6729820330648946], [11.533462946941919, 49.173985075900035, 14.944099906761279, 2.077333486165987, 0.27401118360059445, 0.6658374519751526], [11.469636112292747, 48.81072988916077, 15.355577361670559, 2.04027686558529, 0.2663670156509213, 0.6710465575541336], [11.47317603033356, 48.83340247063873, 15.3686704839383, 2.034180381132367, 0.26557765652337273, 0.6719393925982607], [11.485195505597165, 49.143600488781985, 15.324323498118492, 2.017688647406194, 0.265852839666909, 0.6733002605246933], [11.467921169797012, 48.81142010067483, 15.354679922783518, 2.0459589606344495, 0.266731046999343, 0.6696776134614145], [11.485694281700534, 48.83253934306548, 15.295604009389265, 2.041358991206707, 0.2666692349554051, 0.6710266772619751], [11.493687512026629, 48.87264890358617, 15.266537382941582, 2.018948386043291, 0.26561345623391147, 0.6710114537667797], [11.475370573724934, 48.813834064140046, 15.322504711820038, 2.0449583417146195, 0.26674998359775776, 0.6705498719144425], [11.482481540263384, 48.90608054547041, 15.231539228889861, 2.0518679389195538, 0.2676959503439733, 0.6703970313532595], [11.476500802824619, 48.82120269065954, 15.322650911834124, 2.029549503505265, 0.2660589340743376, 0.6713906361265479], [11.494290068966306, 49.11578279114547, 15.11046684520818, 2.0636421938822256, 0.2709388510759051, 0.6660928802370029], [11.479840792585861, 49.00468094176287, 15.289888114014543, 2.0470761150659835, 0.2676711090670278, 0.6693115476299993], [11.477942434967208, 48.92372645403576, 15.255075565767122, 2.0336641593256717, 0.26656460734223075, 0.6720216979881003], [11.476490062483334, 49.115000836881194, 