{"basin_id": 14, "ref_run_idx": 8, "seed": 208, "x_best": [11.45528711759682, 48.3991907064717, 15.485819641508815, 2.0485350500087844, 0.2631272682684964, 0.6745632797661061], "best_J": 0.030995212414635688, "P_final": [[11.45528711759682, 48.3991907064717, 15.485819641508815, 2.0485350500087844, 0.2631272682684964, 0.6745632797661061], [11.440957260035184, 48.026365847568776, 15.425081577274662, 2.071184210813876, 0.2648533026616648, 0.6706704927871038], [11.41426332037435, 48.28918182381761, 15.732849238878122, 1.9921938539063562, 0.25647563482719266, 0.6784422670851383], [11.475202868113207, 48.91574869963214, 15.415649930107422, 2.0283738861822624, 0.26677899185575243, 0.6725934468279555], [11.410839582935631, 48.30801966374732, 15.561769174788964, 2.0676068926909013, 0.2614687337883401, 0.6763963695399484], [11.454523081242767, 48.704153295702994, 15.66460866782763, 2.0371954753194177, 0.2625980347646525, 0.6753759072944945], [11.474573906272083, 49.00493881778138, 15.272310118710688, 2.0215322871360466, 0.2673406845432133, 0.6732629543244442], [11.508540765988155, 48.02958597661403, 15.22031652615343, 2.0487911475646, 0.26550086573855075, 0.6665597833453358], [11.420915966086607, 47.76257528013713, 15.36011624069217, 2.0527523106892023, 0.25936345668132715, 0.679241816823293], [11.460300897593097, 48.4671152268877, 15.583240235036383, 2.0065762246151233, 0.25893313367294896, 0.6805846017818151], [11.478624437727571, 48.53161313410729, 15.596529500503863, 2.0162040737987668, 0.2642659015689094, 0.673046886251161], [11.471929836296919, 48.95432935502204, 15.110762470440852, 2.0429574193428857, 0.2677161774929131, 0.6669837195621354], [11.411209534402087, 48.15988037669487, 15.782766343401123, 2.0099177919621636, 0.25880928268931175, 0.6794799039985846], [11.467622615845425, 47.44401189278766, 15.717842475615356, 2.0366728399048784, 0.25356900241950686, 0.681276951116321], [11.45451762721472, 48.3416348003522, 15.378135425016982, 2.025712523663099, 0.2633442258431322, 0.6713763139463581], [11.470351756326357, 48.27917298263089, 15.69341717800973, 2.040149023470524, 0.25793000648246106, 0.6784630052609989], [11.47916876608164, 48.25152989962005, 15.39473338496603, 2.0134812359382748, 0.25816725238625826, 0.6788259900515352], [11.442348333103439, 49.33566607293845, 16.0060496441176, 1.9680673030698153, 0.2611838163250064, 0.6796868481053193], [11.485372306396949, 49.53684671617388, 14.711362853424637, 2.203115991369091, 0.2849197100591772, 0.661512913695634], [11.492067137458179, 48.5710191443734, 15.339901976672849, 2.024990743698785, 0.26562911465640404, 0.6685660049230445], [11.448138939336584, 48.04626076953945, 15.440323731251512, 2.062655209064106, 0.2616488291507727, 0.6748918893276539], [11.470540168496049, 48.75190536200258, 15.579003869518562, 2.0421738111064283, 0.2646740975269654, 0.6721399322831288], [11.526711383432986, 48.65785301243678, 15.059160487583336, 2.0904040590167887, 0.2730206210785517, 0.6647064634959479], [11.4159710566369, 48.74480316012788, 15.876476973575036, 1.9356831889500548, 0.2518578963898985, 0.6964658476646292], [11.443744233057396, 48.20102496731334, 15.213254947552276, 2.0637081277554628, 0.2629654031732356, 0.677384072432198], [11.477985337746887, 48.39694295676398, 15.288403346047373, 2.048066020112064, 0.26393964629458, 0.6696471682632883], [11.446941209023056, 48.83408463106021, 15.407876594901415, 2.030661738051042, 0.26481990614476686, 0.6758207413261506], [11.472490153275498, 48.11371560649569, 15.30428007942485, 2.082814713756717, 0.266049870687432, 0.6692290531584395], [11.4552490542714, 47.657340032017814, 15.475579423953608, 2.08048121739496, 0.26273509653205407, 0.6716813365976924], [11.487434134638969, 47.826995778007934, 15.588488651255128, 2.0392351242138553, 0.25997681883635587, 0.680344169181845], [11.450673869623861, 46.88308647624363, 15.60177891068147, 1.9930020556953558, 0.24726502891099988, 0.6837434731380555], [11.468008143949753, 49.23467390632899, 15.456987231308034, 1.952249521294382, 0.2600635977972623, 0.6750878137342027], [11.430478474042406, 49.28310858968673, 15.271320385091427, 1.9907890452046684, 0.26324516693858496, 0.6745451685752476], [11.545478935046917, 49.4143813920502, 15.308450063384868, 1.9311595495695695, 0.25804214883286597, 0.6847253576661436], [11.44763887726737, 47.68977966764557, 15.529590661577252, 2.0720815346153794, 0.26118515600873554, 0.6746418831793645], [11.473157058466379, 48.478804784389474, 15.440984913907355, 2.086140319564259, 0.2675348574596819, 0.6652362167890602], [11.490748239159217, 48.57615763549066, 15.616245155225513, 2.0550229897819943, 0.263680381546552, 0.674892507054169], [11.495732147309639, 48.374266533061956, 15.179806784225686, 2.056949929386259, 0.26789119410208273, 0.6665445561800392], [11.467636479328053, 48.38143853216362, 15.426045862207598, 2.034048729264696, 0.2632412885154781, 0.6744002561301624], [11.444343896787636, 48.41774870303987, 15.369005109768459, 2.0593747532279867, 0.2628681373339189, 0.6758945418787762], [11.466134889081298, 48.5939723038722, 15.404143149659356, 2.050510600956468, 0.26242179298730844, 0.6751045038500927], [11.394938149598794, 48.67075396316253, 15.66791890845496, 2.003357004660873, 0.25743341610415454, 0.6837583978424694], [11.495386909600555, 48.8724843423124, 15.19282362735894, 2.008137505765069, 0.2638720554535819, 0.6722139206862741], [11.446037886839658, 48.84404212225249, 15.39227036923548, 2.0439989619196024, 0.26617444737661544, 0.6735602119708293], [11.436538083622233, 48.549280449114406, 15.706391662525899, 2.039547296443887, 0.2630183028738128, 0.6692667711566037], [11.450433627910312, 49.14371388645503, 15.57762369041808, 2.0100602511681847, 0.26145584381137066, 0.6802650652799198], [11.44613778663742, 49.16278461832089, 15.668524436800112, 1.9953854166257203, 0.2624214768472872, 0.6816495763358931], [11.490376663668771, 48.22078814837492, 15.53172934331486, 2.030626636850123, 0.2628961844020007, 0.6720492032067525], [11.463512925608423, 48.37580501389758, 15.199716982803757, 2.055989270591588, 0.2664690064326689, 0.6662309941430156], [11.430552265248092, 48.45402249484422, 15.406715325509253, 2.009036928272733, 0.25849967067450835, 0.6800244445703751], [11.3737004425722, 48.10021379241184, 15.815714008652197, 2.0491770264630222, 0.26020938120541803, 0.6766741560660609], [11.468403492643347, 49.48571865986478, 15.459534722455285, 1.9666780237205015, 0.2626108835322872, 0.6817132757350629], [11.565148690510343, 48.32345137014644, 15.053437696777854, 2.00747849740506, 0.2655555460829649, 0.6632930107670769], [11.46129171898085, 48.95584801686275, 15.21790733024054, 2.03081132942512, 0.26688503514198725, 0.6707573611055598], [11.424299865730884, 48.50203015120415, 15.672664022034802, 2.0107035576355043, 0.26070522014780534, 0.6698636586716192], [11.480032236590311, 50.10546872506802, 15.1946569260421, 2.0287499708877292, 0.2719170667997361, 0.6756669959085899], [11.45466356512413, 48.84755414734925, 15.29921744470906, 2.0241384094518167, 0.2636980697590033, 0.6807450736741179], [11.400079983789748, 48.97259166200015, 15.743528631525734, 2.027337474053017, 0.2630172515464783, 0.681441988619561], [11.5046707803815, 48.91103005416279, 15.238776943752924, 2.0506354140789593, 0.27038248242698126, 0.6696238987106532], [11.46702307932929, 49.863797707903856, 15.72447172824572, 1.9371065206483495, 0.25976844823156786, 0.6870631086361993], [11.494450131432691, 48.37312885265043, 15.35327505805096, 2.0286329780274652, 0.26279558730657043, 0.67461078731793], [11.479071123701953, 47.80530542400014, 15.34476142598568, 2.1050769417996142, 0.2662845576518626, 0.6631885924890771], [11.463914894098293, 48.94464063254205, 15.360377252590315, 2.0717277979561395, 0.2704710169730971, 0.6725117056906985], [11.429795215693515, 48.662999611195026, 15.269010363242723, 2.0306913669758657, 0.2624445758387476, 0.677824292332994], [11.439153246184365, 48.325652375551186, 15.341461947524769, 2.0472390593764858, 