{"basin_id": 14, "ref_run_idx": 14, "seed": 214, "x_best": [11.481747004687888, 48.84758851420963, 15.32151313236029, 2.0323294529257754, 0.2660359062228157, 0.6709961347676682], "best_J": 0.030914679846123033, "P_final": [[11.481747004687888, 48.84758851420963, 15.32151313236029, 2.0323294529257754, 0.2660359062228157, 0.6709961347676682], [11.476942453271901, 48.5811375845545, 15.28760896309673, 2.050988050403023, 0.2654722125695502, 0.6708435483879756], [11.471140796317336, 48.71505230138243, 15.381443377271406, 2.022547824829462, 0.2640615017277974, 0.6737189249325809], [11.468776897339684, 48.62536514713518, 15.370292121881022, 2.0361532691001534, 0.26453236477936115, 0.671836774918214], [11.471589767295061, 48.71127781116747, 15.342166347037896, 2.0337012984006178, 0.26514734188007955, 0.6732646658017789], [11.470578138964564, 48.52002002125025, 15.37625451254747, 2.0367841865166465, 0.26391208623961343, 0.6758611562610917], [11.465861346145505, 48.71367365679128, 15.429641849884074, 2.039144099534785, 0.2649774413658557, 0.6714327122385604], [11.464706008871085, 48.496851582306974, 15.474288663371608, 2.0238483630157718, 0.2624811687520907, 0.6753315418364263], [11.479716278465649, 48.71972636342049, 15.38504054787291, 2.041925379131154, 0.2658163678689633, 0.670053900917314], [11.465438192297194, 48.84905722979846, 15.46580760881599, 2.027850827005757, 0.26490670511406533, 0.6715245671363591], [11.469068937098596, 48.626429701097436, 15.395440715674386, 2.040192972932763, 0.26520886599163773, 0.6719510680426123], [11.480017538344866, 48.90150058755854, 15.369214827013094, 2.0318896055728133, 0.2661645676699188, 0.6695637980935667], [11.483061810428321, 48.82575932926909, 15.342917334133901, 2.0323696192693346, 0.2656233397789024, 0.6729493682872966], [11.4878924704436, 48.789521203998746, 15.328722693394626, 2.03322909347993, 0.26567354223106526, 0.6697956380469342], [11.45929881018852, 48.52746631238982, 15.473339106073547, 2.039821336017043, 0.26441706410142674, 0.6730077661384363], [11.47150746491115, 48.60519720907145, 15.35388037929556, 2.035613064081397, 0.264483712272011, 0.6721914543624189], [11.45712584174455, 48.32278843967021, 15.5463056345316, 2.037418656330678, 0.2605839418992323, 0.6759281367274101], [11.488700210686886, 49.07845060838409, 15.320027610647381, 2.007586126604238, 0.2652003076980159, 0.674764546598529], [11.463179522631227, 48.59155595497639, 15.402709797473007, 2.043633769759671, 0.26504612153265805, 0.6708686531496969], [11.467901395192756, 48.77579835581725, 15.37928834198156, 2.029237805719778, 0.26436803740271614, 0.6747193201779915], [11.471484607812329, 48.730257594055686, 15.331117274675272, 2.0402289413093504, 0.2657073083049777, 0.6706232165130773], [11.48548218653939, 48.82929268823645, 15.33622200609595, 2.024064108023403, 0.265178098863321, 0.674009586121661], [11.469364626951434, 48.73043183930864, 15.339666257507318, 2.035152280754185, 0.2650616391145696, 0.6728674944204374], [11.427265124353973, 48.84787471713012, 15.594427417467932, 2.0040991687730156, 0.26059978664046846, 0.6783015573619877], [11.462637283872615, 48.80929302104051, 15.396917596694953, 2.032351462752478, 0.2652836157859698, 0.6726705559845777], [11.476813381609562, 48.59198407271525, 15.283206474334532, 2.045925096750173, 0.26550278924963683, 0.6723296006146632], [11.474630221531177, 48.53713874698538, 15.351971059628887, 2.041967640253475, 0.26521843103803966, 0.6714421281898081], [11.463245152898297, 48.42313528938021, 15.378040418541747, 2.048067860015991, 0.2642875511362439, 0.6721508085053197], [11.470911215089371, 48.869633683111125, 15.358363410819479, 2.044908711568203, 0.26527721327377457, 0.6716248046098844], [11.48908114394535, 48.35652798908508, 15.212795038187277, 2.047121370568703, 0.264756988088063, 0.6701235580359993], [11.481313826298512, 48.89269884460042, 15.312493910373227, 2.04528225991092, 0.26665849084327004, 0.6708269193505196], [11.471038066614511, 48.59329290656908, 15.4140326602464, 2.0475929938714676, 0.26478494826049137, 0.6722371242699139], [11.490461622177552, 49.12672553800517, 15.467467055543421, 1.9730260271614026, 0.26158798441187386, 0.6807839978557774], [11.455021728416384, 48.54164883349175, 15.391056014046063, 2.0353482192772554, 0.26346182115211, 0.6727812313167848], [11.462048318144578, 48.56107862378731, 15.478972350877836, 2.0423053678969745, 0.2642021080284183, 0.6719983705996181], [11.48435525827829, 48.935031363987676, 15.372386457559658, 2.0120809142186045, 0.2640527868498696, 0.675887864037585], [11.4597078562095, 49.00274283367838, 15.84129381959195, 1.985508277258672, 0.25921982602257015, 0.6802876262611499], [11.458837660156368, 48.61096877113999, 15.518782524423441, 2.028275367044276, 0.26282507699869123, 0.6750481588868015], [11.46342082706489, 48.531793836246386, 15.424065770136098, 2.044279405917023, 0.2651973492892865, 0.6712870954412116], [11.446246741477205, 48.86393569096987, 15.837127572814376, 1.9558771194442375, 0.2580654895270216, 0.6837169729008005], [11.469618036898114, 48.57345333097286, 15.378135425016982, 2.050144738327646, 0.2654057153777283, 0.6713763139463581], [11.462819812481374, 48.935031363987676, 15.413048077723623, 2.034069400224042, 0.2657787687148165, 0.6728584981623431], [11.47440519747217, 48.696521614666054, 15.316854884029286, 2.041814304809444, 0.2654547128998953, 0.672517364680203], [11.46405756322791, 48.66881880329353, 15.432336997935609, 2.0374089497722245, 0.2645768179469124, 0.6729952421000143], [11.464272280478445, 48.703997371633484, 15.386757148178802, 2.0375285648090427, 0.2645082383612796, 0.673225196854561], [11.459785423455552, 48.53103225908218, 15.398318452072393, 2.04350469802306, 0.2646984475950293, 0.6714853200610627], [11.471321682698933, 48.97168886404181, 15.389431312494764, 1.9972940433958861, 0.26185807741507844, 0.6767590223853391], [11.463477091788493, 48.5337050959126, 15.404300892507099, 2.0467656501807783, 0.26552270038365994, 0.6703228270055902], [11.466973439851117, 48.58705378585717, 15.419677263124456, 2.0388512174222786, 0.26418851979410307, 0.6725632490452539], [11.465578789786218, 48.68460750164795, 15.45336104173151, 2.0341285039106243, 0.26399856822652173, 0.6734766414737984], [11.452377672488439, 48.372458995858054, 15.404816811729027, 2.0581317736626725, 0.26380586604486667, 0.6718654771408532], [11.46827423650188, 48.86890891456525, 15.43334202113723, 2.030933215569868, 0.26495421557990145, 0.6727428499392452], [11.451319815060783, 48.46709223306257, 15.481041308315543, 2.0401518340579483, 0.26229860122833437, 0.675495329139496], [11.464642401577619, 48.42161053708562, 15.380212040727164, 2.0492772240755377, 0.26424722561978886, 0.6715426446725302], [11.4671152466171, 48.860575685832735, 15.311446742885463, 2.013869449273343, 0.26462442924388424, 0.6735960447756403], [11.466657299267931, 48.90126108503538, 15.388457299036471, 2.031435836417504, 0.2650407795577101, 0.6734967867647282], [11.46013305461506, 48.8232866883358, 15.403091064351665, 2.017337016160999, 0.2635922269410687, 0.6748289387136055], [11.475389528918129, 48.7109240997947, 15.488954342923268, 2.0242868551046467, 0.26366091844995604, 0.672991119098418], [11.47443533699905, 48.57689857858114, 15.337838062358802, 2.0399531660136727, 0.26445486501075116, 0.6721606397453673], [11.476677267521593, 48.74612796383823, 15.326546106933968, 2.0299301445704887, 0.2642949743653761, 0.6730898990608521], [11.466449597162939, 48.435314118947545, 15.469331209836996, 2.0379208087685092, 0.26345485632797605, 0.6726875043337093], [11.446024130267283, 48.71898477008693, 15.502373073697758, 2.045844052347977, 0.2654173502887462, 0.6717274128793335], [11.479497287006037, 49.03308464682072, 15.356166700536898, 2.0150486043819815, 0.2649559630456212, 0.6746650322228414], [11.478175733411529, 48.60357856089552, 15.330562131112663, 2.0337815356972744, 0.26417396374762026, 0.6723274129671769], [11.469773404712544, 48.73059022678379, 15.448903512029084, 