{"basin_id": 20, "ref_run_idx": 15, "seed": 215, "x_best": [11.489918823153351, 48.769398441751825, 15.25095205632968, 2.0371802663294516, 0.266239135047413, 0.6712201976198756], "best_J": 0.03092922494758332, "P_final": [[11.489918823153351, 48.769398441751825, 15.25095205632968, 2.0371802663294516, 0.266239135047413, 0.6712201976198756], [11.471211229178127, 49.25074708325211, 15.032001075725823, 2.1202119162935413, 0.27685282705242403, 0.6600239120894523], [11.5447076626734, 48.65110282581409, 14.716350684836147, 2.1660969440847504, 0.2800524087178978, 0.6495811385528463], [11.501562652847268, 49.34358839379132, 14.994383380844084, 2.1063589726360195, 0.2773641332802076, 0.6597898322095458], [11.507073152241551, 49.1724101819528, 15.202626429004285, 2.0287181055400576, 0.2687455316878756, 0.6695923813875199], [11.498239973933574, 48.67332078200322, 15.148998818866962, 2.073317401209728, 0.2705780873223035, 0.6653865217401143], [11.513766001901255, 49.26976481664379, 14.964086269872592, 2.0805033801969524, 0.2750359362290504, 0.6626050165758502], [11.509994768220384, 49.24773312717591, 15.052632059397885, 2.076236129741037, 0.2736593927928349, 0.6659925975824187], [11.57446339211743, 49.56668536862691, 14.416865712823125, 2.260372078032989, 0.29598726109558665, 0.6337509327707387], [11.488184317719892, 49.41348432276472, 15.239144135094898, 2.0309524262688194, 0.26971496533025063, 0.6708459969228696], [11.530647330330043, 48.142766689695456, 14.762646263360555, 2.181961115321458, 0.28167780207936444, 0.6515222602017468], [11.54331604693277, 49.15898477248198, 14.782992061679789, 2.1032543361856364, 0.27837442702979087, 0.6570507384850623], [11.49689890493355, 48.76108969653185, 14.915666576012507, 2.123748209857618, 0.27550423344164154, 0.658738325384208], [11.530477516760541, 48.987942439877116, 14.835556849416594, 2.1389834326350625, 0.2796575055822242, 0.6554282090511402], [11.537005665946996, 49.14400119013822, 14.672778044123808, 2.120199919683906, 0.2828269998266614, 0.6439483526824193], [11.57473809521953, 48.82251025404171, 14.453658275362502, 2.213852630539011, 0.28923171921558904, 0.6397758947726264], [11.491318801872922, 49.070029742520546, 15.085499746514568, 2.0383419372509093, 0.2694392701428623, 0.6698217536315215], [11.545078281835714, 49.119685150951156, 14.752142106883834, 2.2209015229532243, 0.2873165026296476, 0.6452328134282967], [11.602474693538099, 49.97790815272877, 14.565698522360501, 2.114798725471532, 0.28316954546494644, 0.6569954449041242], [11.536957274401585, 49.66494311303557, 15.099302372213259, 2.0487903763138515, 0.275059441819756, 0.6628917537083218], [11.498803062969387, 49.307109302246026, 15.019256799616029, 2.0975211508849543, 0.275697583525681, 0.6634550441076226], [11.594544275784346, 49.27539562755129, 14.390664905592843, 2.1710796017464484, 0.2870189777621046, 0.645488584413189], [11.476037905109207, 49.370430866224055, 15.169633360724617, 2.049839070422014, 0.2708180030784318, 0.6694652293135326], [11.52521979960015, 49.209722124285044, 14.89458733460155, 2.111327135305228, 0.2783938611969332, 0.6582115765033006], [11.468744872099045, 49.057915382738535, 15.274924233557304, 2.041619486560218, 0.268676725600027, 0.6708143937275988], [11.474166213491312, 48.96046912898728, 15.307081235789598, 2.0392478322398326, 0.2687566994973377, 0.6713481621082076], [11.528619469605944, 48.95303095126675, 14.808775002203879, 2.1645323150461655, 0.2810599128556934, 0.6511564699953366], [11.51097710657126, 49.10984511309453, 15.207065869028602, 2.0280245353416118, 0.2684249063172756, 0.6689293381059663], [11.541712509084931, 49.353207462923365, 14.719027058610552, 2.1338911725445135, 0.2815810839870679, 0.6518313096849344], [11.489395108327129, 49.07791211342087, 15.109943936602956, 2.0540893806952507, 0.26950421702825883, 0.6681382532820912], [11.490219303960584, 49.21089801611285, 15.169301184423535, 2.037908430454584, 0.268512874297089, 0.6740374298749722], [11.530664752466325, 49.17863176603084, 14.626132674138798, 2.1520068717517726, 0.282718438840037, 0.6560191032647491], [11.604958778704576, 50.17064363066206, 14.09704894470884, 2.339562067044014, 0.3040400194403872, 0.6321707658363552], [11.520877372262621, 49.077065009364716, 15.056381951046518, 2.0417734764155298, 0.27006271503699536, 0.6675294729594596], [11.512246053149875, 48.74471601133857, 15.012235154643262, 2.068635406796827, 0.27075631090227853, 0.6637057922136229], [11.535328216875305, 48.87792175238747, 14.873198554837272, 2.1077608358709456, 0.2757198998292814, 0.656387346840983], [11.495936557517068, 49.02703679751065, 15.129424839046466, 2.052684474164926, 0.27115678287601297, 0.6673301462680795], [11.584623915140128, 49.06138517435066, 14.335666656197875, 2.269855716160137, 0.29397940310877396, 0.6377527288559403], [11.556720975387597, 49.1476905364076, 14.71173861116036, 2.1239222862181446, 0.27934937576020313, 0.6583177518352782], [11.534130314969211, 49.572888408599646, 14.929320810174575, 2.1150276723705415, 0.27971629899202066, 0.6575209794823831], [11.484604100663407, 48.32893996104678, 15.17187177110576, 2.0980731196234856, 0.2710149880501134, 0.6624285109829455], [11.49302048039851, 48.82050469235759, 15.196755316731016, 2.0477493856380797, 0.2672863149087219, 0.6697272464100433], [11.481872440922805, 48.724510343708616, 15.160394380736207, 2.0934872701911194, 0.2708696038033316, 0.6647316741431325], [11.545374315093266, 49.094691800677786, 14.776409147683772, 2.097348283331132, 0.27795284936629483, 0.6573573235356825], [11.546438359202101, 49.00058796764353, 14.537487984928184, 2.178676246475649, 0.2833084491224924, 0.6503062778519584], [11.484724629026859, 49.32613385956062, 15.184087074700695, 2.025647795964012, 0.2690762419993005, 0.6709209847932874], [11.539846450673508, 48.85919950355611, 14.917373143088453, 2.10431297772811, 0.2751453759011522, 0.6618426355161222], [11.583297106026304, 49.953729779536935, 14.453076983263838, 2.2540149835938985, 0.29759226229262914, 0.6349216728454565], [11.62926598919871, 49.47869602503284, 13.980417153032233, 2.2486764067539595, 0.29838784932060836, 0.6359994616061354], [11.558620570900043, 49.06820555550363, 14.591989386778767, 2.110378395458854, 0.278263683668851, 0.656250623751121], [11.515343570088412, 48.71666595708314, 15.01687515719417, 2.0944967560646415, 0.27212368326757574, 0.6628223053933677], [11.509872331600395, 49.169554502599965, 14.842064695736985, 2.0822727293010193, 0.2749952311094731, 0.662535266500898], [11.596641541028866, 49.06337659632594, 13.991325625151584, 2.272829665431406, 0.2951699678305737, 0.6396474858107133], [11.507863270667299, 49.19743561138327, 15.04203548741803, 2.075034812243608, 0.2736510329598656, 0.6645296806838769], [11.503209287453613, 49.305049368155636, 15.116303698728574, 2.024453261520716, 0.2694901007214605, 0.6718076986383266], [11.494922778165538, 49.10604698303249, 15.044207346594824, 2.0836458873499915, 0.27373065555609666, 0.6637680993416896], [11.48280879982974, 48.88968612775644, 15.331765882247439, 2.0379982336153066, 0.2666757574120126, 0.6724328985538703], [11.48278450914566, 49.674407743646086, 15.246591781420626, 2.004561510919693, 0.2680297944950298, 0.674062799433699], [11.514686962026996, 48.81465727599666, 15.022523093597783, 2.0598000734160444, 0.27004355513193434, 0.6655215542786987], [11.445484244151888, 49.42654678772192, 15.303550785255517, 2.0200139479579837, 0.2672775662707717, 0.6745401412890988], [11.515528598521906, 49.168161153138605, 14.994952887009646, 2.0978262108087886, 0.2758960492122897, 0.6613242716637295], [11.55309976695725, 49.36948091238898, 14.828621217566027, 2.1307094555023576, 0.28191722116456275, 0.6534985203543339], [11.546468146751925, 48.857924867856, 14.833824361964714, 2.1278736970836984, 0.2775349995273518, 0.6547557982547514], [11.575035084047858, 49.03701224532928, 14.521461488242906, 2.1648058205109746, 0.28530627857553814, 0.6455272858239449], [11.49128936433592, 48.679822120561255, 