{"basin_id": 10, "ref_run_idx": 8, "seed": 208, "x_best": [11.54751408066445, 48.857813166900755, 14.569047585367091, 2.211813715199201, 0.2864329573650509, 0.6453904256700705], "best_J": 0.031203263204524018, "P_final": [[11.54751408066445, 48.857813166900755, 14.569047585367091, 2.211813715199201, 0.2864329573650509, 0.6453904256700705], [11.547927042150675, 48.791383463151426, 14.576480923467322, 2.2132114637317395, 0.28603774232971524, 0.6453295023665202], [11.539126737988092, 48.82059549093182, 14.661190246251643, 2.2134070343615333, 0.2856793270117562, 0.645435241687945], [11.540782556145947, 48.90172894321019, 14.64993242137626, 2.225086527164762, 0.28666477717023015, 0.6452316232902524], [11.567264949246951, 48.96027244612672, 14.529759841944806, 2.2198522720816816, 0.28835447637905104, 0.6423519567483801], [11.551420995814286, 48.98884549624371, 14.556245375207425, 2.2143497663527634, 0.287528012366156, 0.6449056240431147], [11.550416311318303, 48.79976566612259, 13.996047594453223, 2.21795839474947, 0.2864236857703472, 0.6453252779756894], [11.549551823989658, 48.767603703249755, 14.63524699678863, 2.213033013174496, 0.28585686346174133, 0.6449027470080704], [11.547934051613266, 48.90595018191684, 14.537944929198616, 2.2128835464625936, 0.28648029100233613, 0.6452907941180961], [11.547512732409887, 48.91965922119197, 14.581072175347373, 2.2165842734128156, 0.28761347432598794, 0.6447883560706673], [11.548972216077601, 48.84468184937227, 14.59214970368349, 2.2143249560903886, 0.28659699350166634, 0.6453034518596122], [11.543621355514992, 48.912291838613264, 14.594726088970864, 2.218779401043403, 0.2868863542600392, 0.6451961511073504], [11.548843860660863, 48.959444345135594, 14.594769283739145, 2.2181321724893035, 0.28767839193814804, 0.6453089998427425], [11.547381532469434, 48.84869719668817, 14.616789293918657, 2.2139854406943864, 0.28635758247720144, 0.6451588465861056], [11.55264737011176, 48.85320667915326, 14.594781281085185, 2.21329863864195, 0.2868166618718967, 0.6442286208145053], [11.553743358870804, 48.84752870756044, 14.558867175613738, 2.215733180381002, 0.28734487712065676, 0.6436727759744669], [11.547892793206158, 49.079319775921626, 14.663320290965075, 2.2118503429565215, 0.28697982287183543, 0.6453117997805877], [11.54899697867896, 48.732051057526306, 14.628088943207375, 2.2132130352918025, 0.28610101552950207, 0.6449159610858508], [11.53577078833686, 48.90325639497011, 14.61026769116919, 2.2124116445461395, 0.2865166799028691, 0.6454106780916169], [11.61141578803078, 49.226126897695714, 14.251686819122252, 2.293603726565426, 0.2970879881259414, 0.6351575748824507], [11.542716648651824, 48.90673739894269, 14.625966850299385, 2.210987855718388, 0.2865528077106249, 0.6454068790279326], [11.542607765088592, 48.88840120979005, 14.54202027748644, 2.2115141874098145, 0.2866118766181548, 0.6452079585509931], [11.548197661695408, 48.88576497421532, 14.577267241650473, 2.2145614835113476, 0.28649813500517446, 0.6454814897867515], [11.540875649559899, 48.7378787060386, 14.60702171131122, 2.2120919216939696, 0.28593402994699524, 0.6450817871059032], [11.551203494151673, 48.83897411990758, 14.565243458685854, 2.2135320233412825, 0.2868646464036232, 0.6453174332928595], [11.56346669694801, 49.048659692216695, 14.511005463960352, 2.221554236893368, 0.28854193855507043, 0.6431582234490008], [11.543397304360886, 48.850261268143996, 14.56546099596325, 2.211404066678395, 0.2862792476140518, 0.6454050932620365], [11.540863469029158, 48.82317354306445, 14.637905862638151, 2.214610503765261, 0.286269077965692, 0.6452375901718129], [11.548350987860596, 48.85206064398459, 14.61831656945728, 2.215186067425906, 0.28669117343674994, 0.644392471154896], [11.54219196959439, 48.90715161746392, 14.576275172589494, 2.217536525231428, 0.28698543344600214, 0.6451478914851033], [11.539672925638351, 48.91727636452058, 14.610595584912643, 2.217392124573938, 0.28684899241384776, 0.6454842835341583], [11.541169838111907, 48.788865295896166, 14.60659842947702, 2.2127982603861347, 0.28652188340808116, 0.6453519566433478], [11.562364573184167, 48.90814924198664, 14.50323631384258, 2.211464044994558, 0.2865576911029491, 0.6450882635915464], [11.560849386660655, 49.012728036252575, 14.496045599750117, 2.2166704379683373, 0.28849971925374324, 0.6426551755120503], [11.550184189117479, 49.01233899017972, 14.554448124993193, 2.2267650299019883, 0.2883923908458889, 0.6444728021380681], [11.550237401095105, 48.998523070772634, 14.538860158313712, 2.2181472681849903, 0.28813822148256224, 0.6448966018375746], [11.539950364867599, 48.83869898558314, 14.634346067264655, 2.2122763258122515, 0.28647068432601225, 0.6452521323452903], [11.54237327893756, 48.84516145906824, 14.619975822773007, 2.224760608753651, 0.2867399678487658, 0.6446132838405368], [11.543670109235379, 49.00191549516741, 14.58741731474719, 2.2315299816448646, 0.2891343763291431, 0.6439247643113644], [11.551847629406316, 49.03981599503939, 14.567299044615742, 2.2188633120407637, 0.2879614306236431, 0.645031087497364], [11.541071988813052, 48.80998582037672, 14.647818279081484, 2.2114674966992314, 0.2858931436500213, 0.6451961299194539], [11.554863666468995, 48.897876399290354, 14.550008377983161, 2.2323188982536726, 0.2887094137334922, 0.6440163010290221], [11.538986962855335, 48.93529339373736, 14.597501278952315, 2.2203095430373536, 0.28685966969165133, 0.6453297096103642], [11.579263885672272, 49.21364892235547, 14.397363736273745, 2.2321380383408047, 0.2916794022285238, 0.640083576374692], [11.54540514991111, 48.88700692069114, 14.60426719649317, 2.215841185581478, 0.28655464576363004, 0.6452375750035658], [11.548575244507264, 48.785304891658015, 14.461304566456969, 2.211707385753107, 0.2869933649750462, 0.6451070828032351], [11.53895372367618, 48.89463165446655, 14.622104792871735, 2.2129283402202566, 0.28635511099906774, 0.6453290893272339], [11.546185849008502, 48.940452888363836, 14.623631784451506, 2.2133711372919085, 0.2867549621333837, 0.6453705151670809], [11.533443937904217, 48.887026305868446, 14.604024560584937, 2.213709096555473, 0.2863580768000088, 0.6452535180690112], [11.547920949353326, 48.905362858827104, 14.622650008711352, 2.2116325832976926, 0.28689108170345534, 0.6453915880496898], [11.545450823182671, 48.82701157223224, 14.603460634138932, 2.214274774053133, 0.28621844271739894, 0.6448091976332034], [11.600883494735442, 48.00445873878382, 14.107931931107746, 2.530063871122247, 0.3077471914652784, 0.6143652548283242], [11.675520411422982, 48.51353671278163, 13.914093645332715, 2.4162406878785023, 0.3076069394685751, 0.6176987043748673], [11.546172121359712, 48.70276124923611, 14.62904946737941, 2.2144602141844327, 0.2853164063619005, 0.6445914816851853], [11.548706059958752, 48.88334337697811, 14.6022670758232, 2.2122892877850147, 0.28665162441398184, 0.6454110023359091], [11.538624969927145, 48.768007266834665, 14.68299438220259, 2.217888299703656, 0.2861320296053407, 0.6442527398498474], [11.536753885411834, 48.92200714901991, 14.643143954869709, 2.2147747625801575, 0.2865207244745948, 0.6447896538053349], [11.547671984999266, 48.84123872332658, 14.610579769270613, 2.218854595442485, 0.2865956670477713, 0.6447324697567028], [11.538849386703195, 48.85876817960997, 14.630871296164269, 2.215351542040076, 0.2866169337161848, 0.6453029413148919], [11.546669683768934, 48.77907094556794, 14.596858650817817, 2.2198711348796816, 0.2864082776125303, 0.6452698085936343], [11.55434703610126, 49.02357149070659, 14.571992764501474, 2.2138327213781506, 0.28745629546897383, 0.6451420801616699], [11.543527005476001, 48.81705018973765, 14.63798423313958, 2.216811980322013, 0.28632722910122627, 0.6454656350662658], [11.553936584303042, 48.9228333020236, 14.597961972050609, 2.2143503989873485, 0.28701175762535314, 0.64534348755312], [11.549713130764367, 48.902489027251775, 14.568901563661665, 2.2166645383853063, 0.2872209022310996, 0.6450961244122642], [11.544541700964984, 48.876083669236024, 