{"basin_id": 2, "ref_run_idx": 5, "seed": 205, "x_best": [11.503313504973008, 48.96003099946885, 15.058525265450324, 2.0696285492460733, 0.2716772944629665, 0.66496445767362], "best_J": 0.03093935280982948, "P_final": [[11.503313504973008, 48.96003099946885, 15.058525265450324, 2.0696285492460733, 0.2716772944629665, 0.66496445767362], [11.515941468148307, 49.326918293741485, 15.057701942567704, 2.0558884915001285, 0.2729488677779846, 0.6657489418429015], [11.501473660073012, 49.385816393737336, 14.897645136167606, 2.1009183227266077, 0.27733078247804327, 0.6619278360423099], [11.507319990829302, 49.20631907002253, 15.037369103473878, 2.061945551674586, 0.27260621054393097, 0.6638353349760148], [11.501260799206976, 48.98071383518081, 15.05669153586025, 2.0739836310222133, 0.27180367110028525, 0.6645897608405029], [11.509566285323636, 49.130817998499296, 14.978791210104077, 2.0653068300205293, 0.27233132265836313, 0.6652767610368105], [11.502070930536002, 49.08881426713494, 15.001395124360698, 2.0749194378532225, 0.27273969993112895, 0.6643960344041341], [11.509841385423051, 49.19983560952176, 15.052887228464115, 2.0653411896199874, 0.27260897368606585, 0.6650941798010038], [11.497483773010014, 48.78753144906544, 15.064437084166265, 2.081328753945775, 0.2716980719209284, 0.6646515217602218], [11.49867932732292, 48.997901822791015, 15.017134489737382, 2.0928504516376405, 0.27321461283152204, 0.6636568888565995], [11.52712210892127, 49.10925417595456, 14.981440553875284, 2.1039805638165756, 0.27585486826063654, 0.6613154867355296], [11.510153298548822, 49.10685145914142, 15.042233808152648, 2.0652254860909727, 0.27196927279616645, 0.6645831150613241], [11.505326175601544, 49.38764965012697, 15.028401619486498, 2.0624217419244935, 0.2738100455537485, 0.6653928143542669], [11.531203783671739, 49.50207464183992, 14.988189523332258, 2.0471439188402942, 0.2731394972793162, 0.6659673444655295], [11.512546983879309, 49.14332523260191, 14.913661016033291, 2.0723572757526822, 0.27310892983411617, 0.6637673520753502], [11.510723896428503, 49.15746949046575, 15.037940065889114, 2.068099330883094, 0.2726184522383097, 0.6645508041131052], [11.510160484958504, 49.06703351856973, 15.012831480301518, 2.064644267514795, 0.2718162461907712, 0.665385309397529], [11.504457968579628, 48.88170839514284, 15.072892011912874, 2.073462117692403, 0.2717486724225232, 0.6646405856351263], [11.514069014230857, 49.148256274275795, 15.001648080734922, 2.0658235328406747, 0.2724968808669739, 0.6649480651812523], [11.491812986435143, 48.858555652884476, 15.094388557091866, 2.094433030692275, 0.2725292212070679, 0.6636195589906266], [11.49624658759575, 48.84117108872857, 15.065716797597988, 2.0859044141477594, 0.27181643565315783, 0.6636189388599837], [11.513441042569628, 48.890912348589865, 15.04081995821133, 2.079551875536399, 0.27255293500700184, 0.6635897383128969], [11.51205174548293, 49.021913631332644, 14.981505365224939, 2.084585700642985, 0.27326006963357075, 0.663921827918834], [11.509291706582285, 49.208029364300906, 14.971807586197622, 2.0956976746127234, 0.27502766440513543, 0.6635311111608045], [11.510101354772281, 48.99767169571469, 15.018089567333416, 2.072135563559156, 0.2724784362400229, 0.6637532238221886], [11.502053363286914, 49.31113591393928, 15.094114072784153, 2.0671299992135372, 0.2726795205984015, 0.6658208531562357], [11.493668994676517, 49.03430744003681, 15.067029224544513, 2.0663208664257366, 0.27187123214063924, 0.6650053417005002], [11.510231252970353, 48.94630897615899, 15.047102224034271, 2.0713724706821344, 0.2720450316664669, 0.6646403975992639], [11.52429818858085, 49.30428219522237, 14.998165328046179, 2.0556162890420118, 0.27268120052490996, 0.6650232625311311], [11.495254733175766, 48.90709865925437, 15.086265338536416, 2.0839938912928484, 0.272037650866343, 0.6636887517491821], [11.515419616923886, 49.25868261055252, 14.93153331334828, 2.0713577557593794, 0.27346385852772626, 0.6638847671308573], [11.506827467196596, 48.87817121679334, 15.074484087058186, 2.0743468977594524, 0.27202612633658146, 0.664316959720705], [11.513555626114618, 48.98797873906008, 14.910217425648856, 2.0863910762528413, 0.27451435013456227, 0.6621919855094989], [11.490614194686858, 48.80002785426538, 15.05212774077016, 2.090077875492964, 0.27245261432608947, 0.6645446717203785], [11.511684102802757, 48.960824850769164, 15.013572769739024, 2.082254323955646, 0.2733511893979621, 0.66296431482364], [11.531791826203968, 49.30359959051761, 14.909328286830775, 2.0540638812893097, 0.2736338185108738, 0.6652906867702734], [11.525853987761867, 49.23870575766318, 14.996693557601828, 2.0648856384221306, 0.2729323270557747, 0.6659825739988126], [11.51027781728358, 49.028580322875456, 15.047240272379511, 2.0736794945479176, 0.2724737424916536, 0.6647436425391982], [11.522395066151853, 49.105922606104386, 14.968506671591584, 2.0725391792120296, 0.2734981604116531, 0.6649322802403165], [11.501969340292096, 48.822230635688655, 15.046461503814847, 2.0825533305249673, 0.2719503780039939, 0.6643905825915173], [11.508851173229894, 49.004693990857625, 15.054479890288167, 2.065991606356003, 0.27159359068058386, 0.6660024370643942], [11.49807075389396, 48.90827663476181, 15.059377055303496, 2.0880364899044, 0.27235813213724497, 0.663577394730147], [11.507219307549697, 49.05664347570904, 15.03811749351769, 2.068497697229329, 0.2721372960160155, 0.664870077120033], [11.50014312295932, 48.99091185553911, 15.008544422167205, 2.0725909581616317, 0.2722087737367922, 0.664532126417693], [11.509758365276499, 49.16623844221529, 15.042581406340071, 2.0851735707011376, 0.27322701690072954, 0.6643125903362047], [11.507827618970511, 49.19128948400916, 15.043833929529207, 2.0553654532145, 0.2723952274892803, 0.6663361835460372], [11.524654628041588, 49.32042609998716, 14.993816837020704, 2.068651031331779, 0.27439362457873034, 0.6635376821663524], [11.504896156638374, 49.09300820504084, 14.99713762264949, 2.0913061739337135, 0.27403816893769967, 0.6631237085076094], [11.51208521711021, 48.678733729263584, 15.045018741120927, 2.1049803969503267, 0.27364126978262654, 0.661750433613312], [11.510853110049789, 49.024548084199324, 15.009208154585162, 2.074340017617627, 0.27233426841594693, 0.6640891477830473], [11.510048234627515, 49.15309968797813, 15.085372400349778, 2.0561793913209265, 0.2720276157291818, 0.6655248083294889], [11.49506279924163, 49.14473663425755, 15.045528402006475, 2.0695348250849266, 0.27226487573356634, 0.6644846276679659], [11.509393321951354, 48.9007639592871, 15.03488457159794, 2.073298717220358, 0.2718403978524858, 0.6644342909585444], [11.505138745111935, 48.89610395010275, 14.985482101928167, 2.075261595074678, 0.2719769449581557, 0.6636389645808234], [11.508354430576635, 49.112078550336065, 15.067426042201078, 2.0686718439202956, 0.272198840730853, 0.6649404379316283], [11.507867564118719, 49.073051164686454, 15.049407492633552, 2.0654733904405904, 0.2721652418341634, 0.6654426765450235], [11.490162575555589, 48.96218451735914, 15.008671840395778, 2.085892208733375, 0.2728068107212533, 0.6632476123391671], [11.499168530877068, 49.00020865847904, 14.946172799356058, 2.091844578837931, 0.27448446545702454, 0.663007932747658], [11.505343597000506, 49.00004830585387, 15.023274284030373, 2.0685961911407604, 0.2718670408651652, 0.665175953623993], [11.526158345854782, 49.539773176899544, 14.95856106585503, 2.0423170687475243, 0.2737371859255991, 0.6660252568863296], [11.506220111910295, 49.00884132689819, 15.048294738789314, 2.071543172440124, 0.27242285189953364, 0.6647482412710802], [11.501148255146985, 48.89392939346283, 15.01732827549037, 2.0835097747689115, 0.2729579547204681, 0.663928905295113], [11.513538196535674, 49.21294515763878, 15.005101373844088, 2.0666681812174303, 0.2728814961362267, 0.664717386289188], [11.507240497680323, 49.046222496103546, 15.057730235190206, 2.068295967334843, 0.2725222967271923, 0.665116549395413], [11.526026630389001, 49.31198177934164, 