{"basin_id": 9, "ref_run_idx": 14, "seed": 214, "x_best": [11.468849766305276, 48.86462607475684, 15.416786837412042, 2.022107033280985, 0.26443162117724417, 0.673296619874798], "best_J": 0.03091687674272575, "P_final": [[11.468849766305276, 48.86462607475684, 15.416786837412042, 2.022107033280985, 0.26443162117724417, 0.673296619874798], [11.502749978421658, 49.40349552627598, 15.265257311015757, 1.9863269341917578, 0.26552242294956385, 0.6763587544401748], [11.491284612807599, 48.84828440088468, 15.213562886819178, 2.0639166867382293, 0.2676220609070694, 0.6690266400883544], [11.492816836493501, 49.15876821050667, 15.493389566363142, 1.9968664251289536, 0.26374748669315745, 0.6742904452535039], [11.49079753941024, 49.32231309059635, 15.221292973582942, 2.0503175421041493, 0.26900633256708323, 0.6722767013986106], [11.478230731697627, 47.08102614488879, 14.563746165242632, 2.295951930079733, 0.2820091719794327, 0.6433628165818723], [11.485305719732676, 48.57040831137249, 15.37723023503387, 2.0225462796899363, 0.2649218406611873, 0.6711229443988339], [11.462462799412663, 49.28245197270369, 15.23287950927072, 2.0839019970873425, 0.2737114005090427, 0.6627084169414821], [11.473182937764513, 49.019817552976875, 15.392595584606672, 2.0199421739964087, 0.2657680071147978, 0.6730516982988319], [11.484791690049581, 49.19302024239405, 15.489495765616972, 1.967402264853106, 0.2611209487643553, 0.6803513817274343], [11.518026883088446, 47.72982089809084, 14.621190476057903, 2.1884811017454444, 0.28110198213618415, 0.6463543529592373], [11.502774115125392, 48.88757559652162, 15.169318097460868, 2.059056680345077, 0.2697711681856554, 0.6651744718526003], [11.49183830935129, 49.31263600207769, 15.317552680992065, 2.0272134902727648, 0.2680542659466694, 0.673677107157164], [11.460481210015963, 48.925316125599544, 15.362011915073426, 2.028832493036517, 0.2653107290215261, 0.6735666145988733], [11.505390181731961, 48.8506806572693, 14.896699776769784, 2.0799059429991105, 0.27247810365582253, 0.6649112416263231], [11.436596159713499, 48.17867876720862, 15.403606686156238, 2.080366523077219, 0.2652905955439613, 0.6711705487452282], [11.485166951346594, 49.15504448949083, 15.39161182426207, 2.01452937920427, 0.26630282377946896, 0.6734846541820562], [11.484719226740793, 49.053426411929145, 15.202249714797475, 2.0297824196934964, 0.26758495849119873, 0.672053443138559], [11.488516485112362, 49.166632696619196, 15.209861423870342, 2.006458505906483, 0.2656017309300301, 0.6757476294285512], [11.492948269660081, 49.188065450300904, 15.235098631450086, 2.0025519842277797, 0.2648427305684156, 0.6758117483269194], [11.514858307608241, 48.41667346370911, 15.026614953601976, 2.1108190704329997, 0.27132454881033086, 0.6644576183072474], [11.489437463600103, 48.89232119468943, 15.361214309975544, 2.033722156917951, 0.26600214813338957, 0.6733649012644487], [11.429263565378337, 47.61956822773547, 14.72097628033771, 2.1798382208348883, 0.2742420311491678, 0.6563304216293272], [11.483430588942298, 48.836699752539516, 15.386996250754674, 2.0284284486907422, 0.2650295960530472, 0.6717657740333012], [11.494432740216146, 49.051457756976504, 15.408223486472053, 1.9692230822605605, 0.26065503712570126, 0.6778792699494861], [11.475401443281196, 48.86626027693955, 15.469592088756473, 1.997004331837756, 0.26167764987608555, 0.6762777989170686], [11.515144484137807, 47.8034663998581, 14.804387777602495, 2.1520047047718096, 0.27504740071058603, 0.6578011178641137], [11.442269880140291, 49.203229096545556, 15.46372785208064, 1.9914729130106372, 0.26181956574829407, 0.6777857597653829], [11.446062369276751, 48.548735024140655, 15.345169222612117, 2.074102120728577, 0.2673397539619714, 0.6720824491064178], [11.484615499441196, 48.656430319160215, 15.3507291087759, 2.0672851307601703, 0.26786813947597016, 0.6688910380558423], [11.484604091844862, 49.18605437242775, 15.400059323690245, 1.9824247394817336, 0.26293927444754217, 0.6797509106773013], [11.48651232460945, 49.189801041911494, 15.332585211445966, 2.0056261521604943, 0.26402812086514343, 0.6769351119843801], [11.48285917372839, 48.94311960144243, 15.211152310121783, 2.036327147824469, 0.2695871954717703, 0.6691026448772225], [11.500200063850308, 48.947051251606624, 15.149110828419172, 2.025499916418592, 0.26551496003405617, 0.6740375057343901], [11.470559451242194, 48.573624458754736, 15.369819388241593, 2.0210625261687016, 0.2638902093342753, 0.6739045744640202], [11.484483482081561, 48.56521689608686, 15.42067292995777, 2.0351365674599733, 0.26413707298016287, 0.6673921157884453], [11.51762248087561, 48.474486461274736, 14.984611849844343, 2.102751594617905, 0.27054297008534994, 0.6633909709999524], [11.456455345804336, 48.841454643544246, 15.563820275953463, 2.0317220415261, 0.26557565169305597, 0.6711380287893883], [11.497547652399868, 48.982394084554585, 15.265714360173957, 2.028710944957113, 0.26632094348071084, 0.6718931456531773], [11.456298703539671, 49.05495193487495, 15.44998465455608, 2.019013586572984, 0.263121717303886, 0.6767710557748504], [11.47027431547807, 48.490887121378194, 15.501302282514823, 2.0164436234867105, 0.25980573024768244, 0.6787243760437469], [11.492051868117866, 49.472676638762536, 15.618993470092716, 1.946198955525547, 0.2600913177193286, 0.6819121036406043], [11.455071601511058, 48.70491452931632, 15.664322597143475, 1.986761500611961, 0.2579697270045054, 0.6798526260328077], [11.493777858991148, 48.98571882356226, 15.194674211763736, 2.0552191508239233, 0.2687363684407171, 0.671346507211612], [11.520668049766133, 49.134206345574036, 15.133335877924111, 2.0279033764855585, 0.26831069926099527, 0.6692433992047463], [11.514498780267749, 49.04777743232588, 15.002695146473833, 2.1002367163443396, 0.27596418697688163, 0.6605415872185686], [11.465544404622928, 48.713642504970665, 15.489324505852455, 2.008507586750671, 0.26229701659057114, 0.674643891036802], [11.468013438481375, 48.939573316091995, 15.465995194854017, 2.0153983605870547, 0.26424795787193084, 0.6752431551893435], [11.478480437316906, 49.151152927208265, 15.260973099006556, 2.029014410961776, 0.26772643421802045, 0.6711725710011343], [11.299215614791246, 47.89883700834026, 16.527437757730826, 1.9799541310791728, 0.24679620848022346, 0.6896644131236863], [11.463277994723974, 48.929102684201936, 15.50071110048305, 1.9983255290470994, 0.2617982221551831, 0.6797059262627474], [11.455224024365732, 49.22455225230488, 15.395357935042343, 2.0128412099331223, 0.26674424055603174, 0.6754249546889841], [11.500005866134956, 48.522594553467776, 15.278937722656178, 2.0717276987880684, 0.2673686427269029, 0.6697953724519068], [11.510940528184708, 48.56760885114484, 15.27127005393233, 2.023467858491567, 0.2622748275316829, 0.6753062485861844], [11.490423093619585, 49.22126625143923, 15.106840073167291, 2.0581248858176155, 0.271755086868618, 0.6639624599751275], [11.490468324269521, 48.961046850619326, 15.271666868389506, 2.0181283426608614, 0.2649290175881706, 0.6712286789888853], [11.471962686751333, 48.95178621173595, 15.391981900842602, 2.0135746434171566, 0.26340198967363837, 0.6769462524887682], [11.465893231060138, 48.68754724520631, 15.608094013536869, 2.0174158013970414, 0.26278326171676497, 0.6747415420108787], [11.476335104611161, 48.945191938947566, 15.138341721010093, 2.0443502105567375, 0.2683652053701868, 0.6725209866267017], [11.490730910451587, 49.0803134886184, 15.19647412233201, 2.016666822911355, 0.2664264208447066, 0.6721099517199757], [11.470432603726998, 48.83844427918023, 15.385839501110171, 2.004167407572159, 0.26164554760643693, 0.6770492016297669], [11.449747410259882, 49.14995980789791, 15.467188135708595, 2.0131364136210976, 0.2644569952274403, 0.6784037291776464], [11.473764168377782, 48.91715685562541, 15.262252284617885, 2.025305847761737, 0.2657187630125203, 0.6715156020982735], [11.491211670975563, 48.722029667566005, 15.279674150322313, 2.0552405873573534, 0.2669644987864981, 0.6709378759979866], [11.456856183787469, 