{"basin_id": 10, "ref_run_idx": 7, "seed": 207, "x_best": [11.529140070077752, 49.054222673506274, 14.653328812478362, 2.2331891645620683, 0.2885530220654899, 0.6453831550209149], "best_J": 0.031309941060742454, "P_final": [[11.529140070077752, 49.054222673506274, 14.653328812478362, 2.2331891645620683, 0.2885530220654899, 0.6453831550209149], [11.618388976633016, 49.928737589671236, 14.149003895918597, 2.2835217580822857, 0.2997225972233803, 0.6296332291654321], [11.614543051673982, 49.25813310351204, 14.166030574099189, 2.3438225662279164, 0.30203657185726873, 0.6317454389190456], [11.607098508049827, 49.00698706432455, 14.347568613351184, 2.241448230973662, 0.2913403278933617, 0.6425497277843435], [11.620484573061267, 48.82297683998857, 14.037316478773624, 2.3498973554182134, 0.2980340632973868, 0.629045986789402], [11.601945258227177, 49.84273123981588, 14.32280450013777, 2.2380245056410226, 0.2963337867711751, 0.6392034815090193], [11.615175217091892, 49.52998317920843, 14.194694814558247, 2.2458874996440317, 0.29461591252217384, 0.640190652320746], [11.536289213119723, 49.45132412766723, 14.565512540841523, 2.26378819570381, 0.29244678286467585, 0.642735731675844], [11.587881408033779, 49.25625695441896, 14.127682467149704, 2.257728126976311, 0.2958144679696864, 0.6372108173377438], [11.514787358853415, 48.735344034563646, 14.581810558319503, 2.2288930413722094, 0.2880794193713124, 0.6433912669457569], [11.557990662807745, 49.70751537160277, 14.273817323724417, 2.264729754484745, 0.2977063539368167, 0.6351461633439957], [11.591595196161395, 48.3792304917447, 14.308523026055711, 2.2821452588144284, 0.2921943152690546, 0.6361039686075993], [11.526185901478534, 48.32634347636159, 14.579949446825403, 2.2591840284720264, 0.28461097728538676, 0.6431882966469057], [11.589966425980103, 48.747039720077865, 14.351831199513036, 2.2973270019419356, 0.2941254227984396, 0.6344865977783284], [11.554463751502109, 48.82694156460652, 14.401456859192125, 2.2266373430578406, 0.28900318119006757, 0.6407481006678312], [11.569196541515868, 48.656909269986926, 14.382671550007109, 2.248382859174247, 0.2895305938247368, 0.6409536853216293], [11.605960127526872, 49.72486456313069, 14.250420516562297, 2.2300133827728503, 0.2964774907616324, 0.6382261124133712], [11.53312255548467, 49.042112582213676, 14.565191559807761, 2.2292937970482787, 0.28971005128221383, 0.6443686244586383], [11.680287360636326, 49.93428498143227, 13.846911372101138, 2.3181409002065916, 0.30521810317779885, 0.629793380721457], [11.55053499591345, 49.056895905673244, 14.396997055245995, 2.285400664364431, 0.2942284672054949, 0.6402863774378887], [11.569085541502321, 48.715505770581466, 14.42013611728031, 2.2335791731775623, 0.2886858021125738, 0.6395525953731354], [11.557368012087126, 49.0603337092809, 14.465659803854539, 2.2588005362337484, 0.2915098979430826, 0.6384988137443236], [11.59921804970766, 48.98556639595404, 14.26400653740907, 2.3726552297557815, 0.30059122204780675, 0.630602188766219], [11.59155102865492, 48.88467518392173, 14.141350313818768, 2.2758817716392676, 0.2943760930491086, 0.6359893453574027], [11.601043591512928, 49.60096703256987, 14.172132261191445, 2.2652871220590294, 0.29682235522784356, 0.637267997330426], [11.658830760438795, 50.21450863241617, 14.012803502935819, 2.301003595236694, 0.3052294723196779, 0.6257836100787204], [11.64854702322695, 49.442099643689275, 13.93214577931577, 2.320851490713392, 0.3034638435104654, 0.6218363586014457], [11.563693200276013, 49.035704909318326, 14.388915173376542, 2.2521849427361698, 0.2924032032537303, 0.640951252120774], [11.611619457293282, 49.07904735152111, 14.200735391724905, 2.3527725839021616, 0.3021430339349405, 0.6270694290951137], [11.578581757856911, 48.850600823881926, 14.416113437633136, 2.271672562197945, 0.29196154397656965, 0.6364353304957442], [11.584986620328896, 48.59291647518682, 14.435419185872153, 2.3103832877139303, 0.2935888885733749, 0.635095218781671], [11.543962456895647, 49.00216060171221, 14.485565163529735, 2.2272104034960463, 0.2885442467133682, 0.6426728812091252], [11.511579789490336, 48.96774079408096, 14.627917318015559, 2.256654639873977, 0.28910621656682667, 0.6428685914136014], [11.600574654485673, 49.414554181449404, 14.374496447582692, 2.2326676653231057, 0.29284771822825534, 0.6441292254870569], [11.586494727267242, 49.366665224348644, 14.334623966454581, 2.2261522576057335, 0.29359959600039165, 0.6399472745243705], [11.580930053669748, 49.43941701087337, 14.283529396118464, 2.2814395801466456, 0.2976076129577171, 0.6349797848070927], [11.593278864898652, 49.41108233211869, 14.007384348138116, 2.3045732403297228, 0.30195241629154895, 0.6281130320621037], [11.540770654612555, 49.11156493664808, 14.5234493185199, 2.233357479825383, 0.28985176814678126, 0.6445657809956125], [11.657769094092036, 48.65131144333484, 13.974184622125106, 2.362912961215544, 0.30167979905863257, 0.6271763919651238], [11.653723787384282, 49.947898134205275, 13.893347997977077, 2.327623280341459, 0.30641129255577043, 0.6283600214502203], [11.54916246258717, 49.19953225588887, 14.549745111485166, 2.247239428696978, 0.2909194495134488, 0.6441876304181497], [11.553389009665436, 48.93171213874104, 14.49094512578386, 2.2515705540640862, 0.29062545938016626, 0.6373365248637586], [11.575368359674716, 48.7990261782772, 14.436865372351454, 2.2291450269523687, 0.2873417555464949, 0.6449194582222311], [11.566049440873028, 49.07031556656244, 14.437084649371121, 2.2496772030889374, 0.2913026389970154, 0.644669384055624], [11.619889826208091, 49.783112912192905, 14.203175011540516, 2.3042090814794514, 0.30253581714922273, 0.6292776507587391], [11.594655923121131, 48.849840299992486, 14.25720450074101, 2.2594152010986517, 0.2926615714637886, 0.6353556024908122], [11.579615333288759, 49.13766625634484, 14.287324602306256, 2.214400581810874, 0.29057827518011775, 0.6409328385703982], [11.551876246537065, 48.613456037158876, 14.3368710201429, 2.2856653571533383, 0.29029822111030495, 0.6387910198113548], [11.576286440013448, 49.1987166360039, 14.396382564729533, 2.268450450399446, 0.2959109458691407, 0.6371074570012076], [11.54776281940445, 48.82833541780742, 14.621352506779795, 2.225545506399507, 0.2870198847746257, 0.6410693911516084], [11.570508093935642, 48.782651761175536, 14.489896122195267, 2.227286615833913, 0.2891051181164801, 0.6378096716706044], [11.653824162369839, 49.80185814776323, 13.978208347190307, 2.2767907904498403, 0.30334351278463345, 0.6300171795317654], [11.553235658972975, 49.335804333353046, 14.495004475579238, 2.222567705424731, 0.29177602942244885, 0.6426783977083119], [11.620837697963458, 50.05569290554262, 14.174898200279666, 2.228677833005676, 0.29973678749354965, 0.6343304617567792], [11.592704471287306, 49.62690536197639, 14.371526163922168, 2.274985137520196, 0.29724818799068775, 0.6363774102819594], [11.573207779876427, 48.886095520358346, 14.253224276139346, 2.269861883482811, 0.2935973668051395, 0.6377055802601578], [11.65432029168394, 50.167406111028804, 14.126767754502875, 2.3418299432537157, 0.30637061559077006, 0.6268647064307369], [11.569104397753856, 49.585569695733724, 14.400074017370127, 2.2337675195291693, 0.2942929215940656, 0.642574542669285], [11.56231971515252, 48.60080020990324, 14.510167243885363, 2.234222821776576, 0.2866152657586001, 0.6438907446810821], [11.516452155244288, 49.10460673617736, 14.685674687157615, 2.2397049909910214, 0.2890352301235163, 0.6402669922559917], [11.578147893763282, 49.59471509386223, 14.166744377877519, 2.2257715690585003, 0.29420562403100897, 0.6384360969747712], [11.578764327292657, 49.54774964999049, 14.217817101956724, 2.2583794023955495, 0.2959397696848334, 0.6374181732310443], [11.556546613191125, 49.11491627003179, 14.458244022976958, 2.2361180029476135, 0.29018367633580733, 0.640080812264846], [11.526051106219573, 48.85547936545569, 14.436347109867963, 2.255125800965891, 0.28902485619622326, 0.6427738321211423], [11.608256316092533, 48.758989829762754,