{"basin_id": 23, "ref_run_idx": 11, "seed": 211, "x_best": [11.539453817057804, 49.42541709054183, 14.885606143044482, 2.071752260409529, 0.2764226249527007, 0.6603427473758607], "best_J": 0.03104882853930769, "P_final": [[11.539453817057804, 49.42541709054183, 14.885606143044482, 2.071752260409529, 0.2764226249527007, 0.6603427473758607], [11.563985258226934, 49.658222414107364, 14.715768152041814, 2.119000108430423, 0.2842939467270845, 0.6522099926808704], [11.57333616135334, 49.64254902495373, 14.716152656496861, 2.12549060079662, 0.28378988068834865, 0.6527953177496736], [11.568125708599526, 49.72242415165184, 14.645280642685764, 2.1329231175352095, 0.2845069105541851, 0.6525834152929998], [11.588917453368898, 49.61659544735979, 14.395112274005113, 2.255032782713957, 0.29500590096459894, 0.6385657039962602], [11.53983160253143, 49.40421566009392, 14.730376809526627, 2.1094500388047743, 0.2802164053276425, 0.6543402795954074], [11.537456624238633, 50.100252738555454, 14.758815000675824, 2.122673206894169, 0.2807086856285552, 0.6533355545814479], [11.557922394083715, 49.66041499276172, 14.370672671352022, 2.242510821850976, 0.2928455495716166, 0.6401917102432987], [11.548154353403781, 49.5079035372227, 14.683508862746733, 2.149586438015519, 0.28376559952130403, 0.6486265889429162], [11.552201030785538, 49.689442072476695, 14.60655319829308, 2.1906496491948855, 0.28882024668459205, 0.6500932011474774], [11.535004233665882, 49.363285427253246, 14.906302270489148, 2.0989741047002957, 0.2779706666890362, 0.6583409635707325], [11.557148925635305, 48.99774786850336, 14.662531595667863, 2.186465217657075, 0.2844856394868688, 0.6475839690650533], [11.541174752567178, 49.96111893785307, 14.6616307209512, 2.1692292510774625, 0.2874167825671723, 0.6533506125451717], [11.527800257314421, 48.90480561514806, 14.636824872835447, 2.106308168752773, 0.2778970587630574, 0.6541716839267736], [11.528312919930904, 49.07676329980586, 14.729313791802987, 2.1937233628502883, 0.2845475004510124, 0.6462938927702258], [11.610670526731754, 50.751474959523804, 14.237512768573975, 2.2074581054043265, 0.2960781947376789, 0.6471764533931458], [11.568984484219214, 49.439993339103225, 14.377987075440899, 2.1752915234817207, 0.28815759110841305, 0.6487161981051076], [11.540771549549051, 48.85809625898028, 14.72877537956517, 2.1421943234146856, 0.27974878760450483, 0.6526408737905749], [11.540450823587461, 49.4046709345506, 14.77654848369957, 2.114397308124777, 0.28061097717384514, 0.6548151077954257], [11.589186450066025, 49.19038895542852, 14.634942923872579, 2.1308630906655606, 0.28404055579318543, 0.6531804163911058], [11.55822015728212, 49.985773047762166, 14.25842091388364, 2.276174444200712, 0.29966775754255415, 0.6363448965083542], [11.591158912362248, 49.7011166454185, 14.385859218012808, 2.2266077611614743, 0.2931179653756962, 0.6403677353437713], [11.561904194751289, 50.16393460116569, 14.512609343443906, 2.129081383241216, 0.2869710182294081, 0.6545335432601229], [11.580044350160355, 49.69303451007255, 14.593026267595928, 2.173540852807802, 0.28807194269121184, 0.6456448440710518], [11.504376361469312, 49.83804692838342, 15.330147319839105, 2.025990693570519, 0.27299454840826004, 0.6672595487949339], [11.527522290059908, 49.118134768597365, 14.811656890160279, 2.132438273983189, 0.2798994321231391, 0.6533206550616623], [11.570708941061412, 49.72901194768763, 14.423921850166428, 2.2306103678731266, 0.2951500196837642, 0.6407726658145023], [11.5833652982641, 49.70340839740201, 14.318506614304168, 2.1302302638987536, 0.2841018071437915, 0.653905328866733], [11.564030072069539, 49.56980555194271, 14.644096499532514, 2.2142989388906864, 0.2913091830950434, 0.6420555731653451], [11.55431405313686, 49.794444003768454, 14.622381187040606, 2.142041016745501, 0.2857065141991611, 0.652011174169316], [11.560284885173852, 49.18028218529401, 14.604141783767576, 2.151443457720485, 0.28298852271884806, 0.6510206426882674], [11.590952570719134, 49.18407711759974, 14.712809812378419, 2.1781255759307214, 0.2860636788168333, 0.6434039583272168], [11.530082499163392, 49.87957176792094, 14.960256779791127, 2.0974146576655635, 0.2793934307286719, 0.6588220854193513], [11.587089128573584, 49.25736515885624, 14.673194764434498, 2.1544471397292178, 0.28549175351063094, 0.6513042763297984], [11.546603816970267, 49.114617808064416, 14.51125772592467, 2.2613229051498784, 0.29118042243445863, 0.6453004249478536], [11.60500304029298, 48.83415676430767, 14.220659362879099, 2.3095681499565797, 0.29700958026810304, 0.6282009144782444], [11.563639483844904, 49.72487976176577, 14.327877589928836, 2.246613404155888, 0.2945863467238337, 0.6394043525059454], [11.546333037329974, 49.17575819297019, 14.837835622401169, 2.0343836391527916, 0.2736920221994205, 0.6626976038439109], [11.565106359869333, 50.22791456198892, 14.634621194410375, 2.0606230883954773, 0.2815207577478983, 0.6611282627417837], [11.566210989183892, 49.74846029986977, 14.48209027451758, 2.1565145812596564, 0.2877387154161339, 0.6503880199611506], [11.54691251453841, 48.44572325144328, 14.51512425805387, 2.2838078270902686, 0.29082289875884576, 0.6388164693554587], [11.559318861871567, 49.36765571225126, 14.414020610128588, 2.2958583897146787, 0.29467562115566426, 0.6363965819626423], [11.544236365937927, 49.302225595130366, 14.783276888068539, 2.137300624626028, 0.2819439467309135, 0.6514831021458736], [11.5653897086762, 49.750368376522026, 14.50309337761883, 2.1760080674353057, 0.28881672743690795, 0.648631474259728], [11.553219463485059, 49.25630308157132, 14.67295878125373, 2.166506182975882, 0.28424778586941557, 0.6497187320056024], [11.602331532591096, 49.37008542932099, 14.707599574795928, 2.187952070330073, 0.287982531067431, 0.6439735916346803], [11.580097505001733, 50.074644977008184, 14.617611458518136, 2.0990672690508476, 0.2837520893174636, 0.6549694596871931], [11.534125163448763, 49.405145352231955, 14.73042756099741, 2.1397447793250506, 0.2820786591582492, 0.6524925541310254], [11.539249603949482, 49.377479831700235, 14.78315968324348, 2.1107213152571442, 0.2797983040681817, 0.6553896654340274], [11.568527844715389, 49.801055463976965, 14.519624617014207, 2.0913685823363206, 0.2811533092811042, 0.6567181448209024], [11.568863038288908, 48.325108215418766, 14.721470977550817, 2.162033201895884, 0.2810014409698801, 0.6519789375491909], [11.54923154500927, 48.949574006267284, 14.604501100571449, 2.2329280935866676, 0.2885103862440113, 0.64214950656258], [11.567896311703112, 49.800918489394675, 14.661496302373505, 2.098344884679047, 0.28149046793831506, 0.6586509110376713], [11.571564623537098, 49.806949625060035, 14.518832327399032, 2.191418910788151, 0.2903328224679061, 0.6470976671933392], [11.57021066051915, 49.83552811777252, 14.542473518379083, 2.1671822455273033, 0.2881113934455326, 0.6493844831516828], [11.541404139109941, 49.495018864771275, 14.889349446324738, 2.1223391989517753, 0.2808069194935386, 0.6545859020502915], [11.538810025766562, 48.88479900377693, 14.841546504182126, 2.109041759078503, 0.27747912298036564, 0.6562359452920865], [11.571394295899596, 49.88190563672985, 14.49662938037691, 2.1732799841270927, 0.2878291579181328, 0.6502113627608241], [11.53930272341485, 49.04396197578475, 14.811566287189438, 2.128443499554383, 0.2803224544905502, 0.6521156826919311], [11.589208529998787, 49.695418061740504, 14.484103595217107, 2.1364387780170166, 0.28495754195540307, 0.650866282819501], [11.560147652852807, 49.56824213231592, 14.437036781016817, 2.1626918519328533, 0.2879121703991767, 0.6472587697704486], [11.54866733953803, 49.34665449903435, 14.801721264568457, 2.100689429653302, 0.27874350240439, 0.6564990175156847], [11.564388476574532, 49.82587924365684, 14.433154412294723, 2.1274365560044566, 0.2834187338314485, 0.653716822206082], [11.555777601891002, 49.441917119685456, 14.752350655751787, 2.100017517168194, 0.28050560696846155, 0.6573448255678661], [11.558191657202501, 49.456948742138756, 