{"basin_id": 21, "ref_run_idx": 4, "seed": 204, "x_best": [11.67799067286913, 50.04481286239412, 13.910049472822438, 2.314687161692163, 0.30631545044187924, 0.6275959139918282], "best_J": 0.03188505295643057, "P_final": [[11.67799067286913, 50.04481286239412, 13.910049472822438, 2.314687161692163, 0.30631545044187924, 0.6275959139918282], [11.677346342787288, 49.91094203107123, 13.913822136090468, 2.3184171588839506, 0.3061993375026323, 0.6247870884269736], [11.689760555396044, 49.46492851542485, 13.85927242382525, 2.353420702099746, 0.3085197987097818, 0.6223033928264768], [11.678793891230452, 49.69288225754737, 13.901435598647925, 2.3106467403070345, 0.303502362484793, 0.6282287045169387], [11.682181654046287, 49.88896891659474, 13.924993427899732, 2.3335000626932363, 0.3069768187320741, 0.6261132177594975], [11.679017366231209, 50.07858718359975, 13.87749270724049, 2.345360729992194, 0.30973382961317497, 0.623821928377666], [11.683025889295829, 50.05964134634286, 13.839910334156604, 2.3178550665973776, 0.30787539239331607, 0.6268675610853202], [11.682620653103893, 50.14226895620366, 13.931494053785165, 2.3139280541510456, 0.30681755932388793, 0.6275758663164417], [11.68420498051584, 50.160508480012496, 13.898584932212822, 2.3239910086547297, 0.3069795610062578, 0.6281342414566882], [11.679244530240377, 49.89045050637253, 13.887004681196222, 2.3389989244263703, 0.30777691173712807, 0.6250793331255313], [11.682186526684324, 50.004185686797406, 13.929877434883004, 2.325826652764453, 0.30690764205880117, 0.6236247597641877], [11.679175343159187, 49.95211070974765, 13.940802721515285, 2.318820974557099, 0.30609197067071364, 0.6273203847184615], [11.678952220470444, 49.98768993441301, 13.928466948776698, 2.311903245659541, 0.30672008911990484, 0.6249674848990144], [11.68080225440419, 49.87164253847754, 13.899201178580556, 2.318249600748108, 0.3064226633069388, 0.6269659723381401], [11.681347300406888, 49.83746502336133, 13.941246468013135, 2.3407773763899042, 0.30733127683368044, 0.6245694560526945], [11.677411386115178, 50.45546831649424, 13.931107965912865, 2.3301228391543654, 0.30659234898005583, 0.6254459929771864], [11.681000742581155, 50.00680647446385, 13.890752587776534, 2.3275448140024744, 0.30706076356581974, 0.62559954448775], [11.680356125785083, 49.986441464597604, 13.895087458178473, 2.348310485518086, 0.3089857134644453, 0.6249895719363496], [11.78764245489226, 50.15008760000215, 13.316189319335509, 2.621594093374094, 0.33353221956595663, 0.5942427795106219], [11.722316823398804, 50.16497588817774, 13.746767286342486, 2.390703249465645, 0.31606771076566403, 0.6177863224084631], [11.678886248687478, 49.84285760587904, 13.9014879072892, 2.321017431836316, 0.30724064824098196, 0.624901083100051], [11.67790693673045, 49.837646629963814, 13.82662080594627, 2.3379145770036693, 0.3074429569653531, 0.6252081996656925], [11.680277466905784, 49.94146594081012, 13.938920931277355, 2.3130516537074075, 0.3050115432123056, 0.6298117942661475], [11.68720306152236, 50.16140905403797, 13.869667818677211, 2.320833751722295, 0.3078719946146145, 0.6252638264848339], [11.681531086063451, 49.933376837643394, 13.814750529611297, 2.3291544359066667, 0.30878098680720134, 0.6232480261600782], [11.682205469568895, 49.98426846477761, 13.837117216423431, 2.3268025042595557, 0.30728950416076295, 0.6265240127670901], [11.681814860703383, 49.91209989618883, 13.897082728182546, 2.3236616859411194, 0.3076125414791675, 0.6240686267167389], [11.68047248622997, 49.84034647506456, 13.928994871873241, 2.3156592691914697, 0.30563538274303365, 0.627024022624602], [11.688108175707756, 50.07648692564562, 13.8424620643704, 2.349185230020411, 0.3108363318922143, 0.6218835339048511], [11.678451748133536, 49.82494936132982, 13.914944825481676, 2.326111376236926, 0.30661888326627457, 0.6256222323412617], [11.677792512387875, 49.87039267621499, 13.876639031409624, 2.3231788861723994, 0.30694976504408883, 0.6267600369089977], [11.678103936230407, 49.91229130714218, 13.829421956112816, 2.3332526903414026, 0.30714730018560804, 0.6264290665901899], [11.679142370581543, 49.84298145240255, 13.883781595200924, 2.313678228274469, 0.30591500687870266, 0.6251349642851006], [11.690186854776817, 50.070084799939465, 13.843128166607622, 2.38374035525595, 0.31264239911137626, 0.6179503806751937], [11.685087104825461, 49.70343476421905, 13.748664799398297, 2.398432010480288, 0.31101349146122753, 0.6208697140481639], [11.717500415193308, 50.10486276165184, 13.699081360782497, 2.4152192758528446, 0.31517025611677957, 0.6178609005005692], [11.678028567783052, 49.89919509872274, 13.89948109029819, 2.3402039171354003, 0.3072067713929672, 0.6243820426729655], [11.680341535341217, 49.79559307281891, 13.854278773010119, 2.316352042109028, 0.3052658319258681, 0.6277301931386942], [11.67834615824954, 49.91793527313715, 13.96648341028385, 2.3285420710879223, 0.3064724171285249, 0.6263294842923635], [11.679954795556995, 49.98857577017907, 13.907167944299905, 2.3115538123596804, 0.3062980892719575, 0.6286408980816028], [11.678481596334473, 50.111724611922455, 13.960828405244113, 2.324020197238539, 0.3068670387950682, 0.6275460343107141], [11.677888145095242, 49.9006170221231, 13.923582939274185, 2.3162343791096522, 0.3058102213822931, 0.6262459149937671], [11.678589719703426, 50.00497024159477, 13.917699160158119, 2.3112501520918007, 0.30693397355568025, 0.6286766806888109], [11.806625929878424, 50.37908139475069, 13.23875436857842, 2.656359301070579, 0.3346618944192277, 0.5958568641727252], [11.757462478681598, 49.68477499613859, 13.513492220491518, 2.608010306586204, 0.33111371069835527, 0.5972808587070143], [11.681290392639971, 50.071201062528644, 13.88023523681014, 2.323387828956662, 0.30721573347285586, 0.6261987254588108], [11.681642247872489, 50.3729813476327, 13.745333474502646, 2.3644819508383175, 0.3118270299880913, 0.6225187313088707], [11.692086148892663, 50.022910109842705, 13.86473750443859, 2.3601637387937755, 0.3092066149607053, 0.6222229301123203], [11.693204676425069, 49.8767603384365, 13.937581713423251, 2.312847205633079, 0.3053677815399268, 0.6262639422902012], [11.689091442557206, 50.09342232269873, 13.782800320541904, 2.3558523805404707, 0.3103809913677258, 0.6234986055234077], [11.67938953395126, 49.958778768938885, 13.705699162737453, 2.315062951085683, 0.3067959818310489, 0.6259293678863478], [11.678464270985822, 50.02492660188315, 13.924690520058544, 2.3159212618385867, 0.3056933466151511, 0.6288589842803114], [11.680333032845594, 49.94264372436308, 13.964154857449914, 2.3121868782679544, 0.30562100907630985, 0.6276429004149872], [11.677358356834153, 49.951969586977924, 13.896908028905033, 2.336266618136242, 0.30612174419425214, 0.6256676550214537], [11.68031129465153, 49.952929885299085, 14.00131066383824, 2.3273575881325645, 0.3062210126238604, 0.6270774397998843], [11.7074084848878, 50.163004629893514, 13.747910715123446, 2.403533115619043, 0.31388630513583726, 0.6172984328578884], [11.67869778835312, 49.950851094762676, 13.937587048005703, 2.3106790157918184, 0.3059414933005011, 0.6286549316103457], [11.679678053721574, 49.9529839974904, 13.96030243592575, 2.314933632332732, 0.3060599366882813, 0.6267233821260755], [11.679684235414392, 49.699767915159185, 13.922178745815362, 2.313679508129375, 0.30499141362477095, 0.6252049542708323], [11.711398423869246, 50.05123187823975, 13.880108364160282, 2.341312007248557, 0.3081988511329929, 0.6238096189297914], [11.681585836636184, 49.8660163401632, 13.911446505527872, 2.3214266671425237, 0.3061604325094213, 0.6265114787093374], [11.677826130902806, 50.08323938502622, 13.873374014511876, 2.340324392145833, 0.30846196067304565, 0.6260304846707377], [11.697387205658076, 50.10690500956951, 13.759051167358065, 2.322940923359985, 0.30886355717158376, 0.624435836292811], [11.686419177173125, 49.96685834337072, 13.87756758216571, 2.3332329870234405, 0.3073454460027903, 0.6262436287823951], [11.780555430534145, 49.391573533678105, 