{"basin_id": 19, "ref_run_idx": 13, "seed": 213, "x_best": [11.504383465819451, 49.227553522414595, 15.20951280515644, 2.010982614742623, 0.2671906902373102, 0.6726743176813107], "best_J": 0.030953833656795975, "P_final": [[11.504383465819451, 49.227553522414595, 15.20951280515644, 2.010982614742623, 0.2671906902373102, 0.6726743176813107], [11.515349094500381, 49.687749814065576, 15.242262293999325, 1.950777886235417, 0.2645821830601768, 0.680915681355633], [11.510314975530546, 49.88220096694543, 15.122670407211121, 1.9988500408060779, 0.2698398279424603, 0.6738536398437176], [11.525119186300124, 49.65989453097548, 15.135651037181264, 1.9911423477070824, 0.2692279704214118, 0.671206865966735], [11.498003557527749, 49.40295952312966, 15.278570735055489, 2.013515227336305, 0.26712450183065145, 0.673289310488914], [11.50931647814711, 48.92426862680413, 15.062538302274394, 2.016318212481796, 0.2664394792690299, 0.671195288431958], [11.544156006292525, 49.537933747519176, 14.582836641897151, 2.0376066316164705, 0.27672979837287603, 0.6675210191954755], [11.498640926344759, 49.401641682703556, 15.184674126045055, 1.9981202903094166, 0.2659941193836504, 0.6728470982073717], [11.482529810428764, 49.07384338330909, 15.343015394275541, 1.990718663252163, 0.2630853545200623, 0.6743747444256428], [11.521008139655653, 49.40205732073078, 15.079757860810773, 2.0031865435773, 0.2682309673811049, 0.672867119049674], [11.525524353266185, 48.87541461807387, 15.027368742595451, 2.045616480387691, 0.26949526285906106, 0.6650860500497318], [11.488581501781606, 49.204997932657264, 15.318915578875375, 1.9946286677676663, 0.2637138741655472, 0.6743597649860033], [11.505328935645505, 49.38563131616232, 15.185777474101586, 2.0018616545243098, 0.2674815850177457, 0.6729722681827993], [11.497015439571657, 49.01363432674333, 15.306325229349266, 2.0418797617412294, 0.26828097572968934, 0.6727068126959076], [11.50750004556566, 49.07161409581582, 15.362477199708902, 1.9661654736762508, 0.2611868114400567, 0.6782323736775548], [11.477906137549038, 49.22666531211117, 15.24077798326879, 2.0501999317159734, 0.2699587820258481, 0.6688501452424619], [11.490194245443647, 49.33921118523695, 15.085807534289536, 2.040231224172033, 0.27154800235312987, 0.6700448269692317], [11.503519573530468, 49.04512310549701, 15.08939560986334, 2.072678562278538, 0.27066762738026884, 0.6624652579067302], [11.486132319389126, 48.68636468525452, 15.589919326299901, 1.9835086736513337, 0.2593177886898518, 0.6787789580239557], [11.478239520191632, 48.84691183701134, 15.352806222308825, 2.08332209203403, 0.2718330292166053, 0.6608968443853197], [11.493086337334798, 49.55395408338979, 15.638430992682608, 1.9227863864877555, 0.2593024714672855, 0.6825195179462309], [11.523267378651196, 49.60101055560961, 15.10057996650252, 2.0213466653778918, 0.26828572683067553, 0.6671234323412472], [11.50286111874677, 49.14379224262411, 15.337958968746033, 1.9959479214041607, 0.2647478941526043, 0.6765474950044719], [11.502816988031602, 49.42257350925564, 15.202719669811604, 2.018707261141784, 0.26916453985125816, 0.6717672465964607], [11.541329210215771, 49.97062136052781, 15.005170019418896, 2.0265696637505215, 0.27226829923218665, 0.6685205920167646], [11.562344373785542, 51.007299712495325, 14.898259612469728, 1.9152951183117364, 0.27024000322652764, 0.6789781278710831], [11.547319045122212, 49.086417471392394, 14.765904877171149, 2.0857131626346, 0.27485468261945734, 0.6651385937848864], [11.526459185849202, 49.567227543442584, 15.032853270086264, 2.0319869112939304, 0.27096116596469927, 0.6711621922390221], [11.495527063376395, 48.66749442695813, 15.334986916108871, 2.0512129169565756, 0.26704702141486963, 0.6692465768932857], [11.500461730274502, 49.544671565985155, 15.360155752748835, 1.9960635258715036, 0.26688523924316754, 0.6744417213742234], [11.72217248164433, 51.206539227445155, 14.078445444077975, 2.081605395971982, 0.2967579251149085, 0.6390058098886746], [11.462668136854411, 48.86835153290428, 15.068394239457811, 2.068558439682323, 0.2680547195238874, 0.6706479260678481], [11.515338889028707, 49.620001965018474, 15.206098710266467, 1.9988356368821054, 0.26926654503572517, 0.6710838977890213], [11.48753275733168, 49.09895461560382, 15.249234798118627, 2.0310487643068473, 0.26876099669730374, 0.6682694120267958], [11.505368951730384, 49.51489561510021, 15.340976491264374, 1.993924436529369, 0.2633687370886033, 0.6806831366553207], [11.463705154791983, 49.14461492029808, 15.50828705448572, 1.9788127966794495, 0.2622906786769279, 0.6783120310846462], [11.521885304293821, 49.051790084888815, 15.216210388118002, 1.9961114312025863, 0.265177876140497, 0.6733596828801646], [11.494828988552781, 49.495610168670524, 15.360829978265361, 1.9708348618342395, 0.26392312985487343, 0.6784911535291472], [11.516237124942803, 49.2363695797044, 15.148672961307447, 2.005553159620021, 0.26774499153272885, 0.6705002656426091], [11.516479832507281, 49.48840015419855, 15.078752990127795, 2.0097583922473787, 0.2689212042123656, 0.6720293616711819], [11.49947235521691, 49.23579073297509, 15.285355335639458, 2.010020302666774, 0.26659578974202164, 0.6704671626241423], [11.487302524519722, 50.180000242384494, 15.240872018029714, 1.9502123116754915, 0.26476921431097966, 0.6862641376895066], [11.49138806781471, 49.32998313352611, 15.106467930851087, 2.0423900706339095, 0.2701196714510409, 0.6714768534266171], [11.501828823174584, 49.13124840047272, 15.210311735048574, 1.9813707507208274, 0.2635448769823279, 0.6759754865902612], [11.45401566251392, 48.89618213637446, 15.451199998688146, 2.0119256142489115, 0.26361558144107544, 0.6780697533493069], [11.488047109567564, 49.950325088394436, 15.209737670153569, 1.9647808623680398, 0.26547189077475597, 0.680904184871108], [11.501284334972942, 48.7568250488061, 15.13125379258028, 2.057058401949629, 0.2691043674797949, 0.6647976486470871], [11.483517914151264, 49.26238342004217, 15.163102644372591, 2.0321178850869903, 0.26826861625174, 0.669392901529941], [11.501412202699782, 48.74150096367052, 15.447531379006712, 2.023372919934868, 0.26435326513704516, 0.6733724351678335], [11.488185144665993, 48.96397965868162, 15.5734373758367, 1.986205909446734, 0.2601095706893197, 0.678337602901334], [11.497347550881155, 48.945771058882016, 15.292376052222645, 2.025194700156647, 0.2665371880292851, 0.6725050437294383], [11.509151843574312, 48.97957346113792, 15.465824133854918, 1.9766023136619064, 0.26109001632594503, 0.6779800121866753], [11.526164153962364, 50.79627330224296, 15.26367830021858, 1.9194156631126886, 0.26951539917949674, 0.6805588532583842], [11.474469300296937, 49.34860813243261, 15.361066619498766, 2.012121009096132, 0.2656911900161659, 0.673178261185182], [11.502214852356975, 48.864972272127204, 15.263954265944967, 2.0319032581889456, 0.266523468164609, 0.6719909119809128], [11.528881429763247, 49.25558894116455, 15.119720657605697, 2.018484378464063, 0.26884243945833036, 0.6695282730300856], [11.504160918758965, 49.441955326576775, 15.32055363591898, 2.0079844961270084, 0.26756573425220537, 0.6754741313610392], [11.474966402217653, 49.0617099243316, 15.416829174946235, 2.0308685873567662, 0.26392494785281123, 0.6748328247160581], [11.491868103097556, 48.70798877534063, 15.320704337450946, 2.0379729209115935, 0.26663349427806937, 0.6711193226466461], [11.533296142163229, 49.12959192335527, 15.091020695944296, 2.0401918928106073, 0.26971019135703594, 0.6660319873254859], [11.516752661503286, 48.86558914426007, 15.394219831057029, 2.013992537227809, 0.2657372283091819, 0.6702447730363531], [11.485815865475018, 49.10291658605322, 15.309039834171044, 2.061790501436139, 0.27084629037574987, 0.669368366245446], [11.524315830468842, 49.21225974698758, 14.769712875257733, 2.1514780047316506, 0.2843874394252191, 0.6494208155101517], [11.523870950560994, 49.259268564379056, 15.157882251608257, 2.0140440524429764, 0.26866269650940355, 0.6703077224332707], [11.501686044222298, 48.95084035617068, 