{"basin_id": 4, "ref_run_idx": 3, "seed": 203, "x_best": [11.490471575978827, 48.6706675112581, 15.125529056956477, 2.088682452848871, 0.27137083755437585, 0.6650309055039556], "best_J": 0.030964275119783873, "P_final": [[11.490471575978827, 48.6706675112581, 15.125529056956477, 2.088682452848871, 0.27137083755437585, 0.6650309055039556], [11.519106457422414, 48.81278544354022, 14.953963935896546, 2.1114670020964432, 0.27538479738490745, 0.6628773682127679], [11.521726136455616, 48.68912207801496, 14.639493879322213, 2.1924335737409457, 0.2824845942714573, 0.6501559951369444], [11.550943522930407, 49.430080800658544, 14.801533533174185, 2.056505823799049, 0.2734943597067043, 0.6669778542496132], [11.481250941692986, 48.68660920605611, 15.244489687863705, 2.058991910282294, 0.2689419607763487, 0.6679277193383244], [11.519046805301445, 49.29280743731205, 14.861753488965304, 2.007144615939992, 0.26885439968188873, 0.6716318526925593], [11.551850332441736, 49.04855577417465, 14.815259966748293, 2.0893679777884127, 0.27692948471220785, 0.6640947357183677], [11.499452632747207, 48.7099548986887, 15.328631205018898, 2.0282520755912268, 0.265428685694755, 0.6681313926294387], [11.602279634368733, 49.75683082534888, 14.331081975318243, 2.196169687642582, 0.2931441176768297, 0.645097627684022], [11.523610841662107, 48.93340592438635, 14.59325501190387, 2.2183631600048277, 0.28457492263362977, 0.6530406237273656], [11.50810791770442, 48.761707232385106, 15.188124310668284, 2.0497330183290243, 0.2680159420215528, 0.6703162280756282], [11.471379161129278, 48.45670672934174, 15.124070245304686, 2.149134282043911, 0.2744483435560725, 0.6593595109528111], [11.512627391393174, 49.02111742022396, 14.916835464250214, 2.1136012755407205, 0.2770211639136942, 0.6593277408216733], [11.515758966985546, 49.43375138919753, 14.808401010573434, 2.14104625546974, 0.2806523583170081, 0.6581619578637629], [11.546298654668513, 50.06031688486511, 14.516691126263087, 2.1395906576010515, 0.288061428186951, 0.6515033469422513], [11.490613803756274, 48.539770192996095, 14.94951288380804, 2.1290551580804298, 0.2743758687935067, 0.6545485287244466], [11.523039082017327, 49.76035369070497, 14.86574753085868, 2.1211158849622422, 0.27998425896686324, 0.6575874964860481], [11.522380070594139, 48.323174247621466, 14.835617571584162, 2.12955493509221, 0.2769071048762392, 0.6568048918047765], [11.506015970728907, 48.64243087208629, 14.918648608892902, 2.0738166734391434, 0.2721742899614928, 0.6618076081394803], [11.519541258970397, 49.57593668135115, 14.99058622439019, 2.0921135773103656, 0.2790831666682879, 0.657202971565807], [11.487937232807631, 49.22353502241897, 14.673898342136749, 2.1854544739765664, 0.28469065580106917, 0.6569564956200513], [11.523025860460974, 49.48451442184386, 14.78526009583761, 2.097778339087981, 0.2786025490802167, 0.6661611005060081], [11.569588963942763, 49.59910255108701, 14.676268733433195, 2.167664928125278, 0.2883301335600007, 0.6486982426230072], [11.527044494201713, 48.977918431851194, 14.851859959312362, 2.128779823104128, 0.2787445610880318, 0.657011832724362], [11.503064009413764, 48.321675350964455, 15.036647312248373, 2.1201825681168107, 0.272694842701033, 0.6594422413364439], [11.5535654891233, 49.09286616448922, 14.682755877759622, 2.1532896179617684, 0.28256901067969004, 0.6550745059397728], [11.515765608683385, 49.25076870799424, 14.70076575616479, 2.1689130791388695, 0.28418867070115733, 0.6489985174819801], [11.498145846568, 48.64568318297794, 15.0653329649239, 2.0808103119016015, 0.2723952759360244, 0.6643682729878921], [11.527655065727675, 48.96350902596893, 14.872528621878777, 2.1007251446588087, 0.27455102458964875, 0.6642993543311374], [11.493834801425523, 49.24209009073981, 15.25407205907045, 2.0537589726108374, 0.269783443012816, 0.6679272707964846], [11.532693304868651, 49.700621548367074, 14.939880069683653, 2.0397431591485917, 0.2744836883703756, 0.6680362930828532], [11.53205359998951, 48.949660088669646, 14.241785929240937, 2.1683438234959427, 0.2840635057750243, 0.6501070129395116], [11.650438900567586, 49.72266426753766, 14.335522270127909, 2.1192136685488885, 0.28795642147313893, 0.642737431648184], [11.536093817577603, 49.77754034590593, 14.772842932696445, 2.0453692223390747, 0.27657104764049184, 0.665970354588301], [11.521086016855763, 49.924346251031096, 14.886584272709134, 2.0923423061951034, 0.27803183027851086, 0.6669422686436763], [11.532157710386105, 48.88832124093174, 14.926819983407034, 2.067216488248214, 0.2726342303305517, 0.6655586859964193], [11.493105792873108, 48.739391807173504, 14.931845742978972, 2.1577092912790503, 0.2783762794264112, 0.653796467111149], [11.479340268187165, 48.555881469387806, 15.21273080059438, 2.0769873952212214, 0.26927418860964936, 0.6689664500548338], [11.468030146834623, 48.63187853083022, 15.170657832688653, 2.08138088255236, 0.26896825073257374, 0.6673506579776228], [11.536665163786157, 49.78216853408538, 14.547029606931734, 2.2281936877869613, 0.29408061288577253, 0.6443346246184783], [11.524946583160073, 48.98421672226864, 14.779682648905407, 2.1265021256422267, 0.27850838364813196, 0.6575542799699552], [11.513041792035084, 49.15617168168552, 14.788424371887148, 2.130389460544652, 0.2773673856518096, 0.6599731057034725], [11.536375042768812, 49.25599234205041, 14.581009517142945, 2.1843982326059543, 0.2854407977870135, 0.6509840439440121], [11.511726255622799, 49.35554467705463, 14.86136955158431, 2.1437135769205327, 0.2793937590017204, 0.6532088201768275], [11.52021018550312, 49.01882387223033, 15.227626685687655, 2.022003467135323, 0.26831654297748714, 0.6715426862323494], [11.534768353885871, 49.24593141864204, 14.764058362712758, 2.1075026047355023, 0.2813385284494193, 0.6539908045606879], [11.50459707569556, 49.52859825005203, 15.030658762569079, 2.1236049142559073, 0.28043937695781823, 0.6555099055787947], [11.48121663740359, 49.509128832399774, 15.033320245867802, 2.083605964653163, 0.2753693466824242, 0.6648375153548767], [11.497466573469206, 48.69145690800766, 14.899253633795084, 2.1251827595998494, 0.2759615308690003, 0.6598429905494341], [11.573236454239535, 49.30740943059207, 14.561430509594448, 2.159373461709703, 0.2852613773973191, 0.6500729813405548], [11.532855355643905, 49.46743325221462, 14.731336065164886, 2.114856422683972, 0.2807304378544193, 0.6524642300414643], [11.490978032287698, 48.417516700316085, 14.912154174072983, 2.2293757544672035, 0.2792290856863501, 0.6558120185352895], [11.498977294262806, 49.33371328296031, 14.702742586285186, 2.2014564622143293, 0.28565017638544205, 0.6482863977976926], [11.580595018867626, 50.12209333796914, 14.882681583627072, 2.1568746297696224, 0.29091985042028684, 0.6420292858283427], [11.509093142434821, 48.78252611822226, 15.029829289982759, 2.105383855175917, 0.2734256408205877, 0.6634728423479364], [11.538073936092573, 49.04267012808535, 14.491823835764393, 2.2199802879994355, 0.2883678532446234, 0.6490172211118412], [11.520216033970833, 49.21587688882283, 14.776729027644363, 2.14067717863461, 0.28295649576632187, 0.6561323189119588], [11.528973565562692, 49.328077975921076, 14.841681436150918, 2.110245924519743, 0.27935938614538114, 0.6625444545626767], [11.489546678710493, 48.71072014298689, 14.952398312215228, 2.146070516821799, 0.2778513355778463, 0.6532370339489741], [11.526045792515333, 48.75904160355945, 14.731945038986794, 2.164285002472392, 0.282085832842109, 0.652428972156691], [11.548126257431736, 49.94533139887906, 14.498786434875232, 2.101233326185798, 0.2842786654607125, 0.6517624078567799], [11.466882529093999, 48.33456533570892, 15.092201333879705, 2.100737234120207, 0.27072909250699567, 0.6660800212980432], [11.484395541014148, 48.06720890783364, 15.206825924281663, 2.081581021559624, 0.2668455036573843, 0.6669959789090019], [11.553348329461134, 49.445832383015016, 14.712819926223636, 2.1544651785430156, 0.2855739583071684, 0.6529779810023254], [11.555292822362723, 49.50208384398953, 14.728900080321589, 