{"basin_id": 3, "ref_run_idx": 7, "seed": 207, "x_best": [11.468917635675867, 48.72594973897686, 15.463293296548443, 2.0199214245622397, 0.263246995737599, 0.6743203314482358], "best_J": 0.030919651413368075, "P_final": [[11.468917635675867, 48.72594973897686, 15.463293296548443, 2.0199214245622397, 0.263246995737599, 0.6743203314482358], [11.49661265176559, 49.004307978497586, 15.832085807253113, 1.9814063891278735, 0.2590620885647194, 0.6800738951808821], [11.469847286591158, 48.81818740451434, 15.45579362853759, 2.0257431000705877, 0.26424516800300113, 0.6752097925126478], [11.467875121951908, 48.94410763400618, 15.476123940259708, 2.005420745286172, 0.26388663764892634, 0.6758889475383982], [11.486204887641005, 48.911884655528574, 15.317170640283095, 2.0532596206513194, 0.2662387234456012, 0.6707435611876323], [11.47181571343821, 49.38644138247856, 15.493140772945367, 1.9635904452825315, 0.2603477264842638, 0.6839498276095844], [11.463409179972725, 48.83753110324723, 15.56724843553697, 2.0106686954850277, 0.2627085388098679, 0.6752354667727208], [11.47193463929058, 49.045626750275936, 15.33535366167419, 1.9914192871174483, 0.26267097319659194, 0.6760123107914023], [11.460203568778399, 48.91678907308982, 15.457570633518566, 2.018070396328611, 0.2640143772812045, 0.6732797331045876], [11.500758771616503, 49.49242367984454, 15.447950814908417, 1.942973577706959, 0.25999979907542853, 0.6818557667593775], [11.436916829355262, 48.767422854841946, 15.934874093599065, 1.963699190602277, 0.2558275412911024, 0.6846934175950469], [11.461788197526072, 48.74311343181685, 15.388648124848627, 2.0399551661375623, 0.26599443539140116, 0.6713271926915194], [11.465734431573054, 48.990613249617525, 15.425425676697381, 2.006908490149802, 0.26262497595917966, 0.6769031308957788], [11.476618326863433, 48.74783336810418, 15.373456830645003, 2.0443809465846643, 0.26512803585938116, 0.6739788260770393], [11.452843810920209, 48.34333064508009, 15.300388287308971, 2.1106299937760777, 0.26895293702083667, 0.6689000611981643], [11.446008970883959, 49.0697665199182, 15.639986727095753, 2.035702864903816, 0.2652216578263985, 0.675710625721518], [11.456903874254968, 48.70237566050175, 15.402649446374912, 2.021466810026534, 0.2618630903781429, 0.6774004641589302], [11.507556622388142, 48.55861502212163, 15.209789702459416, 2.0693234291116065, 0.27046096752577614, 0.663049090884625], [11.493789213041309, 48.78373170021103, 15.322152643332345, 2.0521095344949662, 0.26755381250941235, 0.6684704233259385], [11.475565598510997, 48.816015517038835, 15.45907264329256, 2.023292384339309, 0.2644762547948639, 0.6743184513987999], [11.44107727749941, 48.825021980310424, 15.449905328571194, 2.022511278875323, 0.26404992608363936, 0.6743823567661459], [11.490621768754133, 49.17522744353948, 15.410039144395773, 2.0347289224522465, 0.2681701603057032, 0.6707294786357558], [11.478886381100645, 48.9742499163128, 15.417712381307966, 2.01540673478058, 0.2650731192161435, 0.674732643395219], [11.382460353916697, 48.64000331195197, 15.708815844748043, 1.9568467242888263, 0.25363063026956234, 0.6870422276587984], [11.478102620349109, 48.978401034472036, 15.282296465166755, 2.051692226316558, 0.26867463359416593, 0.6687880778036314], [11.46945518063315, 48.51275931150497, 15.358609846197322, 2.056873850147372, 0.26390233693417126, 0.6739746957043552], [11.468616872992472, 48.88043328157539, 15.413069651156091, 2.034073095983525, 0.2650631822366149, 0.6735639584247851], [11.467689648829705, 48.99546835220915, 15.415465806578228, 2.045293789827886, 0.26737629514400235, 0.6747047341981621], [11.467575533228496, 50.2106629618458, 15.766755776029894, 1.9166601011109603, 0.2593643902663774, 0.6934232556515477], [11.492289807393924, 48.45309829696662, 15.359633650234464, 2.0380260737137545, 0.264045050256769, 0.6716196211744654], [11.501635032688894, 48.99338100188898, 15.17174983353412, 2.0519397223766407, 0.2695102067822592, 0.6680280446039446], [11.467561732770537, 49.11921736685263, 15.436453203259388, 1.9804932429940498, 0.2623284487444109, 0.6780118512444074], [11.472512497149287, 48.46201327090003, 15.48638642967634, 2.030474674750227, 0.263824180807977, 0.6722476462168279], [11.448695508634879, 48.89590309190328, 15.520689711369656, 2.001779271822016, 0.26285892691426865, 0.6763149857372802], [11.447992603680136, 48.861913234733485, 15.548585126962505, 2.02274161726094, 0.26175905794249266, 0.6774646736309363], [11.454743064371149, 48.71414106016862, 15.262757558534966, 2.0349755894527255, 0.26462565488111967, 0.6738416467887169], [11.492782514208043, 49.272980256132854, 15.34246684605185, 2.024368917785995, 0.26955802678970064, 0.6650407223006888], [11.469809464625865, 48.90225570583706, 15.495951212953718, 2.0015037415442096, 0.2625432819303898, 0.6773278309336578], [11.486091788682042, 48.93745532072486, 15.207944269276226, 2.0538132036252477, 0.2674079088368583, 0.6694015403176315], [11.485634933897725, 49.22893068316341, 15.55484851786457, 1.9493518309461615, 0.26026589245916665, 0.6814682993329466], [11.457212542566298, 49.185115136901665, 15.362207595174688, 2.00340983080486, 0.2655920574032327, 0.6759203184904788], [11.467142833294815, 48.98066199927367, 15.408005006458062, 2.0173801093149866, 0.2639802035061891, 0.6758123625995337], [11.46599449386221, 48.79750024042385, 15.650629337400154, 1.9627363997985456, 0.2590828421260491, 0.6808135878182031], [11.501244275503256, 48.68433433046478, 15.373494866950042, 1.9519925719670774, 0.2576968906603037, 0.6827949200755192], [11.477465752423292, 48.87713190618347, 15.457986517800036, 2.0242464200093067, 0.26465340032412227, 0.67350878350443], [11.450521298694829, 49.0874682713354, 15.44432014412785, 1.9646736157486646, 0.25869127903112155, 0.682781795629595], [11.468094498078765, 48.96469350813292, 15.436123069373954, 1.9959854786279032, 0.26268936689719524, 0.6765613685628662], [11.476782888782642, 48.747745424769626, 15.489698616802428, 2.014868438548428, 0.26339978878490716, 0.673116379750089], [11.505866416257057, 49.70288433654875, 15.384697633505906, 1.9084769124511909, 0.260413562830416, 0.68440746225883], [11.44821935694141, 48.64726364685171, 15.393387418430509, 2.059263672973627, 0.2644440564662872, 0.6731153648504561], [11.476708454978015, 48.91394547288302, 15.427621563271936, 2.0146796275707013, 0.2645255874585656, 0.6738780375728236], [11.460428218134686, 49.23394348436069, 15.398487726458825, 2.007590416313183, 0.2646949153740883, 0.6744971230533956], [11.431421936864483, 48.44182555642009, 15.485779884787506, 2.035334591139538, 0.26314743665603135, 0.6735434032266474], [11.55225378951317, 48.58958322602046, 14.978591263876181, 2.0628132226215805, 0.26739666414967017, 0.6683449271719981], [11.487213066561266, 48.79085061450987, 15.40633252656961, 2.0228408106812785, 0.26295089662939164, 0.6755824074516708], [11.479389013496375, 49.07261991553929, 15.116354435360243, 2.0578954458388115, 0.2698126018134626, 0.668631348871865], [11.469087846517349, 48.88759462905256, 15.381396563332862, 2.0302918299279447, 0.26496942131437123, 0.6739617585625642], [11.506096539104973, 48.675214547476955, 15.166266548639445, 2.030636260656609, 0.26620859456707446, 0.6714509460996293], [11.467117666047539, 48.9095298797865, 15.448752915854833, 2.0326562806992015, 0.266015033403172, 0.6719647488863075], [11.442943863403876, 48.80103607115412, 15.498154535640174, 2.0409522393157964, 0.26564847803471076, 0.6714540429870772], [11.481185306395796, 48.628013895433966, 15.292016637736959, 2.050460455759207, 0.26635382595521623, 0.6707593542971765], [11.470145108465857, 49.132606686540406, 15.369180462816956, 2.0359692064687818, 0.267496508303588, 0.67141403227514], [11.4557557926872, 48.77105445480628, 15.441028080252616, 2.014098993719321, 0.26193896477367856, 0.6749309851522929], [11.474657790148186, 48.83222170639715, 15.551316511835223, 2.0264011564113797, 0.26409386465524, 0.6750862692409145], [11.449346140842865, 48.855695691362016, 15.368872108681384, 