{"basin_id": 12, "ref_run_idx": 5, "seed": 205, "x_best": [11.519335012130151, 48.90607696266317, 14.904879868310557, 2.1202508408637817, 0.2763096927735408, 0.6580232438864465], "best_J": 0.03101619604467204, "P_final": [[11.519335012130151, 48.90607696266317, 14.904879868310557, 2.1202508408637817, 0.2763096927735408, 0.6580232438864465], [11.55094529677888, 48.27497746107606, 14.490151330735495, 2.195111922630661, 0.28138691736028326, 0.6466876706295905], [11.532573554504534, 48.75488385847704, 14.659097211217182, 2.167377576962468, 0.2804587844987568, 0.6529591147971999], [11.489769948843282, 48.58499308115053, 14.859270087964115, 2.182947377302519, 0.28086043742170974, 0.6521943409515566], [11.532335521422679, 48.990751010342805, 14.726818565170685, 2.145805349801277, 0.28069027325991863, 0.6533101309315558], [11.553686890005487, 49.126586852819806, 14.617047418286846, 2.1202710538203062, 0.27747808672464774, 0.6559357825943871], [11.549785061356765, 48.32206874512773, 14.47757336641651, 2.2166427098624513, 0.2848306437067776, 0.6489362709063988], [11.539262409795727, 49.32710966424776, 14.726551682604791, 2.132619255938371, 0.28130986188624924, 0.6541660412837457], [11.516743756823308, 48.46144525315187, 14.644015407647704, 2.2028215650905425, 0.2821724396903752, 0.6500224240753512], [11.569073520776675, 49.47060490039072, 14.577127001981665, 2.096215178262709, 0.280721683455119, 0.6566869657999393], [11.529773273817606, 48.38288782921927, 14.725411327919248, 2.1496521544180163, 0.27813650377600313, 0.6534796282457244], [11.556237938398844, 48.69747947935867, 14.600511724168722, 2.1535502177795407, 0.28144470653286685, 0.6527489478796455], [11.538657044152886, 49.31793752669378, 14.788543999604634, 2.1309565293881847, 0.2810812589185101, 0.6551753088984344], [11.50241256873392, 49.3218337252617, 14.736888933490354, 2.1292539128868224, 0.28120535195769386, 0.6558529604940142], [11.5808195383311, 49.73615725828334, 14.64729505481086, 2.1139650032835777, 0.28191172273893217, 0.6567079157091806], [11.513324190815666, 49.08183578446178, 14.72255181307999, 2.1237169863421728, 0.2793353661367058, 0.6557840129094323], [11.554143269782795, 49.226246314189986, 14.692643412478455, 2.1356823990159546, 0.28120792261837796, 0.6514756011945009], [11.540659044423968, 48.77859164490913, 14.637134430802162, 2.169531703137176, 0.2824595433286782, 0.6512347378748299], [11.491030453113982, 49.22962321472726, 14.8265888928556, 2.11087715198867, 0.279116468909269, 0.6550013459963877], [11.532242496414188, 49.33676127776486, 14.75906654940857, 2.1261121253016793, 0.28066486704839455, 0.6560929290524228], [11.504133246033238, 48.864754401849865, 14.819360947442204, 2.171065471873695, 0.2802596007905806, 0.6521536168228838], [11.544469806386155, 48.791407221796156, 14.78056734956803, 2.126242753991271, 0.27888086533749273, 0.6555541264681404], [11.517420497670042, 48.81483981186807, 14.799236621836718, 2.1535430688339465, 0.2801805465574378, 0.6531719387434148], [11.453229929563602, 48.10033912310127, 14.946190568532728, 2.245238927720612, 0.28129596494460757, 0.650193669612616], [11.551279935408585, 48.702207949660966, 14.643713588763257, 2.1669659488931545, 0.28201318532946706, 0.6518414390893748], [11.492994170356681, 48.83505456690815, 14.768078596264584, 2.179056167982446, 0.2807422669613145, 0.6547978316225738], [11.531620113056308, 49.49376152827624, 14.677606489223628, 2.108162652705408, 0.2807739438127138, 0.6574058428809888], [11.560741971556109, 49.24042983290435, 14.706118821116972, 2.1354571708376406, 0.28069226890985194, 0.6527369034399227], [11.565671417501093, 49.313222393722235, 14.518820992382068, 2.13215750426208, 0.2816348722003887, 0.6582304075500747], [11.536530459518664, 48.16760620335907, 14.778176871053411, 2.1821212795685145, 0.2777767320388308, 0.6568427330402088], [11.469425090264727, 48.142959356057375, 15.050282752878829, 2.120073539611964, 0.26821356912025934, 0.663592962679498], [11.55047063099913, 49.527411496204444, 14.643123807365354, 2.1134490640269603, 0.2809959305537385, 0.6566038278037628], [11.52426366999819, 48.81141369630698, 14.715600774658183, 2.1565442918890625, 0.2799893716249775, 0.6560374917718617], [11.525348822601197, 49.216882063140375, 14.978966443964431, 2.1406873631568306, 0.28066918540918917, 0.6553592891770579], [11.520603452847205, 49.87460303327135, 14.709893674361588, 2.1806402967777854, 0.2855144614598996, 0.6521342655913537], [11.531716673031127, 49.305355567891205, 14.793985047989619, 2.131926542973322, 0.28095207838189845, 0.6565126636826971], [11.538275827800174, 49.0451808590865, 14.730789666021431, 2.1505058820301355, 0.28204715101350053, 0.6533999212528793], [11.55763371482821, 49.16065462462534, 14.67815616911389, 2.1303256718749837, 0.28089847009397423, 0.6537642499032884], [11.554495091225572, 48.801253179142904, 14.721173078829985, 2.1211907556139993, 0.2802575063517869, 0.6530261881681622], [11.562350011977692, 48.7622148506417, 14.793367851774287, 2.1552419785561714, 0.2796125873953159, 0.6517142303172484], [11.506588191874553, 48.924626253543295, 14.729625521321163, 2.161533916066124, 0.28027324849040497, 0.6546080906097765], [11.554329598412693, 49.041326486484074, 14.6961286871518, 2.1699259094073953, 0.28209887895123553, 0.6544418055444394], [11.535726951396452, 49.45401804250051, 14.764309935597844, 2.1167232740658672, 0.2809256658183782, 0.6553084965088287], [11.538413705856117, 49.335900852572856, 14.772563059067043, 2.1705774980615784, 0.28390249398633755, 0.6517944777438079], [11.541151617362523, 49.202653523486944, 14.76610439402495, 2.127015969746812, 0.28058336713391085, 0.6552435536744331], [11.541322005915228, 49.45468905719961, 14.688141959490647, 2.1159698445032027, 0.2807127725836329, 0.6577128653724205], [11.504526908781969, 49.24906129786158, 14.795886812476207, 2.132444748278231, 0.2809503978288889, 0.6595018133750445], [11.563429537890357, 49.247014069415286, 14.654154743699667, 2.1215513564447255, 0.2811397989081524, 0.6543071572998137], [11.539953905811522, 49.32521287562653, 14.78886520579152, 2.1242564375504434, 0.2801417997977408, 0.6600849448498453], [11.55617014203036, 49.158942217610374, 14.708255397775249, 2.136747237165837, 0.28145341606019136, 0.6541838217545731], [11.527104189395013, 48.94101148089416, 14.65702405243988, 2.1475758137501666, 0.2806602834208545, 0.6531113774450032], [11.525602418563338, 48.971235411186704, 14.785327754694928, 2.1468820917348097, 0.28039641021545425, 0.654776750277323], [11.51110015727601, 48.495825471981036, 14.796699114617637, 2.172619062338265, 0.2806975894368806, 0.6504527397700054], [11.512590407407808, 48.51763016892473, 14.705702441643217, 2.1759253791615176, 0.2816950145730966, 0.6505621393278673], [11.529909412930804, 49.25813847980271, 14.657655835745334, 2.151944753560995, 0.28208984420897537, 0.6541930774064152], [11.54361092782831, 49.35903544523648, 14.718465576842739, 2.120806161358523, 0.28097000530134575, 0.6546155528097026], [11.534035497931571, 49.11344267699946, 14.801049780096323, 2.132818350898061, 0.2805227125429938, 0.654655972046282], [11.540637829506057, 49.29662129887656, 14.628856292202379, 2.1264835571361456, 0.28127636688705, 0.6548302942081818], [11.558664632037898, 49.46216116087078, 14.650228318217783, 2.128614192134497, 0.2824097805926704, 0.6538167858602636], [11.499803936677125, 48.67377642231171, 14.699443686427465, 2.1902066263185076, 0.28344235304338505, 0.6460605302058349], [11.531413886018413, 49.53111123524775, 14.816376441830723, 2.1422874295902004, 0.282064694641576, 0.6536364932468914], [11.556790737476621, 49.31985554711144, 14.644671588688718, 2.1204459369601025, 0.28110741575096193, 0.6554474531861162], [11.494106619633417, 48.572561115257166, 14.873859511549611, 2.1787953880958213, 0.28078702295410185, 0.6478915418874511], [11.509570577907324, 48.90814902361143, 14.673407797606641, 2.1628346319081984, 0.2811305381611401, 0.6545580214548887], [11.554718741155025, 49.1920981221664, 