{"basin_id": 9, "ref_run_idx": 2, "seed": 202, "x_best": [11.476760216863562, 48.80960907359511, 15.33201436844517, 2.0360179949886508, 0.2659570513763998, 0.6716886344989709], "best_J": 0.030910978675038604, "P_final": [[11.476760216863562, 48.80960907359511, 15.33201436844517, 2.0360179949886508, 0.2659570513763998, 0.6716886344989709], [11.486000747746868, 48.698529494433785, 15.20996450249088, 2.0527165512769767, 0.2683575786791776, 0.667555035111476], [11.468178804427989, 48.708361545969034, 15.416542429705194, 2.0226159530921564, 0.26367628525412956, 0.674146962689174], [11.4958622661755, 48.92691718672255, 15.233927222224844, 2.046012967746763, 0.26818470123362415, 0.6685698298696336], [11.48115814968581, 48.9318224584467, 15.277196442120594, 2.0335978771235026, 0.26641603308415246, 0.6719443738109526], [11.483740949843083, 48.98010535493945, 15.150056977568193, 2.0660265841537093, 0.2709894229043679, 0.6659569619492003], [11.486103136775833, 48.960036637066175, 15.193064015646438, 2.032475266045315, 0.2669668304689625, 0.6710302462562494], [11.503944564547888, 49.22784730924918, 15.07081092280994, 2.06953137677037, 0.27300498934634354, 0.664369878651665], [11.478955281867988, 48.722374059538105, 15.270098965371384, 2.065490541157948, 0.26842635002203885, 0.6682336380687498], [11.49792527240909, 49.308209676136265, 15.182535694670102, 2.0370439820542696, 0.26985780501263296, 0.669241630899628], [11.496254238142797, 49.20284906320196, 15.186239141547823, 2.039036523293992, 0.26892553120569734, 0.670239263490116], [11.479967868628975, 48.95218232766482, 15.333987662725477, 2.0190754084718106, 0.26486486862274744, 0.6736638227758966], [11.478382244519812, 48.70378374800983, 15.322397864351117, 2.045451004359542, 0.2663926955298433, 0.6712258656911001], [11.50920241198477, 49.07328588111297, 15.067548001432334, 2.068577901409194, 0.2716133073860846, 0.6644014059017488], [11.475317963491637, 48.78784457294944, 15.301601319231406, 2.030601557681726, 0.26519688848431855, 0.6728630662588381], [11.49764398021219, 49.01483499983155, 15.178179780652549, 2.0464716920851416, 0.2695971389541295, 0.6684646451095517], [11.473518255650315, 48.85692581029477, 15.38487171856374, 2.031553917107722, 0.2655806216083161, 0.6725107819900326], [11.48785308860088, 49.01606789480037, 15.269958767821453, 2.0270835213267904, 0.26703474483639095, 0.6718743631208524], [11.47876399835573, 48.857606230374756, 15.316795818024119, 2.0352544625023623, 0.266523430334572, 0.6713178073511376], [11.504487442835469, 49.030415665404405, 15.141753702820026, 2.0480446250173507, 0.26937605086092914, 0.667639399475061], [11.48832657082277, 48.96282648588616, 15.254417225017239, 2.04138338018636, 0.2674479707461177, 0.6709768363247618], [11.492823475026546, 49.11798722842901, 15.142318306484587, 2.0589037343912047, 0.2705681565107655, 0.6682458244768754], [11.487765548836563, 49.223772724025224, 15.316567973256419, 2.0221172466471153, 0.26702963853617, 0.6734495962971664], [11.472215086905253, 48.50615497844038, 15.273305201563812, 2.07070981210489, 0.2678665698392005, 0.667804339659261], [11.483194472639498, 48.8207455551992, 15.204739563585413, 2.0651945333445396, 0.2689252785771698, 0.6677043324830435], [11.471348652452155, 48.75100025408157, 15.386757542544784, 2.031781579157369, 0.26505455711785575, 0.6725165818997998], [11.477972348681226, 48.84238315347057, 15.357260885093922, 2.022728297958218, 0.264650023003149, 0.6733088265539341], [11.481326165127705, 48.91039799191823, 15.20783545965754, 2.0521258750430857, 0.2683107960082844, 0.6701299334455911], [11.488314860997015, 48.86975721477192, 15.354279630284061, 2.020081040631501, 0.26466979117085904, 0.673466667880697], [11.500851746769015, 49.227495966745735, 15.162687049111414, 2.0408354310937202, 0.27001337394012687, 0.6681935698384418], [11.484149573399968, 49.12307123614399, 15.206649015421604, 2.04621811859318, 0.2691664375193969, 0.668699406063954], [11.497056586392146, 48.80904575221236, 15.080892238762926, 2.0831060297984276, 0.2715778894468278, 0.6642329904517016], [11.478646682094508, 49.03354413462596, 15.353548011538978, 2.0138998235403345, 0.2650996175577618, 0.6748607200756924], [11.483900098782968, 48.92138078805729, 15.299981390094873, 2.0285897914244746, 0.26591741230113897, 0.6726059179063022], [11.482885079595839, 48.78769920676655, 15.335159578648339, 2.034339387331315, 0.26535539209885334, 0.6712818665433239], [11.49662553822132, 49.2417457342858, 15.120676748298791, 2.0555910386361114, 0.27141169232292445, 0.6663868862344726], [11.477422033532834, 48.805029811850446, 15.323390012328971, 2.031271870826764, 0.265757943323044, 0.6718995973527426], [11.477908911184285, 48.67333196695885, 15.313820410732738, 2.047116065341667, 0.26637815110305235, 0.6703710505576557], [11.495927852250587, 49.24069924732665, 15.14665095334369, 2.052995898566065, 0.2711484571097717, 0.6671132135440881], [11.478753475224565, 48.79399568781907, 15.314776494619634, 2.0408408620710685, 0.2664905886835039, 0.6709230227340183], [11.48318016819871, 49.058503674667016, 15.286950668653454, 2.03301438520825, 0.2669827732090321, 0.672491708658158], [11.47157921624907, 48.73197907791236, 15.378370441876342, 2.032133034905716, 0.26505204172816044, 0.6720604628661153], [11.475890809835398, 49.00894751813917, 15.316437475225456, 2.0272838326684894, 0.2662118209707912, 0.6722770468284455], [11.504463143865278, 49.03051112981621, 15.034332624545351, 2.0820829762664856, 0.27403620238011284, 0.6619850215924507], [11.47793343690165, 48.7386892370365, 15.330615032963493, 2.0376874542070116, 0.2657100355027733, 0.6715068309279586], [11.48226076810077, 49.01441239580757, 15.221002683251653, 2.0520238645930133, 0.2692375837844467, 0.6688302833463903], [11.493213043784682, 49.181460102868144, 15.164140412720734, 2.047777942067897, 0.26964244132876625, 0.668960071437078], [11.480800020877625, 48.9701586306591, 15.32224755295444, 2.03006799129136, 0.2661966246513644, 0.6722747015217867], [11.48890544126985, 48.98020410197952, 15.218894857498414, 2.0366426952451633, 0.2676232555708109, 0.6700155568792746], [11.495650382106474, 48.88491806303877, 15.22330153316466, 2.049226471958591, 0.26809499957292526, 0.669334406477364], [11.480823910540831, 48.803094390571786, 15.221365867333624, 2.044399874709106, 0.2668981327114434, 0.6702980304404061], [11.503544897180088, 49.332830310901535, 15.12656227330813, 2.0333013066257846, 0.27004283168969667, 0.6695820882993438], [11.492380775621067, 48.92373201337117, 15.075118391288663, 2.0868315217254687, 0.2723713044993519, 0.6646191719350016], [11.493082476210727, 49.0067305313254, 14.992007061703571, 2.0544685550665505, 0.2697461260971972, 0.6678497011227991], [11.468574957228613, 48.73861782486063, 15.452357523666068, 2.0105591042802073, 0.26267027740031434, 0.6750610846353982], [11.513600062002425, 48.99443462405398, 15.069166226032655, 2.075459185063934, 0.27255454067099893, 0.6639040269532336], [11.497517485458818, 48.94229506630698, 15.137263377584517, 2.0638341631330097, 0.27008747686466195, 0.6678791393672205], [11.492186994118132, 48.86983518749707, 15.288805311945888, 2.0401882577134507, 0.2673061362582639, 0.6705786971444608], [11.500897257033781, 49.19383952887108, 15.140237671890185, 2.0405164217750844, 0.26994739968454623, 0.6690433920080557], [11.481020514777697, 48.968261326306255, 15.36012021679837, 2.0193810068221065, 0.2649865663214849, 0.6738865585880456], [11.500132871782194, 49.2714235026525, 15.157205757337914, 2.0389906840880925, 0.2700243867309128, 0.6680394654206971], [11.48253163679092, 48.88437979362715, 15.271478798246356, 2.0444334192212654, 0.26739300977763447, 0.6707767676317787], [11.486758545567621, 48.93616861827543, 15.250185873637976, 2.0449080889045907, 0.26771701701726797, 0.6697576011021357], [11.479885458226047, 48.79428239548106, 15.306374500741825, 2.0399422802909166, 0.2664706754093074, 0.6709929785875506], [11.484389131998908, 48.76285920801396, 15.271719891831982, 