{"basin_id": 19, "ref_run_idx": 14, "seed": 214, "x_best": [11.478367339886876, 48.967637177644605, 15.357380653059943, 2.016965939825266, 0.2647721762640778, 0.6737253030882828], "best_J": 0.030913550734978083, "P_final": [[11.478367339886876, 48.967637177644605, 15.357380653059943, 2.016965939825266, 0.2647721762640778, 0.6737253030882828], [11.461560732959777, 48.89830484774116, 15.522786997169144, 2.0048012598940836, 0.2622634303309422, 0.6772977306900606], [11.464144065185321, 48.82771398253964, 15.410235409798913, 2.0184555660047363, 0.2639818119506341, 0.6744793069362602], [11.467744981774484, 48.939841025077456, 15.468102073650998, 2.005011143284614, 0.262866789779981, 0.6760679678245837], [11.468866209465636, 48.827089671488835, 15.443656222792335, 2.0062715581717354, 0.26235881522147303, 0.6762388738916304], [11.456628402970507, 48.72175797414492, 15.561789819071278, 1.997230951433628, 0.26029298987595134, 0.6796995653188886], [11.491624302219895, 49.13311274134628, 15.238621303216204, 2.019074984900988, 0.2667411312553874, 0.6722380942747985], [11.466149826361974, 48.93753997569784, 15.376490739712189, 2.0196349018136055, 0.26454231693469815, 0.6741630234350311], [11.478181846167, 48.96863695482286, 15.364582160304309, 2.014702933599868, 0.2645374231604157, 0.6741722436176228], [11.45678840056043, 48.732920890934544, 15.5395988556586, 1.988188192592952, 0.25945857608014417, 0.677890366630598], [11.479045588852504, 48.960930518380536, 15.333900436070087, 2.018844150223562, 0.2649695580541659, 0.6743205500633623], [11.467981856063338, 49.03008107651123, 15.379841161865546, 2.0107077777988054, 0.2644950697407828, 0.6748846215445632], [11.477636952542156, 48.87580013549659, 15.362047163430532, 2.026859831297766, 0.2648932304343983, 0.6736291007892421], [11.478193765678721, 48.8565545248853, 15.428520545615783, 2.0070965565112893, 0.26316383719691216, 0.6755371183620049], [11.450602114043962, 48.70842864892814, 15.721826517555904, 1.9924888350331147, 0.2582050734076062, 0.6805701368958145], [11.471043466159294, 48.945975448322464, 15.50806022236658, 1.9905849084458267, 0.2617872921635543, 0.6776451947086055], [11.463598999691293, 48.86986467630378, 15.510590603339352, 1.9903378247495398, 0.260760162592633, 0.6644572177442742], [11.49484411197448, 49.11472302783866, 15.16733904712752, 2.0281665603944368, 0.2680694779856026, 0.6705185686558738], [11.471605369943479, 48.9601235054181, 15.432666319913832, 2.0038895087560977, 0.26323499870880684, 0.6760525162124347], [11.471884663448256, 49.2375585460438, 15.351992693254102, 2.019097565737101, 0.26672850316576296, 0.6726180734297628], [11.47735393001438, 48.94324136443529, 15.337819480456076, 2.0189331749543538, 0.26448523714176736, 0.6734841488742043], [11.473641789209854, 48.79986391881496, 15.427603345076824, 2.010289831901488, 0.2630202237154581, 0.6752864929871225], [11.492726245575753, 49.121089565646855, 15.231449418904155, 2.0237333146279313, 0.26715511283716337, 0.6717201501722283], [11.471715483156142, 48.80183963817415, 15.409795397150184, 2.004716941225875, 0.2622414160842727, 0.6763812891891665], [11.474767429856056, 49.06297569529038, 15.2654802652727, 2.0301986918167736, 0.2667521688185815, 0.6722172988023998], [11.464801417407974, 48.971957913275894, 15.48725995775588, 1.992567587707294, 0.2617609421644674, 0.6774515251517945], [11.470600617777405, 48.92916745159941, 15.452866595284972, 2.005437328287124, 0.2629511177584751, 0.6760986563720998], [11.470987160335564, 48.90453906584711, 15.373827362607317, 2.016770147665054, 0.26489857737611, 0.6732482457233957], [11.46900563457625, 48.95933995666759, 15.42317641843585, 2.014362554677968, 0.26355225028445906, 0.67520604793681], [11.473877590497352, 48.82953275430269, 15.426259195326729, 2.009258604289518, 0.26324898868702745, 0.675319655596463], [11.464850726494955, 49.0449390470015, 15.434372326689736, 2.0068453420880115, 0.26397908980727613, 0.6751321637142885], [11.49075447768735, 49.039276178333175, 15.18094718991682, 2.038409302609779, 0.2680208648323126, 0.6701016752020194], [11.469081982456455, 48.755408358773096, 15.472801778248959, 2.0069118248812665, 0.2619271804437103, 0.6759854388527657], [11.459713151964682, 48.726801203689675, 15.521591040902969, 2.0072658928300235, 0.26112232436941074, 0.6776477790832058], [11.4721290745083, 48.904403166046194, 15.457901759272604, 2.0017790131254505, 0.2629266240874111, 0.6757857715733065], [11.465876418770394, 48.90260832067732, 15.483547626704103, 1.996751560468638, 0.26202096668829206, 0.6768075930069188], [11.478165583436551, 48.82521698635384, 15.387055338364503, 2.011108386543305, 0.2635050247538714, 0.674468122078124], [11.468709010974221, 48.85549999195135, 15.41421093709486, 2.0113732698511013, 0.2632773629730187, 0.6754825188159925], [11.471786100843472, 48.85153543236144, 15.414894678084863, 2.0059881813033527, 0.26290905957475325, 0.6749062299979035], [11.468826385398867, 49.0052145719216, 15.537697047369077, 1.99224992402969, 0.26175018731443933, 0.6794952115133314], [11.488182680941993, 49.03791549683188, 15.276958568889006, 2.0228550969382795, 0.266171374280436, 0.6723295303714587], [11.47228486343303, 48.97326560422752, 15.272621366900944, 2.027772174144298, 0.26622955883689703, 0.6725296389408988], [11.470442871767961, 48.937967737103946, 15.411695396633485, 2.0104604604897585, 0.26366940577268244, 0.67481835990364], [11.473093010129094, 48.95062129855298, 15.429194307188745, 2.004868170925774, 0.2634448284311042, 0.6756457740645119], [11.471232055342353, 48.84943927818037, 15.398759374078901, 2.0098145092313957, 0.2633379647506621, 0.6760002535934481], [11.465660082422223, 48.881895242242166, 15.474293192918784, 2.004495839329331, 0.26249159895116386, 0.6764794530093361], [11.476616768045227, 48.946114510894496, 15.403437853423164, 2.0124493614165035, 0.26371546510594723, 0.6751337844813352], [11.465113215849266, 48.83137926933514, 15.457466090946435, 2.0083016496581396, 0.26229578373393303, 0.6757225701450201], [11.464842608076609, 48.85292341860841, 15.500828990703145, 2.000266904104912, 0.2616582840206033, 0.6770254820507793], [11.463957476361541, 48.89851470769039, 15.469226508798984, 2.006665034500021, 0.2628803873379026, 0.6763048110069442], [11.478191365997413, 48.80170600653383, 15.395060220040643, 2.0086279011963137, 0.2632363439903615, 0.6752623366017537], [11.476719382236356, 48.9659171078615, 15.346865735299854, 2.021099158546054, 0.265016044897875, 0.6734729414050835], [11.476554215847253, 48.99598017411503, 15.293097012216144, 2.0191507574366154, 0.2653200819891606, 0.6734675068465048], [11.471828709028783, 49.002714484643235, 15.437489691172146, 1.9992447590494469, 0.2624880054429262, 0.6763976375149497], [11.484701003727967, 49.06491630012961, 15.318244385567985, 2.0160752866910436, 0.2653992399700766, 0.6736193422335374], [11.485186164516918, 49.140744171211985, 15.30997169100317, 2.0044714619682034, 0.26519253959743116, 0.6748798068121015], [11.480669097296172, 49.00185417531224, 15.432016509937215, 2.0019213975497046, 0.2633487849032159, 0.6754856494043886], [11.469320362214216, 48.82339401015052, 15.479762007540504, 1.9968375974816617, 0.26170509840533995, 0.6775319331321227], [11.484850335713903, 49.09223597395728, 15.366862190079697, 2.0196051334446987, 0.2658805949498307, 0.6735104055625721], [11.45712421392662, 48.77222729478484, 15.503017844576629, 2.0057162026145567, 0.26150317059328554, 0.6774987574948064], [11.466615017497343, 48.93921203462491, 15.424851936943366, 2.0020181327970903, 0.2629733494434302, 0.6760126847162211], [11.4838259874539, 49.117393276688404, 15.391961780265781, 2.005554319996267, 0.26454345478454483, 0.6738053022890474], [11.4671480149881, 48.86950931155511, 15.467828476687165, 1.998206884627772, 0.2619233557955575, 0.6766917767732135], [11.47883247124776, 48.961424288149075, 15.338483106542204, 2.013690784183684, 0.2644958402698895, 0.674014721539165], [11.472773272964595, 48.88724144308123, 15.432543254740114, 