{"basin_id": 3, "ref_run_idx": 14, "seed": 214, "x_best": [11.456120986941196, 48.60628601986286, 15.61238098092524, 1.994222991170144, 0.2588162590267991, 0.6789882183769275], "best_J": 0.030953493349837397, "P_final": [[11.456120986941196, 48.60628601986286, 15.61238098092524, 1.994222991170144, 0.2588162590267991, 0.6789882183769275], [11.454035447028573, 47.87108308964891, 15.586056110746025, 2.04117439047782, 0.26053678469877156, 0.6734735555797963], [11.501948990338514, 50.70316090101191, 15.566763652055764, 1.933728202340247, 0.2650591046535632, 0.687866942338361], [11.478873963199376, 48.7189859315987, 15.544695653455182, 1.9712422932946605, 0.25926278465504615, 0.677285375304685], [11.470849979503411, 48.04874983515691, 15.603957217458992, 1.9851018015251605, 0.2564730141747331, 0.6791525797903196], [11.450116704768483, 47.84201724168614, 15.512494474340459, 2.060861556216941, 0.26185407257128374, 0.6695757364996301], [11.452132611503274, 48.56647440080166, 15.262468733674135, 2.037664875424411, 0.2652988637513105, 0.67105267763594], [11.469926242356957, 48.47641051456456, 15.680832778527625, 1.9660844430071438, 0.2557637847684192, 0.6821964947391029], [11.427111130352763, 48.64974609335511, 15.661464942348514, 1.9905688195707387, 0.25844003505278046, 0.6815201870146317], [11.469761867304229, 49.252428493881574, 15.462045494257959, 1.9276279167537302, 0.25702421902147377, 0.6842125657259993], [11.480860947573987, 49.21695316270813, 15.581261868769252, 1.9759845521346355, 0.26211160491926977, 0.676464364680601], [11.464827310676222, 48.87423630463859, 15.560399129422954, 2.03525624352423, 0.2658236287832597, 0.6725312165433048], [11.428533222786665, 48.34990821308606, 15.677836028917147, 1.9988012674579865, 0.2569183373651121, 0.67916530969326], [11.463703928432645, 49.529628189877194, 15.68571641624809, 1.9833858121200283, 0.263169710777438, 0.6803544152157527], [11.463361968815008, 48.320054570668496, 15.6090789728066, 2.0311191903370642, 0.26290044636766846, 0.6715547938953673], [11.447343722274804, 48.43858431122973, 15.748292714659438, 1.9815583171998552, 0.25838949131257544, 0.6735245033114661], [11.465735459250762, 49.54551740856127, 15.451545148854246, 1.9477308318045259, 0.2609573298031368, 0.6811085844273561], [11.4201402331449, 47.932776448781794, 15.447911613272357, 2.068678190565271, 0.26099692903452804, 0.6754307657103823], [11.467254862295553, 48.600408010008884, 15.797113931469347, 1.9792425427130393, 0.25733897721751753, 0.6799954046864826], [11.396235652608887, 47.64819845064024, 16.031814612249512, 2.005240042931847, 0.251786071537533, 0.6805774794036158], [11.489863162049282, 49.39087220782707, 15.473829635133102, 1.9725868840944352, 0.2624345990783313, 0.6763206669829102], [11.52250924219172, 50.347279888629785, 15.130482390947623, 1.9781430970153409, 0.27003482689571395, 0.6736662074210359], [11.477479129876055, 49.43218883445247, 15.722907870447768, 1.9510959875951033, 0.26058995476987695, 0.6787647419234331], [11.457681281071661, 49.394732600131874, 15.383564376073023, 2.0163118356418144, 0.26524967116312775, 0.6764855114057302], [11.473291864752712, 48.40581173580466, 15.595512387733315, 1.9946782918555392, 0.25951496708407423, 0.6780970841601569], [11.505012500789418, 48.58328468464927, 15.365628580953077, 1.9957729428082813, 0.2609477392356186, 0.675947107594243], [11.448411190147867, 49.60500566286917, 15.641475501367596, 1.9402031701478495, 0.2608361228988933, 0.682609540395011], [11.454594563757537, 49.23287074511784, 15.547010420002911, 1.9783124702135237, 0.2629453146722094, 0.6768139455923762], [11.445570162630887, 48.13394744019561, 15.536215926021322, 2.021842479926064, 0.2576833198451904, 0.6774553719522382], [11.453017957992305, 48.34393454666729, 15.69872580020294, 1.9571874868371448, 0.252948620401829, 0.6829202143618991], [11.506245610759256, 47.996056409498124, 15.433772425324692, 2.0768689849638875, 0.2662870880065527, 0.6682728979069523], [11.469450897368635, 49.143070949561555, 15.688291680381317, 1.9856886332201067, 0.26113228370411506, 0.6783332683480228], [11.437809086405219, 48.00175460017456, 15.636485948110002, 2.0675368533779044, 0.26405900547303507, 0.6677424055558354], [11.455170553115952, 48.207140365834874, 15.617325042989096, 2.0378330476978244, 0.2605537270916969, 0.6736049619801602], [11.428973801273093, 48.482107651180606, 15.60611560894526, 2.000637961375333, 0.25702689063124495, 0.6832966228886536], [11.473842807279947, 49.085363836719324, 15.498145241127807, 1.9982126451074316, 0.2633288142419252, 0.6784211463241338], [11.513759599797192, 49.0647333851506, 15.225219860687233, 1.9720967986922884, 0.2609282584687612, 0.6797971205540839], [11.436042874338254, 49.02296921470776, 15.585793096116943, 2.008470689698446, 0.26192184201217117, 0.6806929926231631], [11.473383911945573, 48.613000566270976, 15.517004969936293, 2.0363762914859302, 0.26458883554659607, 0.673054408472987], [11.429830223060595, 47.35251498970176, 15.602323643765208, 2.069594621064141, 0.25908502239150055, 0.6802453990554481], [11.48067461479937, 48.6318127599176, 15.128473131275275, 2.036439786031005, 0.26507550328648954, 0.6684439729938769], [11.454355395662011, 48.222865118691914, 15.624109981924258, 2.020728417822839, 0.259619079667917, 0.6750604759959696], [11.456845516231423, 47.85317121484148, 15.565427136999217, 2.0012296950798936, 0.2577293120264859, 0.678125504922319], [11.452222661029438, 48.34934976163785, 15.774996460900715, 1.984823930612612, 0.2542923575505882, 0.6827916444521092], [11.479732072000644, 49.02105530588359, 15.593301939632136, 1.9478749156540214, 0.25945061333409375, 0.6788676974382754], [11.488429203072318, 49.96307264488762, 15.263723213918935, 1.9873641139983582, 0.26835492581815656, 0.6757863304603474], [11.433464792325392, 48.597239648548964, 15.78827192454172, 1.9615295108481487, 0.2547179963823484, 0.6869890043146553], [11.478979597175675, 48.71920465574535, 15.58637979198532, 2.0183277245573525, 0.2625638264134076, 0.6788220487963765], [11.46840692151306, 48.72546947117611, 15.68658521246871, 1.9616507854195362, 0.2564803208150956, 0.6793698408547558], [11.451457306375303, 48.40501835857926, 15.617814379855039, 1.9993488971535545, 0.257606559426958, 0.6771689028871801], [11.444455297014793, 48.17689606045931, 15.437003932477555, 2.0273050431643522, 0.2614681481660215, 0.6729204915834636], [11.46454966293613, 48.61496813335662, 15.620306703161587, 1.9891077449399819, 0.2585327177576226, 0.6788195315365554], [11.481038098187248, 48.22899562936477, 15.234072113464102, 2.058828272297651, 0.2638399466006518, 0.668152009187033], [11.448675425609004, 48.47982024830263, 15.700173529004946, 1.9883401903018618, 0.25855869211304583, 0.6781014340329549], [11.432604471854244, 49.39600461127657, 15.716571074366774, 1.89848811065669, 0.25052820063020076, 0.6963565791163334], [11.553453656308514, 50.171752978675634, 14.895137124872662, 2.021925248083162, 0.2776490805588072, 0.6682111254678053], [11.419218427015826, 49.04537978856092, 15.653967706952413, 1.9811720882423745, 0.2581765644018406, 0.6857900344034055], [11.457611452741999, 48.61816713133809, 15.392815363280047, 2.02069328856714, 0.2619279187302541, 0.6734066536790828], [11.457667023525948, 48.73515567115064, 16.146948790008032, 1.8869245313187513, 0.2488936895756624, 0.6881666673818893], [11.492624584623059, 49.52439451700935, 15.304954441393111, 1.9757022299987586, 0.2620635201950561, 0.680423431191593], [11.552707079082882, 50.377213469483635, 14.777932426940005, 1.976999985381298, 0.27327923926120706, 0.673036413738281], [11.458444387921528, 47.679790269919955, 15.659615685897906, 1.9955758863344275, 0.2545906693087023, 0.6794064655502406], [11.454901313026983, 49.09102922836939, 15.691423166494506, 1.9824278931684567, 0.2606460275679664, 0.6804405117627405], [11.467888550419824, 49.41833373046146, 15.398974292468731, 1.9546135391129587, 0.2596333775547235, 0.6809069832344503], [11.439680395874301, 48.984217264403824, 