{"basin_id": 14, "ref_run_idx": 13, "seed": 213, "x_best": [11.481516050307608, 48.93227095016512, 15.14692992268335, 2.0721124108758424, 0.2705714432715094, 0.6663142762083315], "best_J": 0.0309407138657402, "P_final": [[11.481516050307608, 48.93227095016512, 15.14692992268335, 2.0721124108758424, 0.2705714432715094, 0.6663142762083315], [11.489298751209391, 49.086890472887, 15.134175851983132, 2.048799930449951, 0.26993400341881524, 0.6642978793507761], [11.493950994440347, 49.08187724968046, 15.273382508904485, 2.0689042228836105, 0.2692300715471844, 0.6670157900985442], [11.485682477272654, 48.8283500971073, 15.127604802060283, 2.0593800581780455, 0.26900986384972314, 0.669136646444207], [11.49440474259768, 49.15234814406847, 15.317453658210276, 1.9939256150749103, 0.26558165064984807, 0.6795381461424651], [11.464718826709005, 48.40130833504244, 15.437893497667899, 2.1728755571851734, 0.2747274003832865, 0.6590963110414505], [11.48324802342523, 48.74179694213722, 15.136247248121524, 2.0744987631910163, 0.26937661406968694, 0.6660197446103093], [11.490704581641985, 49.07767770234846, 15.124561636599196, 2.073883479238405, 0.27191050671264716, 0.6654715718550699], [11.496103130528716, 49.02175131856061, 15.094292687360722, 2.0730921218297613, 0.27261080416826367, 0.6637324965115453], [11.510018169854485, 49.22154445378466, 15.217293040786448, 2.045298370340723, 0.26940644466396213, 0.6644051818679096], [11.484022375322413, 49.513271445349, 15.188859658289468, 2.0318549684845046, 0.27033138772817256, 0.6708208166858433], [11.483062145619732, 49.164351305971365, 15.399916702435897, 1.995635191230757, 0.26521417889983695, 0.6737386453755939], [11.49156339255673, 49.423595858454895, 15.21322638556076, 2.033876752772, 0.2675856552265354, 0.6689445835945217], [11.486740620264465, 49.07811589357407, 15.175889355628218, 2.0526767643356294, 0.26853051193445987, 0.6684606803788584], [11.480973948353348, 48.92960420184328, 15.272236228473178, 2.048335581436975, 0.26692982390552067, 0.672285740968263], [11.518228198695576, 49.577666397038996, 15.148004788790738, 2.0308408485953495, 0.27064972418392796, 0.6699183754369487], [11.424259047645151, 49.32565154576934, 15.546005436520737, 2.0309512214150933, 0.2653914622898168, 0.6776636802445504], [11.49095638158909, 49.44546302181073, 15.157979689684916, 2.0284034359852416, 0.2708361573301647, 0.6685768996606541], [11.490557830607043, 49.10516768518629, 15.147030947154436, 2.0628663392654905, 0.27067300598646243, 0.6658768787903002], [11.48240086072208, 48.68782649084845, 15.38061753809732, 2.0650227032625494, 0.2683300385914604, 0.6664451459803226], [11.49482450611237, 49.252496440942245, 15.144676125025752, 2.0678297370328877, 0.27214262135202877, 0.6653633682366945], [11.493549855516507, 49.021646206161456, 15.102389197458281, 2.0982880585080674, 0.2751296258419889, 0.6639534724564409], [11.535432866141983, 48.415230374444825, 15.294450771597978, 2.0210993174599388, 0.2638018943266359, 0.6709737243800038], [11.47669522514582, 49.0822479432432, 15.197427898588355, 2.0828186135873654, 0.27017244758387354, 0.6680641617839689], [11.495241485332452, 49.19608189922636, 15.135311957654555, 2.0623841769536835, 0.2708344495559989, 0.6682703486267091], [11.487482717102738, 49.03902101763222, 15.042477057086682, 2.0479846893199865, 0.2693106961103852, 0.6692020953743963], [11.489560697133049, 49.35756550678526, 15.092966333573738, 2.0983630278960006, 0.27453141483164517, 0.6604981645931687], [11.474199653133013, 48.48779124275307, 15.114776271021276, 2.128533074299528, 0.27289129458525363, 0.661721885253532], [11.511172198566952, 48.51836040405671, 15.170258308379372, 2.1178354421494037, 0.27333784304867265, 0.6605659383323403], [11.46645028360774, 48.57600680831259, 15.326222258283597, 2.037529932144822, 0.2660646546532165, 0.6681982258426601], [11.499096840862533, 48.92006135874424, 15.136020548023918, 2.0653784418212697, 0.27117454291000853, 0.6648499314811644], [11.460921091757173, 49.20369786805321, 15.484369520761952, 1.9621715431728624, 0.2585468959481549, 0.6840088908541899], [11.495794549763652, 49.185146846664125, 15.062103176529817, 2.0685131630509557, 0.2729654364511432, 0.6659382956817084], [11.485352612168171, 49.06859625014999, 15.135463113974971, 2.0816100918518994, 0.2724782308651238, 0.6649081525661347], [11.491442105470762, 49.06236288469716, 15.267656885011835, 2.058100198398705, 0.27022066636976316, 0.6686781948464802], [11.47346434848261, 48.25607620347676, 15.493794304241566, 2.045286226933866, 0.2637258061994277, 0.6731597591905619], [11.50304983866448, 49.04624250441725, 15.115615981878314, 2.072031901272039, 0.27209429602436436, 0.6637194511814304], [11.492377378402487, 49.083667662911466, 15.100657604464878, 2.0609217194180802, 0.2711588413761717, 0.668321826736536], [11.505672290908704, 48.990162786558294, 15.355775524615678, 2.0101454441187254, 0.2647481874528574, 0.6720993956551353], [11.477434774307927, 48.6820965499921, 15.277096091492057, 2.072268709876461, 0.2680402418613115, 0.6690005602968333], [11.492078917241646, 48.97891446154297, 15.160481782979895, 2.074954860743696, 0.2716230634832961, 0.6642477082918343], [11.526470310672313, 48.999828696526, 15.047756169561758, 2.034683529210429, 0.26917537446451206, 0.666198081408038], [11.500139020631003, 49.28821564403122, 15.118934644903243, 2.0087474154578744, 0.267466740908512, 0.6741773641445599], [11.49444866792485, 49.530963227475105, 15.232756573572052, 2.040444061046138, 0.26922539148507857, 0.6702350516870061], [11.485913730527914, 49.03602740731455, 15.215340632028102, 2.05606435076613, 0.27033786609556465, 0.6651139211140491], [11.501956622122302, 48.836420706268065, 15.1694807920665, 2.065114519623519, 0.2696365697959746, 0.6658644837704761], [11.460948433104846, 48.97050302204416, 15.275628475809489, 2.0451200483709115, 0.26701838289880003, 0.6695141831304291], [11.491003588892248, 49.163523050703766, 15.071653004656426, 2.0720381569757977, 0.27196627930660555, 0.6660978778455474], [11.423229780225094, 48.20456927179926, 15.408612291950766, 2.0561106162126728, 0.26255788098305366, 0.6702980465609294], [11.537420171496692, 48.84749749500732, 14.987135808405583, 2.1276178928621405, 0.27561282763909767, 0.6566210064654922], [11.487240265048637, 49.181143246119916, 15.12979791009407, 2.0684961816184595, 0.2700751126160175, 0.666104043201797], [11.497910593385313, 49.39242799111791, 15.057383121521458, 2.056436577051277, 0.27257259120651484, 0.6644885571367142], [11.537654260463663, 49.95542391558353, 15.11282254437995, 2.002002267164579, 0.273293509225195, 0.6693109357149325], [11.46271255095117, 49.14203837455338, 15.160607458923028, 2.0753944114304987, 0.271513308540832, 0.6657001702250521], [11.492525474925724, 49.086413005212336, 15.15618113099836, 2.068153654314833, 0.27092918923706266, 0.6662021570621864], [11.510240611788923, 47.47758940546828, 15.662986138076482, 1.9107384523124378, 0.24631202197010907, 0.6960475677162571], [11.490300015414842, 48.8410068570121, 15.1891199300643, 2.091499603819053, 0.27212050156358303, 0.6644997864468649], [11.486037164178759, 49.050477966068684, 15.286099672020269, 2.0591733781729533, 0.2704724863110781, 0.6676004275052844], [11.477526553051732, 48.90284416042604, 15.204093427751957, 2.0642538000402495, 0.2684080819004808, 0.6699385798820277], [11.494702847617019, 48.97852963381728, 15.10785945185659, 2.087531393157026, 0.27494975672227195, 0.6622179780986359], [11.457410012527586, 48.96366817069995, 15.273148269216964, 2.05487462733444, 0.2675220396085766, 0.6709466078658375], [11.48362004046491, 48.964009130490126, 15.166907196360974, 2.0611607539643417, 0.2691432527667665, 0.6668712223732142], [11.488276087464929, 49.32234243642581, 15.160235562189591, 2.075008651942359, 0.2715423745206963, 0.6655195235102933], [11.498149554493185, 48.89519506151419, 15.356605755070438, 2.002995981439235, 0.26195363314962355, 0.6789094869136336], [11.490111677455227, 49.242685613851194, 