{"basin_id": 24, "ref_run_idx": 12, "seed": 212, "x_best": [11.561377987626077, 49.32635517024705, 14.479925755407907, 2.209753905938027, 0.2889161197637547, 0.6461270283509857], "best_J": 0.031242289221811454, "P_final": [[11.561377987626077, 49.32635517024705, 14.479925755407907, 2.209753905938027, 0.2889161197637547, 0.6461270283509857], [11.604182301318405, 49.91455763477421, 14.319904671507269, 2.215176168438063, 0.2939338254786878, 0.6433446385825631], [11.573918599133323, 49.54032857619562, 14.43403096756168, 2.213384693449773, 0.29065316815823955, 0.6443568376230164], [11.647712944942418, 50.49674423172935, 14.172546749738366, 2.2050690408768925, 0.2985413575157602, 0.6413513075256598], [11.581367262498333, 49.79339409556989, 14.410947614131338, 2.2100961608756955, 0.29249130764554776, 0.6450226626489526], [11.583162179480547, 49.577740665975384, 14.287219847498529, 2.2276493373825796, 0.29323328657647996, 0.6423394129736327], [11.565008207370733, 49.441204865378374, 14.45778343042679, 2.202840700379148, 0.2888928679864233, 0.6473091653890949], [11.59905908232307, 49.34281493876537, 14.296584381086493, 2.211767448852879, 0.29127656093101856, 0.6437945393421689], [11.567484081959762, 49.333546158802235, 14.479920356256377, 2.2207175962201737, 0.2899658010742111, 0.6448760015244429], [11.598044780840667, 49.43332016736063, 14.344821099753815, 2.275771275589501, 0.296909858407503, 0.6363960964437183], [11.576802624302703, 49.398326763074095, 14.410697452645046, 2.1992153647915806, 0.2891742754362171, 0.6456634165853443], [11.567355737416904, 49.39250254597841, 14.472956833168025, 2.194889742685007, 0.2891215401035467, 0.6465747313526391], [11.564562717056017, 49.725444554669096, 14.438128279414071, 2.2130775574278836, 0.2900271507167778, 0.6451027388437494], [11.743859859870343, 50.14909814744492, 13.576901889796135, 2.317617632259033, 0.3109826753627641, 0.6182080329607414], [11.596934185834453, 49.488717927493404, 14.313170606221107, 2.247965645153026, 0.2952973614107831, 0.636495790518846], [11.57872604851513, 49.340342637130036, 14.4456484719976, 2.230236266477449, 0.29068842508024234, 0.6440634074066307], [11.569493359025731, 49.45227189229216, 14.445760333310236, 2.1986179792599323, 0.28931926116866324, 0.6468730138571805], [11.57174417145165, 49.44762939353047, 14.392111767917942, 2.200643166978228, 0.28918997154537074, 0.6469227401300063], [11.58179405991709, 49.97973871744735, 14.335138840152304, 2.2279060736898573, 0.29533640087533936, 0.6406477019911253], [11.573660385864297, 49.46173552769254, 14.46847088188414, 2.210253258358079, 0.28954609407159987, 0.6458715431675783], [11.566468584653265, 48.99993284325357, 14.386570345886014, 2.2430533342171746, 0.2898196804515002, 0.6407509499121075], [11.578800369506355, 49.24509022975384, 14.441780596389044, 2.200178409676084, 0.28935259265415847, 0.6460454090899418], [11.56523488270885, 49.31770105322698, 14.488137158806287, 2.2124452406967854, 0.289055891587598, 0.6447706381807047], [11.632329265449037, 50.019176303791376, 13.92375406793148, 2.3196051788715244, 0.30407437155646766, 0.633202640622702], [11.628126301006263, 49.817853989203975, 14.160002711074316, 2.254820994263523, 0.298093752138577, 0.6368838358492805], [11.581171865921577, 49.46465497684041, 14.40659732243868, 2.1968846254219607, 0.2902964670123238, 0.6460393750154104], [11.622249782348588, 49.92628038345015, 14.09916262014856, 2.291502009396757, 0.30286457738356776, 0.6288947614025413], [11.66711881367744, 49.5440716556559, 13.93167849209836, 2.3890695954473524, 0.3097840565110074, 0.6222482572088792], [11.598522726194373, 49.68004619682641, 13.9915685845426, 2.32004752033804, 0.304342675971092, 0.6276600687153672], [11.560539485670018, 49.35541522526934, 14.480017545405218, 2.216360212074452, 0.2898966411062132, 0.644048398960771], [11.565381090924062, 49.61273271421027, 14.429195658564643, 2.1947425253433175, 0.2897402881955686, 0.6472798815033407], [11.580608512545789, 49.41518331324128, 14.384576963612465, 2.2305002280659765, 0.29202481005028685, 0.6426969548079757], [11.695034826813062, 49.39796338621018, 13.886507553569857, 2.3940226770973996, 0.3104760890867421, 0.6174964550919534], [11.637442702276916, 49.30561844466743, 14.025622619250461, 2.367771475422908, 0.30628985766029, 0.6204865510060534], [11.59329413445881, 49.78024190101432, 14.311934091761863, 2.2078169122922318, 0.29328527272270416, 0.6423833910549909], [11.581550626833678, 49.50399582167958, 14.374929844798254, 2.2190825388057167, 0.2923052806155949, 0.6429318034569711], [11.633042070802937, 49.635586333782214, 13.989139889237265, 2.317410860209436, 0.30408819326213754, 0.6248468304749593], [11.562788912144022, 49.29980693541834, 14.471070093333045, 2.2207527364324005, 0.2903523808647058, 0.6440313004085282], [11.633042070802937, 50.23735419058845, 14.188582156021765, 2.26105093460918, 0.3006464291267555, 0.6361782263302661], [11.680424192013277, 49.886062750823136, 13.878633105446546, 2.3590463124444847, 0.3095292163445504, 0.622544972195064], [11.594150515833428, 49.51613174011429, 14.321596947222055, 2.2435465578398084, 0.29543960269257735, 0.6376883155962685], [11.623416665438707, 50.07495823090472, 14.301326299911226, 2.246970714948734, 0.29884316079158657, 0.6350149316989575], [11.647811644002374, 49.77919616562846, 14.056782563171488, 2.2862283415712583, 0.30223883201534324, 0.6316128188915516], [11.594523570410937, 49.714210232150705, 14.198891515643481, 2.264114621474553, 0.29663130157889145, 0.6400873257894757], [11.566146184873594, 49.355273603790145, 14.479138621312124, 2.210018885038082, 0.2891322396606336, 0.6458283707804653], [11.609267099364738, 49.56859402290589, 14.25819341468063, 2.268515841517287, 0.29824230031164234, 0.6361249628727742], [11.570554305785995, 49.40345617635508, 14.400450704747556, 2.1952691523422536, 0.28908917632042297, 0.647058729799428], [11.573024145105803, 49.24477036875249, 14.381393373309258, 2.2219802232193078, 0.29106983573996187, 0.642229306131147], [11.567281512663833, 49.39842990329428, 14.367313330551129, 2.2205622009008095, 0.2912069960078312, 0.6439324933106845], [11.630170701441314, 49.59911670087253, 14.138306281327289, 2.2847796230065525, 0.2996078557312412, 0.6338106557534627], [11.567391460722817, 49.188858638434155, 14.448771352492125, 2.213177618840787, 0.28940228794099987, 0.6448886117633672], [11.565632613578543, 49.80878754554607, 14.460959646114475, 2.2168433417444944, 0.2899320689508836, 0.6459990997051717], [11.714587207609728, 50.05126489428535, 13.713224901774714, 2.357281646158827, 0.3114469548611975, 0.6222160394705565], [11.651677101978482, 49.81305367822664, 13.920996075071644, 2.3430922789376254, 0.30796306196202494, 0.6244474285274585], [11.573930582363527, 49.21954425449431, 14.408378478827162, 2.2180150459343637, 0.2900127335064362, 0.6453085280177883], [11.608908252712371, 49.54206580300242, 14.13816910378793, 2.2350329824474136, 0.29578232213761785, 0.6411499445781147], [11.617795812624287, 49.87428197818253, 14.134321997488074, 2.2722352586497783, 0.29993728488923715, 0.6351463310679561], [11.577957934773178, 49.603401281602935, 14.37778193231249, 2.199506960627708, 0.2910272830445516, 0.6439819109914766], [11.623141765215522, 49.678482996386656, 14.216935187462754, 2.246127440377596, 0.29763270340965936, 0.6361882965576215], [11.56273859081235, 49.56541432476245, 14.410228516016957, 2.2055833028618244, 0.290248010610505, 0.6466617162334265], [11.641020547713895, 49.706210386731016, 13.832548148156244, 2.371411192612522, 0.30829871821774685, 0.6235337074741666], [11.559376462469308, 49.216809894795745, 14.435378698272574, 2.2160422853104937, 0.2903882830244283, 0.6430200875660906], [11.708773307504831, 50.773008374135266, 13.757724387089045, 2.292493412667985, 0.310824736823186, 0.6245122318325594], [11.599745808580959, 49.538469224795726, 14.246910463030499, 2.2519177782546747, 0.296760329373439, 0.6358406166993366], [11.613988394252639, 49.55402699129864, 