{"basin_id": 9, "ref_run_idx": 11, "seed": 211, "x_best": [11.485080524116404, 49.03315650639699, 15.219079400508942, 2.056242328245828, 0.2694083431340824, 0.6679720009075774], "best_J": 0.030933586933479296, "P_final": [[11.485080524116404, 49.03315650639699, 15.219079400508942, 2.056242328245828, 0.2694083431340824, 0.6679720009075774], [11.599490815497502, 50.150269880237666, 14.70309933511491, 2.107330246989043, 0.28341687670301, 0.6526968262531573], [11.480606922898078, 49.30514490716182, 15.228152745724948, 2.0354244204241034, 0.268114798361044, 0.6704611477821226], [11.505535200924003, 48.59212114813978, 14.886320390184752, 2.1622600965153915, 0.27678424293161485, 0.6569553983967399], [11.483687481620423, 48.625879776103226, 14.839866094193363, 2.165863866270447, 0.2769824511607237, 0.6563616889075774], [11.498303215552772, 48.76394287090256, 14.96591359126974, 2.0634623008631694, 0.27137134948670166, 0.6641719368096959], [11.502639819706703, 48.89646909864255, 15.026110668030864, 2.114318215434281, 0.27656085817495296, 0.6569179940759028], [11.50290758477505, 49.51960174610489, 14.98439040414144, 2.0616314977637074, 0.2732299898249842, 0.665704255048583], [11.5312703448221, 49.01673482072718, 14.451675996016354, 2.1096000429447623, 0.27923397469665107, 0.6580245212290564], [11.50468504292216, 49.237729045140895, 14.81778988100348, 2.0914036092397477, 0.2769489303493236, 0.6623914038920807], [11.506560778934016, 49.223477865040415, 15.096309180183402, 2.07025836848529, 0.2716178775376461, 0.6672628499254847], [11.414622895605817, 48.04213031204825, 15.320672132338093, 2.2390060247856995, 0.27984756551124984, 0.6439401259794008], [11.46988174732369, 48.601339170446906, 15.235125386130429, 2.066409833660423, 0.26886563028530885, 0.6701077938074494], [11.512989346564682, 48.77846659524291, 15.092404532384272, 2.095092994945758, 0.27364068539163483, 0.6609068706067245], [11.52260086460949, 49.1104154275212, 15.178839502260677, 2.0229245345095235, 0.2685729336374145, 0.6649307699587073], [11.529614867815146, 49.4276143092174, 14.96068389560362, 2.0374687705892938, 0.2734987850427952, 0.6664056953589028], [11.57655390880592, 49.389336516878615, 14.825978061567298, 2.0293518295953406, 0.27315118396359195, 0.6674916747028187], [11.54076631081022, 49.06752524521695, 15.18561520418392, 2.025088698015968, 0.2682828816954364, 0.6663211959795095], [11.435739496724143, 48.16182507897038, 15.38140334601053, 2.159065783256093, 0.27368435510042843, 0.656752080991599], [11.530404895306905, 49.79681002259049, 14.923311690704109, 2.0312768683371076, 0.27252642018895484, 0.6668516493259802], [11.45073972104712, 48.51883288471487, 15.34100914090916, 2.096805980159461, 0.2695467218638521, 0.6651271976382611], [11.533037460950498, 49.45877513348169, 14.854311796894576, 2.039087996532447, 0.27204741341181227, 0.6665645256251539], [11.504965365435407, 49.22559045902163, 14.968281607503142, 2.0376744165689207, 0.2696943596245293, 0.6682423966699783], [11.450495100510455, 48.61904790876339, 15.344020569080616, 2.105560596956755, 0.2713540529198707, 0.662424675242741], [11.521295967097826, 49.6974085485838, 15.033659268870835, 2.026087032707658, 0.2714002737861783, 0.6711632986827316], [11.460656103481506, 48.87300006015877, 15.492458249231756, 2.0055048318049193, 0.26242264289751843, 0.6747602665170171], [11.478594924482909, 48.53085658340808, 15.250562035291471, 2.0977195326112317, 0.2690305689672599, 0.6686664147601694], [11.495093953041307, 48.4256007006573, 15.097040468473601, 2.1078999231355318, 0.2702085020968537, 0.6667130357451433], [11.54376829215932, 49.79666236470011, 14.88905044886624, 2.0342879952235093, 0.27060969013937014, 0.6676919273282038], [11.55586618517088, 49.024032342054014, 14.893868425254961, 2.1180982564736452, 0.27911814829841225, 0.6560203899829434], [11.505329940272093, 50.50972909511643, 15.379446186242106, 1.9161050578412908, 0.26319162635284704, 0.6832284589784677], [11.60349891360107, 49.676963343062376, 14.64049624060725, 2.0872724127104356, 0.2823511242096258, 0.6585391000632593], [11.531536286039744, 49.340848541439, 14.90630066559479, 2.048750256407965, 0.2713426052633506, 0.6660581046863996], [11.467653601674069, 48.702567124934625, 15.460845091823199, 2.101897954034146, 0.2686068315581694, 0.6652419249380279], [11.447289687116118, 48.5785468508915, 15.439657178356605, 2.006705306854092, 0.26107959608040543, 0.6781416304681536], [11.497728882126806, 49.301138887442555, 15.235157856662369, 2.0036696458416725, 0.26935916612357635, 0.6711633375180555], [11.549380409597752, 49.29198114789075, 14.952943141216378, 2.080526798484387, 0.27587923968591693, 0.6613117908761563], [11.524890576034327, 49.59106509420319, 15.204763873789338, 1.9301364623197506, 0.264514021431672, 0.6759330589848778], [11.501294975325308, 48.18618425919896, 14.875032273123441, 2.1506008987198566, 0.27465871709628426, 0.6617968556511966], [11.541588917445315, 49.515382211211474, 14.804073073786409, 1.9770273073883624, 0.2678373085615487, 0.6744877593837447], [11.520896612510521, 49.529303437815294, 15.044411027349497, 2.046078457447879, 0.27062226912355425, 0.670078236642423], [11.564793987749358, 49.473655176442655, 14.790013142177601, 2.0730484424250357, 0.2767947214100362, 0.6618259918046002], [11.49934516906276, 49.528319978348115, 14.960414147373438, 2.0544060540488633, 0.27339815046726906, 0.666865704840116], [11.516548959527373, 49.098962179490705, 14.843208515243289, 2.1179451040357375, 0.2774707627775852, 0.6550793352373263], [11.52612817322718, 49.220498885010294, 15.007713901081715, 2.077247860436282, 0.2739776716381956, 0.6631853313459101], [11.511815249739316, 49.09688511433504, 15.088450802251874, 2.0255774039862775, 0.27046598269399036, 0.6697157388942149], [11.512014584147298, 49.63835583275648, 15.275253800113628, 1.982831949747345, 0.2674055752849582, 0.6749961533707283], [11.40970622675061, 48.57920137418906, 15.477277622117885, 2.043121630487041, 0.2617204301648152, 0.674329144019149], [11.57096262273463, 49.61061771152408, 15.10377827046645, 2.0072751144074754, 0.2713907369752199, 0.6708365364374274], [11.548314821779826, 49.6200734897288, 14.90578373212227, 2.042807841442638, 0.2732396293819524, 0.6681010692330848], [11.472926465341496, 48.47194563350888, 15.246678569007518, 2.1003088571478177, 0.26986455242329693, 0.669416522251147], [11.47848420691147, 49.43420292961378, 15.232458032227274, 2.025546359420384, 0.26750101361915074, 0.6716422436388502], [11.488696990945414, 49.46749246291188, 15.214339273082377, 1.9960284815499207, 0.2662365372830272, 0.6782575610743703], [11.530693422439088, 49.19367350956333, 14.952144322310437, 2.0929345784059454, 0.2762348023283937, 0.6606831293040867], [11.454840414651285, 48.77947145155742, 15.169978822607558, 2.136846498433233, 0.2748542738526857, 0.6603502402665505], [11.531758042002599, 49.48232366932828, 14.79251098409002, 2.0954506722072854, 0.27866327985096667, 0.658249448914384], [11.509449260120487, 49.34635472275923, 14.89614363924499, 2.0815718118700253, 0.27459414660122866, 0.6659871507241815], [11.519947463753793, 49.28313326665243, 14.91539524095684, 2.054186330743265, 0.2730017609939903, 0.6651908986693917], [11.493812486361774, 49.37308067019563, 15.154886557554129, 2.051589652614269, 0.27186266908920237, 0.664735988080871], [11.533230858557815, 49.76657833721331, 15.12234031563583, 2.035289088816857, 0.2728215075197017, 0.6711152330651963], [11.506906346063033, 49.57703715156536, 15.019640785480117, 2.0392566138792683, 0.2717875949931354, 0.6668349667507889], [11.492359643411502, 49.00760729125665, 15.021209068676475, 2.067925966716881, 0.2710153099261614, 0.6679126965092984], [11.47273469403641, 48.872823968152396, 15.22751478586376, 2.0593276868879182, 0.26739975378456315, 0.6735164664266051], [11.521134626209022, 48.93297210648042, 14.839320856625946, 2.1086060110451412, 0.2769779189971163, 0.6613311628481053], [11.538973614960739, 49.20530280786418, 14.882324290301018, 