{"basin_id": 11, "ref_run_idx": 3, "seed": 203, "x_best": [11.520972893242842, 49.34963288205448, 14.92071979316025, 2.083710987319431, 0.27632402747744544, 0.6598987280943853], "best_J": 0.03101963482564982, "P_final": [[11.520972893242842, 49.34963288205448, 14.92071979316025, 2.083710987319431, 0.27632402747744544, 0.6598987280943853], [11.56101312853346, 50.150935308412386, 14.72033631644556, 2.062911161171765, 0.27863198824453805, 0.6614483388248863], [11.528924595424149, 49.79577718355419, 14.915491259592873, 2.092263851126322, 0.2794186395682569, 0.6602870884024594], [11.526331538594587, 49.74579259759877, 14.528520705361581, 2.0948867822067934, 0.27964723388892926, 0.6610373327570929], [11.580706434329313, 50.13637849953484, 14.395422696191156, 2.0514150627279446, 0.28132299716386433, 0.6616821549501078], [11.527604336068984, 49.50630157677085, 14.702493064341557, 2.1309564732106456, 0.28231616762766343, 0.6555930306928978], [11.520296375734844, 49.358545983869945, 14.83660420908723, 2.107394444270026, 0.2791847250327698, 0.653289024226389], [11.546247869626653, 49.47848411466626, 14.753816049348877, 2.1244514850046508, 0.2810089800348052, 0.65671221115279], [11.54018252351056, 49.78888770618811, 14.700601591335392, 2.124189958494777, 0.2820838460155505, 0.6552229008685527], [11.552726046119728, 49.74833469137963, 14.742812862766488, 2.128422155348362, 0.28344384387529503, 0.6537311120400041], [11.534079526209071, 49.1447245198728, 14.851839047479142, 2.0948230389969082, 0.27749419823137206, 0.6604353512337722], [11.531159458498108, 49.194244191882795, 14.912833784294975, 2.11608095169743, 0.27670561969495466, 0.6594459956515963], [11.571884550820657, 50.081503836608576, 14.349692353936017, 2.1183633801509476, 0.2856166776581975, 0.6518899978045001], [11.540003410443123, 49.66206285490539, 14.68922188632987, 2.11609005301512, 0.28316401459982565, 0.6588302913323713], [11.531035114323872, 49.623449808011905, 14.860193255155263, 2.0897355112600686, 0.2786049958097346, 0.6601326114321785], [11.549435555939386, 49.76255768939819, 14.646811847169545, 2.0910053416507792, 0.28115943484555367, 0.6548840093686596], [11.55677984942567, 49.69136723638468, 14.570133582949355, 2.12248160547594, 0.28340507904236484, 0.6550891643035551], [11.525643234735686, 49.52148567168275, 14.705908350822469, 2.0987307229597456, 0.2800031414316039, 0.6557508081964921], [11.52812497621471, 49.74568938580921, 14.799033645362274, 2.1506422417746527, 0.28414523481077486, 0.6528969161154052], [11.562584671291887, 49.44207160514818, 14.71831542383657, 2.1131808369180023, 0.2801948887189532, 0.658216231547399], [11.549594800609606, 50.388404380852066, 14.8750745606446, 2.0323920193151963, 0.27783287889311503, 0.6629141336775761], [11.520299092249553, 49.56469735941146, 14.886292281922913, 2.086384565140284, 0.27671701023303, 0.6645121569479102], [11.571920983168365, 49.47507209315308, 14.486153154730355, 2.1773514380929457, 0.28731978855967283, 0.647526522080141], [11.540736336583818, 49.407667571172986, 14.826120210509433, 2.131915241938394, 0.2824487684671843, 0.6542836868925079], [11.537821114842112, 49.917616616748425, 14.229334594521498, 2.2165894097251218, 0.29613369860355626, 0.6367460528297759], [11.590300640263772, 50.10364342885465, 14.459963331565028, 2.0509190155035912, 0.28140998624373914, 0.6579435682254509], [11.537901060776504, 49.50767257354438, 14.673774644528754, 2.112890494462957, 0.2807674558503512, 0.6571310986353106], [11.572896805799237, 49.36770097233673, 14.765038223170755, 2.0960794244940866, 0.2800113213086674, 0.6593875049648864], [11.50918542014998, 48.98473558899094, 14.905916160855066, 2.1334206475857025, 0.2774812135218173, 0.654725003954927], [11.562648961818574, 49.74080043591784, 14.625226735710966, 2.1224019714958784, 0.28367082720831266, 0.654141800518417], [11.567489598562982, 50.2702563961571, 14.51940926966723, 2.096968418644379, 0.2849619334938816, 0.6522327901054121], [11.524336085780476, 48.93678488337001, 14.670199958581746, 2.1506096861995734, 0.28027958688038035, 0.6527428967947513], [11.534092929784832, 50.08165405304741, 14.615910226484317, 2.073113637795156, 0.2815642340730171, 0.6609714980381897], [11.532941246123597, 50.06375130099457, 14.80205342180574, 2.078644052396312, 0.2793540457803231, 0.6600849123795369], [11.523196440249569, 49.62219233952993, 14.898179489387699, 2.1166999725729716, 0.28104984856165227, 0.6562776452505672], [11.542970421935102, 49.50775503246387, 14.845304760851063, 2.0912273931607417, 0.2779972471102426, 0.6557326747426359], [11.53224476160525, 49.77395128287279, 14.794235048136308, 2.0806692711723387, 0.27896917907911356, 0.6603073194375864], [11.528496806315028, 49.33577913106072, 14.803648077666036, 2.1132996250554714, 0.27955517188779727, 0.6590981430658248], [11.530285487314536, 49.251846952424856, 14.743555818395802, 2.1114682990426448, 0.2798461664272993, 0.6527942932415176], [11.546260162839477, 49.79725325121424, 14.704221178308575, 2.096414320409933, 0.2799929712052523, 0.6605770715997513], [11.52193921762444, 49.38008717693094, 14.96491497417457, 2.129070889028601, 0.2808941943677936, 0.6577428945436348], [11.532083242143083, 49.134065239437504, 14.766355342704896, 2.1344253217749527, 0.28109790835536, 0.6531267796770192], [11.541096189318084, 49.706934416746726, 14.742695716965583, 2.120377942134141, 0.28210176617022686, 0.6569637220393064], [11.555857392731237, 49.51425025166862, 15.040469835455022, 2.0754485008365746, 0.2768052207320803, 0.6572912307505014], [11.492017348611627, 48.815954555971416, 14.962493322538355, 2.1039959764109213, 0.2735722855666591, 0.6597568018304343], [11.495715354805077, 49.287088754992645, 15.153881304714943, 2.076120391977648, 0.2726473088856962, 0.6651194654558649], [11.526979088276935, 49.53785898882317, 14.736100937660742, 2.0786760780064584, 0.2778963029012676, 0.6603648628367507], [11.550145314515579, 50.06705927686138, 14.527818919088785, 2.110292769187037, 0.2835765353268023, 0.6554444519337951], [11.52853099005278, 49.763199295571816, 14.863416720542897, 2.113991082207498, 0.2808319362398153, 0.6567816275972918], [11.603058698230345, 49.66367325276582, 14.73131076902083, 2.087803856551239, 0.2827804519836994, 0.6512104407966466], [11.496307568681654, 49.228413204559324, 14.953068116444072, 2.134840243599536, 0.27824120538998837, 0.6596137098417798], [11.595781296962697, 50.245477827725345, 14.504107044624483, 2.131762387843947, 0.2854808573545373, 0.65366789350494], [11.570432726338952, 49.648312826312164, 14.656078756727679, 2.108192263178144, 0.2830395372532717, 0.6541801259347292], [11.522564036263985, 49.33560581810352, 14.79782925469497, 2.1195557051189065, 0.2805880487517632, 0.6590164797696005], [11.525647688648508, 49.62113942600965, 14.710576035142415, 2.1261194684076754, 0.2827962614452979, 0.6531488824788838], [11.564813105070487, 50.245876378977535, 14.543602720702507, 2.1135440184903347, 0.28538375647395303, 0.6520539143750932], [11.530161987369665, 49.69527328082307, 14.700193921537622, 2.120985098172971, 0.28184174103654175, 0.6567224305576566], [11.545952617520891, 49.90694578423005, 14.934788131232967, 2.1206673994409786, 0.2797839688137982, 0.6563503036784741], [11.521999995780691, 50.002070956845834, 14.859636423226235, 2.0441601730363206, 0.2767889218899507, 0.6632039425645951], [11.543741729385482, 49.64725406741915, 14.754243129958088, 2.1370388556896, 0.28422476533703, 0.6526371726516532], [11.550562090753703, 50.11834100193262, 14.61301128201687, 2.0827891582929094, 0.2803701509490384, 0.6619539125212462], [11.525561033661065, 49.95182032562445, 14.729763281147726, 2.117305825643754, 0.2850195748445586, 0.6586203359471985], [11.51372153679801, 49.36494468396787, 14.863700337870306, 2.108591239081855, 0.278093021498166, 0.656699776678848], [11.546235211757171, 49.940740336122886, 14.778010426670576, 2.1061289393374905, 0.2823599764358133, 0.6549299124421387], [11.505755748417355, 49.38908379558909, 14.767060190882313, 