{"basin_id": 1, "ref_run_idx": 2, "seed": 202, "x_best": [11.45562416004727, 48.637663379213514, 15.625192973135258, 1.9877753254560815, 0.25896226348079054, 0.6794144699807414], "best_J": 0.030947895408281398, "P_final": [[11.45562416004727, 48.637663379213514, 15.625192973135258, 1.9877753254560815, 0.25896226348079054, 0.6794144699807414], [11.497892779869316, 48.32927188040937, 15.197834090286243, 2.0999149254392266, 0.26915920121230497, 0.6648069417056008], [11.472910868966638, 48.35929209443102, 15.512886032631904, 2.0253609697919006, 0.26059747421819757, 0.6761727809075759], [11.431638388240977, 48.40435407963334, 15.590998122757261, 2.0128835843540753, 0.2586941076063208, 0.6781220576669649], [11.473080588519528, 47.95159702906803, 15.554332228732221, 2.0190122096941403, 0.25956340168817654, 0.6727677885683594], [11.433355637841709, 48.236451709371195, 15.64199675584464, 2.0106967252644115, 0.25780695736727266, 0.6785673051996339], [11.479565968391228, 48.48371052570829, 15.637093647853531, 1.974761367840013, 0.2569320379970842, 0.6799367138495518], [11.442194222031286, 48.522919117843834, 15.653961285698434, 2.0003135701358365, 0.25863989626820416, 0.6796017772726319], [11.423394962766316, 48.779959625135945, 15.765894346253834, 1.9826729341663958, 0.2571744627175202, 0.6828267454304116], [11.467658932889092, 48.122112521828, 15.271308521218948, 2.0680689405403405, 0.2635767336663698, 0.6706321969632825], [11.469348431153854, 48.629184475722475, 15.525579729020121, 1.9839519576725457, 0.25953992539188386, 0.6776379926429473], [11.451353249048287, 48.33637218241399, 15.552137206342854, 2.002322459942846, 0.258695066274723, 0.6779689195975603], [11.448861306359907, 48.1399182790971, 15.612686809525496, 2.005538870771318, 0.2576849524896509, 0.6765391878145084], [11.431317067275232, 48.52459664668877, 15.722461794933986, 1.994776703031502, 0.25820186408694706, 0.6812281728517217], [11.441043691182312, 48.18134735557166, 15.460379996150287, 2.0589472620409848, 0.2624796370914025, 0.6741959234402871], [11.436697998222696, 48.58945238949726, 15.728225828615095, 1.9557197623927018, 0.25468648534362176, 0.6837785847607356], [11.427866305079377, 48.42217569120201, 15.646658673720927, 2.0157002208851225, 0.25953583920685463, 0.6798551005264097], [11.453531707762663, 48.6617663326917, 15.678103781204534, 1.985788534085775, 0.25802232340164827, 0.681455544828882], [11.427934839826273, 47.41920718529837, 15.542023491272138, 2.0820768067648774, 0.2619151026162932, 0.662925162888396], [11.436271705685845, 47.937672032937044, 15.311299677890316, 2.0670993598547973, 0.2640666610555997, 0.6703119848899598], [11.46290961837601, 48.52895743563167, 15.5621104117976, 1.9671477888893303, 0.25705248132546765, 0.681431904806255], [11.478156526637775, 48.05819072915141, 15.325852400985008, 2.070008339816899, 0.2637488490810793, 0.6702559381720878], [11.470836252517765, 48.43282561923255, 15.423795657703813, 2.002037179873529, 0.2594479455203203, 0.6798985413952665], [11.479225813847464, 48.17575280466319, 15.181997138626462, 2.048031472674609, 0.26474195642785336, 0.6652881349782379], [11.416244941203734, 48.32382091755015, 15.693611632812448, 2.036960954614715, 0.26141656095011423, 0.6751641311092436], [11.418010333352653, 47.56146161664831, 15.67723810154843, 2.0891424870120177, 0.26183456784281656, 0.6677106105930594], [11.400074849894095, 47.865585092333454, 15.677518556195512, 2.0880420847170864, 0.2632520914286797, 0.6705602432524214], [11.392426204255562, 48.51004495141544, 15.878773682135577, 1.9752672912085287, 0.25576714443648346, 0.6826510442520055], [11.486288153415785, 48.84570029741211, 15.478112322362842, 1.989398607824487, 0.2610400299713737, 0.673247819629478], [11.434546359876034, 48.58687071827349, 15.677224564543181, 2.010345448195407, 0.2596950616827525, 0.6801693466856296], [11.451916493398071, 48.463255784224955, 15.631340794881357, 1.9852938471813646, 0.2564755543120797, 0.6816079485999578], [11.45242384681777, 48.70743395661757, 15.59995812055561, 1.9862622704645168, 0.2588149098251166, 0.6824457628593237], [11.410078607871618, 48.34838955177595, 15.400414489907444, 2.1008951495282804, 0.2660874852083413, 0.667590778311843], [11.424238597434615, 47.6220282198572, 15.605581421838076, 2.095263784158452, 0.2633011474226236, 0.6675671539509096], [11.444667812239246, 48.27577329438309, 15.465042554994994, 2.0064636063572996, 0.25774365783498776, 0.6805515991272699], [11.444175960094057, 47.96255267251478, 15.586726591775646, 2.0816639877715586, 0.2613452905668958, 0.6742587455196833], [11.454022684430567, 48.45701846677633, 15.59089581732932, 2.0001551843050827, 0.2587145684852278, 0.6778996307265406], [11.417497158918295, 48.576452731935944, 15.966276911955894, 1.9269638234327262, 0.2510049381743383, 0.6889585687920365], [11.44238165729131, 48.10336014726135, 15.39263626677652, 2.041720067779282, 0.26100112338516535, 0.6740121595533591], [11.486317081337406, 48.096212106147355, 15.391130737358608, 2.0359911049937662, 0.26221229242785155, 0.6724979651966544], [11.45227578389478, 48.32668939559114, 15.590670032080327, 1.99610445525192, 0.2571792707100869, 0.6805643969769507], [11.440349493228986, 48.08052135369167, 15.284936262520493, 2.0898789890118286, 0.2658109467911956, 0.6713242301203994], [11.443656524680337, 48.55358907435758, 15.640561380669684, 2.0051564543842915, 0.25936894092456214, 0.6794377308936689], [11.446304319821813, 48.46946659772415, 15.72594487386849, 1.975652710536971, 0.255427396933702, 0.6825866676193204], [11.42099573631974, 48.38931146691923, 15.705937490906438, 2.0153583789053595, 0.2587854922741112, 0.6820005767862228], [11.443765487387635, 48.09834875073344, 15.592963085794146, 2.0260778642683923, 0.25904478819778837, 0.6771382310584885], [11.43988655771249, 48.474518764913, 15.675107717136655, 1.992670999572578, 0.25748938864833687, 0.679860659369034], [11.484095546476388, 48.63818421765628, 15.609674211195262, 1.9754284747583568, 0.257125755430707, 0.6813749132349363], [11.473794821339334, 48.07622174932216, 15.271664960144431, 2.065805555164269, 0.26403604418475723, 0.6695800326424055], [11.45619802088008, 48.36571369253181, 15.716983931286427, 1.9752856461242625, 0.25582802636547736, 0.6799819671691022], [11.430992297412732, 47.37281941028541, 15.268001920837406, 2.140913366958153, 0.26520681289890996, 0.6704534389747802], [11.429890093387025, 48.16812113383132, 15.541025901607282, 2.128221418966989, 0.2693207918077675, 0.6684800139942519], [11.451415725062192, 48.46010760980313, 15.63067772242148, 1.982770670017537, 0.25700898316900417, 0.6803442499146481], [11.487021895058433, 47.89992022952576, 14.824792624819844, 2.1432333360582465, 0.2725574334074999, 0.6625189850562383], [11.44882199765742, 48.13534520883946, 15.532805354356434, 2.0702550937370647, 0.2647467025458241, 0.6678002119353336], [11.442208887698621, 48.81641310614815, 15.551574845732988, 1.991557210718539, 0.2593598348898007, 0.6813267958060223], [11.43408662202678, 48.366410478472964, 15.57476383115862, 2.030641659359278, 0.2604518219079032, 0.677727344629012], [11.411886201890853, 47.35746583139782, 15.285958414137738, 2.138234592132302, 0.2663520813296583, 0.6628589324138793], [11.504399754996367, 47.91037388573737, 15.143788832234534, 2.0442694440202303, 0.26198611138489336, 0.6709101301212071], [11.454189341779077, 47.875368116062475, 15.510073554074552, 2.05811654887616, 0.26193018493142595, 0.6713189316376739], [11.45773880415351, 48.377055242296024, 15.730863455806599, 1.9560688613163821, 0.2543130551416592, 0.6858008679028312], [11.439683699596841, 48.445743821648826, 15.612931574070373, 2.0176205534414646, 0.2600840363572194, 0.6762438062701234], [11.391814978539058, 48.49680095640428, 15.604852276198741, 2.032852107475547, 0.2613033530717387, 0.6770468455041033], [11.468650690798981, 47.96122308090952, 15.228064164287055, 2.087151734482672, 0.2646479164253182, 0.6684199501137925], [11.430928647530202, 48.08233731688641, 