{"basin_id": 2, "ref_run_idx": 14, "seed": 214, "x_best": [11.589563383589223, 49.11875660295493, 14.322431671403791, 2.255029067880899, 0.2926360008452346, 0.6379679671075807], "best_J": 0.03142013581477209, "P_final": [[11.589563383589223, 49.11875660295493, 14.322431671403791, 2.255029067880899, 0.2926360008452346, 0.6379679671075807], [11.61864645410501, 50.318034075579796, 14.209851446774994, 2.2492022789773154, 0.298791871511723, 0.6369822394887772], [11.535500512363244, 48.923582986725044, 14.454547419746545, 2.3265891999439043, 0.2967592088436443, 0.6323971049909415], [11.651753245390347, 49.58260650006406, 14.121397440652567, 2.265607097326144, 0.29922685143949096, 0.6316479261335478], [11.599429472657917, 49.37520267999785, 14.085978785540004, 2.312870673187188, 0.2999223321908605, 0.6323598519665579], [11.539479411525328, 49.090452097458474, 14.29212033554346, 2.3647594206505205, 0.29815830834191603, 0.6367339958701596], [11.575214622719798, 49.844859672724894, 14.151300001912913, 2.31886149268499, 0.3025665069482494, 0.6287247289290331], [11.561475091343564, 49.2404040042542, 14.424858679256582, 2.2787426857852675, 0.2949580862030444, 0.6375244513260709], [11.574993441489832, 49.378559159421926, 14.206332747032121, 2.265140574738995, 0.29558287355605345, 0.640680571348352], [11.565466465903533, 49.38592906831246, 14.111240208803618, 2.294584576346596, 0.29567835490057537, 0.6405665368683663], [11.595209709200695, 48.93472780963439, 14.231861949444015, 2.279805423037342, 0.29567286514262436, 0.6316537413164273], [11.614145358798764, 49.47969366071706, 14.012924556095058, 2.3463395309233506, 0.3007889091603987, 0.6331535514697095], [11.593938041542602, 49.22105229489069, 13.997480413637554, 2.2507021622217573, 0.29329410435844955, 0.640815083846571], [11.606354149189974, 49.19861886459405, 14.159065227291883, 2.2716712405500603, 0.2978958598967181, 0.6332840842154797], [11.571581463322868, 49.71837531537402, 14.208466701800289, 2.2854776588122285, 0.2975541217094647, 0.6400435069832578], [11.596582198145763, 49.47832834964027, 14.336127270398212, 2.276441020282359, 0.29641737809325874, 0.6343051001577127], [11.595074678673733, 49.28194432966496, 14.160896997047685, 2.3379078412683896, 0.29995047764318744, 0.6325598412919156], [11.586811659977853, 49.178544174409, 14.20343579128531, 2.321279180137043, 0.29856279241769373, 0.6300543621813914], [11.632454031295895, 49.993312560058754, 14.170592828780451, 2.2405446878435784, 0.2964128727315427, 0.6396767117071778], [11.60279485112422, 49.544224134681734, 14.308668748622665, 2.298466658279911, 0.29888892300868525, 0.6311687386820743], [11.569563153248426, 49.20155815339205, 14.433614490077458, 2.2333245943283093, 0.29220724577535767, 0.635292538425307], [11.613747933728106, 49.26525039535386, 14.284822747941774, 2.288586572434979, 0.29608279525381, 0.6340651799884456], [11.589458451009621, 49.49452527879233, 14.284002088410169, 2.3115103086917723, 0.2998415689422216, 0.632228588944594], [11.59592872716626, 49.12210920905998, 14.242632197819104, 2.2616469760652733, 0.29518062709902615, 0.6340436479501648], [11.596001297311494, 49.480254604691645, 14.233913645909396, 2.301664689247214, 0.29929322991824, 0.6343829609029953], [11.573097648638264, 48.98130902686699, 14.174946566154569, 2.342002473418796, 0.29758700803946614, 0.6301430575474021], [11.553999864588603, 48.92811968157063, 14.325448836093575, 2.370168370239782, 0.29928943362943944, 0.6317276435957615], [11.550254572214284, 49.39926379857015, 14.361958429901126, 2.2853366385824536, 0.29634770559323365, 0.6369264355873622], [11.59805120253592, 49.44417353161527, 14.313763630464178, 2.2914592885035243, 0.29932092330075455, 0.632117434597857], [11.628007467852893, 49.387168193673716, 14.185972236942192, 2.2819114293447718, 0.2993501870177774, 0.6302698065292435], [11.569744933028613, 49.46628245210672, 14.266504064178148, 2.3309668921129063, 0.2990596311877523, 0.6354565122623966], [11.556437031845489, 49.4153611837715, 14.27701277688734, 2.2708037464629407, 0.29470614888487373, 0.6422013360751828], [11.58268353978788, 49.01042987252153, 14.378890460030972, 2.288069634925546, 0.29458916192769613, 0.6402794969162002], [11.595331611433329, 49.36089457721529, 14.406657817802026, 2.2507357128703176, 0.2947339014448651, 0.6369010399872199], [11.56497296096418, 48.901736219669694, 14.314590340571982, 2.3201751409608002, 0.29596593056676634, 0.6341394958236359], [11.555761365255426, 49.122637154491095, 14.436410452803102, 2.2989159680015767, 0.2939401092372627, 0.6418094970636931], [11.612471092884636, 49.474223505472274, 14.242275553560384, 2.267111211857696, 0.29635035941479615, 0.6397187015505962], [11.604145319992792, 49.748041166947736, 14.164371770791078, 2.27573440587851, 0.29822820582225046, 0.6359966469691799], [11.568225252758486, 48.57034957491109, 14.449519886348009, 2.3053276194628958, 0.2923083178123818, 0.6326976138819235], [11.618088535577696, 49.516015188409355, 14.151666130286985, 2.298961554281176, 0.30016541998246854, 0.6321160091869346], [11.638301579707829, 50.37110831871586, 14.006055141443158, 2.2685821697088393, 0.3027357019605379, 0.6331784919192593], [11.595756866915021, 49.86962090085078, 14.22390802801691, 2.2904679476198098, 0.3009573868109949, 0.6327268835190373], [11.600012564732124, 48.920378589682045, 14.310184088248608, 2.3070224145943294, 0.29584710212473664, 0.6339965826250742], [11.60061453197482, 48.97869466043634, 14.258419298693772, 2.2744691789328675, 0.2947924764420644, 0.6330348416283026], [11.621315587766812, 50.710865218126095, 14.194749001163975, 2.2282918315479368, 0.29931218950085164, 0.6369992956763392], [11.587627277162863, 48.74780281554821, 14.185339638436869, 2.3627126227261157, 0.30216966511816284, 0.62687864544296], [11.576442117015144, 48.96859599195201, 14.192410485810047, 2.2838574991548164, 0.2929335254979175, 0.6405595588184113], [11.581510649032786, 49.16791093926719, 14.258663763265186, 2.278198730084359, 0.2969740402381833, 0.6341228413091525], [11.588811863665601, 49.1070881256285, 14.250840083583128, 2.301451852045811, 0.2984776814012493, 0.6346224847390781], [11.586141895937072, 49.30526520966124, 14.27963620478298, 2.31269857834568, 0.2975394493276743, 0.6384048094817011], [11.598218807365093, 49.241959480935094, 14.035203860667021, 2.2949968860529926, 0.2989136640601513, 0.6302794854408889], [11.593726157570515, 49.08715726385696, 14.40687793837038, 2.2633051828717643, 0.29442115478466446, 0.6344985678835107], [11.64478973764901, 49.4510023823126, 14.044208728715796, 2.2220260006609345, 0.2960091614459291, 0.6368163745951807], [11.609753162947063, 49.5322190723951, 14.318656830673708, 2.2396283932769805, 0.29732216060826017, 0.6336300589228173], [11.58312280546843, 49.44605034004228, 14.22505909877306, 2.2970446347976456, 0.2989783380067089, 0.6348529618386409], [11.585532822608746, 49.66710308605051, 14.203652699074695, 2.27864727517963, 0.29889176075037527, 0.6383985497958502], [11.584197987797028, 49.18400436063023, 14.312608894367708, 2.285458324590942, 0.2952331608168714, 0.6370156022754883], [11.527757427067368, 48.8755325996549, 14.455584614283236, 2.2870352328182664, 0.2946455976841248, 0.638131705261455], [11.595003077077667, 48.917692823620364, 14.169970425658093, 2.2529402833308123, 0.29253823041446414, 0.6407335933990485], [11.578445099576635, 48.922677703642606, 14.356742122956982, 2.285321548811466, 0.2929642568783096, 0.6405202437876717], [11.588529485061017, 49.29040473224674, 14.255738231943571, 2.3131602969262968, 0.3002369298895891, 0.6308597353634466], [11.643969167486876, 50.122619677895166, 14.113007225033215, 2.214326995207013, 0.29860649846885257, 0.6353113853926012], [11.645614599277241, 49.28345426846895, 14.11972680241775, 2.318726022384278, 0.302387383993422, 0.6256578928337488], [11.583764863914507, 49.7384234606639, 14.255833126379141, 2.2678022486610674, 0.29887137857920376, 0.6375216988392098], [11.572050103601292, 48.862350719759796, 