{"basin_id": 9, "ref_run_idx": 1, "seed": 201, "x_best": [11.502136722403058, 49.083208726675196, 15.165227032054176, 2.0426306978994377, 0.2693291280840571, 0.6675595868128128], "best_J": 0.030939380939317217, "P_final": [[11.502136722403058, 49.083208726675196, 15.165227032054176, 2.0426306978994377, 0.2693291280840571, 0.6675595868128128], [11.460012580056212, 49.36741954096318, 15.60898297746248, 1.973451511850418, 0.26133321653238084, 0.6770326494689455], [11.465594238436033, 48.462354685113574, 15.241306598157847, 2.1026606681448827, 0.27066782367714987, 0.6599716643440335], [11.50139421022221, 49.04057965363576, 15.247515269796462, 2.0623828888331412, 0.2711842196689029, 0.6681797820927007], [11.501180155904972, 49.22182295432656, 15.189701047573333, 2.0652894680635936, 0.271225309348245, 0.6661735992624298], [11.469395963711612, 48.07159644282438, 14.981512985652389, 2.1184547649397545, 0.26867363012129525, 0.6646184736605752], [11.509904143722359, 48.89880797823925, 14.930616171780795, 2.0840868433808097, 0.27351934962681523, 0.6615695186584071], [11.484613637278523, 49.42448834652009, 15.248412105599153, 2.0119563230016153, 0.26765662642359256, 0.6690205132050084], [11.465880516414023, 49.13619436549531, 15.472654328784223, 2.012686478773511, 0.2652012229265084, 0.6723969178096773], [11.518184137783022, 49.39154186351734, 15.015726050961705, 2.056550201288786, 0.27208268088541765, 0.6650767982493517], [11.492911270124713, 48.5637005947743, 15.185372922379132, 2.0820806373573877, 0.27011169240696326, 0.6649567935864316], [11.499951401152446, 48.50228616804746, 15.062205733968325, 2.07085140801574, 0.27073021796831354, 0.6648486961243989], [11.495692823101757, 49.10209641096861, 15.443702331079942, 2.0185762358367065, 0.26503687352937216, 0.6717956360096015], [11.479926870118529, 49.05260325264065, 15.087893766692003, 2.128342826296262, 0.27211253245367806, 0.6659117576609451], [11.46841011363974, 48.861683375483395, 15.23760537664407, 2.067096542588572, 0.2698208866136365, 0.666801395625748], [11.506476246910077, 48.971860435161695, 14.885441602148964, 2.111477626475322, 0.275447105760296, 0.6611791142232156], [11.472937770908166, 49.18975893090659, 15.02016349938819, 2.053043884350059, 0.2714362624816266, 0.6650696286586172], [11.468148730159436, 48.393821949017436, 15.129894889851363, 2.217162547273687, 0.28102132266466356, 0.6514126373934824], [11.509296441632289, 48.89825063739092, 14.915281424922842, 2.083740096842313, 0.27333594363604186, 0.663048175110912], [11.453135442399981, 48.4578224438141, 15.282487488083481, 2.1340392192637094, 0.2725335373441067, 0.6625041843693501], [11.440825574195223, 48.162106260287544, 15.544144941512318, 2.027903294327805, 0.2622915222987776, 0.6750577168086881], [11.48442692323412, 49.02905095617813, 15.047279802209585, 2.0799643349605326, 0.27324707420111977, 0.6622995856968567], [11.400869888724175, 47.53882162198321, 15.226650671754708, 2.2798603633080092, 0.27854339616068463, 0.6534483207434229], [11.500876123659667, 48.20916062576815, 14.976859787881247, 2.0825898218641705, 0.2693311827685293, 0.6584617867270329], [11.480938655392036, 49.293757602855315, 15.213654243259906, 2.0299859178310955, 0.2685283152054437, 0.6669045708864783], [11.522518455910111, 48.58415986607397, 15.035069229103144, 2.106093199663999, 0.2716157986626296, 0.6657583084826417], [11.47388202936746, 49.13907278177099, 15.306136969230508, 2.0454085984578714, 0.2685044781037205, 0.6702614766307722], [11.43507070250284, 49.48144571739728, 15.388974892448998, 2.0631415304330964, 0.27084500482509666, 0.6701351092756207], [11.513869991838432, 49.95419897541351, 15.023882946163829, 1.9743184880785476, 0.2672988177597995, 0.6762370763079084], [11.492735547622134, 48.629216222507175, 15.145189978749066, 2.078921142468596, 0.2713137708633667, 0.6623477080762061], [11.574758367091075, 49.07770793995241, 14.700363727180099, 2.173163487874466, 0.28540971845723156, 0.6521130055081992], [11.515663587624676, 48.76108728804617, 14.923455476626646, 2.0998602988185886, 0.27502369511100605, 0.6597117218492224], [11.460590060045831, 47.567487781538674, 15.34338749145148, 2.100936146462311, 0.2645875172473107, 0.6641805856409995], [11.474659535258075, 48.81210162369564, 15.214487814291855, 2.0165058769750703, 0.26544259949861065, 0.6711887419855558], [11.474136609294003, 49.23014289938483, 15.3269188949089, 1.9835368817169354, 0.26409548164080593, 0.6757964607503187], [11.47387682679092, 49.02695003066352, 15.229620173168794, 2.0555127249448737, 0.26959815049089236, 0.6696109169359946], [11.493639167471153, 49.43843209227751, 15.34866232104462, 2.0265367756908295, 0.26940178681185445, 0.6753767822968713], [11.522365025394388, 48.90168921469525, 14.858821098590727, 2.141435567913416, 0.2786517926197615, 0.653027575770845], [11.4769768451074, 48.48947351375775, 15.041047934796763, 2.0931476734897543, 0.27025486231477713, 0.6650355951836727], [11.507990896850107, 49.37358062727738, 15.075310352988595, 2.059865170556275, 0.2734773990253227, 0.6656423381505665], [11.481789470148652, 48.54284772036134, 15.152320586057284, 2.06406038721046, 0.2683813578708496, 0.6643954655710708], [11.479368526450806, 49.43748680269503, 15.60051110854053, 2.005960648538168, 0.2636180992002955, 0.6761332918464004], [11.491482330895048, 49.112626066913954, 15.319133602542127, 2.0228967445991106, 0.2670331823393078, 0.6694849358005622], [11.490388089771033, 48.476176226368196, 14.833368498032694, 2.167793277714596, 0.2775979582570713, 0.6591664073740129], [11.484607494826468, 48.98668494737461, 15.041237997866121, 2.098253048034634, 0.2742997586726821, 0.6591118514575058], [11.475789452912485, 48.404045097736876, 15.176698612022763, 2.0752108377261322, 0.268083117286122, 0.665080674621828], [11.472048399317622, 48.138840777998794, 14.918029938673023, 2.171164016870445, 0.2750681386635247, 0.65386437163291], [11.486777269091306, 49.19104555521228, 15.22515269746269, 2.048910398480685, 0.2693043735937933, 0.6674574254802279], [11.510771612878663, 48.94650686608015, 15.059756708922624, 2.0676080000655097, 0.27198727203843853, 0.6639092925862502], [11.463140250582324, 48.13374069547737, 15.044724340388516, 2.198007798952889, 0.27761365463299076, 0.6552097989047747], [11.468031449360263, 48.75776644995908, 15.232830884691538, 2.0623998708916855, 0.2692088341258829, 0.668492570240465], [11.503625996820723, 47.92752979733376, 14.914489868197569, 2.1753726388635974, 0.274365100546906, 0.6529168399567918], [11.52606176957722, 48.9378097273462, 14.95467546087096, 2.1429264348381083, 0.279242759691794, 0.6555470463118458], [11.483411111095897, 49.16051842511839, 15.124204190005855, 2.020261802168667, 0.26847743401597285, 0.6680256284992159], [11.479179453091435, 48.76865318704427, 15.216718273141401, 2.0661328872099354, 0.2691321985075094, 0.6699472991233123], [11.49767201370459, 48.971204645314494, 14.7499640249323, 2.0508996533010757, 0.2686957916431397, 0.668754508803963], [11.502484963722603, 49.59708825555168, 15.19030421127122, 2.001419136255642, 0.26762070818302924, 0.6735276242109093], [11.489741155538951, 49.00900531829527, 15.162994308721485, 2.0696047611763784, 0.27050165772425, 0.666453215911159], [11.468048423270435, 48.275289688096926, 15.215883630863562, 2.1133936214159377, 0.2698738625761826, 0.6661267107463055], [11.515962008024669, 48.92909326767528, 14.87229661818265, 2.105029380444918, 0.2746816682508473, 0.6609082204992861], [11.515939431925961, 49.399574523604606, 15.104215585178478, 2.032481263576781, 0.2714247067927291, 0.6657234709293491], [11.509908784205798, 49.774190559786774, 15.214840462840753, 2.0039858321976096, 0.27017787567340956, 0.6739170818802067], [11.489806879912086, 48.967182266732735, 15.010764767364087, 2.067140428241559, 0.27083950297943693, 0.6643305429034476], [11.480749472044282, 48.70861753305965, 15.233381185241255, 2.0572575868692677, 0.268685585701488, 0.6683403654723804], [11.49079885925068, 48.81176106568739, 15.143932996575513, 