{"basin_id": 9, "ref_run_idx": 12, "seed": 212, "x_best": [11.47170037477499, 49.216602168125064, 15.354862171132549, 2.0141170947580616, 0.2654510984485682, 0.6745132201248794], "best_J": 0.030946270839819878, "P_final": [[11.47170037477499, 49.216602168125064, 15.354862171132549, 2.0141170947580616, 0.2654510984485682, 0.6745132201248794], [11.487312931429518, 48.81355525655163, 15.156503989232299, 2.0122849777425986, 0.26605076229460495, 0.6727687290278473], [11.483217199699938, 49.59117500660935, 15.166295924267677, 2.039895774832743, 0.27290767208225303, 0.6653307106701063], [11.504930141328302, 49.989375549983194, 15.059196948533593, 2.0320313018703917, 0.2701889168213262, 0.671347500173824], [11.44992871797912, 49.45206022816405, 15.31082044813239, 2.004535900675854, 0.2662356523077413, 0.6718897136072457], [11.47361342230418, 50.08696156159252, 15.398355270074243, 2.018892997903623, 0.26989751751476837, 0.6716754772965147], [11.553782104800838, 49.257279033168864, 14.704369216363125, 2.139076870160274, 0.28063067866397534, 0.6591137570067044], [11.578821937581147, 48.479271970518916, 15.231075266839976, 2.0375510498270586, 0.2691678480832968, 0.6666141733257569], [11.5092460004571, 49.598520602771345, 15.53379431071451, 2.006246321221302, 0.2675490465422477, 0.6703402206523211], [11.462632753644673, 49.22151983992151, 15.27065213197357, 2.050565533761381, 0.26866462269416885, 0.6679315497841095], [11.488514159450387, 47.653833900573744, 14.778554022662862, 2.224409912598058, 0.28027643965105203, 0.6471852116572887], [11.510346450484183, 49.322701795334126, 14.844428536125353, 2.0386509057498587, 0.2691109621877919, 0.6710431624860612], [11.490918907214148, 48.54964265180316, 14.831511942904074, 2.1161075740066875, 0.2726460738892537, 0.6610531868099745], [11.437810860235363, 49.28687673221827, 15.501167093619461, 1.9978912494207135, 0.2656771924099523, 0.6775415879934015], [11.485922286195152, 48.81706099091379, 15.022448763891619, 2.069683880583009, 0.2723552519061233, 0.6584319364394982], [11.478886948042545, 49.502569678165706, 15.359640235052504, 1.9854645773629782, 0.2641434014897493, 0.678208679254188], [11.48044508157565, 49.147295813954734, 15.14664399612285, 1.9699239098655297, 0.2639839209527529, 0.6758899785722664], [11.48582504865902, 49.45593226615801, 15.228367828605258, 2.000951683837032, 0.26249352023432726, 0.6756803777699365], [11.50319910713242, 49.828244910308904, 15.096505147113653, 2.0196784196543316, 0.2716261275822314, 0.6720974068863231], [11.460315657033517, 48.95176166169213, 15.344929103560029, 2.0131497282540725, 0.26565064909033453, 0.6763387786129975], [11.488327458101894, 49.56043093672904, 15.131441579887126, 2.0401273346700632, 0.2711532750688935, 0.6683165529036845], [11.59386746439607, 49.694817287393796, 15.336173223763787, 1.9152713129646635, 0.2620454033546776, 0.6795947592678179], [11.45129952153447, 48.231086886847294, 15.229155330485138, 2.0675156427462316, 0.2658696868271662, 0.6720153495219673], [11.503888875018982, 48.36492012892578, 15.135635685209946, 2.062599531606023, 0.26901885836019956, 0.6603883279711368], [11.44483476361627, 48.52081924943205, 15.169003724921001, 2.0814167207257968, 0.2674164470236264, 0.6714267475724535], [11.498078734240595, 49.10092733653521, 15.237781036000731, 2.0744603485169404, 0.27090638333271677, 0.6677597931733454], [11.468253671868753, 48.80689308777684, 15.185585313511194, 2.0728227511585913, 0.26984453787873125, 0.6677074167706373], [11.48078168653787, 49.13272673403742, 15.083639718009664, 2.0518867668809495, 0.269640961705215, 0.6707497856739085], [11.456025629738619, 48.027536788008774, 15.173634857512152, 2.1558518221554293, 0.2702595228751367, 0.6608961732019667], [11.439146493925099, 48.289431418007396, 15.227778038710808, 2.113962471842747, 0.27067401515123996, 0.6656163130724795], [11.504966855947723, 49.05641647855632, 14.985022524319172, 2.073030085226823, 0.2720772660534655, 0.6667394424275076], [11.507158592939938, 49.728193820537356, 14.912884571451409, 2.0334862989975675, 0.27206607716732456, 0.6657130196435648], [11.471524279776126, 49.27468467647228, 15.11633576911777, 2.0713399164126285, 0.2714624781681562, 0.6660680425382026], [11.478974406952444, 49.714995774188026, 15.323189109329482, 1.9869073180871162, 0.2664613185873436, 0.6746514499932597], [11.52350544575896, 49.320970406728314, 14.989645881666686, 2.15119614068735, 0.28072999000385335, 0.6602398127177721], [11.484484100623858, 49.61853751252545, 15.174047442650668, 2.052311452273314, 0.27084391621636417, 0.6705601098747311], [11.52688729233218, 49.782260318147614, 15.156489876253183, 2.019661916872229, 0.27074135527371174, 0.6678687097892347], [11.547450880490143, 49.32934053921201, 14.953109050306761, 2.0751384482317605, 0.2759636135690905, 0.6665986810632486], [11.481844926826886, 49.109311500079905, 15.193787843489433, 1.9976018146124372, 0.2651145038864709, 0.6735630117988314], [11.465304769319676, 49.45265483276085, 15.15770798788103, 2.0763877331266287, 0.27215285605910616, 0.6690197622688691], [11.565080954073569, 47.51865225369247, 14.044048838950802, 2.466052749332168, 0.298330174718341, 0.625461404323296], [11.429126290075795, 49.00301309569081, 15.501266522089422, 2.031772679437221, 0.264088278825656, 0.6767983469602306], [11.546824118921755, 49.126482975837035, 14.971391363094016, 2.0634692627357474, 0.27291485409547606, 0.6593502096204555], [11.505129270706776, 49.71004178165414, 14.853808913530798, 2.0241198014987125, 0.2723195409786025, 0.6750573190761349], [11.52717482131828, 49.63468603696468, 15.16013376111214, 2.0359144331704586, 0.27197642369796426, 0.666719748650713], [11.446047488298655, 49.05335159416695, 15.357058073138864, 2.000949890434246, 0.2630877430943356, 0.6788888054428387], [11.534888473520057, 49.78340523350994, 14.748444078289817, 2.060013249454106, 0.2747237348938017, 0.6618803433558679], [11.514042217091587, 48.695067029618166, 15.179676909614297, 2.0134369984487326, 0.2654862738627145, 0.6717745530690031], [11.461222415542666, 49.00211545340446, 15.333680333736202, 2.055847128238709, 0.266958481237417, 0.6724469816577382], [11.481510677466021, 50.054865540081536, 15.42125513263543, 1.9742738828747581, 0.2668059155461497, 0.6774820315371651], [11.45866340573473, 49.55327478672411, 15.227976771869868, 2.0202876963960748, 0.26856390533887725, 0.6742746578761776], [11.49178037449105, 49.55420712577006, 15.053838545856111, 2.0136983812919533, 0.2686524891862456, 0.6714447133892353], [11.464265744636013, 48.63347145883707, 15.232951810312878, 2.052622166609865, 0.26513763125323064, 0.6711760010434443], [11.458262103028064, 49.59485431637596, 15.007200255285092, 2.133829236571616, 0.27948326886133534, 0.6568628074069605], [11.467284479110463, 48.570758155330196, 15.198325063158949, 2.0211406684084, 0.2641496400243375, 0.6717538519249449], [11.451854046592928, 47.96379794404459, 15.259452733487299, 2.214674256020834, 0.27525258029410216, 0.6537563074296121], [11.408247661636015, 48.217408947466915, 15.488360721592876, 2.017999266835008, 0.26016595491086275, 0.6774986568043925], [11.504905190995263, 49.392630409384154, 15.089780265521698, 2.033408191049919, 0.2686278413503466, 0.6697530127010511], [11.500729210309983, 49.85559793678356, 15.194636521932654, 1.9722434349739482, 0.2662154055687524, 0.6745243292942115], [11.488496939365684, 49.37435037081678, 15.23098772338133, 2.0296552714202667, 0.26822128384705585, 0.6704983448433756], [11.487256521655267, 49.858481322802504, 15.274801726367524, 1.9749759326030192, 0.2669327606514406, 0.6759104301009135], [11.482918185323015, 48.92436327827319, 15.26841553927273, 2.0398575576646887, 0.2678359210983634, 0.6714708169343384], [11.52290126961808, 49.55608193102211, 15.31128565142251, 1.9730352744180097, 0.2646371097287244, 0.6767724151807675], [11.480077746705744, 47.61068842321505, 15.512014432908956, 2.0647356648370523, 0.2590930754737153, 0.6720716555469082], [11.471819947924244, 48.88269359861029, 