{"basin_id": 12, "ref_run_idx": 11, "seed": 211, "x_best": [11.477336047606538, 48.71415425097272, 15.240623704446783, 2.055408438428261, 0.2674778510037642, 0.6701758818386478], "best_J": 0.03093179698478255, "P_final": [[11.477336047606538, 48.71415425097272, 15.240623704446783, 2.055408438428261, 0.2674778510037642, 0.6701758818386478], [11.505822054805067, 49.23028522858619, 15.261745879890787, 2.0209687032589936, 0.26816010641070626, 0.6737572541705431], [11.503148768711153, 48.08971684499705, 14.745544705848513, 2.2090072525322415, 0.27977030239777134, 0.6560282139650496], [11.48839134320985, 48.57101522461656, 15.080539678586524, 2.078560409158476, 0.27117011842715394, 0.6633292878532128], [11.511412614000523, 48.32061244770169, 14.928173862431672, 2.1146031402530836, 0.2722899709806467, 0.6641348184722633], [11.474391574263652, 48.8881189148227, 15.382588742741472, 2.026548141966332, 0.26616744634755385, 0.6718094914262428], [11.483276656633251, 48.70568665549115, 14.95911327788602, 2.0658122472097227, 0.2696264502167392, 0.6675328440879754], [11.505185485774845, 48.78232168474816, 15.237903102012282, 2.0093705456183493, 0.26387769412719053, 0.6700640095622645], [11.479123374701247, 48.594316490531476, 15.114423380471294, 2.107806770573353, 0.27135762440757233, 0.6638657839096392], [11.496841833489327, 48.62105986212754, 15.13069920210152, 2.0849820111774315, 0.2706424983824486, 0.6651992541195813], [11.492686625140923, 48.74844432118091, 15.186020860272276, 2.071943014018274, 0.2695065342768918, 0.6676528030701259], [11.498883461594692, 48.62079892879696, 15.13311055692615, 2.0854446446955954, 0.27054033883668344, 0.6627125835583682], [11.467040811737427, 48.90242901537488, 15.176486939767784, 2.072500978234153, 0.2699673552023282, 0.6679810713828411], [11.498225454035953, 48.403851594894476, 14.792064882691767, 2.107840718233868, 0.2727105820371851, 0.660876961272698], [11.544757584656598, 48.79514565459234, 15.119022041205055, 2.100531346283564, 0.2717822442716467, 0.6619658390177717], [11.484900267807813, 48.00958114715973, 15.267497202177172, 2.0642609510263146, 0.2675883393411374, 0.6725139607810633], [11.520920651253675, 48.727563497408134, 15.161362671357836, 2.0824699625221004, 0.2708443865988452, 0.6631938034160216], [11.46231339036981, 48.25246845222309, 15.108702608169972, 2.1493640052196024, 0.27479307553330556, 0.6594498524899841], [11.482460639328542, 48.96481462444808, 15.138425995756661, 2.082740630361465, 0.271348434003687, 0.667234472008614], [11.452139089774786, 48.667046780198845, 15.087293768300585, 2.0818673301956934, 0.27043109808754606, 0.6662387721205862], [11.483890233581436, 48.22647876847705, 15.057977037928717, 2.0694551767737233, 0.268699296662819, 0.6702983879338542], [11.510477858386896, 48.35120933729048, 15.060342310722959, 2.1205716649018433, 0.27266867179080967, 0.6592979677804653], [11.504892679138646, 48.58173892866622, 14.980206912641416, 2.12348058682412, 0.2739353309294148, 0.6656981629500207], [11.488482545952818, 48.67310569002105, 15.314408295353953, 2.0305509623140496, 0.264294675476992, 0.6717505581571269], [11.500776674935425, 48.785431337499915, 15.170812690452793, 2.08263851158528, 0.2703178177032389, 0.6658958510128666], [11.479761164076573, 48.6409333632139, 14.97229546185533, 2.117261504434338, 0.27126480795535957, 0.6659767921177788], [11.449960050835728, 48.33235858619114, 15.075180862819092, 2.0742877273258165, 0.26803587549936864, 0.6709102007102599], [11.49664343743209, 48.23682262133948, 15.158814738279581, 2.119066073767224, 0.2710160183907414, 0.664677714260584], [11.52732570588858, 49.18312729928884, 15.213302393244419, 1.9967799459090714, 0.2659080270710503, 0.6772829153635708], [11.495497200451728, 48.37916258066862, 15.172586098520162, 2.1224328168370485, 0.2705858110303261, 0.6635910926056293], [11.476310197298869, 48.774808000890474, 15.272395472632436, 2.0604587544772306, 0.26782561690613915, 0.6702552286891463], [11.476480462045503, 48.50323383704172, 15.000562647546593, 2.132011154959705, 0.2753271268731904, 0.6623081446747414], [11.491045849812961, 49.10128841091995, 15.22005329795695, 2.0242402612929626, 0.26735450218808454, 0.6686220928738223], [11.499617604966174, 48.526949651355565, 15.007677752067613, 2.146276970340772, 0.2779559748458352, 0.6571538782063477], [11.489777554611061, 48.848552088784146, 14.982009879613129, 2.089073554288425, 0.2722084650597305, 0.6689041395923226], [11.478286635999922, 48.84842878183769, 14.956907748804024, 2.2204921541401914, 0.28161954699580344, 0.646846908232352], [11.512356801713029, 48.06498527703068, 15.077696266638597, 2.1576904717955974, 0.27701657658690687, 0.6517294796505705], [11.477869771534433, 48.25251769238645, 14.829389338595286, 2.1909150278381992, 0.2801822260967053, 0.6524926781704964], [11.497355583357455, 48.327535956662004, 15.25833842113696, 2.090425680059689, 0.2675572883130577, 0.6666830055928963], [11.491529200619674, 49.02187904878046, 15.022083487448029, 2.1030690708266624, 0.2760780278451644, 0.6542729314420433], [11.496753522522035, 47.610911221342796, 14.938645804163157, 2.222244128771986, 0.27751786005534584, 0.6516385033691136], [11.518653742596234, 48.45037611104966, 14.707038654005895, 2.1858970326418605, 0.28126690459777476, 0.6509709193583847], [11.491538480740008, 48.56874479748328, 15.159275768897809, 2.037091785349112, 0.26924376556052904, 0.6665584972487469], [11.471165103365202, 48.73842540413821, 15.194961426064204, 2.0825272480196375, 0.26997340419780863, 0.6675763982256756], [11.488272668961029, 47.864659101346795, 14.679459728512715, 2.2421328397596345, 0.28029278441235617, 0.6486065527337536], [11.47141082989059, 48.537429132437346, 15.110063930089385, 2.119640033620048, 0.27236113391854716, 0.6640422152291225], [11.491661011909056, 48.78662610471589, 15.160274123885102, 2.1249193506290815, 0.27556601360959654, 0.6618636184050756], [11.503875477882387, 48.7592929439792, 15.28892002769353, 2.0771101879951774, 0.2688660570516983, 0.667902926945254], [11.491166349981732, 48.694146974946015, 15.259743956663085, 2.0268061717353785, 0.264115400437558, 0.6723817726776078], [11.504327344737284, 48.729102009093204, 15.34463124730441, 2.0411497918290515, 0.26632034018355305, 0.6696054246527589], [11.475570720452431, 48.539011452986706, 15.10225875358568, 2.102332743122312, 0.272666952020535, 0.6628312078230832], [11.48296764491499, 48.87281961804434, 15.093738240550651, 2.086162845858967, 0.27235643014269323, 0.6611346706354245], [11.483248592085252, 48.9760750486342, 15.318215826710613, 2.0488456230747145, 0.26710891083844246, 0.6681876893786247], [11.524559466920593, 48.75889468386683, 14.829305675123225, 2.130647837658797, 0.2780266509675462, 0.6546704736764557], [11.485085810326002, 48.13026735574423, 14.98521399178608, 2.1725116690246127, 0.2762247383361636, 0.6559717783405645], [11.496287528127011, 48.70757686961841, 15.300806470152443, 2.047421723293165, 0.26699516585800054, 0.6682666445232581], [11.502122880907338, 48.55514401692008, 14.989131080244892, 2.1252005395395672, 0.2745659918891211, 0.6616812043814362], [11.51411501136647, 48.80811277744368, 15.313619399402638, 2.0246936242345948, 0.26554703315089734, 0.6729865198037547], [11.452308576965487, 49.09071601206647, 15.213811712013554, 2.0430894128481123, 0.2681125333777979, 0.6729135867057383], [11.49195867120219, 48.90382641897588, 15.29501065157771, 2.0124978692477185, 0.2645047045206095, 0.6755932696127251], [11.500427208918424, 49.13776769726322, 15.115159585320255, 2.013403297986313, 0.26594522805195786, 0.6734433593247579], [11.516963079959115, 48.95323889460605, 14.901100711673381, 2.106805364670349, 0.2764811997788379, 0.6615150471878004], [11.480787085678667, 48.69067406104184, 14.959986974679916, 2.0648125719315122, 0.2691951755045592, 0.6680736394888824], [11.469746259368925, 48.4671574285406, 15.061998337848893, 2.093984150625565, 0.2706446631915147, 0.6631960126056268], [11.508627528151417, 48.804615809481, 