{"basin_id": 2, "ref_run_idx": 2, "seed": 202, "x_best": [11.498278989386957, 49.18392102913339, 15.107380905533223, 2.0618234174767305, 0.271667913564046, 0.6667076526706448], "best_J": 0.030939953538261098, "P_final": [[11.498278989386957, 49.18392102913339, 15.107380905533223, 2.0618234174767305, 0.271667913564046, 0.6667076526706448], [11.634518963858744, 50.3387149614898, 14.379364778993926, 2.2033841913761267, 0.296015726394228, 0.6401049937505897], [11.620736708116834, 49.86233647326331, 14.072289903190498, 2.2549271518523217, 0.29902742293109036, 0.6347003386842988], [11.502984175539483, 49.145149725563684, 15.001042139542813, 2.0821201632059725, 0.27443837776145724, 0.6631028203041028], [11.528832119424045, 49.374437302312145, 14.781483430454315, 2.1302646733728725, 0.2810323005704573, 0.6556058114304437], [11.51488376641365, 48.93119913252278, 14.91819318756451, 2.1074045122144716, 0.2752324924712282, 0.6593240545980602], [11.501426324485337, 48.79517896698594, 15.053037431664492, 2.093947776475482, 0.27260846113641796, 0.6623238055539028], [11.504809508379546, 49.310590679169, 15.079352744909578, 2.0620670364644598, 0.27276347503327, 0.6659393364354907], [11.498163182513476, 49.36973877198796, 15.064271124772855, 2.081371762335815, 0.27443405756809325, 0.6654650839221989], [11.492046167583178, 49.24597743689433, 15.035221463973853, 2.067191041442129, 0.27238310100536434, 0.6654822018302067], [11.54063119038274, 49.40374753510513, 14.723750673421252, 2.1326289028683547, 0.28155533835531155, 0.6544562372211455], [11.548344486922876, 49.45823967240912, 14.553655909544384, 2.218648585455461, 0.28989385363899933, 0.6430918688656768], [11.637746697976905, 49.71888323192322, 14.199480171255987, 2.2845230560172194, 0.30017191833745027, 0.6350864651372421], [11.591815894770928, 49.44312133761428, 14.301508615376356, 2.214446314458313, 0.2930373897043434, 0.6414917728035179], [11.544471032938855, 49.48173001557936, 14.774957058131948, 2.1112609918818412, 0.28015202626375896, 0.6565512438468013], [11.483546402551468, 49.24067892461996, 15.095306226714271, 2.067565310158951, 0.27199658813901745, 0.6665430688993497], [11.513713311896053, 49.09101974503717, 15.025405418588313, 2.082202359955557, 0.27356866024790566, 0.6637444721814961], [11.499007904936025, 49.27557874559092, 15.034985893807496, 2.066909230027698, 0.2731003542159281, 0.6649744712714942], [11.513769699228927, 49.133608709563696, 14.865417291699, 2.1000001011523883, 0.27642001728689086, 0.6596600187449231], [11.528645110822008, 48.89008762071945, 15.001270762798308, 2.1000636698157793, 0.27486828277223635, 0.6598898065144394], [11.496641068367255, 49.11663405934454, 15.0727762916723, 2.067320370056583, 0.2715883735767074, 0.6664782297338219], [11.527247127402925, 49.026758449637235, 14.873645344446103, 2.109275894100215, 0.2765516139890366, 0.6584235282226035], [11.50061681382052, 49.03039933458039, 15.086190399089972, 2.0823132778986633, 0.27285562612270614, 0.664070156361215], [11.510508514418529, 49.38363671676011, 14.913356841340876, 2.1101086956544424, 0.27816363842913905, 0.6583913567071515], [11.50198661442558, 48.90393979225501, 15.058535994454582, 2.084980209650728, 0.27247038379276156, 0.6644675929565603], [11.492355578007217, 49.09984440824954, 15.08980476215136, 2.075230419596954, 0.2724373258322883, 0.6648478997802532], [11.504876540240343, 49.254090516518126, 15.080400661312568, 2.074701554526463, 0.2734812139979366, 0.6647127165712382], [11.502218836421394, 48.87419284843231, 15.057807652068297, 2.079780573744349, 0.2715796342220766, 0.6639452825468447], [11.51220729408684, 49.24453759017076, 15.001687822265534, 2.096929611417942, 0.2757215464476269, 0.6630716906128996], [11.50426427444579, 48.95900462540591, 15.077323432279238, 2.073331297070244, 0.2722980155323895, 0.6643819066351718], [11.51982102094487, 49.01912376789736, 14.784811982824802, 2.1167165331700253, 0.2774569888548773, 0.6576785168878222], [11.509655117621945, 49.073004016253705, 14.922417848487447, 2.0843666187740864, 0.2743769869838604, 0.6617266596497067], [11.502482963736188, 49.07231820425983, 15.066041965969864, 2.0719487941759285, 0.2723880009215278, 0.6657007858941296], [11.50559548501369, 48.8302300049817, 15.06813372876377, 2.083869144792175, 0.27176331329394954, 0.664777390174554], [11.509115013901102, 49.15472508252655, 15.011686519660406, 2.0679894971452217, 0.2725331991926244, 0.6652512914767837], [11.502792933959928, 48.80626218937736, 14.91230511257152, 2.1077831841622743, 0.27515136902416487, 0.659378772164292], [11.60796198504023, 49.97218157207549, 14.146720250737344, 2.220821682153385, 0.29538343391379884, 0.6402518456046581], [11.511621812505913, 48.55880169994801, 15.101184516839712, 2.0969507355936163, 0.2717490528399684, 0.6601333908350314], [11.61227530312621, 50.10317394084683, 14.307975074898573, 2.2350410905849114, 0.297577489811165, 0.6410042611124684], [11.51822519957319, 49.070574509740794, 14.929656617010796, 2.122694007924583, 0.27757847976643, 0.6591801545392361], [11.507184436452519, 49.25975965229616, 15.01940504979568, 2.0673507612723387, 0.2733973739668584, 0.6637312672030269], [11.609491995000658, 50.31860958971581, 13.946766217824171, 2.257888532392351, 0.30212584934442094, 0.6338456673727313], [11.505839880479229, 49.06108982018958, 14.946514300186625, 2.096514906529469, 0.2750652999943712, 0.6614893328901041], [11.51734468915952, 49.26771662133347, 14.923769963862826, 2.0997877963483202, 0.27688297916181953, 0.6609874886805064], [11.50164064736108, 49.11151674417465, 15.098311320507777, 2.0792376254362415, 0.27265288188120607, 0.6652793326960074], [11.503043770104966, 49.141073226306695, 15.044297193005123, 2.0710757765481045, 0.2726060189683799, 0.6657421105199925], [11.506924730831807, 49.23225624508635, 15.047493229077036, 2.068956872373718, 0.27345215058423106, 0.6652710983032295], [11.48796111502049, 49.088928062920985, 15.111306833356098, 2.074349882557521, 0.27224252488615885, 0.665276048854951], [11.501406854306572, 49.247411043262396, 15.065170653024305, 2.07223744115499, 0.27290598179210346, 0.6654804642644075], [11.499194509242052, 49.318514979099824, 15.011677503119245, 2.0769003232760634, 0.2739843853576433, 0.6646707468304419], [11.50927394320207, 49.25942921457368, 14.955327277166482, 2.100883610572339, 0.2770130373251319, 0.6605852774898726], [11.507262111231576, 49.0413214466801, 15.009607313107102, 2.087898224979681, 0.2733367755871383, 0.6631457165265512], [11.498300735158054, 49.16559184075506, 15.107720859548467, 2.0659221749096734, 0.27190075488825827, 0.6663097255584804], [11.52734773166329, 48.921128493598786, 14.807829300149558, 2.1258301529878874, 0.277866418264313, 0.6595333244667477], [11.51008806909128, 49.25049516270337, 14.930116955770034, 2.1039617332492386, 0.27633818416903144, 0.6600415543199495], [11.617385866088885, 50.25236829373438, 14.390439135138314, 2.2128451274592824, 0.2961946118031693, 0.6398323281884856], [11.590351328208442, 49.7581770717434, 14.19990094268702, 2.235644403966296, 0.2939155040927752, 0.6462354855989505], [11.498319401421789, 49.229233815375665, 15.05370978560813, 2.073462786523208, 0.2734166844300993, 0.6649074154453676], [11.54192479236146, 49.72995568935183, 14.785039917965578, 2.1060607512472025, 0.28073010236016316, 0.6565726935016777], [11.499768021003309, 49.51011601500749, 14.927841151240738, 2.0970978024139755, 0.27767404202314694, 0.6604384948857052], [11.531370105204045, 48.97423511825376, 14.69662542490269, 2.139073050498896, 0.27959320217682804, 0.6540160531302981], [11.50246927154934, 48.945628046986826, 15.020098510622864, 2.114567588626014, 0.27498208880393155, 0.6617082972589639], [11.601663830323634, 49.739177535634674, 14.092891411286704, 2.2302855846580765, 0.29792651850987123, 0.6393160915893327], [11.493507375999911, 49.264484790074704, 15.099596140148753, 2.073029269830641, 0.2732614341295203, 0.6651804910052491], [11.517470495131763, 48.878483820421636, 14.898879010753062, 