{"basin_id": 1, "ref_run_idx": 5, "seed": 205, "x_best": [11.476665805058733, 48.89714200302909, 15.339795413335553, 2.0312779833591232, 0.26572955905331336, 0.6722154901195392], "best_J": 0.030912161315145046, "P_final": [[11.476665805058733, 48.89714200302909, 15.339795413335553, 2.0312779833591232, 0.26572955905331336, 0.6722154901195392], [11.480406334061003, 49.058490020353176, 15.262027180723976, 2.0350719804250548, 0.2671841604782051, 0.6709741466623181], [11.454765211030123, 48.79731053552412, 15.464557113174356, 2.0132642180936107, 0.26342687039342955, 0.6751811436752159], [11.46759056440654, 48.669507918585026, 15.413284215337463, 2.0310459919472708, 0.26444611440477234, 0.6741979729557512], [11.438994781807718, 47.60752152804144, 15.65565270014441, 2.064050930172389, 0.2593829644196764, 0.6730874726631069], [11.441330646135006, 48.58971156968579, 15.491500156807973, 2.0198822609294815, 0.2621729101163982, 0.6759694209619348], [11.485467678245914, 48.99110496713435, 15.30017128051198, 2.0279376657230723, 0.26613496754341637, 0.672049527440859], [11.480151936677274, 48.98646243276555, 15.311696712943307, 2.0298273772777917, 0.26684525195854475, 0.6706650844475631], [11.48096468763605, 49.080429417594374, 15.249735379730481, 2.0363915786996856, 0.26778687955247066, 0.6708469807826617], [11.470506016537742, 49.02654237828066, 15.34522520095624, 2.0277470969568676, 0.2660078278223228, 0.6724566132053557], [11.479259803945089, 48.90499455762723, 15.310046615467297, 2.028918645252135, 0.26587102052333583, 0.6726956506612634], [11.468184144213968, 48.83564169081141, 15.380420012795893, 2.0289091379697273, 0.2639732182714755, 0.6748531536746971], [11.453426633471516, 48.70052503599963, 15.525119431252321, 2.0083593439229372, 0.26162088086757235, 0.6769210102932801], [11.477762429020883, 48.99068851994792, 15.385220179448298, 2.0163992127705836, 0.26462491156647516, 0.6735292449099346], [11.472748369742858, 48.97759758246749, 15.29668934319024, 2.040695191537813, 0.26709798632442316, 0.6713006282350412], [11.466787446260122, 48.80250378926845, 15.374060555760993, 2.0396486128646645, 0.26596960764218475, 0.6711607848922826], [11.476124313456657, 48.82744315122757, 15.347599124459267, 2.0288968027500673, 0.2650224704488917, 0.6730334501833554], [11.479296778625665, 49.25875164427926, 15.237083497188447, 2.034470246059246, 0.2685739971437189, 0.6700154176869422], [11.47018821882092, 48.456840081186655, 15.334690071734265, 2.0695163063641813, 0.26569822331832166, 0.6695270265740583], [11.478738937523396, 48.70634800742959, 15.337440047829174, 2.0222220869982817, 0.2641028843870205, 0.6727354103800477], [11.479037695560288, 49.0419945037142, 15.20982618419137, 2.049498342421186, 0.26809565354617626, 0.6720274052937902], [11.449034348805762, 48.73912774525495, 15.453033300902986, 2.0283778426622745, 0.2639757816691341, 0.6744245096438837], [11.45107027346488, 48.72904718011882, 15.501870451584095, 2.0299763109429723, 0.2627761529097747, 0.6764631331738472], [11.456152250922779, 48.872190196542995, 15.417402654981254, 2.0157890480445118, 0.26405042797692957, 0.6744939613926982], [11.384708347147958, 47.133393036186035, 15.383416365489344, 2.1322135956992003, 0.26288028707343913, 0.6622750122357175], [11.424462830063394, 47.31105561921819, 16.03110380410739, 2.002026293284313, 0.25278116538932544, 0.6808537129178172], [11.472734827944375, 48.454375224670905, 15.485981993075628, 2.030308837468137, 0.26232828916424383, 0.6731546484219333], [11.498691329001435, 49.08502359321969, 15.031960930835858, 2.0681092973168678, 0.27169313676237594, 0.6666192189868041], [11.432874183846135, 48.26748457076511, 15.453055063755045, 2.0607554338666496, 0.2644908693224345, 0.6685157766021166], [11.433638680549864, 47.62286554424829, 15.756060945994633, 2.055833680386226, 0.2589474325209487, 0.6703934334669714], [11.489982424533546, 48.40814733390267, 15.28854395066399, 2.0249210534815885, 0.26219264187055347, 0.6735569370433371], [11.475060598364285, 48.78469317588042, 15.359783392342042, 2.0231778835489607, 0.2644479408841494, 0.6739797029451893], [11.467103957838072, 48.89091834281402, 15.38227909314644, 2.0159989497402364, 0.2646887605788776, 0.6735130691228122], [11.47487227129998, 48.75181776415143, 15.35264669392188, 2.042801000009556, 0.2663348957334502, 0.6723106950082991], [11.480719398779542, 49.004034075078586, 15.231080795177562, 2.0487317078019895, 0.26860870244852536, 0.6698172126143634], [11.439952106959483, 48.456672872412334, 15.4782070987725, 2.050154837884213, 0.2636998411481943, 0.6730438502271224], [11.466497118090903, 49.262620833454385, 15.395301967553138, 1.9905516096361153, 0.26471976894532984, 0.6762963566118733], [11.446098878810131, 48.69925240850708, 15.412537409144644, 2.0371924372681285, 0.2648585276645054, 0.6727249275298891], [11.46793141355984, 48.68176752172304, 15.413880256529927, 2.037183033412231, 0.2647733869846319, 0.6728458708135121], [11.475664816772767, 48.870597754994044, 15.30377957663574, 2.0463165431930697, 0.26652274551373273, 0.6717611432287383], [11.463312493229541, 48.632785148068685, 15.41156696538018, 2.0403662182937445, 0.26499132080667637, 0.6725167768707], [11.458390468220761, 48.59889129254447, 15.5204075757312, 2.0351877212512934, 0.26421618916410594, 0.6712046673290837], [11.420985002673426, 48.18574990023014, 15.73204557824778, 2.042831879223034, 0.258970775826878, 0.6781229697035147], [11.446228400739034, 48.60173385292799, 15.373255769041794, 2.072827761757314, 0.2672034843512826, 0.6670385766199347], [11.475120942809818, 48.91017148157507, 15.243187782344304, 2.0618630198464745, 0.26853425583674456, 0.6664937967107071], [11.505003478931007, 48.7375286681734, 15.200027022465878, 2.053572054908659, 0.26866546347343173, 0.6641798915611262], [11.461130774153814, 49.06763105210062, 15.359661157303673, 2.022262336600918, 0.26569324784569853, 0.6744800465279676], [11.480643269470415, 49.02937916696063, 15.549380469145138, 2.028645934667346, 0.26652095411224036, 0.6723976435017528], [11.473571383779266, 48.83514931606813, 15.394345125464005, 2.0261426403826976, 0.26506732185429527, 0.6713548653982178], [11.467294333751678, 48.73986029721144, 15.351219098442733, 2.0386874539065065, 0.26623599585226243, 0.6709587672003247], [11.452400151404735, 48.778690205835346, 15.555770731942378, 1.9994061919067114, 0.2610211646810091, 0.6771746669662231], [11.460819541815859, 48.92357933018821, 15.230062476654298, 2.042027585970413, 0.26776795068517056, 0.6689103020816177], [11.472582115689155, 48.335866334405424, 15.499220641080521, 2.026323083995159, 0.2613145387968527, 0.6756303524040657], [11.471961313481188, 48.8416008712229, 15.323116840689888, 2.042877842644354, 0.2664715629365368, 0.6703318312428868], [11.478212218211228, 48.82625000999607, 15.309976942570232, 2.0486274004898943, 0.2667725556054707, 0.6703551967438002], [11.486890994503735, 48.95271115406326, 15.223787783642551, 2.037633903499069, 0.26798487136011756, 0.6687941677247203], [11.464209485082588, 48.60411372009958, 15.396268103440743, 2.0404025274731956, 0.2653751190579834, 0.6719725700721072], [11.465736697051149, 48.849973646211836, 15.378410804896198, 2.0288201767360885, 0.26458346618695916, 0.6739370566756532], [11.453690483256938, 48.61839858021535, 15.372939701576918, 2.0508183957231068, 0.2654041267767754, 0.6706127022417129], [11.43698581450144, 48.30673636500959, 15.733686432209739, 2.0053650450038973, 0.2585656413843832, 0.6778269410750413], [11.458840614596424, 49.07628297759848, 15.560421194403775, 1.9767572900617405, 0.26004794331606396, 0.67886122041171], [11.478943303791176, 48.90877237068173, 15.28833840033695, 2.0320321895042546, 0.2665610693068861, 0.6721999302653484], [11.47663971663433, 48.74136394708255, 15.283104640233507, 2.0522400185263825, 0.2669549088921139, 0.6691403158971612], [11.480203197737854, 48.90051092566069, 15.325714473449883, 2.0330803496687686, 0.26596468660364747, 0.6722288844449161], [11.459569120924566, 