{"basin_id": 7, "ref_run_idx": 7, "seed": 207, "x_best": [11.47812538086121, 48.81198507333461, 15.278711571110636, 2.041585272806908, 0.2662137743928873, 0.6703846073082289], "best_J": 0.030930448334729188, "P_final": [[11.47812538086121, 48.81198507333461, 15.278711571110636, 2.041585272806908, 0.2662137743928873, 0.6703846073082289], [11.456074040993371, 48.55415055969606, 15.41117203117716, 2.022663169453827, 0.26224256160809356, 0.6740015769348364], [11.535230085981569, 49.51444752262311, 14.826372576664156, 2.1056710632202367, 0.27928959586342117, 0.6589372860607592], [11.457547080632102, 48.70616401070344, 15.528696762585433, 2.0290228068388507, 0.263884145339264, 0.6740725898682665], [11.5184991131897, 49.570885651890194, 14.94536420887961, 2.093630023084412, 0.2778159580565941, 0.6633170678222222], [11.518468581591065, 49.05468761968744, 15.050306140893355, 2.131333113817445, 0.2774254686821839, 0.6545580776661862], [11.516719207953766, 48.46249046351318, 15.20291694271677, 2.0894873511188137, 0.2692713827888568, 0.6670479608291119], [11.458232241000333, 47.795368671212444, 15.489644013521318, 2.0659533105967953, 0.2608194971723271, 0.6692334413500106], [11.422884966319888, 48.407619788847825, 15.7533782093733, 1.9890309983842318, 0.2569763781123532, 0.681967665884317], [11.470418166293634, 48.6236608355647, 15.357378796411933, 2.047979217142461, 0.2649402517066051, 0.6711559969293727], [11.498248964805988, 49.04987286564664, 14.990128857413698, 2.107122307994873, 0.2747735720525762, 0.6660169183693955], [11.444153182084897, 48.75634838170642, 15.66937015883124, 2.0160478387294805, 0.26198032682452205, 0.6800256407507028], [11.526738013194302, 49.200224463231336, 14.987707655989343, 2.062977091158519, 0.2725797468034401, 0.6618487054984891], [11.478819548429998, 49.07934227268065, 15.373199053938224, 2.024559841955318, 0.26457660193254046, 0.6740598642348236], [11.52827620180522, 49.38719161843189, 14.721517860267932, 2.116106293773101, 0.2788768663848867, 0.6576150953475094], [11.452278442069263, 48.464632364851596, 15.51355181601549, 2.02399900039728, 0.2615723262534092, 0.6752266338026511], [11.484587901694505, 49.14710797379957, 15.351586738853827, 2.039553093665029, 0.26724503099533636, 0.6711285843884722], [11.490157720385694, 48.91755839150541, 15.302345459741883, 2.019832267609096, 0.2661911527360562, 0.6758791279846423], [11.45736401195318, 48.523328926866576, 15.443294731369951, 2.0413577024583045, 0.2648824062014471, 0.6725632977785715], [11.473917266522859, 48.55603304631789, 15.26982547953006, 2.054739718132907, 0.2664180330903341, 0.6687535320383609], [11.572872027059251, 49.80480462640395, 14.508012854167054, 2.138858453104092, 0.2866494478967431, 0.6426573763532015], [11.53276581201184, 49.02530143559086, 14.684589873664098, 2.120278530602613, 0.27837106736866196, 0.6538421045208189], [11.590059858004718, 49.48030406728208, 14.532795767223922, 2.137472815682084, 0.28445061092579615, 0.6507555844403028], [11.512809154512079, 49.20759156415874, 14.944702971724485, 2.068098390971121, 0.2714979978166173, 0.6673242198074324], [11.620391665055612, 50.85283744953969, 14.871884165363706, 2.0004201866746194, 0.2776834481154404, 0.6686569220270978], [11.48360503431124, 48.41115077640139, 15.192769678166558, 2.091722103039987, 0.269256959308155, 0.6694081656963692], [11.520375534392233, 49.353359267144135, 14.811371754285002, 2.0794067486052477, 0.2770926377217474, 0.6603928479986416], [11.424410173656678, 48.223182433397305, 15.679597481175144, 2.018284833131223, 0.25899321013660437, 0.6780642798508014], [11.515063728809523, 49.21915359950356, 14.693286149136396, 2.074534162681881, 0.27346035636978105, 0.6606785147583983], [11.449486452158617, 48.72467284918086, 15.643909103503663, 2.017565021044011, 0.26194580863091993, 0.67593871482325], [11.49472154677671, 49.18724264043987, 15.06093094421866, 2.0763377445732307, 0.27269244973635454, 0.6644072948321689], [11.523647133608932, 49.28520782666593, 14.805604361253561, 2.1899395816726215, 0.2843797579828971, 0.6517352356939943], [11.506291371525371, 48.90604446361618, 14.92942062212583, 2.132248295203319, 0.2790908539936643, 0.6645898063537073], [11.452622238974058, 48.462303888670625, 15.50311254313972, 2.020528485380209, 0.26124482505005336, 0.6753382301892145], [11.54718458940423, 49.90455085597349, 14.934653898960324, 2.071209978686159, 0.2779788023440167, 0.6650179711976566], [11.55100935362952, 49.320694666818135, 14.468782328501117, 2.1290583347322034, 0.2803159927838594, 0.6589874788543183], [11.488751964784242, 48.67349782380687, 15.270191016443961, 2.000408782451654, 0.2609127531524233, 0.6771532682068125], [11.530253204688728, 49.243380625052716, 14.92468917308881, 2.093335143059225, 0.27711753675789697, 0.6628661593093219], [11.541453453198416, 49.39352894312338, 14.721277139791274, 2.159495002366422, 0.2845011419767052, 0.6492405456659537], [11.560464243398668, 49.02797176700129, 14.754115959942244, 2.11243011434741, 0.277697683781001, 0.656464800835516], [11.47274050949847, 49.085422556980426, 15.248025990061372, 2.073270847490301, 0.27094392423381336, 0.6661724931199897], [11.527504445651381, 49.15869798875179, 14.752212326527788, 2.1045959095544284, 0.27808082290657987, 0.6581932684929547], [11.459934354462805, 48.66864598981793, 15.452000769287395, 2.0438565164671343, 0.2652914692103199, 0.6737467590413334], [11.552988774960314, 49.774946399837084, 14.78014339088378, 2.0944350569727623, 0.27875666020566275, 0.6639939410307641], [11.478069776501101, 48.32770696072484, 15.504171885586178, 2.0304357372908868, 0.2643813459930524, 0.6689671888656089], [11.48611817064102, 48.45821297875737, 15.086687128452404, 2.089314373027273, 0.2719878790340269, 0.6616152802521], [11.41973235052916, 48.37037113697757, 15.77814430641163, 1.9801578545452578, 0.25347977155928286, 0.685521673738347], [11.498133879873793, 48.516426123857606, 15.052365871254029, 2.0807128085237085, 0.2702101257548465, 0.6633459400959527], [11.562151759182745, 49.7042101546789, 14.63604496050668, 2.0652993128910717, 0.27874254023721323, 0.6622738798712604], [11.459282741970647, 48.28821783318669, 15.490914869597422, 2.0250281539533237, 0.261257358846129, 0.6732657305608694], [11.583395551732567, 49.57588686175042, 14.531156937275243, 2.1250147505215393, 0.281958008891137, 0.6530017081948701], [11.538593361297059, 48.25187578509733, 14.904666070463305, 2.160866340808872, 0.27648521949784766, 0.653790423731817], [11.578935344157964, 50.00857934872056, 14.681808239525383, 2.094003253633042, 0.28099814457248906, 0.6622335431157975], [11.434697765417917, 48.65394330490388, 15.46828527832465, 2.019871971577604, 0.26464939264779097, 0.6711102240686383], [11.434826801146361, 48.29915735534074, 15.637281871272865, 2.0310523086112195, 0.2597993877006654, 0.676754956762568], [11.54038934876342, 49.74771327563359, 14.83840946850831, 2.1109383225418408, 0.2799347585417964, 0.6626162712383963], [11.611459523334693, 49.76157280938653, 14.331873003139021, 2.118498770814416, 0.2880223279288888, 0.6492505514808573], [11.600111580257003, 49.04742152116851, 14.45307978156975, 2.170087025009148, 0.2866599029087736, 0.6467777331122033], [11.659984497549527, 50.04821393473516, 13.896987039106056, 2.252493563249705, 0.29770295765006866, 0.6316600544728385], [11.505471786875392, 49.10417807151812, 15.089769349064907, 2.0908521605100137, 0.274686457309292, 0.6596147396498618], [11.512136286523134, 48.75427992186019, 14.82994462578344, 2.1506577368879842, 0.27740234968819616, 0.6565087323782868], [11.473355976059338, 48.651454984812396, 15.385151729943773, 2.012485489258388, 0.26453124670462297, 0.6746865546737753], [11.546491725770183, 49.39558186930168, 14.685220991728809, 2.161621768994026, 0.2859247142047293, 0.6502920995855558], [11.565405728384224, 49.1919181365905, 14.541970235664568, 2.132961057274687, 0.28183351046784094, 0.6510225955999007], [11.506710172528212, 48.92174165777894, 15.039975709752765, 2.0674040193537646, 