{"basin_id": 15, "ref_run_idx": 10, "seed": 210, "x_best": [11.638012736197059, 49.72530677970421, 14.143277931098892, 2.24639887892626, 0.29786675696249393, 0.6354085618758513], "best_J": 0.031580535848707375, "P_final": [[11.638012736197059, 49.72530677970421, 14.143277931098892, 2.24639887892626, 0.29786675696249393, 0.6354085618758513], [11.644903886212251, 49.77535415125945, 14.10641004750202, 2.2542187771465487, 0.29989980580226383, 0.635113559156949], [11.652546729386147, 50.11763903102646, 13.982457811524966, 2.2723130912616445, 0.3010272460570444, 0.6338030423184378], [11.64216093136888, 49.98069378392479, 13.99010804468387, 2.2662000316015622, 0.30166775734506046, 0.6320385136603732], [11.65039346966271, 49.89189343256079, 14.105372314524413, 2.2993975798699653, 0.30163188072431546, 0.6325171057665382], [11.643281484131805, 49.9243446343938, 14.14091899708898, 2.2436904247630203, 0.2990380825395403, 0.6361664954586077], [11.648778878380558, 49.74918311057134, 14.121274521317348, 2.245122493104107, 0.298335854159304, 0.6354319908142054], [11.644460212941093, 49.92779438012117, 13.994084798628199, 2.274133753967894, 0.3026901064753938, 0.6335081935703988], [11.645251587632998, 49.873588079324456, 13.967163838706696, 2.300510112924016, 0.30270083141834886, 0.6340225892319192], [11.637490980810998, 49.772951357874696, 14.153838749103487, 2.252387439108577, 0.2985837846762004, 0.6358518464759132], [11.644441987925651, 49.96749958294423, 14.122186673257637, 2.2433772374106575, 0.29881051890357613, 0.6356417754874697], [11.667676754615268, 50.32119347673126, 14.039731596678514, 2.274994731173645, 0.30434055699895585, 0.6333034849604547], [11.65738641562914, 50.17671709140862, 13.978612643793786, 2.3292579938119347, 0.30703536536684395, 0.6273693053933316], [11.637764299676745, 49.982994345034506, 14.12109698218111, 2.255239560779109, 0.29834653076024253, 0.6361820583705358], [11.639124991282834, 49.788212761887635, 14.148338030631411, 2.280175469264683, 0.3011388345261742, 0.6321958336847912], [11.671816684032462, 50.21755538277287, 13.887184820485816, 2.2868593269946933, 0.3052009579888603, 0.6299849191227566], [11.645491651252538, 49.78564870408038, 14.104201901407997, 2.251138333359737, 0.2988812695729913, 0.6349649167231142], [11.640172498964175, 49.90951673101166, 14.128300719345065, 2.2511777486407394, 0.29877752499276755, 0.6345653147056047], [11.642709513625915, 49.635078126624414, 13.95802941973362, 2.2600218985874116, 0.29899223029923444, 0.6334440449868125], [11.643470668815532, 49.5096080594499, 14.104688105168947, 2.2745901618046576, 0.2986989714715423, 0.6341220693362125], [11.637815106714491, 49.79264840338518, 14.092823387439145, 2.248139693532629, 0.2990386309010706, 0.6354284884357114], [11.65544321535496, 49.702080948604845, 14.106169610872893, 2.293021598351127, 0.3019500049728602, 0.6289971453944472], [11.690985026102611, 50.26255093231515, 13.763177521165888, 2.377313102740613, 0.31200130579313445, 0.6222341843099656], [11.763255290465828, 50.66740488650439, 13.730112358964407, 2.357653778275551, 0.3149214489480034, 0.6188303599219059], [11.652926497085561, 49.844494309130255, 14.060103986316575, 2.286264345752655, 0.30114511772389446, 0.6331982010447998], [11.652488429148912, 50.1786824983219, 14.156721389656676, 2.2436082452767496, 0.3007717758000539, 0.6347212825499585], [11.641660996475728, 50.23544342320474, 14.049642225872754, 2.278765838386098, 0.30332281012392315, 0.6316799902672591], [11.638721686361162, 49.609344714625756, 14.16538108644776, 2.2428669042059264, 0.29787337829234684, 0.6344313353458182], [11.679841279160664, 50.2582214906002, 13.792346829032951, 2.2732288715214315, 0.30538875473326543, 0.6227973373944624], [11.644345596638413, 50.18743274348327, 14.043703960280608, 2.2598692026840035, 0.30201051718571037, 0.6343744488338661], [11.650674512678407, 49.81417808673959, 14.06967063114476, 2.259493330778731, 0.300031170704489, 0.6315813855413305], [11.705165675851667, 50.16243258390835, 13.758716284352655, 2.349685058037765, 0.310659375456084, 0.6233544491754013], [11.648479761699937, 49.9718061113042, 14.090820154216525, 2.2649642532634076, 0.300260239595862, 0.636105261787287], [11.674690371671733, 50.14699882234505, 13.97910197091924, 2.341034839014077, 0.3091190562658677, 0.6235479373760445], [11.685423192519695, 50.113099934023744, 13.779619285830767, 2.3225704247165524, 0.30755547041068465, 0.6265076562779625], [11.667256062776056, 49.971144826503675, 13.887429464248347, 2.2941240841541455, 0.30386031452868806, 0.6316633966183608], [11.63762314162694, 50.06075160054118, 14.061443375844755, 2.265726101918945, 0.30117088886398447, 0.6338267626577346], [11.636426880047356, 49.902243840877, 14.060797260690359, 2.2460099554898036, 0.29912114145706564, 0.6327344286471531], [11.638809553594708, 49.709846830531156, 14.017611810623523, 2.2509321978041847, 0.2991856014063604, 0.6355426349509258], [11.758981958884501, 50.46299614088425, 13.317361353411671, 2.4113939883847304, 0.3206318419755393, 0.6108545264720407], [11.679408167517675, 50.285626984261754, 13.698003085961526, 2.4384107950403164, 0.31898776653454, 0.6127822807927927], [11.662901919473825, 49.947061236406746, 14.021178587310603, 2.27512770417078, 0.30214261189553165, 0.6334748680214654], [11.640415041869673, 49.93076452837442, 13.965199855670814, 2.2512179730569573, 0.29871087638669136, 0.6357017069074017], [11.66770934396543, 50.24738028495459, 13.932899261327654, 2.328274586349889, 0.30903438023986896, 0.6246722061749266], [11.639608497142486, 49.87807934313406, 14.050106066720533, 2.2727422344375556, 0.3012431499022707, 0.632345747336571], [11.638240671168722, 50.1128010471534, 13.903248865098572, 2.258344215290391, 0.30017151300166744, 0.6340215462532647], [11.643360201278925, 49.66617974600867, 14.059520612842919, 2.264751093104431, 0.2998766435392461, 0.6353365457543738], [11.685926954837175, 49.960347660588525, 14.10752954831333, 2.2948937705828842, 0.30334247486273186, 0.6331298724448262], [11.72788937694114, 50.04840180680144, 13.626316677301345, 2.4225062015076255, 0.31525887518603646, 0.6184370619282618], [11.643775874734818, 50.17212639807967, 14.111847717577582, 2.2579014310555587, 0.2999984939756792, 0.6359769417387966], [11.641736555521788, 49.718477331830485, 14.026335245892577, 2.243390676286894, 0.29793313599282223, 0.6350083998340141], [11.635491511122078, 50.33137240931789, 14.151487502482306, 2.2762165659636895, 0.30241742551829837, 0.6342010371872373], [11.641523062239349, 49.88445824354251, 14.023163915760353, 2.2670478451085496, 0.3012154157518231, 0.6351534612422298], [11.671436251941142, 49.920475528978635, 13.90209388730998, 2.339705205969629, 0.30758456695638076, 0.6261501065885801], [11.65041058310202, 49.90903658346257, 13.975130871482099, 2.2719552035231705, 0.3025022687826043, 0.6323914680791196], [11.644186981618336, 49.778993155809, 14.074059841767026, 2.258245278752425, 0.29874104432163656, 0.6349870985139523], [11.641107196883352, 49.60301299988512, 14.121398822729729, 2.2623823698671606, 0.29833859405921764, 0.6356818620255946], [11.660476930104652, 49.79038175390187, 13.9243850552945, 2.3140208386374947, 0.3042922602786768, 0.6295735827682307], [11.688520612521128, 50.61692396977429, 14.108609785529293, 2.2401338946118687, 0.3018938524051168, 0.6342722699822473], [11.641953789117172, 49.7784633454001, 14.160081976588721, 2.2490099518139313, 0.29835820929677775, 0.6344584505775759], [11.661182578311386, 49.77206560955534, 14.108479696807223, 2.2617445882735625, 0.29920378876260695, 0.6347122069148337], [11.643030433302384, 49.59703927591103, 13.97117172570437, 2.290809198819732, 0.3005474922004625, 0.6324378662991819], [11.65743381444591, 50.124216329376544, 14.087860962291987, 2.2554723547976336, 0.300208070026924, 0.6343397285132105], [11.700373866970034, 50.22573888247491, 13.740641379081824, 2.3248829596805414, 0.3094504623979264, 0.6282083718702963], [11.685264582164393, 50.527594891804235, 