{"basin_id": 1, "ref_run_idx": 12, "seed": 212, "x_best": [11.505013130352333, 49.06199309936765, 15.098096022314365, 2.071774918537373, 0.27170323345829983, 0.6657071126021578], "best_J": 0.03095398263429853, "P_final": [[11.505013130352333, 49.06199309936765, 15.098096022314365, 2.071774918537373, 0.27170323345829983, 0.6657071126021578], [11.450491119873211, 48.72033229135642, 15.24045550087166, 2.0851910507717384, 0.2699476379924148, 0.6656009711254796], [11.4783123015221, 49.08454134933418, 15.123080320549807, 2.034216432641218, 0.26892599444229714, 0.6676119462901979], [11.521291982201225, 49.01196854038345, 15.087967352340574, 2.1036048317453533, 0.27359883408578195, 0.6632289931441271], [11.476322375860846, 48.60687881819373, 15.171642928730762, 2.1133851476410546, 0.2724231833302965, 0.6619915224958575], [11.460868721250398, 48.38350744797757, 15.165063089538938, 2.1449868895271336, 0.273819381573585, 0.6576272707768679], [11.492393088438767, 49.25725450183737, 15.15254250493269, 2.0808551586555595, 0.27498679621611805, 0.6627963217931605], [11.4819000577823, 48.78879655600796, 15.058394078824568, 2.128009324370482, 0.2746736928072091, 0.6603896333938228], [11.417514395641431, 46.80568097075508, 15.572693627990592, 2.1506064231299704, 0.2630528577813784, 0.6622089289149968], [11.487336946853015, 48.91887497807134, 15.047852677002892, 2.1171751539483394, 0.2744792636451799, 0.6595097570529822], [11.480686654876573, 48.18052327089588, 14.883464739648158, 2.136173563995417, 0.27312482606968713, 0.6613402229921154], [11.474157106004636, 48.845620298794216, 15.130194203429877, 2.089820220210948, 0.2728404464889076, 0.664007743918841], [11.484513172012763, 49.0976517849014, 15.12846076156716, 2.0766995233404044, 0.27228031060364283, 0.6643021990219381], [11.49014194306038, 48.615826441218076, 15.108746178819374, 2.1049403824664306, 0.2711012735000617, 0.6631217639945766], [11.39197847992383, 47.54162169108688, 15.745396596826993, 2.145585011706625, 0.2614942856512648, 0.6722064567165893], [11.494440681430774, 48.63005652972677, 15.04165464989888, 2.113318368440229, 0.2737391690215288, 0.6623277471760052], [11.45999943181605, 48.175815102441156, 15.197346518565315, 2.1004945132202084, 0.26680890663531787, 0.6710492161914546], [11.48275192399612, 48.65110371992543, 15.054040749344482, 2.111548607382553, 0.27503732904945033, 0.6632970273590552], [11.457821091891956, 48.85943154803705, 15.038215380298778, 2.1440949240201177, 0.2763483379675933, 0.6613344805632397], [11.476856721741399, 47.81268908660679, 14.910251273354305, 2.1287213608544335, 0.2696989817054321, 0.6619649193466455], [11.475006035397884, 49.10794343256815, 15.101651794551556, 2.122498595850325, 0.27540091597753574, 0.6620857252763492], [11.480981430019485, 48.63232118510911, 15.118453200813075, 2.103553415602011, 0.272118645272162, 0.6638813916801324], [11.31757813948424, 46.38610054593874, 16.113556418336817, 2.118148157065035, 0.25547134412346817, 0.6711009854038751], [11.498246985171079, 48.922199007288256, 15.027032365618986, 2.101268403944214, 0.274088301242721, 0.6638264284451578], [11.499347360000726, 48.74973758945781, 15.07113586749837, 2.0942164310897358, 0.2741996347829414, 0.6553549927722825], [11.451311876212618, 48.28619003849656, 15.209682625070213, 2.106376494977172, 0.2698085982915819, 0.6606149595977019], [11.467714177266231, 48.41583213284436, 15.226676926716708, 2.092653804914879, 0.27055472815972376, 0.6644294726768016], [11.469864681092153, 47.98683419853204, 14.916166603243736, 2.131269801445976, 0.2707789879894492, 0.6623360031911215], [11.472631394251604, 48.61407589607556, 15.180525959650618, 2.10757910693388, 0.27177658407419186, 0.6597927436355663], [11.468804207261366, 48.40469717379188, 15.149886987184793, 2.1079350551145826, 0.270992813939026, 0.662405226983421], [11.514548765584271, 48.884010206637925, 15.07696462916124, 2.092889458025951, 0.273627527160402, 0.6640038681445669], [11.486025226431485, 48.7490022073878, 15.034330994637054, 2.101564752057187, 0.27354551386591064, 0.6632231831317043], [11.482182790230205, 48.30814402573723, 15.10016324512468, 2.145170409904377, 0.27288235719248966, 0.657441890379897], [11.467313089437035, 48.60157217764767, 15.251987181154659, 2.1032871507035287, 0.2706105766875473, 0.6663250815979407], [11.46814013295025, 48.32655509346621, 15.111711648302572, 2.1193589050625357, 0.2728891376420409, 0.6620401820700972], [11.496257120720433, 48.93916096766021, 15.263271812597386, 2.080352098658741, 0.2720368851653095, 0.6646618547061107], [11.512889127622156, 48.59724354209331, 14.96471667505596, 2.1166861641649852, 0.27448167099072074, 0.6569112795049118], [11.49074650277596, 48.671842431458906, 15.14152732811813, 2.1069003634617216, 0.27393957868629853, 0.6590821980499644], [11.451932548669236, 48.638386037457984, 15.155631979833, 2.1022961225934647, 0.2725496386400143, 0.662688254658606], [11.464463632702108, 48.33382041932612, 15.250989194613465, 2.0975840239882073, 0.26847495517732356, 0.6684448937179606], [11.422600601619092, 48.18027814900474, 15.415467532354276, 2.118127637952703, 0.27159628629642435, 0.661382946721219], [11.461981720153267, 48.63214720488129, 15.294852196021457, 2.098387554409986, 0.2680106358257852, 0.668478018076893], [11.487819076199514, 48.90206273255884, 14.936372238710707, 2.0920327679429036, 0.2715848153286579, 0.6658159763783529], [11.500743477722411, 48.756740921111195, 15.081770884492615, 2.113560295033692, 0.27409545871182484, 0.6617007477431329], [11.508485858033662, 48.40847643732176, 15.143397686550284, 2.0746156688721453, 0.2693501148424056, 0.6629591641368427], [11.50887234386423, 48.142527765656446, 15.080834166336647, 2.10924634921826, 0.2695007791959865, 0.6641294179938658], [11.501940036532437, 49.07485996600317, 15.083154399065512, 2.0894180596547476, 0.2725447728059333, 0.6658152346907473], [11.479984650969296, 48.542818538734906, 15.259384875467095, 2.0968844573673393, 0.2701217847061347, 0.6657637062829286], [11.442802865058953, 47.17620690839816, 15.362555385657132, 2.136403593041847, 0.26430770928928765, 0.6682606299534272], [11.456095362632881, 48.810662986355396, 15.325821433284858, 2.083557050246289, 0.27002514152583035, 0.6683458969898138], [11.458321550068382, 48.73981464845421, 15.120995260896416, 2.1265536970627945, 0.27264004348170356, 0.6608099931059556], [11.498799225991934, 48.36463587557109, 15.218135788076536, 2.0790034037626017, 0.26895514102778617, 0.6628170894168202], [11.472029212703097, 48.57937966429127, 15.15681382632224, 2.0745270877339492, 0.2683885775623045, 0.6695725356879251], [11.464411181207915, 48.22417095895468, 15.225954083904849, 2.094827311379024, 0.2683261464888383, 0.6699765865569118], [11.515642863914714, 49.16890104116048, 14.846819050045452, 2.120400786988962, 0.2771066339271584, 0.6598142066889485], [11.476813459139631, 48.62252198477847, 15.078911796529505, 2.1001897970789227, 0.27120484190761696, 0.6669853898332679], [11.481619595674292, 48.518682215017144, 15.117934365030642, 2.113043513415873, 0.2721249879999234, 0.662636740942812], [11.492460308783551, 49.37961384694306, 14.831624950928157, 2.136400581383188, 0.27945102486519086, 0.6631532253012039], [11.52239863607426, 49.39141967962923, 14.9155427591017, 2.0985116212476327, 0.27669301099166577, 0.6614247328974054], [11.459031503870197, 48.43400408954798, 15.307366909633059, 2.1201150637189654, 0.2721297142861328, 0.6583998581657279], [11.388605930233018, 47.1611479129235, 15.935812645520988, 2.034644255234521, 0.2548171943424117, 0.6673217391149098], [11.475376116407872, 48.34309702810286, 15.114191244191172, 2.141639841212417, 0.2726102103941271, 0.6582873946972042], [11.477502845635586, 48.45479430140228, 15.09360460149773, 2.107127638507168, 0.2702159134358485, 0.66395548981011], [11.573455523180677, 49.514030019580154, 14.72915837052363, 2.084050242405325, 0.2811908925241949, 0.6568188961645633], [11.465602142558193, 48.79931758099859, 15.298028592939133, 2.101976626115757,