{"basin_id": 23, "ref_run_idx": 15, "seed": 215, "x_best": [11.496288944356154, 48.96359830877291, 15.246185141120511, 2.05098572141781, 0.26905097031604275, 0.6676623627871703], "best_J": 0.03094765150699729, "P_final": [[11.496288944356154, 48.96359830877291, 15.246185141120511, 2.05098572141781, 0.26905097031604275, 0.6676623627871703], [11.503858293832254, 48.99031842651383, 14.969377351461352, 2.097160153186461, 0.2740860741637135, 0.664083250916526], [11.603968132148935, 48.998171164452586, 14.486496027396614, 2.3010377162371984, 0.29804641449819114, 0.6355575357456474], [11.507782422161595, 48.971076754223375, 15.384417134906537, 2.008440904338795, 0.2645492802128037, 0.673721012424995], [11.525169746160637, 48.924365410273204, 14.849947067400148, 2.129496069012189, 0.2775453481478876, 0.6559538605859674], [11.525148038680316, 48.86178003005787, 15.0651763699968, 2.08123023567542, 0.272545808495269, 0.6625744939217665], [11.553569352732787, 48.91472507314012, 14.782559861813246, 2.1389055242349535, 0.2802842342492961, 0.6531632614305718], [11.500173510295987, 48.603729412163325, 15.050624028910727, 2.1330910224660125, 0.2758083058060775, 0.6570172393931698], [11.52102994903237, 48.6011414912496, 14.521257135282651, 2.219144068467802, 0.285275362144256, 0.6449551817380054], [11.49826360000333, 49.197524078379644, 15.321016258813483, 2.0032576066492815, 0.26540183655747834, 0.6719792124257266], [11.546038693962158, 49.313976016249846, 14.431790006061116, 2.139413811448981, 0.2825294752617943, 0.6560393946590928], [11.529149288693425, 48.64532013262515, 14.637323304147394, 2.142687230316731, 0.2784942196393445, 0.6520679276544294], [11.517905823911741, 48.993293845002114, 14.865735220577074, 2.119823653051845, 0.27744758548017917, 0.6577232143065054], [11.565757161964754, 48.67912456900273, 14.296876881143225, 2.4036622909944607, 0.30165384691584496, 0.6293496838480606], [11.528006764372648, 48.61343255799297, 15.066117051849439, 2.081639961987401, 0.2709841367833338, 0.6626260634349393], [11.55139664896138, 48.28450362374575, 14.619955512709057, 2.221610070115715, 0.28457602350657424, 0.6430118906713369], [11.500280888048698, 48.66960224633269, 15.162996187017729, 2.096139724979714, 0.27296621492581474, 0.6620538178972074], [11.510042083364272, 49.42474403528096, 15.326743105889197, 2.0098724835946045, 0.2683563582540308, 0.6714022455054675], [11.540898315126668, 49.448943055682676, 14.736722436276489, 2.1010362264324787, 0.2801803733593495, 0.6592629536423966], [11.485486436403665, 48.935848116029746, 15.238384711380885, 2.045401274484079, 0.268899138038599, 0.6698597737163655], [11.521814064946918, 48.24031737456478, 14.922641625936896, 2.1369003049221815, 0.2756513926534198, 0.6564579746336835], [11.578417931751064, 48.774287613769715, 14.313362359751286, 2.294792539136506, 0.29378301242172616, 0.6390262802567557], [11.487635266472925, 49.11730027504765, 15.343998843934841, 1.9927447938708633, 0.263845124038922, 0.6737414519800071], [11.504598867640796, 48.92294830691139, 15.13388682853289, 2.0419114065457964, 0.2675974495238635, 0.6690677145872627], [11.514903831956284, 48.81603742328376, 14.872915671141607, 2.1474540096623222, 0.27954531258806664, 0.6542530959084522], [11.483178214221171, 49.120847651088695, 15.437143514306785, 2.007649797125624, 0.26411421140747776, 0.6741863648954264], [11.543168588772096, 49.046756855488304, 15.03418161335147, 2.0476994274988707, 0.27026303101465665, 0.665559767928365], [11.488218774946004, 49.2628851132987, 15.447022141345077, 2.039791592971753, 0.26820147648167036, 0.6696567262774358], [11.552918419810911, 48.88419275957686, 14.660699521730999, 2.1730218538271453, 0.28300256224042514, 0.6487557345408788], [11.552944731501901, 48.79976468303518, 14.860638761990257, 2.1148859022844184, 0.2768552270695972, 0.6573592401316851], [11.518801593209167, 49.53328074807838, 15.022494736951879, 2.0373767340754854, 0.2710427200764058, 0.6686093378954437], [11.544697261553601, 48.84427362399868, 14.542093647307729, 2.2256657779691356, 0.28711491652104504, 0.6413063730670115], [11.493276143825728, 48.75099880622581, 15.308209476218144, 2.004763259007034, 0.262859944083473, 0.6731171708431347], [11.503368558141227, 49.053347050618356, 15.143365603634392, 2.0718549267860866, 0.2715151950717639, 0.6648591315326435], [11.570489057276518, 49.707206158465766, 14.156304217175, 2.238378715404352, 0.2938146331023469, 0.6448859771512476], [11.5967606919673, 49.30584061274148, 14.320182853139904, 2.2558964922291658, 0.2926486841870374, 0.6444517087014602], [11.524525272930758, 48.47927062434536, 14.89136754785898, 2.1517268780708947, 0.27768496108940477, 0.6553649588636676], [11.558434494702993, 49.712881833442104, 14.95793136189764, 2.079522529827564, 0.2758320878151837, 0.6641684368705147], [11.501874765913414, 49.17991212136146, 15.298762980213036, 2.0304889541628866, 0.26879275796012847, 0.6694524524915021], [11.538487759331144, 48.9740229658679, 14.590203946457414, 2.2084915175740916, 0.2865213833502893, 0.6495050108582886], [11.500175745613427, 48.91749404720501, 15.248931075030379, 2.0509942944677424, 0.26867426650008447, 0.6672598299399768], [11.495258548867318, 48.99682576553531, 15.34986399414536, 2.0076667514421054, 0.2649307403212583, 0.6704561597210725], [11.498660582885531, 48.81349304710279, 15.223418007550487, 2.047505947797006, 0.26942276764470535, 0.6688643824244875], [11.511956262518048, 49.229173601957804, 14.864669307101389, 2.111318187310769, 0.27703054842213337, 0.6603492400735284], [11.54892758160243, 49.24839503138467, 14.678946124059456, 2.1433493644612707, 0.28250286469060437, 0.6548563166534015], [11.529796508937626, 49.51143373214334, 14.826742874144989, 2.133336173474576, 0.28172170768609855, 0.6551165276558099], [11.522139085570453, 48.53617750216651, 14.998723340857437, 2.100237426434891, 0.27321167868630936, 0.6599902537672007], [11.584388652100111, 49.56507840314436, 14.75001546208095, 1.9855615264059814, 0.27081498391816633, 0.6669503110666299], [11.548193278344286, 48.75948952691731, 14.588350463140143, 2.1878904101220384, 0.28372983294008985, 0.6500437022871407], [11.554100536891436, 48.85552479103488, 14.697318154203373, 2.1224945126391765, 0.2795352148151653, 0.6560057638264438], [11.544686320083063, 48.608147096107864, 14.56843161018851, 2.2050030851706155, 0.2839970534577947, 0.6489670541482798], [11.529556150424158, 49.69819651041229, 14.731858506859496, 2.07399746226036, 0.27654110342536076, 0.6659745001329523], [11.52315304482558, 49.16948558923402, 15.274282660403323, 2.041213755892764, 0.26930320272878455, 0.6692689836266454], [11.506734187998783, 49.02690284046944, 15.164532775735385, 2.0723118595061676, 0.2710408248621631, 0.6660481740548827], [11.521936456564333, 48.67667829857048, 14.96109467624851, 2.0864162511213893, 0.27163295446752406, 0.6625752224441108], [11.579397657851748, 49.4737810070321, 14.467082399994, 2.2220250537502118, 0.28932774409861856, 0.649024320461987], [11.582474296330892, 49.67763231276412, 14.405355380447672, 2.251997088870547, 0.2943967537499122, 0.6489137203892144], [11.531771792059144, 48.40329574153341, 14.547881605223813, 2.256911103499016, 0.28932304061397274, 0.6398741394154652], [11.455159237204242, 49.05888013594256, 15.386193612193036, 2.051921142785421, 0.26796601152574007, 0.6688182290264811], [11.558447233034508, 49.14103365848869, 14.562572332531257, 2.13594781124968, 0.2823325176032245, 0.6522166030928033], [11.548751901629318, 48.995197369038316, 14.704062547435914, 2.1932383933659105, 0.2838638874049444, 0.6483837542917265], [11.494406805497134, 48.811508263724726, 15.375007970457169, 2.0075181835387146, 0.2639030932846516, 0.6721572389885925], [11.506645974265735, 49.10742920109247, 15.368877918825309, 2.0194219425406597, 0.2670988944954595, 0.6696911969424277], [11.564371366436703, 49.22923018555215, 14.530110467656629, 2.1799357565276747, 0.28620737067390484, 0.6510146524424872], [11.631458018018707, 48.57118676423753, 