{"basin_id": 10, "ref_run_idx": 15, "seed": 215, "x_best": [11.537340632544291, 48.78533563875297, 14.670457787115826, 2.21083395180799, 0.2853192718062483, 0.6451392993922002], "best_J": 0.031221425233450343, "P_final": [[11.537340632544291, 48.78533563875297, 14.670457787115826, 2.21083395180799, 0.2853192718062483, 0.6451392993922002], [11.548987267219102, 48.84717206731071, 14.594013503272837, 2.2346282504603256, 0.2885536124951162, 0.6435355106336627], [11.519758367168691, 48.39116759221936, 14.700262922970818, 2.257469384476407, 0.286681312970369, 0.6438290677836026], [11.542051577134915, 49.168021614910124, 13.876176741036074, 2.366418196734907, 0.3028647895940352, 0.6265036575168358], [11.48290093399204, 47.88111808429236, 15.00679282828276, 2.2809300140445754, 0.28512522509672805, 0.639989119404637], [11.548500754493713, 49.20456946936232, 14.50725783632385, 2.23086744087923, 0.28979743042552714, 0.6448705938569206], [11.639743007235005, 48.78652511254487, 14.201026598062327, 2.4114794109577136, 0.30536847537835476, 0.6260687780659133], [11.593614988621832, 48.77853435797285, 14.413870729299253, 2.3293809845899305, 0.2974930287796617, 0.6292004129094086], [11.527657478968434, 48.72282997336831, 14.580112082086583, 2.2467478540098007, 0.2880398266030381, 0.6419842233700012], [11.554478324547622, 48.70148437358857, 14.585682744841483, 2.217043786651186, 0.2860040158941308, 0.644981141306014], [11.54687576460375, 48.7931579952973, 14.572192907528855, 2.254544479301238, 0.2890774772337011, 0.6401713884729766], [11.5413070762687, 48.92019065039648, 14.65060818895382, 2.2398479570224015, 0.28816155484324496, 0.6440385672478698], [11.563898149079883, 49.11700054209307, 14.464844652187635, 2.232702173570048, 0.29016786186527477, 0.6430228563000402], [11.572212458821701, 48.817283804928316, 14.507349888611802, 2.3026907996105455, 0.2938904357422424, 0.6377067877759351], [11.552427921815791, 48.66216512441531, 14.508758237460341, 2.2530722635091447, 0.288369155726966, 0.6442965186577646], [11.64677623333777, 48.89384761841974, 13.983779293131377, 2.2928609086757445, 0.29771673780799446, 0.6332345349988199], [11.530686103638285, 48.262010866251806, 14.674428678424679, 2.2398138198948017, 0.2843721641222364, 0.6447587678779315], [11.603681415921152, 48.977659217743636, 14.308435462384647, 2.2236141112408445, 0.2886882150119092, 0.6420180007379406], [11.519161852747098, 48.50085614018575, 14.665543490463172, 2.231441517548087, 0.2848964215255795, 0.6443883277325633], [11.543848273504869, 48.494806568016564, 14.573418866566485, 2.2727940296016484, 0.2890364923661874, 0.641262967528708], [11.557061082708271, 48.694263504834225, 14.546858610091553, 2.239062288634483, 0.28750312362058295, 0.6424584694979534], [11.54234769229529, 48.66324391126584, 14.517689687258219, 2.228024297880968, 0.28731830395468516, 0.6436377715670604], [11.617444629856383, 48.777293987137, 13.93342247921362, 2.36440111159863, 0.3020311804166252, 0.6227749527025055], [11.527289676211286, 48.61268652108629, 14.655796799764083, 2.2435456543059717, 0.2873109101819901, 0.6445567599553895], [11.541983225366648, 48.91394380220944, 14.723825721730663, 2.2154516364031513, 0.28618303712692156, 0.6450677954358706], [11.522588922968403, 48.32746558370065, 14.608583993704123, 2.2357853707001123, 0.28451943758657255, 0.6445967269519944], [11.553395978095098, 48.62190731069986, 14.456161056513302, 2.266359935260312, 0.28956268751345504, 0.6417440401070119], [11.543303800962391, 48.744354931310916, 14.533603278077045, 2.23621226239569, 0.2873088294991736, 0.6426685520582716], [11.544343143423704, 48.76677140209695, 14.544700142156053, 2.244392460533913, 0.28887175841021373, 0.6426182400463238], [11.514074394248357, 48.579463064164045, 14.74040129629362, 2.2485526791574326, 0.2858558683093157, 0.6453265692787117], [11.535050696935658, 48.813815831933375, 14.58627654545406, 2.2202489463760164, 0.2872050322583857, 0.6452119666378748], [11.631906860829947, 49.075340073595584, 14.49356614076666, 2.2213783864840364, 0.28783171739376945, 0.6440452328797823], [11.51392667561771, 48.09966563002978, 14.70000133822248, 2.2650889324562633, 0.285234447269314, 0.6442647774667115], [11.519221442776416, 48.798937360536904, 14.615382488630106, 2.244813562966626, 0.28782056542592444, 0.6436965164605364], [11.53562871528958, 48.453035162566415, 14.533271995664396, 2.267879110539612, 0.28838117842203004, 0.6426405881681905], [11.53895792014872, 48.62646693112279, 14.504157040542733, 2.2713480205831145, 0.2884546133081779, 0.6450659900424619], [11.55060265480422, 48.848209614836705, 14.524183190004873, 2.2376311984230215, 0.2879246182264512, 0.6432961507660288], [11.537465008105444, 48.059128801376566, 14.801045321567404, 2.2384976930171323, 0.2831323340487926, 0.6451191609956658], [11.543458349880352, 49.0959258243595, 14.585684105595066, 2.2230827576781644, 0.2876866040589923, 0.6446263591755214], [11.5245584416824, 48.35666350836921, 14.626191365475192, 2.2239126267578646, 0.28471632909980554, 0.6454608643434002], [11.532334417811263, 48.154942150954156, 14.575261404311243, 2.2604024706338035, 0.2866498405848594, 0.640864536266744], [11.555357952602686, 48.49975921216991, 14.441097396894914, 2.2505173517544312, 0.2887778733985874, 0.6402375293062207], [11.5512799748215, 48.551018270645415, 14.531389631260996, 2.2522749183811053, 0.28877175532728355, 0.6423208438000683], [11.54389400409391, 48.66180971359498, 14.589405885393354, 2.2236558515339806, 0.28676252389380447, 0.6444135672507739], [11.543967665526692, 48.9010656983595, 14.609551745010544, 2.2238228683700876, 0.28707240196380135, 0.6449430407900675], [11.547906603240424, 48.832991261386006, 14.509048281867374, 2.220777743980012, 0.28784134203770373, 0.6435147748852335], [11.52526551718954, 48.13702478890842, 14.652562640112528, 2.231845516363982, 0.2836518308431146, 0.6438011577968976], [11.515084533766274, 48.98675782879032, 14.537181870478788, 2.2429694812437915, 0.28970653679979325, 0.6442376836585672], [11.546893102737169, 48.85309789922206, 14.505218105377256, 2.2155104648646526, 0.2864457722097722, 0.6446153777639654], [11.537767428824672, 48.49009710361267, 14.582093939178883, 2.256853848528808, 0.2876899089344932, 0.6421886516097391], [11.557779890281726, 49.38478542303876, 14.36625773857281, 2.234751165834531, 0.2919679706406546, 0.6425637706850212], [11.540206195994095, 48.94087110529763, 14.537540502786836, 2.249244614341032, 0.28962225490286836, 0.6433628225274687], [11.56746639147103, 48.70292766078362, 14.451926081045807, 2.2321060154578056, 0.288517591872738, 0.6414816336257771], [11.543648151433313, 49.14369798145728, 14.572208200410191, 2.2353870723291056, 0.2896397855496623, 0.6441448248290222], [11.58019013554427, 48.83599420643714, 14.349581264005494, 2.2983010118349703, 0.2951318299521244, 0.6332798062914404], [11.539389717662125, 48.53833897490395, 14.728167411011183, 2.226085171495089, 0.28459357450752437, 0.6442216755237026], [11.532654217787492, 48.41987381772584, 14.663389429603667, 2.232232524517368, 0.28508857832542406, 0.6435753202967529], [11.536179276044626, 48.83453680327446, 14.59484498103029, 2.230279216251982, 0.286585310987933, 0.6446327597023345], [11.546534294851073, 49.01050884076384, 14.547209815242633, 2.22195831916091, 0.28805211863162067, 0.6441301979849898], [11.554985477064163, 48.9680134170591, 14.43192376210508, 2.2418760151617145, 0.29015247690007195, 0.6432426647494317], [11.578729349296385, 48.32957344099963, 14.375677048504544, 2.2535725531596924, 0.2896029328648503, 0.6386783853005581], [11.521391218600439, 48.044737478761505, 14.64571706895821, 2.2581375674264352, 0.28494598587224645, 0.6416174602372087], [11.555755720145559, 49.038190845568835, 14.545429573797264, 2.224398613770077, 0.2881139339599548, 0.645146103576751], [11.543617048218486, 48.41047049706587, 14.654848811065776, 2.2493113713779422, 0.2860317530996265, 0.6438950793668927], [11.547547468524462, 49.14551702451017, 14.527907004380275, 