{"basin_id": 20, "ref_run_idx": 8, "seed": 208, "x_best": [11.5699578151796, 49.200802535966254, 14.460327874262626, 2.2003213638912538, 0.287167992758492, 0.6457580720761689], "best_J": 0.03128675811771207, "P_final": [[11.5699578151796, 49.200802535966254, 14.460327874262626, 2.2003213638912538, 0.287167992758492, 0.6457580720761689], [11.599576976981268, 49.62690872465343, 14.334961766933583, 2.2629314384279815, 0.2957683742773011, 0.635420129394563], [11.556270147176063, 49.92020476964626, 14.437784194507568, 2.224151023863457, 0.29359366015552735, 0.6417404693905979], [11.61994704920834, 49.85230469843972, 14.145119734863014, 2.1855270990998, 0.29208846366558017, 0.6411964593383687], [11.614595969258712, 49.782700291401895, 14.203584527030026, 2.258381279570747, 0.2987351983546007, 0.6350271187991846], [11.572316667023655, 49.09439850921711, 14.206614694432162, 2.3432056013591773, 0.2999201010250651, 0.6309098371379119], [11.6110083590533, 50.17953725719113, 14.4870599415107, 2.1384523934013355, 0.287414917452581, 0.6501900908515744], [11.555438782111036, 49.014876138119135, 14.411586697505328, 2.1580883774703628, 0.2823904623761676, 0.6509365919246827], [11.602328663465398, 49.308813388005355, 14.170170276109053, 2.321712503628141, 0.2998274559406622, 0.6286613323896904], [11.632274236581162, 49.79232179042046, 13.93257069273727, 2.1994885694224973, 0.29209046085856033, 0.6456880340233532], [11.563204154166254, 48.49831506417051, 14.23265141580492, 2.265881006636574, 0.28877670928879207, 0.6427118768835356], [11.567460809734339, 49.92445587759359, 14.518331523364871, 2.3327967102270066, 0.30101864024125446, 0.6389807418802412], [11.581973894786826, 49.30101315714864, 14.297291944692327, 2.279206597306935, 0.2956268710459458, 0.6383594641376673], [11.606781866473053, 49.501436277712656, 14.332890400032992, 2.1701501711040585, 0.28771936967608697, 0.6461788773790942], [11.597667868404045, 49.238185427015836, 14.256187057543357, 2.252092582548686, 0.29423178542829226, 0.6446391695728282], [11.618592667827953, 48.620419471214426, 14.440891098562863, 2.186281906753268, 0.285203309659845, 0.639115942855053], [11.591473764735824, 49.26365155127798, 14.383349827485025, 2.2518943247183882, 0.29277569694899336, 0.639396286171271], [11.589837017282768, 48.60398834573481, 14.465416022407862, 2.353903124196123, 0.2998378162810599, 0.6283353532993613], [11.581593301795508, 49.155828211438696, 14.267367088691083, 2.3074014212278695, 0.29751810162871495, 0.6335038635310236], [11.56019003209434, 49.62398752602746, 14.52872640147779, 2.197994191230587, 0.28967634968800793, 0.645115830202046], [11.607804974403733, 49.36554099496986, 14.178274070769566, 2.2098555013336822, 0.2910060245339216, 0.6376051068817375], [11.584639058065669, 49.843748420601734, 14.263017191216154, 2.27375792480314, 0.2977149946806636, 0.6358020557634133], [11.60579507085828, 50.11849686402996, 14.42979301476526, 2.2140586352080103, 0.29502797366124434, 0.6379685364882622], [11.559252474628623, 49.128435037044696, 14.428541983129323, 2.2023883268950364, 0.288325672537076, 0.6420460075111845], [11.603515897563035, 49.466549071885666, 14.297895098544576, 2.2469716497785464, 0.29456694294109875, 0.6409928984333501], [11.61897935810956, 50.03760478229169, 14.240954127508674, 2.184421248691419, 0.29276429390120123, 0.643287293935118], [11.656173656584764, 49.59173667045246, 14.038183566801429, 2.275636449131342, 0.3010106152683224, 0.6327930739591986], [11.574676703239431, 49.476226837684784, 14.486722998234452, 2.2128836716662432, 0.28997775147308597, 0.6462837803866462], [11.59835710276404, 49.07494909061558, 14.459869309180224, 2.2248289108703516, 0.28797383361804757, 0.643755927830053], [11.647466642183783, 49.92605605124368, 13.839409832961262, 2.2828182834034183, 0.30093252176184415, 0.63206128624028], [11.585276884188913, 49.99523378736485, 14.211017586815078, 2.257812088656835, 0.2969516721004441, 0.6439863391578249], [11.567145877389887, 49.5802881074349, 14.49476740047594, 2.2364216705730477, 0.29385375099884636, 0.6423276201531243], [11.585805604015972, 49.571887593128004, 14.391683758973219, 2.2455987146796232, 0.29490144608621927, 0.6376708080386381], [11.677313213568032, 50.376230970734774, 13.957217241205434, 2.283360476987593, 0.3055415503543341, 0.6281848628206861], [11.636143120727555, 49.14064108593822, 14.083850085629587, 2.3655484098452257, 0.30103539345787295, 0.6281338609966685], [11.60795651722736, 49.906862961747265, 14.008694570959964, 2.268394966043647, 0.29801367214559255, 0.6351991831601893], [11.562167550381835, 49.36310221176909, 14.340341243588457, 2.1869137024502656, 0.28842188599098206, 0.6433806926432123], [11.592945666970897, 49.496377883463154, 14.17195922646223, 2.298501778971456, 0.299864469173884, 0.6338989139161191], [11.534421732223779, 49.56647183284829, 14.58329550162069, 2.293019262814911, 0.2947424682300199, 0.6381374594370844], [11.573156418691523, 49.19372331169855, 14.270150524573374, 2.2439621898198387, 0.2920868293335602, 0.6393769010888389], [11.598712595983502, 50.2102851652214, 14.159288208556525, 2.284689619496706, 0.30187307046697964, 0.6329195236761864], [11.59147582277151, 50.00532408262023, 14.054567972432043, 2.296902314287273, 0.30243898099838973, 0.634600952349426], [11.598720154733263, 49.527975018574786, 14.441231223640303, 2.2676720686899277, 0.2977218602048968, 0.6323420350892406], [11.588757512356256, 49.571412313917335, 14.463311011253444, 2.210164980806367, 0.28845504718329473, 0.6511662848076851], [11.585653701568544, 48.9141121798241, 14.425261801457875, 2.2249097237675213, 0.2890414401865898, 0.6354062998644043], [11.611426347937796, 49.72491833312539, 14.2974525248791, 2.162282030075104, 0.2902186434007601, 0.6426142157877555], [11.58937815453751, 49.635563613972884, 13.862552893650399, 2.2506374038692813, 0.2971210413764201, 0.641582143319308], [11.604111090009292, 48.83993291580869, 14.249473861742779, 2.2285974819725296, 0.2915730544215263, 0.6413707196756042], [11.647831710419691, 50.19549167525895, 14.093727918733917, 2.223105681467731, 0.2997047442850839, 0.635254579824689], [11.558276306363382, 49.555570617213036, 14.392677941483118, 2.161379789826952, 0.2859294117785635, 0.6546928702731595], [11.565783313834432, 49.06514975986563, 14.562038521930878, 2.2564787736103655, 0.29119804875599414, 0.6376179931476401], [11.613369180767304, 49.774210810525034, 14.204620731828385, 2.270921448114994, 0.29898932800871003, 0.6300195519114415], [11.633641926797527, 50.066734411602795, 14.295261066035165, 2.229246168741499, 0.2958424939526502, 0.6394461547319613], [11.591979224110235, 49.692597077242446, 14.367928741565326, 2.2687630532859786, 0.2951060472236698, 0.6409836389200404], [11.565986508745155, 48.889579562482716, 14.280696525168151, 2.2646710121847717, 0.2930110506730589, 0.638842278954605], [11.582752026145906, 49.59784720743311, 14.358474019511403, 2.2215616139335985, 0.2917602054549639, 0.6432714042744588], [11.599678457780337, 49.058335754293665, 14.402315488709762, 2.207469131093986, 0.2898580346466275, 0.6399833157062894], [11.686818087039951, 50.48169495512901, 13.949976434532486, 2.1494551682573695, 0.2961030029324296, 0.6415528979128223], [11.592549275747166, 49.598358379548536, 14.130727291272178, 2.2559485026370893, 0.2969620038960443, 0.6377096327576824], [11.637375123429118, 48.829927220062935, 14.28958623145901, 2.331352046877855, 0.2985746364937898, 0.62630573521514], [11.547418591706425, 48.865023108357406, 14.304714979236683, 2.270200778978316, 0.2934483347845971, 0.6382102592152994], [11.584405476871218, 49.90958154101162, 14.37683616107952, 2.1874158953239378, 0.2907761550604256, 0.6445238947752553], [11.601591837320496, 49.294419278969805, 14.542426712781818, 2.3097871477011678, 0.2976212834062298, 0.6357855599117265], [11.622571507680679, 49.63986344854286, 14.304646150647521, 2.2193200287185295, 0.2921289709439382, 0.6425961378040317], [11.570134749232114, 49.177197547679995, 14.5013723665177, 