{"basin_id": 17, "ref_run_idx": 13, "seed": 213, "x_best": [11.479704621698712, 48.931303587583955, 15.188489383347365, 2.04889590713994, 0.2689039228141575, 0.6693828754420398], "best_J": 0.030950938304520243, "P_final": [[11.479704621698712, 48.931303587583955, 15.188489383347365, 2.04889590713994, 0.2689039228141575, 0.6693828754420398], [11.483151513323262, 49.428956912813284, 15.347092826214883, 2.0400634636794437, 0.2673514590812198, 0.6737701858576288], [11.462225550398049, 49.7486329135152, 15.271607764796798, 2.0039420365801774, 0.2663359116898289, 0.6763662398071563], [11.486696865864081, 48.95593918512844, 15.283362550225473, 2.0353811654041536, 0.268559625215254, 0.6659528744181984], [11.437774283508206, 48.421843310758106, 15.54764985269402, 2.0224106551508823, 0.2621798543843624, 0.6759686650420166], [11.433046444542041, 48.43968226641084, 15.400163686159104, 2.1270843038278517, 0.2692548653733502, 0.6683557594193105], [11.441349381382663, 47.98216093040388, 15.644874266366347, 2.0974506735560015, 0.2645201203065703, 0.6636151101007305], [11.476494357180936, 49.401619487900746, 15.31321664197945, 2.0564489947272815, 0.27132990811313373, 0.6673597103470469], [11.414915000897205, 48.063875092021746, 15.64282485754355, 2.0537523235718083, 0.26060969606862794, 0.6726194217821518], [11.406018975579013, 48.09187989013753, 15.478824390018818, 2.0952367328433774, 0.26544500236028784, 0.6681160227463431], [11.468743956018514, 48.75881233780032, 15.341461617387035, 2.0881789475710946, 0.2704603344134623, 0.6676562690032803], [11.472235369900158, 48.30449948253596, 15.213866424269934, 2.1046056674585567, 0.26872627751130235, 0.6688877046852256], [11.4427806177728, 49.02007528648809, 15.484598550312022, 2.0510368407078805, 0.2670950688884365, 0.6750291964645512], [11.469199161687026, 48.18793291825915, 15.502032485145332, 2.017369603258601, 0.2625966235904755, 0.6708689525546332], [11.525124926025033, 49.312142779009996, 15.17793805249429, 2.015738511534222, 0.27004604663739346, 0.6682214408857423], [11.478051872431854, 49.37050206417333, 15.299404341291117, 2.042266619658701, 0.26969800939793076, 0.6744480416046923], [11.443616370399223, 47.87089923806084, 15.612005557903366, 1.9635942790038112, 0.2515960228977325, 0.6823408638444772], [11.45611918319788, 48.86782557633262, 15.360008500603145, 2.064416119310278, 0.2677650103596136, 0.6687390160873472], [11.457317240708058, 48.21722339205737, 15.462185946751925, 2.005400328791008, 0.25996093568666967, 0.6763108068443577], [11.416246787651172, 48.246727960005856, 15.970078043820335, 2.0290266107269943, 0.25953964005870794, 0.6816373747026253], [11.466020062146661, 48.35962293345639, 15.237596790781348, 2.0310348184275497, 0.2635404349122878, 0.6739981837963018], [11.431364746450374, 48.85713428493841, 15.774598619471238, 2.029475982143277, 0.26320157266437827, 0.6777331156991058], [11.451426468416436, 48.33582870809891, 15.45578213307493, 2.093155326087645, 0.26591542928179673, 0.6697887463234973], [11.443328111245638, 49.1149071889956, 15.37754494995789, 2.0218742935754324, 0.26581193422211224, 0.6683361970133503], [11.425750659689367, 48.46727577795493, 15.403459911807284, 2.124877430881026, 0.26918503312473696, 0.6646378043329175], [11.438100917921235, 47.672856190147584, 15.520121069054623, 2.091557658868178, 0.26061513634667455, 0.6760533179142886], [11.452261180690567, 47.75970594594331, 15.522542717497878, 2.0433653967294694, 0.2628117250875704, 0.673105729893284], [11.493922669326201, 48.86489522749709, 15.355138802096214, 2.0392052581941384, 0.2678479508536453, 0.6681785390652263], [11.448454623843531, 48.41776201203765, 15.515301171793606, 2.01859781867812, 0.2604892761896765, 0.6783355052870201], [11.473557036056466, 48.70310480783211, 15.35079313405883, 2.0577095583849996, 0.2684093096914382, 0.6664848777380306], [11.451867961448027, 48.311666436004856, 15.481283114181165, 2.0014757274445167, 0.2601824327543205, 0.6716452957812636], [11.428161323890588, 48.529091073886995, 15.448507587459348, 2.0426173354234067, 0.26307659900209796, 0.6737858372406176], [11.453316296303315, 48.96799710151029, 15.34469343926965, 2.078079294234805, 0.2696577492787956, 0.6679661575898168], [11.388576189277456, 47.93028328156498, 15.881731414707529, 1.9726501037394018, 0.24938760329534773, 0.6837931210563721], [11.47291818436408, 48.634486246539055, 15.563831419670167, 2.0154578053187633, 0.26131180225225625, 0.67849850949268], [11.438365446802717, 48.46830612109672, 15.483481420912105, 2.048682176486768, 0.263547131372939, 0.6722809967511576], [11.446566288049464, 49.11959857653064, 15.773997677944497, 1.9877194072967124, 0.26090915557713473, 0.6798946992857383], [11.46207519261233, 47.8122937485089, 15.246795469186658, 2.117654680053484, 0.2676832327301827, 0.6679502339875751], [11.51409601172566, 48.574025400135746, 15.16610982025621, 2.0558180388667346, 0.2674335375119398, 0.6693443281620649], [11.447559392360217, 48.469473217838164, 15.513340276092256, 2.042586351685959, 0.26369775417781255, 0.673807550807092], [11.464505702485933, 48.90854007563551, 15.379560667135438, 2.032241026478747, 0.26334896746627434, 0.6753990311213419], [11.477505723845928, 49.416476557850395, 15.431396831218287, 2.00413903870402, 0.26528649354568157, 0.678112506126641], [11.465028810205204, 47.98419500524602, 15.384473515964022, 2.0413183867183124, 0.26070634214422395, 0.6732782598914373], [11.470990333973296, 48.76749798275207, 15.330493633725824, 2.0465265673650395, 0.267423855183252, 0.6689126817985842], [11.449065986493078, 48.399166240721385, 15.369181243856167, 2.0769678574544685, 0.26391635195790375, 0.6735733458783584], [11.521661039638355, 48.46032515848957, 15.213944305656863, 2.019244038237826, 0.26498533118780837, 0.6716816177695326], [11.456245316363999, 47.21333271069652, 15.73210668959015, 2.048645466862637, 0.25556650383704776, 0.6710091208350337], [11.484483649282787, 48.94409475628611, 15.27143383856182, 2.0551910988695177, 0.2692991184889735, 0.6668944246212165], [11.403518845913679, 48.02053535580839, 15.750244866517953, 2.0787501233988, 0.26217139403065104, 0.6717852482361166], [11.35025449399176, 48.337361865474456, 15.54096371557264, 2.0660474972353, 0.2664827481028069, 0.6702841941215131], [11.399725576021797, 47.865650567624314, 15.465780096239838, 2.092911060280313, 0.2642079882401339, 0.6683811713047644], [11.467866458092361, 48.046522754285434, 15.394600739231082, 2.0351110773291503, 0.25977458773247386, 0.6802475141882959], [11.43321825878107, 48.50063613855485, 15.356697624259626, 2.0379192360328076, 0.26402779101408547, 0.6736021336504411], [11.494250150896107, 48.74044049523417, 15.320088747048443, 2.0115956364457315, 0.26463665101008843, 0.6718079035670649], [11.46510021529987, 48.169748038342604, 15.554903366319149, 2.035244074695554, 0.2632205821982483, 0.6716319898791531], [11.488466289778659, 49.509632600994536, 15.18981688498853, 2.0550638538435715, 0.27176211253538674, 0.6669535137893484], [11.493735283715745, 48.42589291893098, 15.557928205482574, 2.054136000288429, 0.26562033292484377, 0.6665296398674853], [11.459134528827349, 49.301442165656184, 15.361227470323342, 2.0210233018827917, 0.26581862352326174, 0.6726599583411215], [11.497586983752901, 48.439885643172985, 15.418852746331684, 2.0540193292327347, 0.2672221554263807, 0.6665012288329497], [11.439000524806598, 49.26617121121838, 15.557979632852092, 2.0082842540207473, 0.2646168421333443, 0.6773775479704036], [11.469045519028626, 48.89312827031699, 15.442856055439117, 2.0347653470079043, 0.26508100102463783, 0.6773522638152782], [11.449265745761341, 48.23311350047441, 15.626903966246363, 2.023115745068982, 0.26125866703330863, 0.6731268112618983], [11.475779066736271, 48.90633361968091, 14.822310170101346, 2.1288977257702264, 0.2743294013430608, 0.6680747571168634], [11.467558882406994, 48.96563992148389, 15.40938632794325, 1.9794339926288176, 0.25943861597222806, 0.6783143785874618], [11.44679381234556, 48.28451120931465, 