{"basin_id": 1, "ref_run_idx": 9, "seed": 209, "x_best": [11.461312109866853, 48.54780017709485, 15.28634503206162, 2.0545012160305847, 0.26628305940139324, 0.6708611671608078], "best_J": 0.030964737248935184, "P_final": [[11.461312109866853, 48.54780017709485, 15.28634503206162, 2.0545012160305847, 0.26628305940139324, 0.6708611671608078], [11.480435797440535, 48.43116433150748, 15.343682691243101, 2.064055622041684, 0.2679750630797175, 0.6638772345789119], [11.474308424219409, 48.25699837756959, 15.199195663841328, 2.102081232237264, 0.26882139973621827, 0.6668682726059334], [11.465181175755914, 48.464268126060176, 15.447492328353592, 2.063422641980915, 0.26772684156997273, 0.6673746322896967], [11.460862485774369, 48.091967151658764, 15.295429984489893, 2.0707187471196105, 0.2651604822025949, 0.6717539180425409], [11.458736857825857, 48.636884043391625, 15.686899971960981, 1.9761092243631788, 0.2571513449507091, 0.6857621343003505], [11.47007827635445, 48.158277369769706, 15.440265834098907, 2.063382554562634, 0.26401096833696974, 0.6725566975288477], [11.458615949659528, 48.78642619461625, 15.294327946726664, 2.053482778956834, 0.26602228480224854, 0.669588962926729], [11.447238868556568, 47.72506599055627, 15.511312735131495, 2.1248550625411, 0.2671107056882393, 0.6637650604838263], [11.467965818095031, 48.39291515964984, 15.145522545156693, 2.0836413945558174, 0.2689028602379195, 0.6666272715519329], [11.46595193721318, 48.60248365647266, 15.338696641887848, 2.073815545190383, 0.2675883718726535, 0.6655599731448821], [11.458377683163453, 48.58303874002906, 15.386625796091119, 2.0471756319618475, 0.2649819731261536, 0.6695250270821049], [11.500664817931064, 48.500309935220045, 15.325633640518637, 2.0510153880319737, 0.266654814833234, 0.6686091456614086], [11.366738158720764, 47.09591430375791, 15.737910873893817, 2.191022996923402, 0.2692731506243922, 0.6624320654940806], [11.435880745194659, 46.9096802259767, 15.607428449509408, 2.1286495426022634, 0.2632312891741351, 0.6598137958077122], [11.488196510311278, 48.920536306783575, 14.98845155509865, 2.1741660208291256, 0.2779536187777124, 0.6569583067297478], [11.454688083793451, 48.42324047777674, 15.266362871804494, 2.1040405602808265, 0.2715566683522143, 0.6598001362886674], [11.480763837658225, 48.30272932995718, 15.314868404099771, 2.0727696191709764, 0.26755898303673753, 0.6661275763917701], [11.415628390111953, 47.57454076228282, 15.27045487567866, 2.125050541272151, 0.26749467105120733, 0.6642292701380719], [11.465201305542443, 48.568669581838435, 15.429834356383989, 2.1072715481135464, 0.2692942295388829, 0.6657023621060304], [11.515852766195907, 48.437331942346454, 15.533334197909879, 2.0148126513894025, 0.2627687859469489, 0.6764944913317664], [11.431201495465572, 48.219999986494, 15.754174069816132, 2.144361807661889, 0.2700556680499534, 0.6617730542684237], [11.483730681687033, 48.7188213769877, 15.124921533431127, 2.1145593507141487, 0.2730122607254903, 0.6601533654462985], [11.445627350271867, 48.424517177349834, 15.389140496124517, 2.069086765244509, 0.266386498053294, 0.6702416084095584], [11.460342373678753, 48.36096141038997, 15.2466004535512, 2.0912774187907477, 0.2680369246796454, 0.6641349378303493], [11.441684764625736, 49.03250008526515, 15.448050056734592, 2.0343140882541633, 0.26467119202813677, 0.6762308902807624], [11.47359152813114, 48.64457167454995, 15.290943614976461, 2.0511059433753713, 0.267409788797938, 0.6715026028159324], [11.484041673194113, 48.61113025608167, 15.06847454549008, 2.0866396555747553, 0.26975759965316753, 0.6676900026265354], [11.483452913469996, 48.86012379211116, 15.035531877933215, 2.076461866532213, 0.2690852565360029, 0.6674106708939668], [11.463296568261567, 48.18954699470056, 15.402037052135638, 2.122213292264226, 0.2690836914044185, 0.6640666239135008], [11.395179685139695, 48.27206676674318, 15.498210938693765, 2.0115599883580737, 0.2601206287222005, 0.6767462028236424], [11.453583547775775, 48.02349025418954, 15.30458627284648, 2.0608273370140977, 0.2651327561629409, 0.667133978846137], [11.457906837799877, 48.149102414492845, 15.369397459886297, 2.0742119041836107, 0.2652882591649101, 0.6694419562453473], [11.455117968933646, 48.36256686025535, 15.324206440343799, 2.0953132765048346, 0.2688979332575684, 0.6613998484514397], [11.476042327166144, 47.15593577398235, 15.909839293439218, 2.034897583628827, 0.25359289877830243, 0.6761629709873715], [11.451875352727484, 48.30690560573695, 15.42679056305573, 2.0554273615452296, 0.26335079299940906, 0.6749790318081154], [11.47274470624644, 48.32698968969265, 15.228003354012767, 2.084349979745387, 0.2666339907042343, 0.6709093734404366], [11.475550121717362, 49.027861827608, 15.387517043446126, 2.0511966233105277, 0.26648049790289546, 0.6679312737119142], [11.476353962015802, 48.36310069566905, 15.532057132136105, 2.0509070310158917, 0.26437933645680806, 0.6740288430335599], [11.449564708820668, 48.65842416894932, 15.264030225341173, 2.0726362464204646, 0.2661999526308256, 0.6690844476290833], [11.497053367289658, 48.528218573256005, 15.134771497635318, 2.1049475163698923, 0.2707359543629549, 0.6631214026989285], [11.465441980449587, 47.96705306123236, 15.271396150853299, 2.09283089028877, 0.2649343536896758, 0.6676823268758876], [11.48846326904131, 49.06421392518187, 15.570915824550127, 1.9926614757940353, 0.26489412119264655, 0.6701942053480996], [11.447232287872275, 48.39920174558093, 15.280296982766304, 2.05305621119727, 0.26705550820373475, 0.6724178778427421], [11.493477686141281, 48.61610421157466, 15.269988446858251, 2.072137292275584, 0.26697843604006044, 0.6689154797319352], [11.48409625896532, 48.48751907095209, 15.061891879685133, 2.1034670042164922, 0.2710485541666119, 0.6633046610157751], [11.441623027600977, 47.272736325588816, 15.481480792170363, 2.094098553401426, 0.2611747239458478, 0.667378649995251], [11.484546306302622, 48.05988300097714, 15.449451165035683, 2.0657771051970246, 0.26357733505074254, 0.6643905432273759], [11.461077648920764, 47.987515625912614, 15.272436080793625, 2.1010702651415647, 0.26675074570658774, 0.6615003976281851], [11.475757654085633, 48.767140757086125, 15.321670471692178, 2.0690030168856945, 0.2689080738544216, 0.6686773556991901], [11.452014080226144, 48.39686827939981, 15.64664490412253, 2.073236455702578, 0.26322012643432025, 0.6722428766560299], [11.46952933976777, 48.77727004820757, 15.270955943841361, 2.0911943306939382, 0.26849877439947356, 0.6696522669649221], [11.497425795877964, 48.97808573322794, 14.868143023323585, 2.0915480674782336, 0.27412675793108315, 0.6647213077150047], [11.477588895484354, 47.69688996079241, 15.488916327672403, 2.067981473271842, 0.26462976467250554, 0.669529936916908], [11.455059367668232, 48.02167553345569, 15.19170244892971, 2.1266327499880853, 0.27063088740434915, 0.6633598749306538], [11.468123883495513, 48.533135758138975, 15.086297599016921, 2.1098095457656143, 0.2695623061106637, 0.6704009739037214], [11.47466818974232, 48.28162765434077, 15.390611532270427, 2.059127551368944, 0.26391572513918937, 0.670110444164306], [11.486405071374408, 48.79094297045231, 15.128349340179032, 2.1029105524587974, 0.2732373635510855, 0.6622467842214766], [11.465842663538258, 48.43420108284622, 15.313746217421851, 2.067058310496124, 0.26725024227550154, 0.6683729466840549], [11.469788094315323, 48.21163477647727, 15.390957569290222, 2.078334661283843, 0.2668864189340524, 0.6666058478133415], [11.458377683163453, 49.29688826572843, 15.509834736800558, 1.994317815125492, 0.26423951287828495, 0.6804890457886476], [11.489202269642494, 48.73366023355075, 14.867752677496624, 2.1921029122833455, 0.2782507872173204, 0.6516378090588402], [11.44347433746707, 47.861097648156786, 15.34975254347882, 2.0850801660505964, 0.26477540025720253, 0.6704760424689143], [11.462167219202529, 48.68946677585289, 15.28868418363856, 2.096637882948798, 0.27091075150964833, 0.6665530309517977], [11.486395910008056, 49.41654098137446, 