{"basin_id": 22, "ref_run_idx": 6, "seed": 206, "x_best": [11.488940934294062, 48.791899874966795, 15.252052108414214, 2.046104711679346, 0.26736356304674225, 0.6694032695315343], "best_J": 0.03091876232602838, "P_final": [[11.488940934294062, 48.791899874966795, 15.252052108414214, 2.046104711679346, 0.26736356304674225, 0.6694032695315343], [11.511588083908025, 48.90711703567836, 14.973940774187446, 2.1163213633209845, 0.27523903895894714, 0.660258098028861], [11.508385150778068, 48.80594397732687, 14.979686479356383, 2.1223859734221993, 0.27506835310294464, 0.6594958485024685], [11.490884758032744, 48.882124923434276, 15.10753444804399, 2.0814131144038712, 0.27175283899476604, 0.6638487810336624], [11.524621731156904, 49.21180866376895, 14.508254907593942, 2.1362572000350304, 0.28183332740271105, 0.6551718341652051], [11.482125890966756, 48.7494676259996, 15.312821263579936, 2.049481582597316, 0.26677497725217414, 0.670293977710215], [11.487069683845172, 48.86946661439314, 15.210659077285904, 2.073696476986052, 0.2700876333105149, 0.6665594889122107], [11.479286905593673, 48.71854993199902, 15.241416436896145, 2.0685083342346275, 0.2687882809854122, 0.6672747700902675], [11.502270302274024, 48.9673131235335, 15.146282662901053, 2.054281305777521, 0.2697580061208376, 0.6670956934921728], [11.499763323982876, 49.12084486180614, 15.193008110145175, 2.037846770809284, 0.2681357682851449, 0.6696758792016788], [11.495748903243696, 48.88873805083106, 15.11872881848504, 2.0774504574481405, 0.2711754356750608, 0.6658120130178807], [11.56525788715717, 49.730823565307716, 14.606289725690251, 2.1286923485240945, 0.28432697108332644, 0.6551195543718368], [11.487963761376111, 48.79659061391327, 15.250278416568323, 2.0464161678975707, 0.26838110894507666, 0.6689660032464337], [11.479388135325621, 48.79750005751158, 15.225499546571426, 2.049223745699029, 0.2678850902222156, 0.6698622066326327], [11.49214329084774, 48.74656196430783, 15.26320970100635, 2.0433900325564154, 0.26692580740604005, 0.6698775221024548], [11.525863977364486, 49.44796663046359, 14.871277939952837, 2.0803783235451845, 0.2757962921016453, 0.6620316196793876], [11.51970496166127, 49.19882406226509, 15.084262950097024, 2.0514460970783115, 0.27105469223207956, 0.6658959315661959], [11.491364857465872, 48.78574529292376, 15.219175505691512, 2.0584808206499288, 0.2685166584303654, 0.6680482338169821], [11.467592578066332, 48.7479623702288, 15.266871225114162, 2.055776031131052, 0.26768326900610095, 0.6687237071770222], [11.487429234136222, 48.7852940527353, 15.224957467858985, 2.059781981263087, 0.2684426430445823, 0.6678192176895978], [11.477790540628101, 48.86370225550472, 15.292145429383016, 2.0360110705808214, 0.2662322072975198, 0.6699272015799762], [11.477602419935996, 48.82698305450954, 15.24976880267553, 2.0446006477042817, 0.26714756701025716, 0.6694097258607177], [11.493603166379131, 48.74924837816477, 15.168633281949162, 2.05053145402567, 0.26912261732035087, 0.6669534453341938], [11.500361525267733, 48.885233846945, 15.130080092197169, 2.0660665701914454, 0.2700342815087269, 0.6659272124912171], [11.478279506951624, 48.73010558384288, 15.26210360327037, 2.050118281669436, 0.2676152726821628, 0.6680339702596424], [11.499227102087062, 49.061912062802854, 14.990530348542533, 2.075809950535111, 0.2724013159721547, 0.6649165691599725], [11.488744223307004, 48.86637995552669, 15.174644130637702, 2.053230487485156, 0.26891299221900317, 0.6660826590616027], [11.5020219059376, 48.83789316900745, 15.240003760778357, 2.067444678024483, 0.2698889191363394, 0.6688312366905291], [11.495694953273853, 48.88078213944531, 15.198458506410592, 2.050247809222466, 0.2685768324225132, 0.6682340158662], [11.49725050563919, 48.91123502378694, 15.151548281820048, 2.044199844104336, 0.2682424409487507, 0.6689404723603404], [11.480471002526853, 48.757411613716116, 15.309817432755537, 2.0500090483974907, 0.26675914547719914, 0.6695534466260249], [11.48581663693602, 48.8231545596184, 15.182977585068327, 2.070038547937929, 0.26984805543606877, 0.6669999661961249], [11.507535749822445, 48.868391156439216, 14.97127173673742, 2.0943635360211, 0.27448852609750396, 0.6615699423411806], [11.48101383918328, 48.38332295929566, 15.32735712531653, 2.045254392887505, 0.2638584301738734, 0.6728250962079103], [11.462439453213495, 49.15510276079184, 15.321933407243506, 2.0153318697725036, 0.26562308343219787, 0.6724470205466904], [11.483420437025485, 48.65432821115073, 15.307358836100443, 2.042140739535271, 0.26586959414431377, 0.6711073606251647], [11.49490547931089, 48.69856197906899, 15.12986044959361, 2.097247822232287, 0.2717021404243045, 0.6673309242695886], [11.553160504246478, 49.14274282999228, 14.657711707772856, 2.132532143887317, 0.2801196128746193, 0.6573173414768336], [11.489253486248108, 48.777929416039676, 15.182362125991345, 2.0579585896985177, 0.2687093309096655, 0.6668161887499324], [11.517072727412781, 49.09298028549689, 14.885296782248512, 2.112724266039864, 0.2769649531700744, 0.6603909871207024], [11.46908957842375, 48.60779209187844, 15.312259944452348, 2.055132414362479, 0.26671823370159664, 0.6684598574658374], [11.48694845474899, 48.948695338714074, 15.213652660999589, 2.03632067891979, 0.2678892603885833, 0.6695644978171383], [11.488956769673612, 48.77530236137515, 15.219486494436522, 2.0336597682827002, 0.2659772707775023, 0.6705880992407438], [11.513526064552796, 48.94640247989515, 15.021444135608256, 2.1179809384915105, 0.2764610126866012, 0.6600173936327148], [11.499106743827182, 48.80677604930834, 15.14928074868992, 2.0643462474662133, 0.2697937219525554, 0.6667765155414604], [11.515259715805662, 49.43825929338073, 14.876837770375209, 2.109313546487626, 0.27962508137558895, 0.6582968604413988], [11.570745939977845, 49.76178908005241, 14.614532563770387, 2.1630524662278514, 0.2874080503373192, 0.6464711724041852], [11.489806681846222, 48.8471985470991, 15.297744788772722, 2.0349328167545355, 0.2663559650852516, 0.6697993558633439], [11.502684015287262, 49.06443497042798, 15.107155834536654, 2.059833257511596, 0.2707584860294564, 0.6659402220465422], [11.58668848520135, 49.49781228738976, 14.592153636803122, 2.1147357821016493, 0.28121276293355835, 0.6565229997214248], [11.506420554320748, 49.19959647955057, 14.965999247119294, 2.10873647891092, 0.2772197200860305, 0.6602914414524977], [11.473094927290822, 48.67534239953027, 15.246265550160654, 2.076756605581271, 0.26918639646841797, 0.667343267866068], [11.484867623917909, 48.71212758734506, 15.18989128377161, 2.057450479116782, 0.2687021920712534, 0.6675860314142948], [11.486205746380676, 48.66344610440501, 15.24178426494938, 2.0568675645869834, 0.2675664465990447, 0.6681104945446428], [11.497503512999218, 48.737526005813024, 15.238311417397847, 2.056593989359813, 0.2680413752165183, 0.6690422029916975], [11.498056163675672, 49.053362058495445, 15.140228651441898, 2.0427851136746935, 0.26931281304813476, 0.6688447603340529], [11.522520800935528, 49.21950080374075, 14.98956320883485, 2.0555006233001496, 0.27222764891468043, 0.6653272616704934], [11.539444979815478, 49.44612021371196, 14.759050001536693, 2.1610296258214134, 0.28437550998264216, 0.6477040140214188], [11.507754497816569, 49.22426951171748, 14.899062934896916, 2.0830792847411574, 0.27555598932412984, 0.6632734666809346], [11.488611364165877, 48.86233526562805, 15.113926280980182, 2.0630592406221764, 0.26927006483664595, 0.6667239908908874], [11.492544733520731, 48.72278598416468, 15.206035328460022, 2.0576742874218037, 0.26857333192227234, 0.6659080470591362], [11.492658144170402, 48.799852617471565, 15.172950909043243, 2.0640261003152935, 0.26971321309643387, 0.6662934092692828], [11.47634278183455, 48.68900994728115, 15.13748456394213, 2.081709251595698, 0.2702677615699665, 0.6642119799351187], [11.495740264475913, 48.902099831819626, 15.20940389083353, 2.0484319962033717, 0.2684820277880299, 0.6677755937465953], [11.492804952072147, 48.764507648511064, 15.223788598216904, 