{"basin_id": 9, "ref_run_idx": 8, "seed": 208, "x_best": [11.513586046466969, 49.20273266085198, 14.938311893226444, 2.0828700132853992, 0.27500660870205557, 0.6629558326923289], "best_J": 0.030977712260109036, "P_final": [[11.513586046466969, 49.20273266085198, 14.938311893226444, 2.0828700132853992, 0.27500660870205557, 0.6629558326923289], [11.524350281898293, 50.237703382197395, 15.042555434001645, 2.0586572915875223, 0.27849711588109244, 0.6634773386342749], [11.515141011667685, 49.62434391051091, 14.988448075715773, 2.0526094188618003, 0.27378123880190414, 0.6673200516703066], [11.53471787521985, 49.45954150918747, 14.877502927212246, 2.065950638325785, 0.27459776662192925, 0.6617855713899301], [11.52956316791859, 49.048210242646086, 14.908563201956687, 2.1251236008306567, 0.2783120063673468, 0.6608273397855013], [11.524468381914224, 49.30170015133665, 14.945445463290707, 2.08483695509849, 0.27646629064713757, 0.6616170553334259], [11.525597869215142, 49.69584457872567, 15.061848335494954, 2.0562402985872836, 0.27543300993072695, 0.6615207785794875], [11.492927150932998, 49.53988252496588, 15.019022273808446, 2.060460535990627, 0.2760256537413537, 0.6653988791273983], [11.516656584844176, 49.27276044078466, 14.960009329825407, 2.0904890972715706, 0.2747798077117764, 0.660579639669225], [11.523286409029021, 49.65385040396632, 14.878820846370708, 2.0583168308995656, 0.2746481946959547, 0.665122957837442], [11.520975887527333, 49.316535608225934, 14.889325613818626, 2.0752745760856284, 0.27528314577378804, 0.6630773320520097], [11.533839881670021, 49.00073999679469, 14.959437644524906, 2.096062712104229, 0.2762334017945721, 0.6612743225907521], [11.535820257600827, 49.987103005424345, 15.032023380725446, 2.052185444326863, 0.2765881734282883, 0.6640653422750464], [11.514425491350273, 49.39624718824056, 15.08480315957515, 2.0718275765722027, 0.2744803581719716, 0.6628403009326712], [11.482745310934845, 49.494059114993334, 15.092193714745886, 2.1017343008932707, 0.27598678879097366, 0.6622624818262862], [11.509059573124416, 48.99765936295996, 14.910075267806866, 2.1040494479393654, 0.27503045793680025, 0.6620149760639039], [11.509892240255128, 48.80439329380087, 14.76944743778793, 2.121376368231957, 0.27742573329983333, 0.6580282896908622], [11.519723049586633, 49.23887853268217, 14.935107455504804, 2.097942056708958, 0.27593650324259256, 0.6616387309609633], [11.534110733667152, 48.89050944313542, 14.801609064196237, 2.1193732294521106, 0.2778135816176225, 0.6588897634627381], [11.503697010059698, 49.13660555577287, 14.930723593632841, 2.098339768669344, 0.2755215809596907, 0.6621294527569884], [11.485163823746518, 48.33747311683963, 14.979020679816093, 2.1033903094792246, 0.2729178358980104, 0.6621287658962881], [11.526295409402602, 49.49541297207075, 14.942012647645917, 2.0830579094814707, 0.2773140628191739, 0.6619007607908871], [11.512742368075493, 48.923089997879444, 14.846865552957802, 2.119929745976672, 0.2759620801260811, 0.6593114561085572], [11.520051586161806, 49.56645098414885, 14.96978614538178, 2.113815994875447, 0.2796089112981073, 0.6588003503394539], [11.528022427452255, 49.58163985935922, 14.860839872418474, 2.0863072072450355, 0.2761617497036381, 0.6645611170966316], [11.518727470398597, 49.25363117179131, 14.944224792024444, 2.0826555777791973, 0.27559182492080203, 0.6635430975875463], [11.512620592041197, 50.147069857950626, 14.826662559679384, 2.062990757758696, 0.27709724271169256, 0.6668469887476737], [11.486901680668, 48.41634788078603, 15.038119097154224, 2.1595429569548497, 0.27562016248895627, 0.6546907303263824], [11.534349567103726, 48.88908358790631, 14.840343671599753, 2.109438130322475, 0.27678376127529236, 0.658103690013155], [11.509859028574647, 49.783962402749616, 14.964041934233263, 2.089785150522531, 0.27731472352397674, 0.6671428298874748], [11.477638564582755, 48.852561821014945, 14.975095842580172, 2.1409702720446857, 0.27562010415436344, 0.6600371600430331], [11.504293603083449, 48.875238365726055, 14.978584663872702, 2.1222176396614, 0.2772247066754871, 0.6573110767338086], [11.49939383104926, 49.13598685596664, 14.91245227628466, 2.0822841041691156, 0.2751760970387169, 0.6609110371424144], [11.50457328047335, 49.77060417985129, 15.22437685236033, 2.0707639571956875, 0.275397928352789, 0.666227285663989], [11.520557502632556, 49.55986621334658, 14.929723780952633, 2.0799040445444072, 0.2749460533849806, 0.663191820429211], [11.491232646930511, 49.05939270616154, 14.83352971867305, 2.1198369270000033, 0.27702967208448076, 0.6590878555566253], [11.523764370699919, 48.95077993141243, 14.841869868406148, 2.064070623039935, 0.27203976183313394, 0.6646851293787536], [11.498796411996265, 49.09831128218672, 14.888924085067622, 2.095436382164975, 0.2755715338176537, 0.6617462595112705], [11.522307096444566, 49.73208428352729, 14.995964866110361, 2.0500569868927876, 0.2746469655300206, 0.663577966134999], [11.494462101033799, 49.13639171681879, 15.02409934672905, 2.1366397742918295, 0.2781523806380134, 0.6600758694689499], [11.489107372066908, 49.22342799185472, 15.17697560712986, 2.0907674316215092, 0.2744340764938627, 0.6631069080654965], [11.508446931986443, 50.319778525281926, 15.30474365856352, 1.9720009805196703, 0.26664687315487007, 0.6786071807566136], [11.532086043949155, 50.28690037871716, 15.175645128136148, 1.9713601546962112, 0.27045055914975985, 0.6718388174436566], [11.488461791198334, 49.20942350824076, 15.007963408044713, 2.12352915866689, 0.27665937212839764, 0.6597750057430336], [11.534497481595528, 49.605789810928826, 14.925166402696592, 2.072442215225119, 0.2765905563005066, 0.6597785473360158], [11.527784686311168, 48.94612246171776, 15.001841769721393, 2.054483741687521, 0.27085216149613084, 0.6685647923006917], [11.509692296044209, 48.90370389905025, 14.953761304254357, 2.1551941246688133, 0.2784578064168037, 0.6542415879302647], [11.503689396532748, 49.22483801142555, 14.999089877011407, 2.1257015269425574, 0.27908110589209273, 0.6577291344723116], [11.48555024778986, 49.206453134655035, 15.08153218296318, 2.092324556107622, 0.27479181639831657, 0.6667683465152259], [11.50973661182774, 49.00557734062667, 14.906610969416993, 2.0533188095331183, 0.27058759007989036, 0.666283021303773], [11.543532577522688, 49.653764718784785, 14.916075217508943, 2.0448827616458773, 0.2749493754983064, 0.664932885375655], [11.527893240348899, 49.40937481722091, 14.9563320096274, 2.0594604382548845, 0.27346534476536194, 0.6679542028096924], [11.503715864876295, 49.916622993644864, 15.444329584923198, 1.988161305600182, 0.2700917029994156, 0.6748483245163398], [11.491119161456481, 49.144917070977144, 14.882116402952867, 2.104818502677748, 0.27589503809116706, 0.6632215465031807], [11.506422567372486, 49.36187486117321, 15.124735340195986, 2.093494040407091, 0.2752958046973024, 0.668629566819094], [11.537258650876161, 50.057564718312506, 14.908912569399945, 2.046181621082266, 0.2772146453369285, 0.6599186129923645], [11.520326906471528, 48.84907859048435, 14.948880846115845, 2.1200118182534484, 0.2776031084773086, 0.6618246635553569], [11.535573329465775, 49.4302414839969, 14.86662508949082, 2.0842432288538424, 0.27732943228488427, 0.6637415545754792], [11.494716693635233, 49.27377126789442, 14.854477963689774, 2.1004155963571787, 0.27765713676653586, 0.6613739100333862], [11.51687586790709, 49.747458730599845, 15.020756263796553, 2.094370725299997, 0.2787288346498491, 0.6623770294685964], [11.51970608997948, 49.29816987757712, 14.904896944322143, 2.0706368154023984, 0.2749570019972171, 0.666600582604256], [11.49053191682979, 49.10612361015051, 14.945236308117943, 2.1069721055344526, 0.2775494914629848, 0.6602004217282471], [11.51665598018159, 49.128886510603266, 15.006264623236987, 2.105611645367942, 0.27611840879090793, 0.6591224787146306], [11.530303802203147, 49.62647550156281, 14.888325103578108, 2.072840805745946, 0.276858554944952, 0.6618226640577731], [11.533353813411082, 49.13553590814041, 