{"basin_id": 19, "ref_run_idx": 12, "seed": 212, "x_best": [11.498476235903464, 48.947835150789416, 15.088296376883301, 2.0756339913720554, 0.27198491009765946, 0.6645048175546951], "best_J": 0.03093747671066279, "P_final": [[11.498476235903464, 48.947835150789416, 15.088296376883301, 2.0756339913720554, 0.27198491009765946, 0.6645048175546951], [11.661465430288004, 50.71932705723958, 14.467959771082516, 2.0390644134910847, 0.28485449977658894, 0.6533823130008407], [11.490520821527614, 49.22433251218826, 15.073762328219082, 2.0742160451096052, 0.2730390875173594, 0.6661830305488687], [11.499174633477272, 49.25001639266953, 15.214605720248924, 2.04391197592933, 0.2707652901309822, 0.6684605482823646], [11.520676470583311, 49.497546544930806, 15.084166595140454, 2.0373783417577815, 0.2702449927769656, 0.6697930000701845], [11.494361911792177, 49.117926719886384, 15.237659459323654, 2.058836924305386, 0.2702708924487001, 0.6663985335001138], [11.482803016382476, 49.00329713771077, 15.076310737414369, 2.058080266911962, 0.2705512335683191, 0.6666324689630856], [11.523879228547418, 49.099862780351316, 14.874750692237773, 2.1012607460105994, 0.27586597270841173, 0.6603507457736766], [11.51824984994105, 49.18448292753951, 14.856872438214726, 2.0927327742468416, 0.2757530587472485, 0.66141728881045], [11.51713128343728, 49.054821134333054, 14.915548712889485, 2.0720445944061283, 0.27370594141419013, 0.6610579526025963], [11.500069020002282, 49.470164898306244, 15.04739288371289, 2.0633941394412383, 0.274053372856098, 0.6671062236460089], [11.533556790317558, 49.10630768191706, 14.885829252721038, 2.093884729340725, 0.2778286421830116, 0.6560138290496343], [11.485867455533967, 48.82898549737902, 15.071825346338999, 2.0906223368951338, 0.2723630486561883, 0.6570665794602302], [11.532146417715099, 49.671221818189366, 14.706702234078728, 2.1002197691214444, 0.2790133559138019, 0.6603436739302516], [11.69408258004502, 51.662004607991626, 14.259161144155307, 1.971147209490356, 0.2855707233983148, 0.655195142134165], [11.521099113711117, 49.41471405050948, 14.993271875921051, 2.0727503817017894, 0.27403147856027354, 0.6635803796263446], [11.536058499724577, 49.534202098108565, 15.008505975729085, 2.050238744176396, 0.27393175162239836, 0.6625993755516247], [11.499856257827922, 49.36180800098526, 15.271562652411042, 2.0741322165316087, 0.27256467358269526, 0.6662741067864557], [11.510351697280282, 49.65875254976822, 15.18924324711247, 2.038668342205245, 0.2712231165394137, 0.6681809008134315], [11.489442661208413, 49.03472799617066, 15.131406810921018, 2.0806069946054944, 0.2725517406199961, 0.6652522329315701], [11.497566943032638, 48.90828072416125, 15.07190635865235, 2.082132615516523, 0.2728482401134818, 0.6626552765191832], [11.47040393981484, 48.67354800150858, 15.211665827675992, 2.0748347139425043, 0.26916684959200277, 0.6652044486535591], [11.537781957592236, 49.71959722389718, 14.856465983912772, 2.0935202764547656, 0.2789466175567752, 0.6609600044982953], [11.498401493699829, 48.837209050342004, 15.03385088725086, 2.0877190352072925, 0.27236327617435785, 0.6639570102820744], [11.506909353220228, 49.36703285865352, 15.04967084320108, 2.055847299063882, 0.27124258163271114, 0.6693736120094854], [11.546038508736732, 49.43784789917937, 14.813691879724391, 2.0883000400572946, 0.2779036656829624, 0.6579821309516235], [11.479108155252508, 49.325497239808456, 15.077353451401981, 2.019380615389148, 0.26859639176246286, 0.6698651577002015], [11.479295704832753, 49.01863148691935, 15.303815134797793, 2.0634214442729113, 0.26890570777641765, 0.6698430910182851], [11.505271715179486, 49.37067814075987, 14.950206114085066, 2.0854721014561988, 0.27562415794898104, 0.6633161283494547], [11.568258718231515, 50.849387815181224, 14.609837711919413, 2.1251225338502704, 0.2877916308083388, 0.6571281127151924], [11.521557047058359, 49.00705056806742, 14.981735393404017, 2.063824888631432, 0.2724592506456403, 0.6631357183048197], [11.548870627007233, 48.956292124482665, 14.904158216052714, 2.103979252894857, 0.27817242679155507, 0.6560129570144616], [11.54177942046055, 49.75743558592681, 14.875719371491181, 2.032291956180086, 0.27323432789934093, 0.6663906966606774], [11.521708112132899, 49.098767291571306, 14.985087677869863, 2.097128670974381, 0.27555995770273345, 0.6607825684984246], [11.514786697376545, 48.980490151453395, 14.89600756526961, 2.1271434131689766, 0.27795415401548207, 0.6553736390149967], [11.637549240486102, 50.63949494891447, 14.182977886898568, 2.121124879016868, 0.29070294330021507, 0.6510629127347045], [11.49483324106037, 49.612564846418124, 15.01958024604337, 2.0338977305264723, 0.27330126880426836, 0.6706848884135628], [11.661932096785309, 51.89427097277371, 14.454981378870027, 1.9720741473658043, 0.28582046110392395, 0.6603817330086389], [11.466411110157107, 48.700191493652106, 15.271839592360783, 2.0968597070658768, 0.27134177339180476, 0.663696324673621], [11.510445088135462, 49.28527414834501, 15.00973582441884, 2.065533137003544, 0.2733698132545747, 0.6650780773435196], [11.536620479500174, 49.37063517391946, 14.906397953255247, 2.0834495655314993, 0.2763157562684033, 0.6600705094103133], [11.560233501972158, 50.42449472775928, 14.73799590346192, 2.02627471616397, 0.2783336754793775, 0.6640556958567797], [11.49662455288864, 49.53752994508522, 15.131961131611803, 2.0711588523866977, 0.27363688531339075, 0.664844765099533], [11.511967907724856, 49.07500029420649, 15.01155542135822, 2.08957127413314, 0.2751239932763971, 0.661850346973837], [11.510494046290152, 49.37267499867297, 14.908163709690085, 2.0768899403725762, 0.2753758827762979, 0.6617171180477257], [11.481232227367654, 48.86330469500362, 15.118994435013796, 2.0878424029828224, 0.2713096844355876, 0.6613597555536278], [11.612785747272866, 49.742023031643235, 14.667580713413146, 2.082279466204546, 0.2801757985667296, 0.6571408358321155], [11.51817725834811, 49.46650061299022, 14.877090321175617, 2.0720336206259624, 0.27509957157898085, 0.6650897581074577], [11.506506522386568, 48.876150860002554, 14.910747038767305, 2.08622759502913, 0.2729702750678838, 0.6623504193315655], [11.490506483805952, 48.73669035657192, 15.149728214020671, 2.0890951858760873, 0.2728134189428682, 0.66031968694848], [11.483997909384009, 48.64903916149642, 15.149110733216629, 2.0774794613744016, 0.27062061553725936, 0.6650964449456677], [11.505582916995056, 49.073680902133155, 15.022003380748318, 2.119381357074722, 0.27573447646134674, 0.6617164031094449], [11.50526333125831, 48.97473955809923, 15.142764417184846, 2.072984731512559, 0.27112451013531913, 0.6656972789981849], [11.576923492192478, 48.983016360737494, 14.567860498608429, 2.134836699349899, 0.2836705599489997, 0.6535095224047812], [11.532963240033451, 48.890683281344025, 14.845601340516064, 2.073505426672363, 0.27273098514173233, 0.6620801904753371], [11.561723913098279, 49.61465158052392, 14.733309072810407, 2.0843646981161705, 0.28037361184741977, 0.6561061535668244], [11.511555215353521, 49.4140183846966, 15.0252292180812, 2.0741507060703026, 0.27631538208291617, 0.6604346675033816], [11.518333478325646, 49.3991534023199, 14.818873673224138, 2.070897867222401, 0.2746695849077953, 0.6651663724188233], [11.513238127026654, 49.49681670546793, 14.999441115528949, 2.0590315565829864, 0.2749533942499332, 0.6616102964852338], [11.50316206677096, 49.10527988969399, 14.961053408790848, 2.0945568640570134, 0.2764658040162877, 0.6619159608315595], [11.509067365679261, 49.103050564627814, 14.956964259795633, 2.097004150359645, 0.2749522610108809, 0.6609064339922288], [11.502747420387736, 49.12853807386961, 15.02221741448717, 2.0691216756488284, 0.27233670457895476, 0.664081584228455], [11.563527116054555, 49.382316065670814, 14.799002720864982, 2.059038479274572, 0.2762502386097793, 0.661311761923605], [11.497226249273128, 48.84319592637935, 15.089421069176122, 2.0842503669592514, 0.2725497153162152, 0.6626899487296591], [11.519890659106967, 49.42766275845553, 