{"basin_id": 11, "ref_run_idx": 4, "seed": 204, "x_best": [11.504882416162994, 48.922528454092785, 14.975722086093466, 2.1045262885798244, 0.2745439310250313, 0.6624687773783386], "best_J": 0.030982931023756082, "P_final": [[11.504882416162994, 48.922528454092785, 14.975722086093466, 2.1045262885798244, 0.2745439310250313, 0.6624687773783386], [11.497074609243572, 49.05082061543318, 14.98058869668228, 2.085369423547262, 0.2745518134608471, 0.6595730350988901], [11.51746053091938, 48.98463479699681, 14.889559699263014, 2.110806040396341, 0.2760467328213824, 0.6604830242910988], [11.559241166742297, 49.64636488305971, 14.759554206933705, 2.062965821275865, 0.27703728200648864, 0.6649522116973402], [11.558544284569773, 49.284028622180095, 14.93515019340522, 2.052240860853604, 0.27389421616218174, 0.6622216804203609], [11.530930993078575, 49.77612568597115, 14.926974117138828, 1.9978922701517965, 0.2712138044974126, 0.673169659989561], [11.525977557951355, 50.460450626743075, 14.520685402494678, 2.004412137374791, 0.2754414413608099, 0.6686145374809507], [11.50078851529351, 49.90185610608991, 14.863526635867945, 2.047834611301825, 0.2734575843229754, 0.6691344357572246], [11.546303954586069, 49.00293520328847, 15.145092132283674, 2.1339870529061935, 0.27884710355779607, 0.657940744100782], [11.559292817673459, 48.781916525193296, 14.588580661571147, 2.13471870992314, 0.2785560980204139, 0.6569055025576936], [11.508959012776566, 48.88358791069501, 14.943720575973309, 2.095159314569134, 0.27356553795232663, 0.6632075808622733], [11.497579442093926, 49.6783482801387, 15.14147680583883, 2.04372335677193, 0.2711625784244835, 0.6736718208176605], [11.522997923091468, 50.01388787681411, 14.835999130413823, 2.0200304529841144, 0.2727441238582198, 0.6670923101829914], [11.508893440825425, 49.26228653269099, 14.913625294923044, 2.0843659945127087, 0.27478178538460146, 0.6639305384412114], [11.502599710144597, 49.254064400655885, 14.737785138157188, 2.1054574587480306, 0.2765282145900082, 0.6616255151977422], [11.577781418594071, 49.52688842651439, 15.0111038635458, 1.9674585406595149, 0.2663693199950363, 0.6701196843073659], [11.546476289339239, 49.07704381962508, 14.786260162325172, 2.0532977228635625, 0.27379686696300903, 0.6634358963808551], [11.518987547904539, 48.84090619662129, 14.83422834114531, 2.1018088782134585, 0.2750955968995962, 0.6596153016400076], [11.532329811489273, 49.67984392471221, 14.78336574158643, 2.0283555983525408, 0.2711484858536134, 0.6695148719500255], [11.520126643093578, 48.89936685887262, 14.832087600341044, 2.105400041629259, 0.2738503334919177, 0.6654450128375953], [11.584291801145614, 50.45480709301112, 14.4831423114902, 2.028994744260312, 0.2828114172681417, 0.6608676162743677], [11.544209160152606, 49.31484395052312, 14.944020000683501, 2.0931317572964088, 0.2783988615594179, 0.66081318880231], [11.513097491189566, 49.40118859105678, 14.879302775981323, 2.0127903507289218, 0.27109474475479955, 0.6692084950451033], [11.587666191166242, 50.15144175834931, 14.466604797189664, 2.1616493565462247, 0.28914310769867513, 0.6503855070990736], [11.516382023820883, 49.071513717276176, 14.816828873879217, 2.1126262025272213, 0.277701480297424, 0.660134530363071], [11.545416615435304, 50.768146088739506, 14.7615747420141, 2.006218657861944, 0.27759380922846394, 0.6673882357924016], [11.519628627187158, 49.00374217367092, 14.951926734895249, 2.0947762627275117, 0.2740065976650049, 0.6642317931931221], [11.510896694757456, 49.36599821512276, 14.821363686638923, 2.0719440977958525, 0.2738159596150709, 0.6649131460425824], [11.50483186900219, 48.81459916487192, 14.749688019728247, 2.1689130308832865, 0.2821800517527136, 0.6544409151376852], [11.512569957402693, 49.01974508121871, 14.988926525162325, 2.0808460102130337, 0.2728613576363012, 0.6653618741221374], [11.483205898909084, 48.602402367147654, 14.982057249451547, 2.1605659962054187, 0.2759015856980321, 0.6585859300773047], [11.532102589979168, 49.539080002215336, 15.05253101182255, 1.972800655840326, 0.26481964638495326, 0.6780034307157636], [11.5054699893192, 50.19240067916343, 14.916140654743705, 2.032165979648283, 0.2745582490679655, 0.6684678202578913], [11.543390069297594, 49.48420270408798, 14.501863147792523, 2.1140083680392956, 0.27954352175583863, 0.6592154499368279], [11.522174222124619, 49.20668495252335, 14.919563976611727, 2.0606984551974517, 0.27371023346031415, 0.6644082272645634], [11.545324770812558, 49.12924163279166, 14.959684215031016, 2.089641234190542, 0.27579936350105716, 0.6628901904933545], [11.53783449599986, 49.869741433785165, 14.796151961960199, 2.0491484896521057, 0.276285112585626, 0.6639749234787701], [11.62136275674532, 51.087303293975175, 14.521092608944285, 2.121536861075306, 0.29171458847122966, 0.6569033196539888], [11.521180032227763, 49.16484380049268, 15.064190289426769, 2.067618903747425, 0.27082183611557176, 0.6708189207225794], [11.499895130688797, 48.723615699499014, 14.873631820517682, 2.186957859728812, 0.2814781259971645, 0.6556861090173882], [11.542808064115963, 49.93174250256807, 14.857030970690197, 2.0877517265651417, 0.27976194053243963, 0.6576421374329723], [11.506681716677809, 48.844947666344886, 14.690380632779101, 2.093097741928587, 0.27412731100245796, 0.6611380667131345], [11.495887310695368, 49.018486573554725, 14.92193075514061, 2.075399294740002, 0.2712821794271469, 0.6592728840287714], [11.531803087986786, 50.02300989970444, 14.749055160539514, 2.0515518664205805, 0.27561632492169685, 0.667699211768929], [11.53145153581238, 48.79507135071059, 15.02082345232254, 2.109396881614276, 0.2744901274188428, 0.6611309207497135], [11.537518879722436, 49.79508033565285, 14.559208798099002, 2.0716994506302515, 0.2776256446986762, 0.6641719545244055], [11.539009089751282, 49.34684006041079, 14.773649184646738, 2.1019701423968398, 0.2805742907878208, 0.6603948868923762], [11.534508497526533, 48.905382640747824, 15.028299873021894, 2.074457904586562, 0.2728393018474049, 0.6652361345208487], [11.513144043981711, 48.98023025461925, 14.92998846686361, 2.093348410623609, 0.2728345503277343, 0.6638619190553454], [11.536204397301335, 48.77313749901572, 14.860099847343395, 2.11226550918948, 0.27603268682449206, 0.6582295441512613], [11.52198467367315, 49.08049705853692, 14.883519599473926, 2.0851239766935694, 0.2764455402961259, 0.6576264167463386], [11.519912264164725, 49.51494667570062, 15.076048847647803, 2.0602474258158248, 0.27434664430036826, 0.6653373158404092], [11.558709736348241, 49.04112031236589, 14.858301636469028, 2.1211551693415323, 0.2775430991193667, 0.6568607953541166], [11.50502290234759, 48.85025479774719, 14.96410610649337, 2.078651206186339, 0.2715925644934035, 0.6638772843550916], [11.51465947401408, 48.92332784077868, 14.825485734925245, 2.090485917482892, 0.2751757053097139, 0.6599249208502319], [11.522348181092438, 49.65564430431502, 14.856876428609134, 2.0849893205643224, 0.2770211128630543, 0.6620459866913834], [11.551766258338738, 49.34076640231171, 14.792381114880726, 2.079174938631542, 0.2770827968756354, 0.6600919672542426], [11.605261713468913, 49.83397126766286, 14.538565401020849, 2.1150046735394796, 0.2858788991395266, 0.6489238474715817], [11.514781581419527, 49.444107474603875, 14.892840088574399, 2.045974538702551, 0.2745018630958673, 0.6632796429852582], [11.522182801329604, 49.64798588653825, 14.825733606766665, 2.113265937733977, 0.2827315245629586, 0.6575099345157509], [11.51346977099897, 49.15269173776766, 15.083304799842782, 2.0788525918096226, 0.2711073710650118, 0.6652704240960384], [11.559530850780256, 50.09183667137882, 14.768831257425829, 2.091022460804032, 0.2808290942015978, 0.6632903187301685], [11.529499752089647, 49.31360162533091, 15.021065116515862, 2.0735295294839324, 0.27277613918692817, 0.6646547370457602], [11.512430512386425, 49.37748062914057, 14.930192165312304, 2.090764634103249, 0.27735813182808844, 0.6615668070923437], [11.506953247022143, 49.02294656872877, 14.965207472388578, 