{"basin_id": 15, "ref_run_idx": 15, "seed": 215, "x_best": [11.635185494576604, 49.76205661791886, 14.14580972824433, 2.245702270279761, 0.29777801455732555, 0.6363014225694805], "best_J": 0.03155625731741281, "P_final": [[11.635185494576604, 49.76205661791886, 14.14580972824433, 2.245702270279761, 0.29777801455732555, 0.6363014225694805], [11.635796904082158, 49.77558585129041, 14.155410816285396, 2.2536118514392345, 0.29832223569222294, 0.6360253869711944], [11.63665007270157, 49.79633392428893, 14.136320195355632, 2.2507880226354695, 0.2981106459890274, 0.6360729718373757], [11.63774143436393, 49.58425649129804, 14.109624795474117, 2.262913349050607, 0.2989752185875124, 0.6337772716823987], [11.63540421321996, 49.98780626983376, 14.075414559272355, 2.2503971329520063, 0.2997226080489261, 0.635890422471826], [11.635844591322687, 49.75385605942926, 14.113684396259492, 2.255614051105469, 0.2986143347688066, 0.6357955080720968], [11.744341426167892, 49.6889807078457, 14.141033857758973, 2.2493565141687233, 0.29774234632364593, 0.634842834305485], [11.634905923283188, 49.71380375522809, 14.141819197242597, 2.247022394030204, 0.2977406373293675, 0.6362149380038824], [11.635628946166408, 49.80655540245936, 14.136940263005096, 2.2424337491178123, 0.2978361914959502, 0.6360840497063486], [11.712842113352302, 50.43555206512083, 13.814376548348783, 2.3694333238169882, 0.3134355277160605, 0.6204509001846537], [11.634918382895544, 49.65923357824344, 14.136732750649537, 2.2621380338843595, 0.2983009160676122, 0.6327345845990784], [11.636346254897244, 49.726942004592104, 14.091491851101061, 2.2670527118909196, 0.2999831501028947, 0.6347469258519045], [11.635685966513506, 49.898881231901306, 14.139665014786654, 2.2433942570363916, 0.2980036991987419, 0.6361507141981362], [11.635836791051494, 49.83348489944159, 14.13600183485548, 2.2496749657094934, 0.2981689149870594, 0.63589530594868], [11.635442496853168, 49.745673567229844, 14.11214636790536, 2.2590047825341966, 0.2988062887684396, 0.6358568917369327], [11.63535452885264, 49.719126915004814, 14.12504909606026, 2.251683946068817, 0.29879115943254786, 0.6340801544840894], [11.635570957953481, 49.73884180187202, 14.105492488983522, 2.2491366482938244, 0.29784263621634416, 0.6351465838312361], [11.635099207799696, 49.74921798152658, 14.10272938357725, 2.2540565079393597, 0.2979907405433217, 0.6358577813624153], [11.636269183297662, 49.843827308517724, 14.146218565513806, 2.253804386362223, 0.29852167941600033, 0.636024290300174], [11.636460763070064, 49.7569481859992, 14.128215686718837, 2.2573277657012145, 0.29858756059318403, 0.6358393954236518], [11.636391852358486, 49.752374934082525, 14.102610987091271, 2.2596437455266463, 0.2986133116520296, 0.6346888166648618], [11.638978328815769, 49.80674259369277, 14.114494820039221, 2.263172159327005, 0.2998731300393239, 0.6339575965832825], [11.639930918420298, 49.8447145355034, 14.119716145318671, 2.247062345394385, 0.2981597563873357, 0.6357617865288597], [11.63573815924749, 49.75928342981635, 14.149805690325294, 2.2459475167213494, 0.2980785529874307, 0.6362287136820439], [11.635299948558055, 49.8482784632585, 14.113107938228259, 2.2532316973756226, 0.29844017335696904, 0.6361379784745019], [11.635333545571998, 49.672132901769686, 14.148145457669854, 2.2528238853843194, 0.29797985945260347, 0.6356404369945218], [11.634978942507079, 49.79776667401252, 14.13584052214348, 2.2463348923681203, 0.29836956621427785, 0.6354339824833266], [11.637425253544691, 49.73045985744724, 14.033726704794164, 2.2609957711469084, 0.29944675520031755, 0.6343909218576024], [11.636612901486078, 49.734723016684235, 14.146322345164506, 2.2796813899759427, 0.3002330976327115, 0.6321422924919775], [11.635696646056319, 49.941880588238824, 14.193073772387631, 2.2377317926005835, 0.2983518102830472, 0.6358658659725371], [11.638710213887734, 49.76667342196725, 14.089524281154912, 2.273188942131318, 0.30012283891583486, 0.6340484900511268], [11.636085841134792, 49.75655045677334, 14.128362808309241, 2.2518757197793073, 0.2982253806854772, 0.6353026944727479], [11.635202652575986, 49.8829374812713, 14.133423731955427, 2.2476660552114005, 0.297774217112587, 0.6362702570156527], [11.63494444206893, 49.765829698827616, 14.136746952295361, 2.254693250238218, 0.2982021128164491, 0.6355232330316725], [11.635405747178599, 49.41285457809477, 14.020681003697417, 2.3216730911089454, 0.3028789252040071, 0.6286107327690041], [11.63614970351392, 49.73741079962618, 14.144042820645215, 2.251657417032337, 0.29775541435847247, 0.6361488655097539], [11.644576121148491, 49.688820741305136, 14.134558522608724, 2.2653534552335906, 0.2988474054400106, 0.6349404704475197], [11.636169435451684, 49.75152624301961, 14.127477093993969, 2.2495335271674044, 0.2980580287697759, 0.6363027348209266], [11.63551833330859, 49.843827308517724, 14.112325830452631, 2.2508760542145194, 0.29852167941600033, 0.6360422362739411], [11.63683202577395, 49.68858807266203, 14.129411532271757, 2.2605462556810374, 0.2986013577765051, 0.6351037154426866], [11.635621015948415, 49.81634353716111, 14.079666161663535, 2.2454662495769124, 0.29864261251475344, 0.6354694293087044], [11.63720214877598, 49.433945476051754, 14.117895544970459, 2.2796498545095467, 0.2991507317126996, 0.6330657169996945], [11.63579043381482, 49.83857470703713, 14.135136534823758, 2.253237230036416, 0.2988990396467165, 0.6353919129047642], [11.635173998102252, 49.6622902512105, 14.106096461930123, 2.2477314502797223, 0.2977505492277836, 0.6358730934584365], [11.644769030438741, 48.881650415035395, 13.955089544962, 2.4103487673476574, 0.30669114261907604, 0.6192708252065893], [11.635345584123776, 49.877090217043374, 14.136640348389813, 2.2447370340082546, 0.2979416068431971, 0.6362282970529424], [11.635919347045537, 49.697030560030676, 14.126912950905298, 2.249482727048922, 0.29795478663698033, 0.6363278293002488], [11.649772364370145, 49.66170430327699, 14.012397802642539, 2.327183686104599, 0.3027320274072637, 0.6302497824447164], [11.636941623090499, 49.73696952147918, 14.134648706345828, 2.2555829854831684, 0.29854654245588147, 0.6352970658707391], [11.636336194946344, 49.64608997609701, 14.082311816250188, 2.2837563226430655, 0.300380858897934, 0.6338359476564464], [11.635324452247925, 49.76848823324104, 14.118456669826859, 2.253686164106832, 0.29852183247060454, 0.6352086449953169], [11.635332224256866, 49.79435392059069, 14.155533828075349, 2.2579467377875426, 0.29860376479069906, 0.6347096339017212], [11.635664317045622, 49.834849726198954, 14.145940601382135, 2.247507838999117, 0.2982564772571271, 0.6360323276383466], [11.636356870802786, 49.756933042770086, 14.138926579174607, 2.2504214358661847, 0.29781980722375734, 0.6358289813804893], [11.77330766204909, 50.77530612380485, 13.532916496209017, 2.512361508361501, 0.329302830895249, 0.603326884144157], [11.634890214887431, 49.71298605860155, 14.135587687226081, 2.249307712500495, 0.29783799566600583, 0.6358908981870703], [11.635671763589324, 49.795618387180426, 14.123459125560426, 2.2507001734752246, 0.2984887119434933, 0.6348848026017739], [11.639727658579472, 49.63274357031521, 14.099665974925879, 2.2865865599640647, 0.3000376697964151, 0.6323485739585887], [11.642246576155138, 49.816530619700906, 13.980645026718443, 2.2828859110576896, 0.30233220825540646, 0.631701971889079], [11.637320967319333, 49.75866280497639, 14.152053421213573, 2.246690715378793, 0.2979886732496596, 0.6357398847794904], [11.635636740121516, 49.70442411984849, 14.111689436308975, 2.2640823720082963, 0.298713844595796, 0.6360207070199139], [11.636841726496312, 49.640750321695926, 14.085768942472585, 2.2533315318344687, 0.2979816281583852, 0.6351489894600741], [11.636355085653019, 49.816628200639734, 14.133097746468007, 2.2604651751591356, 0.29898638036925723, 0.6358612640106], [11.63497277513688, 49.95284787962329, 14.150141994626354, 2.2399719076065114, 0.29809713128497023, 0.6354176983988121], [11.636296085818959, 49.84758859707395, 