{"basin_id": 1, "ref_run_idx": 1, "seed": 201, "x_best": [11.460174928708453, 48.5284405421434, 15.382161749352125, 2.0509367581878606, 0.265485500353498, 0.6706515024202515], "best_J": 0.030930795521215686, "P_final": [[11.460174928708453, 48.5284405421434, 15.382161749352125, 2.0509367581878606, 0.265485500353498, 0.6706515024202515], [11.457129740488005, 48.718569969350995, 15.38317329476411, 2.0267090235600596, 0.263649812925708, 0.6733337825575719], [11.431953979414832, 48.672221256390095, 15.521740174517584, 2.0280080385423283, 0.26097452513425773, 0.6783441658876995], [11.42927709425328, 47.30006406508869, 15.476092897245486, 2.1412742024636464, 0.264803662108852, 0.6625131952346092], [11.46786892871928, 48.69349901275163, 15.52740000268418, 1.9958512918213156, 0.2624051300968479, 0.6737911133716362], [11.42629797042879, 48.2500770585216, 15.781267931347788, 1.9784489159349987, 0.25485481484726713, 0.6797192602657278], [11.421122081489072, 48.143265844631514, 15.839473691447237, 1.9924999859368837, 0.25480663839538187, 0.681707726685074], [11.417411891747077, 48.03652418676042, 15.814875562603454, 1.9883183785883871, 0.25437844704789425, 0.6829950181536167], [11.388156406757235, 47.97116497282364, 15.903613163136615, 2.0089186993547514, 0.2561954638382732, 0.6795943677381056], [11.434455907689289, 48.564283301130445, 15.624421555451603, 1.9826799833195277, 0.25885962893681663, 0.6815114120459951], [11.423955143162768, 48.87322780338192, 15.579632324236433, 1.9828871880199002, 0.25873779141182757, 0.6813271925607797], [11.45596480394577, 48.46390141983853, 15.496685277871846, 2.028721383834557, 0.26188461369813315, 0.6729114441864669], [11.449977378618275, 49.39176175431369, 16.157216198487905, 1.846759418264549, 0.24601608539496064, 0.6990439704787135], [11.407556436089566, 48.64884297969599, 15.860766609283477, 1.993220218271875, 0.25781201154544753, 0.6821683355044049], [11.415890165997245, 48.563361690058194, 15.87995487106182, 2.00506086639326, 0.2583181026808623, 0.6793263966865283], [11.465697441687814, 47.98788806395024, 15.677616742882558, 2.0466295474063485, 0.26041421092393086, 0.669478524229899], [11.413661699956998, 47.38557018035644, 15.93346190049468, 2.0462997901934803, 0.2564890717676803, 0.6766785118811529], [11.470280137468574, 48.96715418188338, 15.403615513468699, 2.008352540279986, 0.2636390198720039, 0.673830758758612], [11.437029289907438, 47.91757329409968, 15.829616256258374, 2.0159615769669745, 0.25571544078242536, 0.6820597728271075], [11.423446567473052, 48.47853623507199, 15.85193144707604, 1.9923380207927932, 0.2577027798951108, 0.6817365889264821], [11.395618741445643, 48.274345498567, 15.714734087501581, 2.0454953640079374, 0.2600888092064702, 0.6769846492001027], [11.417397230789888, 48.57382263586098, 15.741149608868076, 1.973483025496106, 0.257195365337011, 0.6792065819021975], [11.440602253273038, 48.29798963377947, 15.734557403885741, 2.0246703702506283, 0.2593466135351132, 0.6761788671727993], [11.447375735091915, 48.661955182116095, 15.518140633244904, 2.013502626574814, 0.2601844388901972, 0.681838849537703], [11.422283592715676, 48.42524546819687, 15.887911012173827, 1.9847116380127536, 0.2550049677273199, 0.6821409517841381], [11.437658745880926, 48.46094625579149, 15.626925817379513, 2.032669051971794, 0.2611551845541931, 0.6800638790024308], [11.421092796839055, 48.786182759434084, 15.638601732475516, 1.992859354653551, 0.25818882659786874, 0.6808653091285221], [11.429843070312035, 49.07553630939615, 15.551392527500898, 1.993281633232711, 0.25990102140432025, 0.6830640607640176], [11.400524607711676, 47.84139771883244, 16.06057203044821, 1.941947726270633, 0.24877113247381238, 0.6856159674312069], [11.42402880385081, 47.77701506238234, 15.63183971095718, 2.0831850236199583, 0.26163301150281243, 0.6704310352712638], [11.390564881660255, 49.12551854758687, 15.774068832030837, 1.9628572908540627, 0.2580151372206425, 0.6854098848718093], [11.4303439245083, 47.94504420868019, 15.597726905686775, 2.0109464782987594, 0.25554853165875624, 0.6800912700343631], [11.449456096789877, 47.207612085729735, 15.814263140533209, 2.0409714289305207, 0.258246336046172, 0.6696480030671245], [11.424455215910003, 48.524721211994205, 15.64902462659441, 2.0275651377245008, 0.26037776311481325, 0.6796146384477418], [11.436184693010283, 48.355867423364806, 15.37895585209317, 2.0842864342820913, 0.26685712122877087, 0.6694396614139749], [11.458543420888745, 49.16787548087817, 15.654563668927581, 1.9734991110806313, 0.26007152854300064, 0.6815580424396314], [11.400217798953827, 48.60485610882979, 15.876579562456763, 1.9569927643182954, 0.25448616003110197, 0.6858468688639844], [11.444669878161898, 48.376723369588206, 15.54757332528092, 2.0496383971096965, 0.2641922032063509, 0.6698371024657153], [11.412265021726144, 48.42759459151481, 15.910679242300022, 2.0196096196883646, 0.25739318880456963, 0.6821068721106647], [11.414273930448035, 47.2988673213856, 15.240328679287776, 2.2513561562976747, 0.27782542205713234, 0.6453882402027887], [11.428756773558305, 48.5112596922192, 15.555415094602884, 2.0001887311351285, 0.2587951099843717, 0.6796405964233075], [11.446492533838555, 47.992590040299554, 15.491068139844787, 2.0298698319994295, 0.2598903876281787, 0.6757373641846566], [11.381124351674478, 47.94125041226877, 15.802931353855024, 2.0580247277611585, 0.2596367570191811, 0.678363879203946], [11.394547946500019, 48.65105584873639, 16.015456045640306, 1.9118488429947127, 0.24764893113590739, 0.6929982356222282], [11.462291294498128, 48.60377954078795, 15.596778510706683, 2.029965195085059, 0.2633542554627356, 0.674610299667668], [11.43713667246499, 48.61543995303648, 15.384537708404752, 2.0257041137089264, 0.26121057642407775, 0.6763188510190723], [11.380158926750385, 47.859974282008544, 15.90969562331334, 2.035838871036445, 0.2564783311789678, 0.6784909160157891], [11.411717161446015, 48.14193467152358, 16.222038351076648, 1.994452034094008, 0.25447852606173527, 0.6846958934436026], [11.387825209661232, 47.99519776039746, 15.813402990295534, 2.012008651536707, 0.2556918798622517, 0.6810981463143225], [11.461246554258619, 48.25787904040402, 15.718209937812773, 2.022832105212178, 0.2605287190470861, 0.6738802149427633], [11.418632573946212, 48.391572929790875, 15.412476958681532, 2.069485303130022, 0.2649263086468544, 0.6724976555104557], [11.429778973898454, 48.37108985767187, 15.79012843794009, 2.009241299043302, 0.2592757947428157, 0.6768082191731642], [11.447929660004169, 48.45717944986793, 15.510740771726237, 2.041303387217664, 0.2631074823251345, 0.6727849879275779], [11.39535953708232, 48.12455958713709, 15.861464866028046, 2.0331071782975014, 0.25814276251959933, 0.6734726194093603], [11.417507104621613, 48.3696901456724, 15.825375852641578, 2.011001488823327, 0.2576930561977998, 0.6802700051650882], [11.450883990300897, 48.23194263215733, 15.677140731504437, 1.9794647449050655, 0.2544588195332764, 0.6831864888397329], [11.442303044810656, 48.398370908783725, 15.548225896464821, 2.0315567200681857, 0.2619956623434005, 0.6744109324482422], [11.419010699788055, 48.55611800981046, 15.912547223960013, 1.978765014301716, 0.254386843518312, 0.6884990862813498], [11.4288379750872, 48.44312951417852, 15.59213006126313, 2.0082030873273, 0.25906121313113445, 0.6774674575699341], [11.410480099811075, 48.525586674892075, 15.845145247934163, 2.002117621312671, 0.2556250548522967, 0.6831149258394701], [11.426136050869378, 48.02106907124408, 15.468828724262695, 2.1160355198054868, 0.2672895546907512, 0.667599663235976], [11.42193250453638, 48.07018997024765, 15.851152753299779, 1.98033565325069, 0.25338265631487533, 0.6841168026729587], [11.414456732392177, 48.447767500530624, 15.975970457367607, 1.974122503541048, 0.25314501670392753, 0.685249609063346], [11.399806951377885, 48.298140691856695, 15.901195571548753, 2.008362758844409, 0.25491183608417894, 0.6828903917974268], [11.441096154192243, 48.50696614007792, 15.577683702655115, 