{"basin_id": 12, "ref_run_idx": 14, "seed": 214, "x_best": [11.490719574048384, 48.99508886548376, 15.224530969701801, 2.030758600250964, 0.26734733869848104, 0.6700005520029115], "best_J": 0.030924806353923646, "P_final": [[11.490719574048384, 48.99508886548376, 15.224530969701801, 2.030758600250964, 0.26734733869848104, 0.6700005520029115], [11.530642476516547, 49.563758277518026, 14.823935416310048, 2.0494084934683703, 0.27375639397451385, 0.6657436528875957], [11.507947983889068, 49.26128104202371, 15.110092842297938, 2.04303721604672, 0.2710104378177305, 0.6669157089406693], [11.483548072393136, 48.95277121167144, 15.132580359825733, 2.048798118274084, 0.26929299834453085, 0.6676093309074236], [11.481201218881854, 48.84468076941851, 15.264820810036147, 2.074966655834578, 0.2691447516398532, 0.6679121805715419], [11.528246641049618, 49.505458819041735, 14.881182838225515, 2.0803880149780185, 0.2755540694223896, 0.6627852690292735], [11.54507924755005, 49.03435416772582, 14.943451152184103, 2.0610981431367734, 0.27268251703587654, 0.6666123973654902], [11.487023708638766, 48.87655174261023, 15.242011384040813, 2.0280162136345394, 0.26652974575386423, 0.6705501555918438], [11.510303137574025, 48.95683074559537, 15.062384158243553, 2.0683397578554112, 0.27104238596587793, 0.6649364070549946], [11.50599281142342, 49.21795866080587, 15.119540901623797, 2.030010174581007, 0.2695166567399105, 0.6677158752554982], [11.506963295360814, 49.114452808508744, 15.240589991908337, 2.0839592862057965, 0.2744951579741239, 0.6636635277508007], [11.489291965248496, 49.00849157660673, 15.249420342693249, 2.0650562187662556, 0.269702128564445, 0.6705611409546517], [11.502665112783792, 49.125344733501514, 15.143776944856087, 2.0333893309264384, 0.26935055107895306, 0.6684768153319446], [11.486844362274521, 48.729481910823154, 15.187720021865774, 2.0655535957357154, 0.2689788502684014, 0.6683526717641192], [11.494937756906515, 48.80351901021242, 15.241690246622301, 2.0242833303319023, 0.2665648716151894, 0.6706692593239617], [11.47309613891169, 48.87267279417461, 15.165495706418413, 2.1274157893282752, 0.2739395338830146, 0.6623137522691596], [11.505111134379392, 49.30923305280191, 15.173841031660357, 2.0272909839955964, 0.26921875391066413, 0.6664876139356943], [11.493556413700508, 49.34649509497384, 15.230780371614742, 2.027303804395435, 0.26753299322989876, 0.6705282404497062], [11.511172152896869, 49.36651282841823, 15.074468078631122, 2.0402762652365296, 0.27079226864451467, 0.6681293089836166], [11.508550855338257, 49.18945353521251, 15.150919599512287, 2.0463772483587253, 0.2701975498409554, 0.6670028250730158], [11.5038655108113, 48.958750572560284, 15.127598584148275, 2.065932770762156, 0.27115779364204123, 0.6645811025274608], [11.498761468184501, 48.896244233585215, 15.159199284077793, 2.059507991271029, 0.26963833787690283, 0.6666746861167993], [11.539001459956523, 49.87604591334956, 14.829186414022349, 2.0645050397433926, 0.27822787921438613, 0.6624582169444092], [11.523423541191852, 49.17095725836954, 15.150851528339736, 2.024698567906125, 0.2684738631550695, 0.6692119779343831], [11.492428591737816, 48.88023166261541, 15.153559524814778, 2.0538468318196634, 0.2693928085615252, 0.6675048968732274], [11.495116624785561, 49.13694186989538, 15.25804322522007, 2.018721006084627, 0.266919010830977, 0.6708194343958763], [11.487673552623168, 48.91481041563365, 15.075916865982702, 2.101188315994641, 0.273003238408733, 0.661524566164564], [11.520270376928917, 49.49701038348951, 15.034778937731486, 2.0665902281440793, 0.2754993765093783, 0.6626470779420109], [11.530965252019639, 49.224109137036315, 14.980497694352257, 2.0485098453476835, 0.2721471834639262, 0.6661348189835281], [11.48552126760233, 49.297961937710475, 15.292848947291562, 2.025252447202153, 0.26838397811677017, 0.6716939053745745], [11.499600342866561, 49.126797406787794, 15.037801946186478, 2.0636802787032433, 0.2725511734049482, 0.6646221626064568], [11.505835511230893, 49.00519375594134, 15.170963874555529, 2.0496482511948715, 0.2699726396930595, 0.6663864515485214], [11.491451452821602, 49.18229515256006, 15.121634035509896, 2.0385333605337794, 0.26933396424214573, 0.6695194550777505], [11.487012760959871, 48.89661246986513, 15.268505910601242, 2.031630720569677, 0.2669270331146185, 0.6704164891598797], [11.52753432774265, 49.3789437832479, 14.98573782021851, 2.0406024985763396, 0.27182479637244, 0.6646282040199147], [11.490069551490878, 48.49984766858189, 15.208096227306559, 2.0813299477543183, 0.2696439460618424, 0.6637248606169226], [11.491021764299829, 49.25654266264717, 15.043747247889968, 2.075042754582972, 0.27352748841496716, 0.6644183670748531], [11.509560988153924, 49.03878096582159, 15.084097321820968, 2.035703859987838, 0.2686303897409989, 0.6686388833747492], [11.516995081605023, 48.24127542236145, 14.990468181817612, 2.1389625870752407, 0.2748059463702712, 0.6574558629102842], [11.491166662036315, 49.12301943983264, 15.18285653686032, 2.0595689042882857, 0.26977908625055014, 0.6682120949635347], [11.525930819462024, 49.47261616139955, 15.100736570136629, 2.023536864420154, 0.27033006618807526, 0.6671213955599437], [11.490954477982934, 48.86810658052936, 15.315261284544013, 2.011075838721219, 0.2644414546084847, 0.6726692282217558], [11.479252904438663, 48.398423339282594, 15.264185227242548, 2.085520777122796, 0.26878416154169965, 0.665456004489524], [11.50286284292648, 49.071370119545556, 15.32412931710869, 2.0116306044499335, 0.26556522348469896, 0.6721985646763847], [11.474357574632837, 48.80442707795103, 15.250760268146845, 2.0687715885097595, 0.2684649874643029, 0.66823825977925], [11.497553417668156, 48.97390607586591, 15.199616107317079, 2.0477546887895, 0.2682369956996943, 0.6685270486915181], [11.496321152311133, 49.013347018394654, 15.070312662463918, 2.0512106849607634, 0.2703929105734306, 0.6661353581104594], [11.497971557649372, 49.11744747299466, 15.191576864226304, 2.0342673049238456, 0.2688720060500904, 0.6690350435128364], [11.484723208384748, 49.04173815666235, 15.180635409939342, 2.0236880039831897, 0.2671871082638271, 0.6703986985228056], [11.482964309529049, 48.78228428698402, 15.285724521070899, 2.048309093721658, 0.2666469318872378, 0.6714093749242304], [11.498870891322635, 48.66794390646813, 15.331066679571986, 2.036456527350077, 0.26613613737293235, 0.6683917857641711], [11.500456617804339, 49.202450481336385, 15.038471298014105, 2.0606175157853825, 0.27290250149664574, 0.6642722142073189], [11.423791135408663, 48.08099701074336, 15.09828664889177, 2.232834617918605, 0.28001577870691546, 0.6553098221970172], [11.465861987083702, 48.72819543986432, 15.248022814522788, 2.0970302772592175, 0.2710333547213836, 0.6654868595725102], [11.493947091183344, 48.902632354789525, 15.2330811078037, 2.03412176390048, 0.2671801775526245, 0.6712286237389543], [11.547450222693351, 50.037537780254155, 14.891946772650035, 2.012540578179463, 0.2750525087553123, 0.667202817154634], [11.482062155197376, 48.39444955442958, 15.068518381975561, 2.1094321617604797, 0.2722654746354356, 0.6605999094713996], [11.490054456659836, 49.227866405018524, 15.107930518404943, 2.049510788546467, 0.2713667998343734, 0.6682054448152026], [11.518518672739837, 49.580738523884236, 14.996482782743767, 2.0464993712682134, 0.273837424975404, 0.6668094623743537], [11.49857007865584, 49.159013475867766, 15.245694457404515, 2.0231845951665104, 0.2673849540917971, 0.6700639210177568], [11.475464584146643, 48.69671518758562, 15.315324599332945, 2.022024206986869, 0.26425655050203795, 0.6733332179540255], [11.503558987894626, 49.14426914811206, 15.082555034071719, 2.053275560772618, 0.2711015309420487, 0.6668697198708023], [11.53159723083702, 47.396083105932235, 14.381531250963317, 2.312835197396244, 0.2867580921756508, 0.6441805675879523], [11.491881887295119, 49.13347717684913, 15.228814638378942, 2.038251730491171, 0.26948570850381903, 0.6689593729862323], [11.5029328391123, 49.221106868327865, 