{"basin_id": 21, "ref_run_idx": 14, "seed": 214, "x_best": [11.677581730600036, 49.98388063412686, 13.897294608636976, 2.311006908065826, 0.3057877062073473, 0.6273263537453245], "best_J": 0.03187443566765238, "P_final": [[11.677581730600036, 49.98388063412686, 13.897294608636976, 2.311006908065826, 0.3057877062073473, 0.6273263537453245], [11.677611060132413, 49.898900593902034, 13.908826174131768, 2.3155196199383634, 0.30602386312819896, 0.6275803714130216], [11.677876463935053, 49.92655267034895, 13.893129417733578, 2.311503092754385, 0.30587566628471813, 0.627115857653631], [11.677740787041959, 49.98029675697433, 13.893559159254911, 2.317309837850487, 0.3059252413491787, 0.6276474849190211], [11.677463924881254, 49.986531630942245, 13.888171389605532, 2.314829673115437, 0.3059636811604448, 0.6273744475604963], [11.678138882620736, 50.04717176974067, 13.89940446754622, 2.3119777969071853, 0.3059586172959659, 0.6267940374182855], [11.677358057981849, 49.96720316256507, 13.897621054874962, 2.310917120050468, 0.30584036421627003, 0.6277465679771533], [11.677721598761558, 49.8620445353882, 13.899785333533547, 2.3111684504205408, 0.3056385208642199, 0.6262709422326651], [11.677913399293748, 50.0503617134389, 13.902388823156702, 2.3136682735825964, 0.3057873693182595, 0.6284791592038085], [11.677876070803672, 49.81906098388182, 13.894006097638627, 2.3217415650569837, 0.305545995153675, 0.6272001835123245], [11.677699309712711, 50.068578591495054, 13.893030819064759, 2.3247295660528433, 0.30742158808937214, 0.6259731613539918], [11.680894542778717, 50.03060023497875, 13.87479629899766, 2.329977712747545, 0.30747626107542975, 0.626052695801926], [11.677671207289816, 49.92960554211147, 13.898282953268051, 2.315539825455346, 0.3058266121149024, 0.627241179041251], [11.678202340316334, 49.959245194772954, 13.883431697701472, 2.3161723174097886, 0.3060750442688725, 0.6269246852382824], [11.677885493329581, 49.75925003840836, 13.902416288406796, 2.316673129481788, 0.3051407896319397, 0.6270162675429827], [11.677497163390344, 49.892824027001694, 13.928406444494987, 2.3177128330301375, 0.30578013769031603, 0.6268371332999109], [11.67773934386943, 49.97201047227484, 13.900451840198496, 2.3171341830719543, 0.3062871242952432, 0.6269377812492469], [11.67788703544287, 49.89252567756795, 13.878101523526023, 2.3143299611770316, 0.3057833952441619, 0.6269995989883383], [11.677912711280362, 49.896517153143144, 13.900701918287949, 2.314346842756006, 0.3054810426686102, 0.6271706161592352], [11.677420829982577, 49.93648108502516, 13.860985191031322, 2.3160958434437413, 0.306098996974748, 0.6264435759895356], [11.678294541150853, 50.00048187978827, 13.89835983690777, 2.312458348741271, 0.3060710387637211, 0.6272891721293523], [11.677635169635307, 49.868034873432414, 13.910989704799473, 2.3137366433642055, 0.3050561330459689, 0.6278865559177218], [11.677543663494461, 49.93559257990501, 13.90469233769222, 2.318607551936982, 0.3059236568275502, 0.6274351042256335], [11.678095388352043, 49.98732023916964, 13.886962348411496, 2.313943315137674, 0.3064302814298391, 0.626846603096157], [11.67762477637149, 49.90070702719793, 13.88825043589291, 2.316777766367859, 0.30590523389728497, 0.6268549354460327], [11.678819800643936, 50.04853694865783, 13.927473104981894, 2.312272256406549, 0.30577785791484347, 0.628587581067899], [11.677758935606414, 49.923575088568526, 13.902141651661264, 2.3133256926110866, 0.30594899665764785, 0.6273147273311331], [11.67738343808274, 49.840817397951696, 13.796722158516737, 2.313850628070415, 0.3051438508805352, 0.6263226179552012], [11.677895942699319, 49.90697785977818, 13.898310207888931, 2.3118083195778474, 0.30519790791169055, 0.6280318161386127], [11.677800431026395, 49.95776212775612, 13.896786630483984, 2.311880873716811, 0.3056795086687441, 0.6269799161089525], [11.677313818181219, 49.843130476672705, 13.911046515528529, 2.3117614257069135, 0.30533543446287853, 0.6267243124692639], [11.677562912839827, 49.96076050693536, 13.885850450991791, 2.3114460936543733, 0.30553582102716004, 0.6278900308301568], [11.677774490727009, 50.03610790153937, 13.898951975913345, 2.312345711247901, 0.3061364492071613, 0.627882868950904], [11.677782821810233, 49.907113652068, 13.90014210448413, 2.3169265922749545, 0.3061133237000779, 0.6263480850371681], [11.677874031948074, 49.91278893299637, 13.901072943788494, 2.3119204879163093, 0.3054764798420198, 0.6279104602653245], [11.677895857245678, 49.842156350672475, 13.906318506640272, 2.3121409329029348, 0.30531537588677904, 0.6273201716568105], [11.677831948525574, 49.945156321647495, 13.893352968745846, 2.319509878137952, 0.3059324848402295, 0.6275617401970923], [11.678035611583978, 51.11486469720243, 13.899364649781322, 2.312802702952693, 0.30572579076522344, 0.6277758108014369], [11.677841728551197, 49.9122903628477, 13.900969325887216, 2.3116459033957253, 0.30568835048729337, 0.6272753099911924], [11.678712105448048, 49.81301821012947, 13.908205759323756, 2.314306328990969, 0.30543035713432937, 0.6268852416674423], [11.677905907458314, 49.69477991498616, 13.87484180242743, 2.3207322833305177, 0.3052022901304311, 0.6267112706293965], [11.677989990273552, 49.96811165983566, 13.888340503969944, 2.3138242968648486, 0.30600378772654635, 0.6273449672537582], [11.677932245810043, 49.97514483151923, 13.904162346156793, 2.311050756066552, 0.30588050910545767, 0.6277481225086504], [11.677654662099659, 50.00550036823025, 13.845486929016245, 2.333168926065033, 0.30722947380880444, 0.6256399641675312], [11.677355745483908, 49.86278218125399, 13.892840015016517, 2.3190956859864453, 0.3059350267743121, 0.626782575368411], [11.678446394938838, 49.96245003470266, 13.871062089915817, 2.3125414765661896, 0.30566599194352206, 0.6278584183854539], [11.67778479847295, 49.930211670070555, 13.881162443835917, 2.3198656381953526, 0.3063188333927849, 0.6271630502718134], [11.678533049378167, 49.854118168394265, 13.877243305623471, 2.327314493992657, 0.30637842412301025, 0.6264931681702711], [11.677440646113894, 49.94515982581372, 13.88585803809336, 2.315649471561499, 0.3059807528777362, 0.6272362281201946], [11.677799100385196, 49.8654818985943, 13.898044053208602, 2.3122808255133096, 0.30524782006306794, 0.6277044880787613], [11.677709916428412, 49.934198664228234, 13.900913292547676, 2.3116035282802563, 0.3055093965717682, 0.6269609093845779], [11.677563672099243, 49.934352512730484, 13.906683580018008, 2.31413274565041, 0.30580973548169443, 0.627164080265058], [11.677601734521716, 49.91479401690224, 13.905080480028605, 2.310892623450354, 0.30570357133207776, 0.6268686119955932], [11.677341641754017, 50.01028563496608, 13.902249973979535, 2.313930881811038, 0.3057067854414674, 0.6279677330980485], [11.678494067468632, 49.82761713995538, 13.918673693118844, 2.3106631495615995, 0.30502690528045334, 0.6274380164603622], [11.677735958771496, 49.77497040055418, 13.914918617713028, 2.3133681109607203, 0.3043488941930559, 0.6281420006445178], [11.678111965144605, 49.956609558514444, 13.897652146865886, 2.3142327704541175, 0.3057955477197006, 0.6276040651858052], [11.677535819064635, 49.931056924673726, 13.89366348651482, 2.3148948827549205, 0.3054848061603888, 0.6269711324127759], [11.677666162634461, 49.95515533929115, 13.88832660157989, 2.3124084215546157, 0.30581466242591, 0.6272333702113961], [11.677795447483486, 49.89162864885227, 13.891865399184686, 2.319340231690135, 0.30624629321004804, 0.6263923013821603], [11.677848644553794, 49.99653610599625, 13.898678850366538, 2.3123615559198716, 0.3059150843326212, 0.6274727829772565], [11.677778151808562, 49.96764054406668, 13.887273045179606, 2.3116386708068384, 0.3058373430049203, 0.6271035016212463], [11.678306911542622, 49.90983371796989, 13.86471370767501, 2.3123874455500397, 0.3055883766229071, 0.6275572967784938], [11.677324724111449, 49.880052449356306, 13.896909972385794, 2.3176855347670613, 0.3056997987912979, 0.6265789701343899], [11.67798372408127, 49.75345939428719, 