{"basin_id": 24, "ref_run_idx": 1, "seed": 201, "x_best": [11.628150501124981, 49.198024870144145, 14.056509435104584, 2.3741320560141332, 0.30494849599317786, 0.6211588976004446], "best_J": 0.03191615920336207, "P_final": [[11.628150501124981, 49.198024870144145, 14.056509435104584, 2.3741320560141332, 0.30494849599317786, 0.6211588976004446], [11.670856063465292, 49.355459167291066, 13.875277987732204, 2.4246072513874246, 0.31345457591005, 0.6200844595253131], [11.652739018036236, 49.18308531206656, 13.84487387385581, 2.4446819915269975, 0.3099470285903262, 0.6111404024922632], [11.615866837988744, 48.737504624347196, 14.173644050388951, 2.4448817842878765, 0.30552076491182706, 0.6219536858946116], [11.714667028306398, 50.387017685663366, 13.66612524677664, 2.3681292024270775, 0.31504171794400304, 0.6166983811440027], [11.632893754190064, 49.232024240594264, 13.913198135661583, 2.4694591030205824, 0.31154601273658944, 0.6201643964009412], [11.673063802241312, 48.907294704687565, 13.657663575017736, 2.4844821231311958, 0.3122832815319328, 0.6116448063008596], [11.684834132918612, 49.45969422557539, 13.781643142696979, 2.4690054576392457, 0.31426269664091516, 0.617564375464957], [11.627106084580426, 48.586695047653464, 14.031701712647134, 2.450212002119784, 0.30699173433241694, 0.615508638572969], [11.64861105135311, 48.91342523086826, 14.252946973339148, 2.3461066479245796, 0.3052849193110148, 0.6203864370607357], [11.618567084990088, 49.0028530260979, 13.74060660366213, 2.433272928071118, 0.30682104728981763, 0.6197157913158404], [11.602051376410394, 49.528012443617605, 14.030860000928298, 2.428767003093848, 0.30987705560683704, 0.6211750420267492], [11.56654391825792, 48.55628109995345, 14.30236764812304, 2.429415607682482, 0.30288572411550185, 0.6239815674159559], [11.632938069919403, 48.812277983894006, 14.09053977766491, 2.4251675452212367, 0.30796898634368863, 0.6188881357724523], [11.614226460798, 48.66875765207436, 13.996500117563526, 2.4401596588465155, 0.30582995905245, 0.6207161616721699], [11.642772608613782, 49.29141251867526, 13.915908706193365, 2.437096113923517, 0.3089520902258766, 0.618752644581142], [11.662812843587165, 49.22116905377894, 14.062829198142014, 2.4372500045861494, 0.30940246459190973, 0.6170849848219053], [11.589358444287367, 48.715570521734904, 14.27084962623478, 2.4388937187012605, 0.3054308953709716, 0.6169118540925539], [11.596262173747935, 48.67453634990727, 14.255685475476586, 2.409443296136513, 0.3043396783685143, 0.6254671322573513], [11.671931061102937, 48.72960277728257, 14.053430273670127, 2.4428923059857817, 0.30825508668158147, 0.6150454766310648], [11.607843582985716, 49.2432340247496, 14.155247582365327, 2.3977649299400197, 0.3075074038829931, 0.6184666763796572], [11.649953629866202, 49.60870903118307, 13.911098960696709, 2.4541905490394886, 0.3120136021013211, 0.6193507130291473], [11.724448963508992, 50.04430395882471, 13.686078805198271, 2.4448213160280248, 0.3195846510926632, 0.6185633246412766], [11.625013017802802, 48.879423492135714, 13.776491828750924, 2.410270163671043, 0.3073345451505144, 0.6207602174950319], [11.643613713818716, 48.94196904062237, 14.03969357599235, 2.4309066668686063, 0.3077408674172312, 0.6163347570977881], [11.623404847349795, 48.43641274840012, 14.298428470546101, 2.4044112335917625, 0.3023147837200944, 0.6190137606966587], [11.681581567863994, 49.2588546066819, 13.813859298775157, 2.4220057643093083, 0.3090353289644192, 0.6205402518564123], [11.58728598324259, 49.023139271436776, 14.241376942474643, 2.383752527005813, 0.3041113876031728, 0.6286551039417142], [11.62013614669314, 49.615030415638365, 14.193021834295203, 2.3751200555223573, 0.3087553884897775, 0.6214333323105312], [11.630024302699098, 49.33558259925999, 14.104224502987408, 2.4120633310774826, 0.3075288545642381, 0.6176415236636016], [11.63143971719341, 49.53114065410324, 13.972521077065377, 2.446111684171356, 0.3096671684316401, 0.6220980947686624], [11.622402906119147, 48.97497356250584, 14.09622501400964, 2.4244943722287493, 0.3059340656626473, 0.6251338652469104], [11.667185409637293, 49.50291473028799, 13.753975516333284, 2.4845285294370063, 0.31454488458309654, 0.6165549806029703], [11.701449244323202, 49.926828408949255, 14.038985093272824, 2.463234575992286, 0.3180675069892146, 0.6106897437842231], [11.621107068476507, 49.60192736654647, 14.02535305337105, 2.403299258356428, 0.30931873846899216, 0.6166975494507544], [11.616975336683451, 48.81486197441633, 14.10923639682582, 2.4425233191701756, 0.3072824764628952, 0.618312573903911], [11.598784762755713, 48.80638042058813, 14.16168704406514, 2.4224906044115024, 0.30482194143599994, 0.620607515835088], [11.664703060136278, 49.23744737981745, 14.09827445115632, 2.3862674887305313, 0.30685152144859634, 0.621813215140013], [11.563591199695805, 48.89354687805011, 13.855747692700845, 2.3891820454722974, 0.3058038649987646, 0.6236118188514373], [11.642557234619202, 49.31165549095657, 13.840779355884829, 2.444693001686062, 0.31129205497504203, 0.621143482775853], [11.677589679667332, 48.86569149964338, 13.944006526350302, 2.43943653538774, 0.307664977381528, 0.6183707298077626], [11.611216043048357, 49.34272053391276, 14.147162864255833, 2.3865625115736018, 0.30666955894600095, 0.6227051357678716], [11.69979069737748, 49.37319848931032, 13.706833207334713, 2.4391482268009264, 0.31107676470110024, 0.6138249183875104], [11.660511946658149, 49.76740687470777, 14.008561549802211, 2.4148631920647388, 0.30810219416574436, 0.6195280616818509], [11.651256265343717, 49.337213577078174, 13.813206783098702, 2.4317939872393595, 0.31096665884057617, 0.6203669091488568], [11.615039256779337, 49.41604802329655, 14.00860237674513, 2.4103852041993594, 0.30814027841155156, 0.6216309607918133], [11.59196114696094, 48.592384185245, 14.072865810574015, 2.4289595053264383, 0.30548025465165, 0.6195764362859886], [11.666519485670284, 49.21900087587496, 13.970679291994502, 2.4227932336587177, 0.309622172648948, 0.6167770042504309], [11.575095101577576, 49.22876481318532, 14.152057480788224, 2.4128303974823977, 0.30543700542989605, 0.6244321731797587], [11.72448276274083, 50.82617553753957, 13.576320130690462, 2.3537842082767066, 0.317455706716017, 0.6206369531226091], [11.619397768863845, 49.41031041333105, 13.977484794349689, 2.410200450068787, 0.30754458399036466, 0.6190436369837867], [11.595288831910432, 49.59150542935845, 14.263249711670369, 2.3899986242002784, 0.3048332651912669, 0.6254193712835859], [11.615169292053892, 49.09628748703163, 13.962717654033517, 2.439767661422254, 0.3072350601727129, 0.6181264206454149], [11.622229117474815, 49.08692275481969, 14.0240210161896, 2.431817461648794, 0.3064308712190745, 0.6203343628376101], [11.653281727408311, 49.842449121605064, 13.842541916790484, 2.4205700542859763, 0.31427098397681064, 0.6166852200809834], [11.670086223633701, 50.15840231447013, 14.007598922564611, 2.383916108057171, 0.30970595307341153, 0.6187419760433113], [11.62572576425617, 48.8491839808054, 13.913566198897485, 2.3959774861207754, 0.3059034974241377, 0.6181549070378232], [11.693661680669955, 49.392463705379605, 13.805530054313932, 2.442187935948205, 0.3128161159329314, 0.6175681002422743], [11.647565652769115, 48.98476455573816, 14.041755928874661, 2.399916746812073, 0.30746738261585976, 0.6187165844629946], [11.631314230487957, 49.00703500108546, 14.165808050183918, 2.439112133499503, 0.30566530519110124, 0.6202695894330563], [11.627909602741319, 49.40452638298487, 13.968989780605575, 2.4157061803684003, 0.3102259741528346, 0.6245187640903214], [11.66199938846799, 49.376703658857686, 13.852425451978878, 2.456532886329114, 0.3110529797698013, 0.6187863257203531], [11.611180517499637, 49.099481642552334, 14.116087602079268, 2.439767986803286, 0.3080658608434451, 0.61886541614724], [11.634715023618448, 49.495872998872564, 14.086294943934465, 2.363134699563397, 0.3062652805080209, 0.6188238191704171], [11.627525195049705, 49.41042452671774, 14.039275081256047, 