{"basin_id": 2, "ref_run_idx": 1, "seed": 201, "x_best": [11.504874247207495, 48.75926402305607, 15.017260731426743, 2.096408686889109, 0.273107943608666, 0.6622516155225032], "best_J": 0.030961589237829167, "P_final": [[11.504874247207495, 48.75926402305607, 15.017260731426743, 2.096408686889109, 0.273107943608666, 0.6622516155225032], [11.517652689696849, 49.220172221948786, 14.86884559211215, 2.128806199245016, 0.27894759376686223, 0.6586652170121805], [11.508912293881721, 48.70954433528499, 14.81046408182249, 2.1416324415857346, 0.2770431768296149, 0.658054084759801], [11.565574190736399, 49.373142733404215, 15.043403352667992, 2.0569565258833564, 0.27431444883195144, 0.6630012987072602], [11.508636776179392, 48.57055242197148, 15.065828010597315, 2.1068957553317533, 0.2729820050949229, 0.6608158522746449], [11.569356344753732, 49.258420199936495, 14.47644136706041, 2.214643195961233, 0.2915211368916743, 0.64002611622392], [11.516920281796468, 48.44649982132419, 14.924182510239268, 2.138222623141884, 0.27584441152132944, 0.6596339847878349], [11.51380671466589, 48.70929979152729, 14.779044833405866, 2.1366546902444274, 0.27666436173254894, 0.6578950822410826], [11.511704173490601, 48.97035739394142, 14.958257306620343, 2.123988813146142, 0.27576429419657805, 0.6597305311123655], [11.503243326101051, 49.08901827689439, 14.944717531771817, 2.1126737290847855, 0.2769191734132275, 0.6598392623892837], [11.570360611133388, 49.56762051913794, 14.669329448640935, 2.115187211621134, 0.2831831088758353, 0.6531970129210692], [11.528158153952644, 48.58979072426347, 14.764439312710111, 2.1447429025828724, 0.27803438873050973, 0.6563606987916257], [11.516249412935526, 49.06742497029512, 14.894006434212491, 2.120012520965695, 0.2782389633932084, 0.6570473949534125], [11.627509938760978, 48.750151223057735, 14.145522279722329, 2.2998014689830253, 0.29494100466293166, 0.6381985776673775], [11.499766190172966, 48.81006983111907, 14.995159460272797, 2.0863526380513493, 0.27320580597353256, 0.6626135292873083], [11.533836154096425, 48.83215594033009, 14.952621308042703, 2.110817908096862, 0.27496717770549095, 0.6593065600284104], [11.524343267363923, 49.40065326338108, 14.735687781365904, 2.1471526537566445, 0.28289589217694194, 0.654160265457088], [11.578991750367887, 49.384492483659734, 14.292237477278611, 2.259566871235242, 0.2939839258039695, 0.6366332102760672], [11.591892683429812, 49.43842125462375, 14.100427272064222, 2.253251906609504, 0.29571172069237034, 0.6393253533016604], [11.534881770740196, 49.32419562242758, 14.573381412456968, 2.183828921417302, 0.28572062066995657, 0.6528579183195344], [11.552841042615338, 49.26650816338085, 14.55200127735263, 2.203275380417956, 0.2900507745397103, 0.6437362185596163], [11.509217813461147, 48.98024208567609, 14.787174220759793, 2.122397459252158, 0.27845426590706607, 0.6569755539869632], [11.551050718907378, 49.0705879656692, 14.864140728308605, 2.101862213114189, 0.2771610209494638, 0.6602235763637239], [11.55403436098827, 48.98978441617886, 14.802447339809252, 2.134986149590293, 0.2800078475131038, 0.6541581130420199], [11.488917372602353, 48.63481838389642, 15.032879514266035, 2.087645789082189, 0.27210707843733467, 0.6640567257841741], [11.493536468233978, 48.77910309372957, 15.035463822513057, 2.0891425403579027, 0.2727468729439, 0.6637434495409665], [11.52438336974753, 49.0664390952074, 14.74235120793974, 2.1651017573500417, 0.28284888310093215, 0.6524268628169718], [11.481536690495377, 48.61583511575795, 15.074519904418828, 2.1070725069522216, 0.27267692069919747, 0.6632754245888373], [11.532370661467551, 49.57750090918658, 14.814954138445247, 2.0554449147795086, 0.27531968806601104, 0.6635170087795583], [11.513391750402164, 48.88944524134329, 14.948182436718325, 2.109951403649168, 0.2760869105254242, 0.6589305178217945], [11.491591928903839, 48.79373780033731, 15.077974821751948, 2.080284061017733, 0.2717168870711217, 0.6650836317475944], [11.59037969415159, 49.50137876234593, 14.2361575453446, 2.2976085246653426, 0.2982375609479381, 0.6351615249947609], [11.51499024983203, 49.241180065861926, 15.030313343952367, 2.0700999563386535, 0.2723998626987755, 0.6657963234441755], [11.551499398459788, 49.67070516286691, 14.530178166118578, 2.170941731541925, 0.2872922728983259, 0.650375254508801], [11.521790867404258, 49.16445672032391, 14.814743331132838, 2.1293518293469686, 0.2790061232863702, 0.657153396074996], [11.502790847189088, 48.70922825336518, 14.883749967886882, 2.1403070114807785, 0.2770367111599301, 0.6580128278922817], [11.495184139124053, 49.23773838066019, 15.031645405253961, 2.0759448068524664, 0.2725553293977381, 0.6641912972616737], [11.49800956206789, 48.88710550411038, 15.152717411445678, 2.087424571702431, 0.27193465275302137, 0.6625724844243122], [11.571922779300595, 48.901947400476615, 14.60046725268676, 2.1879826540176235, 0.2852611161293505, 0.6448685972655079], [11.505987264274193, 48.78116152715263, 15.024460979885898, 2.0845016464503683, 0.271950216245436, 0.662196127417713], [11.518150406704672, 48.19003048234973, 14.66113698286323, 2.222860612398036, 0.280990201878214, 0.649904034391766], [11.579327360725005, 49.43530831013885, 14.110488289926815, 2.2248187635261787, 0.29414831758873994, 0.6377480994976517], [11.519599926448779, 48.71334867652389, 14.949775391065067, 2.1070623385486336, 0.27454017540482034, 0.6610527368683836], [11.495254160154213, 48.877990817703896, 14.990446510232701, 2.090761898795664, 0.2732520373310007, 0.6638711323042281], [11.599569533885756, 50.019719389075696, 14.369242502688342, 2.2240765559065756, 0.29474477279905315, 0.6377176909854638], [11.5242548382478, 49.0142224253294, 14.819047983758637, 2.146603971660885, 0.27916828450977293, 0.6570135229174908], [11.511348804818494, 48.82643848550431, 14.867717928748652, 2.1187366082675996, 0.276853571710312, 0.6579273447234724], [11.57043190945271, 49.28126384663781, 14.372708973853205, 2.2189098877677274, 0.2906264956506749, 0.645119068556163], [11.52188293089865, 48.6533264207024, 14.821284114819052, 2.1382081685479566, 0.2766884426620392, 0.656512938720073], [11.539868806843463, 49.03800812469844, 14.805725180732939, 2.1046049082885316, 0.27776755470741676, 0.6584320365734818], [11.484993180447514, 48.858523149498744, 15.086063711294626, 2.082850318204318, 0.27200796278461303, 0.6661243189937971], [11.53312851496426, 48.81924471615238, 14.573192688349723, 2.1974727675949155, 0.2847522987418164, 0.6487874652360186], [11.531228865087458, 49.20682902316369, 14.873117464096941, 2.1139430242449113, 0.27879615298139604, 0.6574888008072366], [11.541612184612788, 49.04244298432533, 14.622937309487979, 2.184958568625664, 0.28413789081220303, 0.6520343289059012], [11.510939015672312, 48.70082285343164, 14.897229024668492, 2.1140852468369564, 0.27488751579547005, 0.6628461173421343], [11.504730970444005, 49.37931389929644, 14.800579904465746, 2.178178162521604, 0.2848015230912996, 0.6526335786512987], [11.498030017337163, 48.980306224850025, 15.013520937739731, 2.0653643927892604, 0.2717520923570135, 0.6659626640925871], [11.52882657736477, 48.824793769300555, 14.842312215569494, 2.129767865552659, 0.2783395744521005, 0.654836947167735], [11.534891703725307, 48.99008583359205, 14.729421402553783, 2.1532634344061936, 0.2817432622807253, 0.6520377148328418], [11.507085672488532, 49.023152228866955, 14.943231108448238, 2.119707316362671, 0.2770426084325294, 0.6577326555121954], [11.524671986711652, 48.90145886704897, 14.796969455810158, 2.0922261476233537, 0.27423657959735315, 0.6609239752034891], [11.575522850064422, 49.24289026848552, 14.474826162221378, 2.1870540480476848, 0.285624922122399, 0.647859138160945], [11.485513277059576, 48.66913674131742, 15.069434911496076, 2.078814494438021, 0.2718547658069644, 0.6644480571135026], [11.523389463571604, 49.24134152984483, 14.694104778736891, 2.1726796612614128, 0.28502946384243133, 0.6508201122322095], [11.602514536856022, 51.21921401595863, 13.811709481913075, 