{"basin_id": 14, "ref_run_idx": 12, "seed": 212, "x_best": [11.471790596119222, 48.6118486451505, 15.37144844437759, 2.053550895454242, 0.266159656451527, 0.6692929810739165], "best_J": 0.030935744678665607, "P_final": [[11.471790596119222, 48.6118486451505, 15.37144844437759, 2.053550895454242, 0.266159656451527, 0.6692929810739165], [11.493630009639032, 48.806060941580725, 15.26674937058927, 2.050513682048701, 0.2672970107039789, 0.6727739699236143], [11.463666806933052, 48.33156745868897, 15.25273178438169, 2.054915439940385, 0.2656610081440176, 0.6737900217080112], [11.445247941596742, 48.8347977884062, 15.457752554241255, 2.0463769825113793, 0.2660456927250019, 0.6739679264770698], [11.473950828493624, 48.501563061067884, 15.334682913210374, 2.05438445342846, 0.2670789788086125, 0.6682577032120451], [11.476595659522998, 48.59273869349247, 15.186030816063308, 2.0649029455114083, 0.2688194648108838, 0.6680970247694498], [11.457807496204772, 48.68673855650668, 15.302118532078133, 2.05947094435737, 0.26794761588813265, 0.6658030422073409], [11.435322508651298, 48.6752461840348, 15.577009767301341, 2.025826507316743, 0.26374941211401826, 0.6725957537680545], [11.38018707783435, 48.26466697103394, 16.59903784075223, 1.9039213771332226, 0.24440225770009402, 0.6883151867371293], [11.48761763398212, 48.87178064315007, 15.055810324421625, 2.0259271606537195, 0.2673729231329025, 0.6672143120483484], [11.450761543232518, 48.81758858730602, 15.781045608244703, 2.040043046928903, 0.2628754599805682, 0.6743094280136405], [11.485538357425419, 48.6399821669474, 15.020155788914986, 2.0653570217244437, 0.2703721355967249, 0.6660886136465509], [11.554175756459385, 48.64925241643283, 14.975163514884352, 2.070708609759385, 0.2708969046239223, 0.6631883124589786], [11.485786800758909, 48.87341362019299, 15.260934603294336, 2.114408440449118, 0.27380830034776893, 0.6604143554456514], [11.491690213381624, 48.88164643021527, 15.129053032983085, 2.0657086777128395, 0.27119040695647545, 0.6696838647420184], [11.381871655616406, 49.7108651172555, 15.998784107484212, 1.940098769422002, 0.2538596244020391, 0.6979350756406459], [11.466081327039307, 48.87290746095857, 15.22602007703347, 2.054301290749974, 0.2673124219241765, 0.6696699615249982], [11.431855720254623, 48.45061279187619, 15.447404082336853, 2.0318763492514798, 0.262226624511035, 0.6790832396329426], [11.447851135470016, 48.06759173491367, 15.413676697294601, 2.0198729135694613, 0.26105081514227524, 0.6703017464467096], [11.55698360728058, 48.69864790289738, 15.102032098683331, 1.9215798783913178, 0.2563194579465659, 0.6758457360024481], [11.467910832123092, 47.82381863799758, 15.268602337329778, 2.084948244034353, 0.264748349109731, 0.6691342137510194], [11.45190054866766, 48.203808831175415, 15.503624199215553, 2.0703347366011884, 0.26399059214427595, 0.6724737657280325], [11.473995368534386, 48.376021217397685, 15.402993080647889, 2.062249495457231, 0.26640814013779196, 0.6667020589966738], [11.481664968568351, 48.56787641365679, 15.303750119930221, 2.015367875000626, 0.26258977799573857, 0.6771994014138359], [11.439248173199614, 48.82655852548935, 15.31187448307834, 2.05594868757699, 0.26724749235143386, 0.6699881522722968], [11.456505288966843, 48.63850241386265, 15.191366374362692, 2.080155748330482, 0.2698679709113277, 0.665758487877782], [11.494867622246097, 49.05351561158546, 15.121062428339911, 2.097296584715264, 0.2732288371534911, 0.6647445723323305], [11.491111959524106, 47.982783653193266, 15.417481241765731, 2.071667611508692, 0.2641989445194674, 0.6642703609247835], [11.474395889338377, 48.70553021716351, 15.104340294030301, 2.0459432163253135, 0.2650830134035268, 0.671159710490313], [11.505793771360045, 48.627945125517364, 15.238840776032626, 2.0497667075337183, 0.26691310460060236, 0.6711350450111417], [11.479312228853303, 48.636060894636465, 15.30773416147271, 2.040943352626814, 0.2654252907539636, 0.6665463436457989], [11.45143750830806, 48.338004711040284, 15.49154724448413, 2.063629104687188, 0.2665978109019034, 0.6670729017101885], [11.45451762721472, 48.3416348003522, 15.378135425016982, 2.025712523663099, 0.2633442258431322, 0.6713763139463581], [11.455374093344817, 48.43262245923317, 15.515065518067674, 2.0738217590477466, 0.26495747078468934, 0.6684667056549244], [11.431992452537779, 48.13353407576284, 15.703836064316285, 2.037701307251614, 0.2603176055915156, 0.6729319379029824], [11.484604326631509, 48.320311334629686, 15.245412337068883, 2.059086008278273, 0.26659941529530395, 0.6653660083940112], [11.447065487543295, 48.80867280904134, 15.227627597931399, 2.0387930422133587, 0.2666770508562923, 0.6686998405369042], [11.449388217393468, 48.142104548761836, 15.675336303401501, 2.027873481304425, 0.2578539393215006, 0.6755224878354031], [11.45682684888798, 48.66073618823655, 15.388237948384203, 2.0311825467342253, 0.264409208144104, 0.6713529247013081], [11.447429203134341, 49.02499445347217, 15.306401666918019, 2.0863786087618275, 0.2718253028731357, 0.6649259048822131], [11.48594673496069, 49.19745552606598, 15.41489349111143, 2.0403538374153465, 0.2677038871110931, 0.6703836711298988], [11.468523565787711, 48.72090648796497, 15.433521522500953, 2.015000722293839, 0.26402353524729477, 0.6710386680237103], [11.46913931575572, 48.88917652647862, 15.32070653969588, 2.050578522541945, 0.26852002627891164, 0.669025919018768], [11.447119840752077, 48.294501449735655, 15.297190394277662, 2.0748929607178104, 0.2663315685076214, 0.6693446538494299], [11.501959645131183, 49.16762476037296, 15.273214618505818, 2.0640166098139203, 0.2689233969061895, 0.6690538762303478], [11.464278262420988, 48.751857466007245, 15.213037075568412, 2.103475876885752, 0.27259908387160237, 0.6641712296238568], [11.515900867718264, 48.4036303297422, 15.20698957326826, 2.0464175154051847, 0.2651055755832609, 0.6706578367357845], [11.47769743290293, 48.56374927654198, 15.175434284187906, 2.0636554110077467, 0.26879894441522895, 0.6693475243442361], [11.456264076345601, 48.34405770049143, 15.474518183916082, 2.045182987857646, 0.2632156608529375, 0.6717896686919781], [11.471045467679666, 48.85909776235281, 15.2627362250996, 2.057462215617139, 0.26909069799738344, 0.6695815930338257], [11.493822551620827, 48.36157812957149, 15.393805439548567, 2.0629038602157683, 0.26618662618784206, 0.6672340433474131], [11.45637814174948, 48.291843475801514, 15.533858036413493, 2.030054748977892, 0.2608384579818143, 0.6754837490915562], [11.467593521612907, 48.70945768290063, 15.002343130315188, 2.0848496642627246, 0.26991327032161383, 0.6685758716668673], [11.45147153695342, 48.43961826267671, 15.622522079389464, 2.065976316771468, 0.2651721496908878, 0.675059620559748], [11.455287880422897, 48.667979815514656, 15.33209384527393, 2.0503072249592167, 0.2670556307889187, 0.6721677804423156], [11.531540644311121, 48.92090921238641, 15.053080214135857, 1.9945237577375403, 0.2653075257403682, 0.6694724877756363], [11.4578926646405, 48.53020671327197, 15.441585650094268, 2.039333229727288, 0.2646802324834061, 0.668239616858832], [11.451837952415282, 48.75981014672226, 15.397981829178928, 2.0404616143142436, 0.26532312343156716, 0.6698513978037672], [11.460992335890904, 48.49830167697209, 15.489337019611908, 2.0910032234213896, 0.268130611379229, 0.6668114228611999], [11.470949548786049, 48.703860473145674, 15.552577732473694, 2.048398354323012, 0.26592130615927634, 0.6733158044538762], [11.478094159968837, 48.4684310188558, 15.241886424294824, 2.060409899108049, 0.2654621767416746, 0.6687728948555042], [11.474620725696937, 48.46736303461794, 15.323281766371245, 2.054642943284618, 0.26736406456292827, 0.6679366591648691], [11.482058199873304, 49.01325803840993, 15.564724734862272, 2.0518091059398587, 0.2641201607929507, 0.6691593289211785], [11.469704761408414, 48.56849922228466, 15.595193187438806, 2.0615089451127377, 0.2658993406247216, 0.6709218027832512], [11.464791172765667, 48.214802463020696, 15.656974150286867, 2.05250694938896, 