{"basin_id": 1, "ref_run_idx": 13, "seed": 213, "x_best": [11.481992900091253, 49.13256733347936, 15.225691123416288, 2.0290552660255043, 0.2677050903854782, 0.6706615319078618], "best_J": 0.03093461415087639, "P_final": [[11.481992900091253, 49.13256733347936, 15.225691123416288, 2.0290552660255043, 0.2677050903854782, 0.6706615319078618], [11.485643495864391, 48.39101008010914, 15.159514849662257, 2.1086047042140343, 0.2716497805071339, 0.6617711849861644], [11.508369814132797, 48.99551087703942, 15.095748103668376, 2.065443392647134, 0.26942775782116646, 0.6695263383608512], [11.49524607568708, 49.54239324619498, 15.22144272304277, 1.996977822623921, 0.2670599792571071, 0.675059505175044], [11.508866637564443, 49.14502141977535, 14.894793947733904, 2.0888323320060063, 0.2747842322229176, 0.659480751775061], [11.472964590579952, 48.42089989199266, 15.375473022165064, 2.0715738849705403, 0.2672039870747718, 0.6682636928769037], [11.437985952151909, 48.72417517070333, 15.282591982414342, 2.077480849384894, 0.268012569544952, 0.6715353332215394], [11.510320875087212, 48.89338596118281, 15.173762670743171, 2.0483549259878826, 0.27074444763682765, 0.6648136968185316], [11.443361370847189, 48.68457291369644, 15.43645473253828, 2.054794747367851, 0.266078249003786, 0.6702452799987767], [11.495094314209654, 49.222369572959565, 15.246436010614506, 2.0540763883071573, 0.27207952683745207, 0.6658478464990844], [11.478262852495428, 49.17563621033932, 15.236564785914696, 2.051566505586488, 0.26984136714711354, 0.6713767061599228], [11.500619598397588, 48.57790832644712, 15.042434265328172, 2.0758471647873735, 0.2690737802540123, 0.666705779993697], [11.474322801969448, 48.709832209389866, 15.158876987413546, 2.074918808034085, 0.2689676699180027, 0.6689854224796573], [11.481776871962252, 48.84933008683963, 15.238668922132673, 2.062676805920028, 0.26989332711302455, 0.6663216032524164], [11.364079630502996, 49.015099917778294, 15.335679224416888, 2.0651345284773646, 0.264976770473852, 0.6719501590201975], [11.461782331440167, 48.29049382923433, 15.295174821460229, 2.0844007478920084, 0.2667444959056065, 0.6654704001503209], [11.475140266998956, 48.938646944011225, 15.106803830561088, 2.0663990592992767, 0.2717483259499947, 0.6664873918172581], [11.489351506534511, 49.632205528640874, 15.221549448553743, 2.0027713691299778, 0.2680095579777618, 0.6726750519488505], [11.486229741296262, 49.31257917249621, 15.341582049361838, 2.0245722269645183, 0.26773231416238197, 0.673440971840911], [11.49579020692496, 48.53037627304838, 15.190193010985059, 2.066069100490911, 0.26872576004040266, 0.6677941623098858], [11.511446505407385, 49.4800465775205, 15.123829370683413, 2.027521802804247, 0.2709472987870898, 0.668811436743225], [11.487610996713016, 49.14524919482856, 15.079813215573962, 2.0597808107845266, 0.2709505773456419, 0.6685970146152797], [11.4694744059398, 48.60444376673491, 15.281700652231512, 2.159897344717158, 0.27624410075857925, 0.6584033687506939], [11.473575258021397, 48.86075400408865, 15.167702659209983, 2.0765545648756167, 0.27120657599973613, 0.6631254453919381], [11.481692624732025, 48.84092978171051, 15.197340738906144, 2.012532197990434, 0.2650404576312163, 0.6690224282103743], [11.487743569416828, 49.55717886713984, 15.081227197121024, 2.0247133513344733, 0.2700678858719849, 0.6736198201060859], [11.381873765993106, 46.72689263077593, 15.737420463031661, 2.1694379749670896, 0.2625970279445735, 0.6678003468793988], [11.474461936903376, 48.76305118873495, 15.097364976062737, 2.066321672269099, 0.2698824417012131, 0.663896547070728], [11.52602748071031, 48.95923153811257, 15.02386191733805, 2.0476825281984135, 0.27054429786345024, 0.6648064071602539], [11.489588444272918, 48.982386888180734, 15.24744059921356, 2.0560218726995103, 0.2689520475706763, 0.6685700612136697], [11.504058997924801, 48.87727802084002, 15.13850823280654, 2.0948059442929727, 0.2722342047476843, 0.6626035223400193], [11.50750225611599, 49.06338038525469, 15.120403817933708, 2.0423152044015063, 0.26977456603904737, 0.66930635617087], [11.495727256963974, 49.38930785437073, 15.150342270043462, 2.0322102868274534, 0.26936677487495, 0.670947119917261], [11.454812639092832, 48.60248550690429, 15.28640820217931, 2.0662878708690755, 0.2680889612750467, 0.6684717682710897], [11.474273613382127, 48.02231317248062, 15.117974107636398, 2.1508585425486544, 0.27194633448872896, 0.6601932465039669], [11.424244816620037, 47.907118427961734, 15.464674283854066, 2.152817535756255, 0.2679070464893106, 0.6609924148704251], [11.48769607920582, 48.884951833342434, 15.222483101797367, 2.0832293291803174, 0.2718208204964931, 0.6663584913072909], [11.468094455769883, 47.577060793789414, 15.217730504118629, 2.214314445151321, 0.27512655397351166, 0.6529058552185585], [11.500342625895996, 48.886473797202605, 15.195229125300424, 2.0508797535971564, 0.26874559477946375, 0.6653311960680308], [11.453139403502933, 49.01781211966496, 15.142094231653466, 2.0951999628170985, 0.27171803593606975, 0.6664770772255024], [11.5064729923958, 49.18941502274225, 15.303915470058971, 1.9894212534942055, 0.26432727169362946, 0.6739418557859675], [11.462293012095486, 47.5946056202779, 15.003352486084115, 2.1390531460106708, 0.2725883060255356, 0.6574592599774892], [11.501504281151197, 48.990179171428096, 15.152946052256908, 2.0255507464011577, 0.2673429828515411, 0.6692936589358989], [11.520196170747655, 49.13650244525001, 14.969349329113534, 2.06159885277634, 0.27185166973411884, 0.6676709372965915], [11.502041068566829, 49.3225126700701, 15.112115407153865, 2.047589191882854, 0.27041651161920566, 0.6689009701603312], [11.512496825941414, 49.50112911127002, 15.077385233163652, 2.03132051982556, 0.27014228667950313, 0.669238802279065], [11.475112340095498, 49.28103454206534, 15.25659017158079, 2.003678788682301, 0.26544411697693476, 0.6743783321397785], [11.499375256922706, 49.310351366403395, 15.256786912056016, 1.9919234771380394, 0.2651345974303782, 0.6774669148976931], [11.455519280001349, 48.604811369401595, 15.36049953926495, 2.100875579284214, 0.26945840704794066, 0.663933610665684], [11.517440320270623, 49.20352459277461, 14.99975859584713, 2.0659869640129083, 0.273510401065881, 0.6667493499983224], [11.49378418003554, 49.62540763363227, 15.141091380237873, 2.0048538919549848, 0.26889805835426556, 0.6750807072395858], [11.390184680236928, 47.160739927514065, 15.555272248263874, 2.1339096456583078, 0.2609327255291787, 0.6623133105861235], [11.49084586407044, 48.23982779810877, 15.09919401503128, 2.1433048286919174, 0.2730459323431512, 0.6592036769302533], [11.477112443894807, 48.268170903796296, 15.24312057944823, 2.1083587062898355, 0.26990905945237903, 0.6640499443467842], [11.483502534431699, 48.656271060101766, 15.286819446498043, 2.0565871310100317, 0.26775442136566213, 0.6686266688325726], [11.486694664635193, 47.96795626064146, 15.266265765336035, 2.1302377522109404, 0.27095045150443714, 0.660111938816332], [11.501442937302153, 48.973178184365, 15.215438526167178, 2.047300658720494, 0.26816033280325025, 0.6692762688492585], [11.498248207422776, 49.56128327947104, 15.36567439096566, 1.9988911875305349, 0.26888162241436797, 0.6700035305060255], [11.432974897747256, 49.44536913388222, 15.219983874967419, 2.0197833074842872, 0.2688877786973365, 0.6726131298176228], [11.504453626901304, 49.055037894895705, 15.009272918468172, 2.0517330883918605, 0.2691198183592424, 0.6672963734394162], [11.466053012907357, 48.31353045923926, 15.318303211744134, 2.110500438292108, 0.26975676996343223, 0.6644094701395427], [11.519585997612923, 49.713751620401275, 15.124278377755655, 2.0234032016887786, 0.27064567407668894, 0.6696271587546319], [11.429252128945913, 48.61740552630063, 15.415473402937877, 2.091653596721312, 0.2674540866404394, 0.6695324240070589], [11.477225722037891, 49.148063490799814, 15.305628127870321, 2.0248663003279037, 0.2674301361085649, 0.672079062940578], [11.510914680916207, 49.28912170753028, 