{"basin_id": 15, "ref_run_idx": 12, "seed": 212, "x_best": [11.640080553781543, 49.80160569590193, 14.132163644850982, 2.255820101154612, 0.29828138708107177, 0.6361395321809356], "best_J": 0.031601763789970205, "P_final": [[11.640080553781543, 49.80160569590193, 14.132163644850982, 2.255820101154612, 0.29828138708107177, 0.6361395321809356], [11.638133870954936, 49.481208523426126, 14.00883177124863, 2.3537910698005673, 0.3068371358082397, 0.6247531075591046], [11.73846565853005, 50.38339325120654, 13.627542910924046, 2.304103880618212, 0.3096221580356561, 0.6280580013174439], [11.65449000338338, 49.537540329961175, 14.119120705983336, 2.31611177527357, 0.3034945301036911, 0.6280451734993325], [11.64572023161771, 49.90484620865896, 14.07263690007418, 2.270073543084389, 0.3001744033492393, 0.6352254907715392], [11.643894778074198, 49.60647026449098, 14.099460460589228, 2.259121556207434, 0.2982993828988475, 0.6338910451468731], [11.778704664718997, 50.127099834195256, 13.554509079936821, 2.389004820004739, 0.3155685634919254, 0.6111375838332154], [11.64522235057742, 49.5451031161174, 13.987525526792764, 2.3536416881768094, 0.30499228936424977, 0.6272009263644065], [11.64164346155335, 49.75000362731229, 14.103506095271921, 2.2589491443744163, 0.29857135934206114, 0.6320559169056011], [11.63504671393164, 49.683454089916886, 14.025411040203974, 2.2971651676719262, 0.30178829138331614, 0.6310670398646928], [11.682235272805743, 49.748429931567124, 13.92309081524813, 2.322474142653699, 0.3072183862594227, 0.6240581989240596], [11.641505167086859, 49.63859868931091, 14.128901200721495, 2.257586215041536, 0.2981809103317769, 0.6343591371946498], [11.643401186447502, 49.560390181538565, 14.139065426740391, 2.2921717676341142, 0.30007957246545874, 0.6310232703301139], [11.64847538963695, 49.624974643885395, 14.09225301858367, 2.2756922405625484, 0.29919017255856795, 0.6341923970329344], [11.648763006244701, 49.37285236027358, 13.823721262436521, 2.2800582532838694, 0.29966623877061094, 0.6337672931169372], [11.637593339470843, 49.63486611603344, 14.18731710506731, 2.2408347183301216, 0.29798383355891267, 0.6356024656880029], [11.6439815118576, 49.537606114938825, 14.080914819174415, 2.2914685099446546, 0.30001642601438794, 0.6312483936283726], [11.65176473778317, 49.8179690044545, 13.919612593859425, 2.3772592997198507, 0.3096110125425639, 0.6229525869579979], [11.640066832418256, 49.60914418439093, 14.124870425756377, 2.282684366526314, 0.30094290547957636, 0.6338059488233355], [11.641837212139402, 50.03235881380857, 14.022474455367917, 2.313953485913023, 0.30373040080017955, 0.6317293694364181], [11.63899458623652, 49.70181404571095, 14.135588251429105, 2.272668086863272, 0.2988889118055498, 0.635339873849532], [11.638172805028601, 49.46454796043249, 14.125309809061703, 2.3489242482568624, 0.3034948980600511, 0.6288187453309619], [11.639013131827692, 49.698945935851654, 14.156026832111255, 2.294620731561128, 0.30144846998488234, 0.6341565896048902], [11.641220946052055, 49.56368462647482, 14.115261132426106, 2.255877872286321, 0.2978655251465589, 0.6351185392088924], [11.652216909785052, 49.62710281884729, 13.944028998010388, 2.3352484813520205, 0.3057644173791116, 0.6254041240130375], [11.657655467357262, 49.820664039783516, 14.030372763585428, 2.3191113529483194, 0.3035945327510951, 0.6273842541332074], [11.636706431151746, 49.7480850887404, 14.076842549757053, 2.3171803184873525, 0.30219460931881653, 0.6302172707477238], [11.647338626115744, 49.829906054649406, 14.076628728621483, 2.3022360995582436, 0.3032442956437746, 0.6300961882092673], [11.637501612520412, 49.92647148328325, 14.062175840416021, 2.2750830808526405, 0.3010233427834529, 0.6326897310613522], [11.64323111979903, 49.748712581739355, 14.14340163039543, 2.2821022338641876, 0.2992140749955322, 0.6341068723676602], [11.65061106491695, 49.80410424456066, 14.083620958702193, 2.2486146515718164, 0.297813947640384, 0.6362553632892235], [11.658096669630071, 50.09531597248282, 14.13541935476179, 2.26835321286288, 0.30091122350063865, 0.6343441607707119], [11.63911697523368, 49.74331111937879, 14.178230952791916, 2.2636819658756453, 0.2982518053461254, 0.6354185915800024], [11.641205504219512, 49.54859791533926, 14.065627513433618, 2.2575690902170362, 0.2979841428261427, 0.6345315852704132], [11.649974981889649, 49.32742557733355, 14.033090826408445, 2.3160468163841585, 0.30256870448431195, 0.6271384919984953], [11.640197687111229, 49.54965424902252, 14.182970555306715, 2.2624740074963157, 0.2977881898968842, 0.6348991352104304], [11.686119272868464, 49.771495274654086, 13.984612357653237, 2.3221040563718085, 0.30342555323329656, 0.626956057804513], [11.637688333655746, 49.72483651498457, 14.09794423257035, 2.317552070212383, 0.30197545406164017, 0.6310376876730676], [11.655291978376296, 49.52857373665248, 14.095710348478748, 2.280507229186063, 0.299896143733041, 0.6319592490035507], [11.641875617096616, 49.85432862480121, 14.107065384938965, 2.2932983678874255, 0.3015235367522462, 0.6323171766839687], [11.64425319433992, 49.600028852347506, 14.142840598019317, 2.2713582083912742, 0.29862012565185275, 0.6329172331765444], [11.754626628036071, 50.241864982520084, 13.615983943904913, 2.362800728049641, 0.31327262027757863, 0.6203444178443571], [11.654713072686734, 49.51336960226543, 14.038867470886146, 2.2803793916670867, 0.30060311657228583, 0.632635941559176], [11.636837354186913, 49.86006694925661, 14.078044136937114, 2.272013817862245, 0.3000230884385062, 0.632315602072412], [11.649835913982011, 49.807232489341054, 14.063145151991375, 2.282386320425062, 0.3022606700719077, 0.6319012979124253], [11.640439185923949, 49.552228169281115, 14.066629171458196, 2.2842589625136664, 0.29974577760122073, 0.6342761413732529], [11.657970923080615, 49.583393015186196, 14.008773420494187, 2.3066019663840325, 0.30259926909693513, 0.6278752146892369], [11.668356924494516, 49.813529952836774, 14.043903200120491, 2.2630691688727067, 0.299651674678326, 0.6344992158798811], [11.640454647206962, 49.616056387905836, 14.08829209549991, 2.290729597889391, 0.3005154009950871, 0.6315505054492947], [11.644972225367397, 49.790729492812595, 14.13002459343259, 2.2540792297135703, 0.300013520959045, 0.6340941693231851], [11.645624016594653, 49.59415706900711, 14.082134443492494, 2.33431871839082, 0.30463249249370916, 0.6214339864051921], [11.635974926593999, 49.5799900379981, 13.9871608101616, 2.2457327617061122, 0.2977271841311879, 0.6351322216055132], [11.638275200865452, 49.459394774435005, 14.155537092893441, 2.2706656574835846, 0.2977196066269889, 0.6348242599195932], [11.660298033728024, 49.89700482149865, 14.101174034396104, 2.2542432667385945, 0.3000162635882001, 0.6356281952831707], [11.645279876674735, 49.84915407715526, 14.038655061914469, 2.26130453731034, 0.2990029998197785, 0.6350287386127021], [11.638730432057727, 49.648199935777264, 14.013136431576777, 2.2928460278175553, 0.3017794062077731, 0.6316556773383174], [11.636744452777716, 49.77912042606565, 14.112336493436132, 2.2873369660602108, 0.30185178003989205, 0.6294805157327925], [11.645393696635193, 49.720025471381014, 14.013247522503397, 2.289695205607974, 0.30116952233549815, 0.6304697638633162], [11.649754624085043, 49.80627930687032, 13.877603380144322, 2.32745875565303, 0.305049131564505, 0.6276308449219461], [11.64161054264617, 49.76530530416434, 14.106672002047864, 2.2775976044095496, 0.29963364210297044, 0.6317981123123815], [11.642372226321351, 49.54021892789594, 14.097308876753962, 2.2652925844007736, 0.29805215269729013, 0.6351446313717002], [11.649307565831949, 49.89328782629432, 14.034786190920336, 2.2856577722545723, 0.29980354143181537, 0.6346370411040759], [11.660313310801724, 50.13561106252003, 14.080319243565198, 2.3073789811255603, 0.3039594379296084, 0.632360708428636], [11.635910249086953, 49.7110975396441, 14.10840695496424, 2.2969393271364305, 0.30048168822251453, 0.6329987094775125], [11.642417804810256, 49.57216104942956, 