{"basin_id": 22, "ref_run_idx": 4, "seed": 204, "x_best": [11.551699443814266, 49.44555933981066, 14.647912732830756, 2.1006107858889314, 0.2799892827835014, 0.6573859645975076], "best_J": 0.031112660591431984, "P_final": [[11.551699443814266, 49.44555933981066, 14.647912732830756, 2.1006107858889314, 0.2799892827835014, 0.6573859645975076], [11.526045124175985, 49.93119162609429, 14.466803747307718, 2.1763429621690302, 0.2902007895575083, 0.6462664939353615], [11.565203333181447, 50.18915396497725, 14.776264380344479, 2.0519024463556392, 0.276918580739738, 0.6655270309885337], [11.583121258466006, 50.23911167831392, 14.56276038119187, 2.049278999489413, 0.2817749920715625, 0.6598200391001781], [11.59577069424588, 49.979321825069995, 14.659585746125261, 2.0681121662595525, 0.2805657025846005, 0.6577497003975021], [11.551007853887993, 49.96230758413196, 14.575070144629393, 2.041531754071971, 0.27746277350527293, 0.6650421510407974], [11.590675074392081, 51.38611639336983, 14.413532231538648, 2.0500657584953226, 0.2879039886562251, 0.6564817815439816], [11.614568685642189, 50.34079979360613, 13.887306837701399, 2.2535833848753404, 0.30179749314643356, 0.6402338334311686], [11.581668652262126, 50.0776468848625, 14.36482295416502, 2.1464624336585247, 0.2875336090200757, 0.6527313256684272], [11.591195972772152, 49.956118364474456, 14.444600923951556, 2.1960389833202583, 0.29129569533092325, 0.6442562939416125], [11.529563455958925, 49.69363729907794, 14.70690584710179, 2.0551436923451805, 0.2753169449068867, 0.6652634755994244], [11.609650484612624, 49.371602560744606, 14.768020544186351, 2.1410276766328398, 0.28329352910825883, 0.6514696598436039], [11.573687737440228, 49.520266279567004, 14.544559149046773, 2.165239668873665, 0.28351584241175587, 0.6530033671430018], [11.610643182162754, 50.17914208730838, 14.499298518326455, 2.1022720536312467, 0.28523135064907124, 0.653422905852612], [11.556052505496883, 49.99680077558318, 14.658232175129806, 2.0640600856087827, 0.2793305064177871, 0.6632937178754671], [11.560419964092663, 49.94674643957386, 14.613484107841932, 2.079073382544561, 0.2812609230321765, 0.6600119043079151], [11.582942013163652, 49.96507420653712, 14.677986508114634, 2.107383791182338, 0.2852939610306684, 0.6540161447925599], [11.573708778208548, 49.96514203564451, 14.740442340274454, 2.0775115324240003, 0.27929333161853975, 0.6633402708427356], [11.539908737650673, 49.878012186179305, 14.870507444461097, 2.0290235714172735, 0.2759732022313388, 0.6647437308102638], [11.534716057895173, 50.5169184725067, 14.72568705161796, 2.0442593841614833, 0.27858757394985617, 0.6640019720246457], [11.580545750828074, 50.23645372739887, 14.510851785278216, 2.0898114998906148, 0.2844421101260092, 0.6578272540002131], [11.562425854618436, 49.82060355169604, 14.528838433265175, 2.2329404836941764, 0.2941296697940991, 0.6414941576893696], [11.605121607123442, 50.27376091396046, 14.365662117984877, 2.1335489055398846, 0.2883646259102249, 0.6503306146273756], [11.571236017528737, 50.167342985006705, 14.679420184053122, 2.045897666748891, 0.2795042287087047, 0.6607272640246603], [11.600462292780195, 50.44502438457119, 14.577652134176155, 2.0710271115729504, 0.285130963319955, 0.6580728278732207], [11.566398754143211, 49.470964286675056, 14.334413756160542, 2.105111635660842, 0.2832302293558324, 0.6574846891985147], [11.566871248824173, 50.017116932448765, 14.71346384979983, 2.0651882793756227, 0.2790265976513314, 0.6618922900677433], [11.598507930317428, 49.994607575792344, 14.443710859495305, 2.175474998330975, 0.2928154087579614, 0.6473593174216948], [11.57991005942765, 50.07684265370226, 14.727307379420175, 2.01160355563977, 0.27453377288693165, 0.6654053411720178], [11.590033733998805, 49.65860756441803, 14.662490337173665, 2.1005591316066208, 0.28163458980862155, 0.6566389303065071], [11.602553693248707, 48.98644747098505, 14.196913265220944, 2.2103591039872383, 0.2900577141136527, 0.6422792801004898], [11.57422319529754, 50.37727531714845, 14.518570421221487, 2.0890908925014045, 0.28354231918200873, 0.658813165935938], [11.593252255184128, 51.22745262314947, 14.029977121570102, 2.19114433749839, 0.2987662876132715, 0.6379235023938956], [11.555263396077546, 50.52295444576717, 14.697703607766563, 2.04598115843435, 0.2809747170218471, 0.6651792166126114], [11.564221680383827, 49.31484022017651, 14.812265354233329, 2.0784744106165456, 0.27796801667762283, 0.660520933522792], [11.600611611752102, 50.02499173043788, 14.590012154368097, 2.0871258090112406, 0.28206810161265056, 0.6589618627597572], [11.567854585322769, 50.082090313985425, 14.871035381113481, 2.013209963472998, 0.27336745797564177, 0.6674520246109434], [11.577598833307494, 50.11191673179961, 14.5186152023124, 2.1195913792983934, 0.28681467596613835, 0.6516785209926874], [11.60723999551909, 49.44258059494988, 14.49540644194824, 2.1936311049248105, 0.2894708424122202, 0.6419470918790933], [11.593235353649755, 50.181899074797144, 14.490195550272473, 2.063793969602811, 0.28157188718140336, 0.6588211625336537], [11.576354866769753, 50.029394943420684, 14.601081613084752, 2.0752951121833982, 0.2817910943258395, 0.658282998144534], [11.640764352595392, 51.009880041981404, 14.2866401813286, 2.174078265915103, 0.30025022555992686, 0.6429967127529985], [11.567088704928292, 50.205816164212685, 14.517536012651801, 2.1137141148989618, 0.2865001232288056, 0.6531988642386616], [11.597223835409723, 50.53462366633422, 14.434831776861559, 2.1493057364914794, 0.2923114031878628, 0.6473524841227984], [11.58490312466996, 49.66552006485686, 14.429391622708943, 2.0992563624282012, 0.28126871438144707, 0.656903655401889], [11.630406612751734, 49.99226958904556, 14.291039716429811, 2.202893653980429, 0.2918012053013784, 0.6440696935756703], [11.579440988326612, 49.382101348886366, 14.551938725756566, 2.139949590754334, 0.28473481012310986, 0.648206172563534], [11.612050047939958, 49.810912907415556, 14.335225389619273, 2.1790559138942034, 0.28852542260210995, 0.6463734052966995], [11.590058097390525, 49.96053856268696, 14.623332704985618, 2.0464878032888283, 0.279019205469147, 0.6577798610580733], [11.602793738240033, 50.490596515369205, 14.502614583239218, 2.1043389349064245, 0.2889265287691572, 0.653175000524829], [11.581996710310529, 49.842218908235125, 14.637801030490259, 2.097976903242573, 0.2818982662867552, 0.6516251378033655], [11.618566364218948, 50.10996539571798, 14.467773109848288, 2.188102428693397, 0.2944506930273768, 0.6482701260396977], [11.614045478277268, 50.72465600206992, 14.174244479793881, 2.1307485781251208, 0.29146031823343677, 0.6496996731469107], [11.596895544012286, 50.16346666938097, 14.48404140912979, 2.0778167700139583, 0.2824117491412895, 0.6604315862914613], [11.59628718646255, 50.04704160198295, 14.498118354607886, 2.098706059011946, 0.2839117604256214, 0.6559364228031475], [11.55227524877206, 49.797452891075125, 14.689408557274785, 2.0477420359667695, 0.2774220353205429, 0.6657893465304138], [11.565174525826082, 50.07561252113856, 14.531610430212309, 2.07698541326812, 0.2818602085822531, 0.6587598073947524], [11.595102305123664, 49.9379031706147, 14.636200605833068, 2.1136019683544314, 0.28567328102719197, 0.6518846030172201], [11.574311866413668, 49.689799818409256, 14.694957049934137, 2.0657603553025625, 0.2786500100507838, 0.6613532945343299], [11.585835914109916, 50.24468474611128, 14.647598865139445, 2.066809500600919, 0.2815366396866994, 0.6591991493514235], [11.549283911402094, 50.16210071030359, 14.607486621493099, 2.011526133598712, 0.27391194471387226, 0.6692662847563488], [11.562399740627669, 49.17186699742956, 14.36687800476415, 2.284811647777208, 0.2940233889658857, 0.6415485029697474], [11.565767101849692, 49.73335770156235, 14.550204839703566, 2.0573046850447376, 0.27718296192948283, 0.6639508669438604], [11.554051145296892, 50.046239967151266, 14.711179051978934, 2.0132616913974464, 0.2751637642093138, 0.6666793349218927], [11.573050046019292, 50.335117446001604, 