{"basin_id": 11, "ref_run_idx": 9, "seed": 209, "x_best": [11.490785859857183, 48.97552096638417, 15.101872438223793, 2.08480533898544, 0.27284109833116854, 0.6633726988578293], "best_J": 0.03095767411724321, "P_final": [[11.490785859857183, 48.97552096638417, 15.101872438223793, 2.08480533898544, 0.27284109833116854, 0.6633726988578293], [11.493718881319857, 49.21579731846618, 15.069245156166913, 2.0732580479383036, 0.2729419370113619, 0.6634002228537018], [11.512689151707677, 49.260956877469326, 15.037722422634008, 2.047974705182634, 0.2719112419396152, 0.6638824487023873], [11.501724026181785, 49.191374483829634, 14.917325718757201, 2.0915538385955736, 0.2758194778912728, 0.6609242325864476], [11.532396716578674, 49.33891126288009, 14.872974285418806, 2.092827312978889, 0.2776874838531857, 0.6581193454056333], [11.515417889935378, 48.820393352477765, 15.083501919299863, 2.0795662164744777, 0.2718637873141167, 0.6646069121545183], [11.517241111830563, 49.53054069553064, 14.894778714710812, 2.0914763910813403, 0.2772611089876794, 0.6608023836682937], [11.507656575502907, 49.100280463128215, 14.982122923663985, 2.068850381669812, 0.27213288153992576, 0.6635191488756161], [11.500024659301868, 49.070449024318, 15.122451473120167, 2.0379988004180603, 0.2703339868229492, 0.6665852562965335], [11.529994150289243, 49.8740417769225, 14.658183613241029, 2.100520208827923, 0.28192730205788685, 0.6585986481789264], [11.539033001478503, 49.186021367392314, 15.102367985865017, 2.07134093205805, 0.2729054122751571, 0.6641593459935035], [11.492712320286795, 49.35198932608802, 15.04273077925978, 2.0774131027132663, 0.2738730336302579, 0.6651602372064609], [11.577519316070262, 50.304677742510734, 14.546250534656766, 2.069167737061867, 0.28283695679441756, 0.6548451544979023], [11.514718847821339, 49.451122778578615, 15.037327618453439, 2.068145856577665, 0.2741817319616508, 0.6634592419207407], [11.531877095156743, 49.61236117811908, 14.822091181566115, 2.0874972030110013, 0.27767330581909627, 0.6589230722988216], [11.567894264702192, 49.63491896733876, 14.625275348857059, 2.1512266243242046, 0.2835990157454011, 0.6531110899025009], [11.515315169272125, 49.3464743496563, 15.023776755606532, 2.0750816557679137, 0.27526850932999486, 0.6625383872850603], [11.56569419114094, 50.161452739688606, 14.886469869665467, 2.0355390048782236, 0.2770843393828454, 0.6629952785457204], [11.54477008673356, 49.76414205046743, 14.79560023392913, 2.0738515313096184, 0.27948418139074066, 0.6621409573371366], [11.53276551587109, 50.11470256816224, 14.733189614217084, 2.044265951764807, 0.276617681816351, 0.6704446464748021], [11.52059536808319, 49.64941015369032, 14.923940591272165, 2.087809471616853, 0.2784712243482657, 0.6592001224058219], [11.63193579641425, 51.61205697266945, 13.895251033650338, 2.156283599164164, 0.2971012618455499, 0.6503608556377988], [11.484962720240727, 48.90081817655803, 15.050656249994443, 2.1085654375499847, 0.2754801189001589, 0.6646606884819984], [11.507899601737503, 49.25563321215096, 14.86459325420037, 2.095046182402552, 0.27506939996612806, 0.660332060221409], [11.572087461250772, 49.35029598749654, 14.85094708932004, 2.0777767295457004, 0.2771573475341124, 0.658178063101962], [11.524406948377024, 49.02156398083797, 15.089677814042421, 2.0685699455062596, 0.2728366144117883, 0.6642736484428006], [11.521218970950772, 49.48278669290542, 14.9481212779517, 2.063151701248045, 0.27435066520688023, 0.6666805525467243], [11.477961134748432, 49.03048974636549, 15.082016852459285, 2.0842339517026613, 0.2735726978453962, 0.6624077635166951], [11.553731971791995, 49.125085559855506, 14.856323384978976, 2.0549840919095836, 0.2722825602279117, 0.6646629884028001], [11.507044732468458, 49.357309175985634, 14.788642840787317, 2.079391991824864, 0.27533114044654583, 0.6625376335531856], [11.510286992536876, 49.35916950237865, 15.100107360947149, 2.0295775926296424, 0.27112995335595746, 0.6662212729444684], [11.581254293210462, 50.38300222260082, 15.02575563409747, 1.9008519352920579, 0.2642303161069815, 0.6806608016964418], [11.491901729584203, 49.415007481170875, 15.062529673041741, 2.081714146487101, 0.2748826964372844, 0.6636445293643876], [11.503346974749395, 49.11398370718039, 14.882680544995889, 2.07159138649627, 0.2733566030657896, 0.6636552853758565], [11.523702632770764, 49.16203249386794, 14.938849635511538, 2.0819894135362005, 0.2737304569473987, 0.6627612787546863], [11.547561741656814, 49.61967772337714, 14.62115201853545, 2.1396291213804273, 0.2852025799293315, 0.650387759256807], [11.658603964871846, 50.76490205568515, 14.159339975452522, 2.0953708651418137, 0.28935887961709283, 0.6572585805129175], [11.550055586465874, 49.7753736588171, 14.525317585356069, 2.1487423958830076, 0.2872222182427614, 0.6550355653583824], [11.530855721138295, 48.806323318122395, 14.952629927690554, 2.049801163509177, 0.26895813103284927, 0.6677283434040427], [11.55502985969712, 49.56219637849882, 14.76668734970832, 2.066315623774558, 0.2768361350786897, 0.659891718865197], [11.62619612408328, 50.97068492157981, 14.092888792617302, 2.138190697897927, 0.2968919007757207, 0.6377415244659173], [11.508488822270703, 49.26131993155379, 15.032120140917408, 2.0810681184204762, 0.27469662799997696, 0.6600573041053174], [11.492982005964732, 49.387940797383415, 15.07956019392007, 2.0684098966222266, 0.2735262493518838, 0.6654729595616058], [11.488457299921869, 48.92333657309862, 15.106157422498532, 2.0636697833101607, 0.2709229099879775, 0.664435187748219], [11.530161736907797, 49.38997623015246, 14.793635640377367, 2.1128028636772616, 0.2795780824592973, 0.6584995136324266], [11.52854845294308, 49.827790431220635, 14.834077887188787, 2.067072252650069, 0.2778493408455922, 0.6626005365963425], [11.534129286936498, 49.5277029356216, 14.85985907060632, 2.079722435171301, 0.2771020810393985, 0.6591029881642144], [11.577246182442412, 50.283748066007085, 14.332485342043036, 2.164014019194535, 0.29096870513471057, 0.6451635261094806], [11.533615754841051, 49.67268447863809, 14.948087766178665, 2.064565792715941, 0.2767872007498043, 0.6610506489707565], [11.574618096840583, 50.105048200500974, 14.46842065889304, 2.202653230002286, 0.29215280934821475, 0.6454707563840025], [11.539989290392926, 49.16998703863494, 14.797057713589739, 2.1385446148398253, 0.2807979422468906, 0.6517873794227383], [11.530174988277189, 49.62273504362323, 14.847559750971902, 2.07447713095706, 0.27670928270324374, 0.6612458544428033], [11.503792284875972, 49.15914309172722, 15.03294400945727, 2.058838367207316, 0.2729093147684242, 0.6634975631311006], [11.552448216204677, 49.709594198207895, 14.849286879482207, 2.1077400362557506, 0.2810641122263117, 0.6536931704141329], [11.559184636438589, 50.00581960087695, 14.589115671458845, 2.1198127013455537, 0.2848599399632133, 0.6506509397827449], [11.512019091593567, 49.28598515605843, 14.861962452278112, 2.1031948677703545, 0.27642175465960006, 0.6608266400686529], [11.471250762367047, 48.923248283593686, 15.09966293651049, 2.0750298024359264, 0.27014841240605686, 0.6663795838536999], [11.510540332016534, 49.408221338786625, 14.95718048134743, 2.0772391891167605, 0.275735205782717, 0.6623729173717597], [11.521747663248313, 49.07396590114421, 14.93525953068891, 2.1040983961461106, 0.275556013958363, 0.6604281371578228], [11.539229502333619, 49.56218222833843, 14.80348025911273, 2.0698681554478173, 0.27714502021267273, 0.6610030457367106], [11.528242016126628, 49.7051806434582, 14.795874916991108, 2.1008581687146615, 0.27968478541456315, 0.658650772193409], [11.642231973419296, 50.57160903770481, 14.139013066676299, 2.1045909520956654, 0.28732510663830174, 0.6515752901082993], [11.513719957347929, 49.14090803505116, 15.017368226460357, 2.065113158768771, 0.2735300983406491, 0.6635472651619416], [11.507228478817307, 49.23429828378956, 15.016340938964511, 2.0805237264227716, 0.27407477976449746, 0.6626934585882703], [11.509281012842674, 48.907869788051194, 15.042978478397655, 