{"basin_id": 18, "ref_run_idx": 9, "seed": 209, "x_best": [11.485560201679931, 48.53219599597735, 15.098333634018331, 2.111460267232356, 0.27258920688572225, 0.6618980934292542], "best_J": 0.03097638527275459, "P_final": [[11.485560201679931, 48.53219599597735, 15.098333634018331, 2.111460267232356, 0.27258920688572225, 0.6618980934292542], [11.517691569536337, 48.54909748329303, 14.91272875491427, 2.172932664553994, 0.2791999789944764, 0.653181803434134], [11.568300242855424, 49.27454401521948, 14.535058724633124, 2.2346868116337912, 0.2920339705164472, 0.6399530769930157], [11.498014077599821, 48.64237321228705, 14.977748842053272, 2.130081823000235, 0.2755555330707814, 0.6584495384298614], [11.474972595657091, 48.38001656477987, 15.146062798516779, 2.111880011655498, 0.2711282929545655, 0.6635533766457634], [11.495904628810498, 48.50409267414793, 15.108514373279158, 2.1122040806109053, 0.2720643580049177, 0.6624716905248925], [11.494490651162744, 48.66728170957234, 14.967888223602372, 2.1330060234515216, 0.27581560202338584, 0.6566488365436683], [11.491462812104754, 48.54905507584721, 15.063744474171104, 2.115979129731535, 0.27288722925654, 0.6610080617209162], [11.492638788621031, 48.637264137157885, 15.030436452172259, 2.1165247707672217, 0.27388306400159035, 0.6606477321729413], [11.512150474440041, 48.454425667526976, 14.985152269139965, 2.167426453819449, 0.2790498771786402, 0.6523783305321089], [11.495134650313338, 48.5285555297395, 15.094576226010577, 2.1302473163940805, 0.27397475727139725, 0.6589129402828481], [11.492520407421676, 48.46764964561989, 14.998102081906396, 2.118213367350289, 0.2731271783465638, 0.6596333832475147], [11.47399868268455, 48.49980940822499, 15.106347001412095, 2.122479428639764, 0.2732841811099093, 0.6607444664154878], [11.481344554596852, 48.780695543460546, 15.122932266778143, 2.1121412078519084, 0.27209802956576373, 0.6620165570408874], [11.48857520742366, 48.5364922876131, 15.024006599229281, 2.1196036531533413, 0.2735371316541627, 0.6607252633508065], [11.469954076368998, 48.4464870848677, 15.145450299359325, 2.111389322870354, 0.2711677149220565, 0.6626912892623364], [11.485134716402824, 48.904262401044534, 14.73297747716893, 2.189079044992688, 0.2825384016288409, 0.6511000001711577], [11.484342634375936, 48.5662196597718, 15.024029799139543, 2.1132334843367184, 0.27255211152030273, 0.6630896535074978], [11.471874741669428, 48.43270887907138, 15.066238955725073, 2.124135785192189, 0.2726394965941576, 0.661031168979925], [11.481813271385127, 48.669242679003005, 15.062219432255649, 2.120190829739446, 0.2740519711428746, 0.6604440509016924], [11.491699394739035, 48.45907603950658, 14.941697812724444, 2.133463501484655, 0.27550095429035065, 0.6577734941128756], [11.500724093695899, 48.69592975365241, 15.05238940887864, 2.1153620274462783, 0.2740094111729359, 0.6597995892059024], [11.489891761139672, 48.549940249868925, 15.03916561008495, 2.117766757939873, 0.27337090010304965, 0.6610448605492237], [11.502288000740634, 48.42480931973225, 15.043041758286654, 2.1148377516868146, 0.27277159443165727, 0.6596746942449022], [11.497609755872274, 48.50165614110591, 15.009748903843303, 2.117490876049475, 0.2730011660820276, 0.6611982626509914], [11.48000268890402, 48.43350746456229, 15.099699481417517, 2.114118784182897, 0.271555993011849, 0.6630574697769885], [11.507706912462307, 48.59135592253646, 15.06018714009908, 2.1177341638231697, 0.27446773927324514, 0.6585093367976195], [11.479967788616863, 48.285911886128766, 15.13823250203336, 2.117610337397897, 0.2715226518981764, 0.6618302624168148], [11.504928367516325, 48.664333335152165, 15.013271040136054, 2.1189752005086198, 0.2746096169465607, 0.6582071647500845], [11.49883999771837, 48.65767256140097, 14.99302247661441, 2.12177129043374, 0.274692949304892, 0.6591315301531857], [11.482240380737398, 48.5971670246534, 15.087870721579776, 2.114997998236802, 0.2729681842294136, 0.6607420404414681], [11.637410936775375, 49.20817267216513, 13.673365673401879, 2.5024581380668054, 0.31484668684971745, 0.6144041069929481], [11.479553023506313, 48.624923114157774, 15.122327842802157, 2.1198116088469687, 0.2733856828901319, 0.6623357392360154], [11.56449330816341, 49.0083848241, 14.610676389513618, 2.188469273631998, 0.28531256821374457, 0.6487531685717823], [11.558818939250111, 49.0717191331068, 14.470682412845106, 2.1992859428397162, 0.28562078441049343, 0.6492152597863489], [11.542629278578843, 48.5074172677524, 14.563746463179571, 2.239122037118464, 0.2898122512685662, 0.6403334912113782], [11.549520434015358, 48.87421569908726, 14.761279955478493, 2.169306647271383, 0.2817413836737616, 0.6522366064025474], [11.496777460957713, 48.46631467173601, 15.096179830761448, 2.114105750897056, 0.2722255606449093, 0.6623147924206583], [11.504095996806512, 48.411204527882965, 14.995265103047696, 2.122643299237006, 0.2738175399702529, 0.6596405830142219], [11.477028509197607, 48.57507154088654, 15.114427867414223, 2.1158385513942632, 0.273308280336624, 0.661269097567757], [11.491510707345705, 48.56557724305534, 14.967258868167049, 2.1492097486388198, 0.2773606144098623, 0.6552252493991509], [11.50060003298115, 48.547717182392155, 14.98864160774227, 2.12649562730332, 0.27511817968247787, 0.6587762913754067], [11.602197187345997, 49.820339132748565, 13.878042685839667, 2.308986767942908, 0.3043575637500913, 0.6303473540950008], [11.485813454688918, 48.464318340636076, 15.117971928850567, 2.1124512137335882, 0.27231189705052783, 0.6614325380864428], [11.489275791966298, 48.6074572650674, 14.98476708971798, 2.137973142316747, 0.2753499928816566, 0.658120682635845], [11.497228437668186, 48.56296089551756, 14.973374723272237, 2.127752354274915, 0.27496440335715555, 0.6587572317079704], [11.492242412059092, 48.47122694995243, 15.052132065466743, 2.1128983870510734, 0.2728382611038246, 0.6611326157109814], [11.497448962713328, 48.54256516144007, 14.928495458820926, 2.1232848907361035, 0.2745024359121302, 0.659508880226217], [11.512419543302315, 48.444038431018086, 14.98739337071745, 2.1330313192386883, 0.2754284645902608, 0.6575006401475856], [11.654026693552844, 49.16222439985742, 13.967627938030136, 2.453577874479352, 0.3089602839863014, 0.6158148123039993], [11.541486298646316, 48.93808876420476, 14.714484289995521, 2.1763050764695278, 0.28304368569201566, 0.6498725216727338], [11.485585586445797, 48.52214911120872, 15.063101009393696, 2.1229012097337456, 0.27320195315825613, 0.6602319919024249], [11.484808683407516, 48.662479928645475, 15.102825544357668, 2.1171855374039117, 0.2731840260612615, 0.6619581103245293], [11.490841559599861, 48.50726713069039, 15.044442488849203, 2.1140342273138772, 0.27342194983461976, 0.6597954370008231], [11.546434952451033, 48.8456624050134, 14.676624401094488, 2.1536319395397427, 0.28011955279122036, 0.6513790631270177], [11.484569786947384, 48.53121409903516, 15.119379062874092, 2.1114285787732423, 0.2721799477954837, 0.662635904363421], [11.49411149117997, 48.50471230506217, 14.982208407731449, 2.1256298977732886, 0.27415851689742843, 0.6596545616673989], [11.525295681946037, 48.73528216347648, 14.82768171723091, 2.132919984159954, 0.2775009902940095, 0.656110552288775], [11.486443253017203, 48.47095975131025, 15.069799250754997, 2.1174775080946526, 0.2732103650564497, 0.6604205627039343], [11.480741501671499, 48.51371437033861, 15.07959827918603, 2.1137247900916396, 0.2729161785663803, 0.6608425173220345], [11.565166736057657, 48.56409709379975, 14.621027735662132, 2.2413335011523596, 0.2874860722449223, 0.6440976813269291], [11.504506583528045, 48.45848243424727, 15.014458915139512, 2.124541555657173, 0.2747536168056775, 0.6581642532377543], [11.491796571619998, 48.47888280074927, 15.07011258647976, 2.1113363311892264, 0.27253860059848145, 0.6617512087109586], [11.512995003937874, 48.53665413299583, 14.92239455191521, 2.141520711975198, 0.2767521553726568, 0.6546618842630565], [11.471751017735771, 48.45172492952932, 15.100435098405594, 