{"basin_id": 15, "ref_run_idx": 7, "seed": 207, "x_best": [11.636183873013604, 49.997426514604626, 14.139268624640355, 2.244908375787238, 0.29868603421948786, 0.6356159621761628], "best_J": 0.0315853244769634, "P_final": [[11.636183873013604, 49.997426514604626, 14.139268624640355, 2.244908375787238, 0.29868603421948786, 0.6356159621761628], [11.636154857373668, 49.70808722653876, 13.975226336642704, 2.34452230886603, 0.3042160829010669, 0.6286503585709184], [11.637449110550206, 49.473476969850125, 14.104507083110901, 2.268546238937489, 0.29802941419059215, 0.6331889557874955], [11.639613063914329, 49.14032789640773, 14.00062169283381, 2.32425652709704, 0.30144127976480833, 0.6284445139410878], [11.648939881401517, 49.3042839732333, 14.056545952508342, 2.3305307773082053, 0.3024641149412804, 0.6323345420936867], [11.637591257855746, 50.0200584197882, 13.994863690165891, 2.2407296715318226, 0.3001508700866636, 0.6347974153756014], [11.663274054097391, 50.029072343727044, 13.83571672744946, 2.3209409817077336, 0.3069309575552552, 0.6283065120714294], [11.651881607973658, 49.620747238497636, 13.997469127177407, 2.3153579322430606, 0.3039860854201162, 0.6298978830836772], [11.647791115317345, 49.569449282050904, 14.087327364314508, 2.2560180544736714, 0.2984530652208869, 0.6338010847776095], [11.645820676268565, 49.846266241265724, 14.063188619327281, 2.2546867581235075, 0.3001652467915521, 0.6351560448919312], [11.63656995578318, 49.84394690333674, 14.097631850582081, 2.2689248921650442, 0.299569622643335, 0.6348595379297618], [11.689351704394136, 49.32377703486252, 13.908099749328615, 2.2949869332923982, 0.3046002477561611, 0.6262339617644096], [11.637657350041142, 50.1122360309166, 14.07610041945771, 2.2687638590983727, 0.3011872225184089, 0.633300891182417], [11.686782992082327, 49.09522707818039, 13.768080624695518, 2.3818433454847625, 0.30797158035851996, 0.6168028098005627], [11.637253707988565, 49.05331973471505, 14.109785200252533, 2.3090538546912263, 0.29928549295852325, 0.6327372631643419], [11.645809243041384, 50.014101639795236, 14.132016531567697, 2.244650278532799, 0.2986683164056465, 0.6361729898616529], [11.638312420648274, 50.01873311863756, 14.11607640144869, 2.2444746494035352, 0.29976467810333285, 0.6348723657584895], [11.640211608870448, 49.90346387250658, 14.142398198883583, 2.2842106054570603, 0.30123041000878353, 0.6322375995258863], [11.643865146303177, 49.769911931822556, 14.001289503578244, 2.3263764190042804, 0.30261857090854416, 0.6272252298239989], [11.657300751819092, 49.38258496036808, 13.911980310083225, 2.2589313482118634, 0.2998937606659489, 0.6319993628459455], [11.6432828920721, 50.12425301375624, 14.088420754067226, 2.270093302157799, 0.3014164593929137, 0.6336303936652273], [11.644382411919668, 50.17563186171165, 14.055027056152397, 2.2486104055529097, 0.3003944836925355, 0.6359153192446406], [11.635869983807481, 50.17576683307085, 14.127586695835516, 2.243848598330575, 0.29976996010712514, 0.6357682133125652], [11.635984964330584, 49.939406344670864, 14.140376621483231, 2.2537795634190916, 0.2987478086793546, 0.6362340040708399], [11.6690990547613, 49.22097734053177, 14.215592316725026, 2.3403887718626635, 0.30308676528644724, 0.6272859591440395], [11.674847563398922, 50.03546552642354, 13.738330388007778, 2.36294225140467, 0.3109937319474598, 0.6251748710277915], [11.642831584812685, 49.94548545898026, 14.175204234422958, 2.238516304590677, 0.2981748923850257, 0.6357769466847542], [11.635767142182885, 50.02415360612038, 14.133597018915768, 2.2442963731829795, 0.29858050614651455, 0.6356210396369384], [11.637206792559462, 49.53889894532393, 13.934239643718627, 2.3096156761725872, 0.30255865024836603, 0.6291947149093292], [11.636996573126643, 49.606986755113695, 14.123312805463943, 2.277736447085404, 0.3004702565583447, 0.6276655429665846], [11.659811323431303, 49.16900537880065, 14.036927590566602, 2.357013662324177, 0.30521505603307064, 0.6220206351847858], [11.644002317109617, 50.19244991044002, 14.101457864842821, 2.2510342897042888, 0.30056248990049983, 0.6356548983609864], [11.647285225291794, 49.61261433211086, 14.049054105971676, 2.2944879998592462, 0.3016092037782254, 0.6315458813908627], [11.636546800519904, 50.18707869734096, 14.188266641049037, 2.2414381967930836, 0.29938780982561725, 0.6352130324417947], [11.63914129137636, 49.99375467260792, 14.138427625473259, 2.2627273100137373, 0.30012649283519466, 0.6348091076158647], [11.641506388172946, 49.95910159004219, 14.100379276601297, 2.275134452407012, 0.3005170204850143, 0.6346707460143448], [11.639023868644268, 49.040822308926565, 14.13212483478742, 2.3054211479158595, 0.2984757632080326, 0.6322087473088909], [11.637061101173822, 49.90486152498305, 14.098187400636034, 2.2780564808446218, 0.30067805203105624, 0.634457028759226], [11.639443088729902, 49.701441959960945, 14.088017652623778, 2.268306559908874, 0.30013862211394715, 0.6342015374234422], [11.63854323673505, 49.910479486613156, 14.138057912426724, 2.2567164417444636, 0.29938522921999594, 0.6344822308099731], [11.637100210649892, 49.859894377773955, 14.163778613157106, 2.2598632781288694, 0.2994236801538259, 0.6363203665680233], [11.637724990455778, 50.20559686485891, 14.158537108423094, 2.2383408481097766, 0.299834864622996, 0.6346893259240444], [11.640597263716199, 50.309905694638324, 14.152985378026164, 2.245106349110232, 0.30057991564639086, 0.634740810333276], [11.645982658158854, 49.72158956475138, 14.004986348423916, 2.3129181856930514, 0.30277031971270263, 0.6294293895841566], [11.653140938485233, 48.49335726861842, 13.934266222276102, 2.3975271903975206, 0.3005929982227329, 0.628071242984948], [11.63990625795995, 49.47562370616152, 14.083059399974506, 2.297884716906316, 0.3012759788604853, 0.6307785384961868], [11.636739885217906, 49.795242541223594, 14.087899845475246, 2.231774694134738, 0.29806591947593025, 0.6360516444076114], [11.65088945273541, 49.427340555643454, 13.986773279962511, 2.3375030603951967, 0.3038651832259387, 0.6271639127471995], [11.649076284006423, 49.80097598382508, 14.139107964191954, 2.2803649708455707, 0.3006008316189327, 0.6326294714333945], [11.635080754114783, 49.658481636374255, 14.090963752335746, 2.2785448431798616, 0.2999860242611053, 0.6343693039642979], [11.667170793364274, 49.06037157219565, 13.724536807465112, 2.3654612868628466, 0.3047214123776008, 0.6226638902510739], [11.653949497084882, 49.62751746758012, 13.964351168351335, 2.2452259422107415, 0.30014176746372156, 0.6329376885034613], [11.640428834064483, 50.089534951665996, 14.134300011684974, 2.2373451773168687, 0.2988150796920771, 0.6348888211960483], [11.638185237907328, 49.78058604843181, 13.944530593274475, 2.25077335053588, 0.2989417031350883, 0.6352048878552217], [11.637786452211884, 49.92150436282728, 14.101739148919773, 2.258308883307561, 0.29947607470844606, 0.6356407436921611], [11.6680566889299, 48.78269446008617, 13.782054224028922, 2.3828750409333455, 0.30442561276471103, 0.6216120136990921], [11.64022194193999, 49.86339779333219, 14.107611455499626, 2.305556859869465, 0.3011730780011597, 0.6341806812461661], [11.649835851798496, 49.77624697911441, 14.197996996731016, 2.278091069189278, 0.30004319749662345, 0.6324324095697258], [11.638541567037677, 49.95593262659456, 14.06418500594991, 2.236416461753364, 0.29910583501575416, 0.6351614169067556], [11.643156434380687, 49.80711893606127, 14.055607247468565, 2.3041591049907186, 0.30197617273004335, 0.6331568777258128], [11.654796737602895, 49.0324932260578, 13.792264814708261, 2.3858379057049954, 0.30548209584987684, 0.6222473543577475], [11.644753312449492, 49.557894936846814, 14.141859400747277, 2.2820758187965096, 0.3001111733480929, 0.6321971292481884], [11.638484053202802, 50.214591975503076, 14.212868688497371, 2.240220550893612, 0.29927159153688154, 0.6351587901470895], [11.641488159179517, 49.58759488730691, 14.073940946915517, 2.330371065285352, 0.3035286683725697, 0.6281820772633329], [11.637068530923592, 