{"basin_id": 19, "ref_run_idx": 15, "seed": 215, "x_best": [11.488113454466792, 48.936061666747804, 15.297402827199514, 2.036248609138259, 0.2669129328581819, 0.6707389465397945], "best_J": 0.030921071192191032, "P_final": [[11.488113454466792, 48.936061666747804, 15.297402827199514, 2.036248609138259, 0.2669129328581819, 0.6707389465397945], [11.451741808536791, 48.88267482618692, 15.426240836771536, 2.029128043488377, 0.26403843061924176, 0.67544471631205], [11.453103214409348, 48.85107719499292, 15.521897678371861, 2.027065623694428, 0.26361906360906323, 0.6748631246271551], [11.62884879484802, 50.56278602036683, 14.312592813378805, 2.052992235715548, 0.28597163493443695, 0.6584157558888254], [11.491808194343676, 49.35402861017528, 15.30678104862787, 2.026321851857902, 0.2672583921204309, 0.6700076461772421], [11.472786632002096, 49.016845971943525, 15.467947411724833, 2.0229417754814363, 0.2639445517767942, 0.6748696236611161], [11.46859155688712, 49.04323531157576, 15.429565809146972, 1.999360009299462, 0.26382394262956016, 0.6765184134676545], [11.465602686988127, 49.35619578160234, 15.505548893762846, 1.9828051321975613, 0.26278810983124135, 0.6801067845231242], [11.65427428163676, 51.82868417833794, 14.56892807034202, 2.0299582472130266, 0.2879850914394566, 0.6560843309726174], [11.470270739001577, 48.96965985580695, 15.425435278347624, 2.0168761629001146, 0.26394790281544345, 0.6745380275038498], [11.48564890923799, 48.693441100517525, 15.358051296689561, 2.0328760167416866, 0.26517840661000697, 0.6714942270399596], [11.497210306393345, 48.85061055351211, 15.31833876060528, 2.0348346950816496, 0.26621416133285314, 0.6730678505554664], [11.47425250776887, 49.295857095447914, 15.477542485600658, 1.9879668046321755, 0.2643054134563761, 0.6768714015403853], [11.493131722671915, 49.03149866039964, 15.28972582559382, 2.028346663121479, 0.26604953925659636, 0.6720287999503077], [11.481048938535276, 49.04472424148248, 15.227656466199647, 2.0452969086741173, 0.2671277527646143, 0.6723664119129154], [11.499525726771559, 49.16292602050409, 15.225029345080703, 2.0434884042014607, 0.2692372915547029, 0.6684056168649989], [11.51638101757421, 49.45849376470615, 15.083598525045279, 2.0194621083641526, 0.2709379906472733, 0.6686914505219408], [11.460099522633428, 48.65547656486955, 15.620318724121404, 2.017243199990869, 0.26198890617391307, 0.6765729302622661], [11.551626971158894, 49.824569376284344, 14.952025934605892, 2.030935038470933, 0.27200281965153605, 0.6705832492505686], [11.559236190525029, 50.689782569619474, 14.845201777974145, 1.970990072247383, 0.27318605222782566, 0.6709084634758283], [11.50403670940602, 48.99186659520789, 15.44912928315191, 2.0005481476768843, 0.26340413146749636, 0.677170788863389], [11.496121309311683, 48.92335947540328, 15.26468383750524, 2.016881970494615, 0.2660233110859559, 0.6718500554453603], [11.475652490502819, 48.886761527288684, 15.475258539220297, 1.9919423346283573, 0.26244106645888526, 0.6770821621309295], [11.48257793339371, 49.01979869443536, 15.408942230934212, 2.0135474437423753, 0.26354615284106514, 0.6763339758865754], [11.485317726341785, 48.92049459633195, 15.329906435269013, 2.0079120028848907, 0.26573901146843576, 0.6719833980468364], [11.465636682012954, 48.915650611373465, 15.442802615640817, 2.021098727106343, 0.2638850169468405, 0.6754209190135354], [11.445389789010417, 48.61809004226593, 15.61968276498851, 2.013764691872703, 0.2608584730315615, 0.677218283441285], [11.461864445397724, 48.72606391390815, 15.526932834668504, 2.0280336161519776, 0.2638012238207361, 0.6733262166442765], [11.454760278247454, 48.67836252139322, 15.57688827150687, 2.0085999654888163, 0.2605979471750644, 0.6778241847161313], [11.55917960591018, 50.33677035227685, 14.736891679896754, 2.0156914870378237, 0.27511624005415164, 0.6664690282319412], [11.528036074098821, 49.11098977547088, 15.1065238031378, 2.0321221402541303, 0.26928256416219665, 0.6708015882685661], [11.480176140377234, 49.26268057751677, 15.378775075210772, 1.9941396633655715, 0.26442446800729874, 0.6758677241840833], [11.453290395199819, 48.77432868677521, 15.512721423942963, 2.0150133020166447, 0.26221349979604647, 0.6773413434737506], [11.569492201432999, 50.32520747016093, 14.711220278182807, 2.0435184149065555, 0.27875472648876554, 0.6639102426813027], [11.484378804777984, 48.793482052479256, 15.316782013652347, 2.030774150752499, 0.2648777711001068, 0.6720682515655051], [11.474917553426966, 49.06143647588817, 15.36451864432619, 2.0119674591916783, 0.2648960098311766, 0.673291930179246], [11.46786072231069, 48.9431191278051, 15.452302460248202, 1.9758345640425374, 0.26272848511406033, 0.6779716488423769], [11.511933323699228, 49.36446558693634, 15.09618826526937, 2.0332259259002177, 0.2700504639401183, 0.667183934593752], [11.52901800612464, 50.098416732548394, 14.957898932894777, 2.00997048603393, 0.27306294216694654, 0.6708372627624851], [11.471302568470273, 49.26640548086131, 15.465134941112119, 1.9591730844575417, 0.2610571661791984, 0.6808263468599072], [11.497325358404957, 48.72278054213313, 15.265895322185694, 2.0366024105057323, 0.26661181927433375, 0.6703407292376912], [11.459271754346403, 49.095524288638686, 15.521270397807656, 1.9834800011876936, 0.26135946458946546, 0.6801611794157935], [11.467442138340852, 49.13664430013749, 15.405857808917531, 2.024053005358333, 0.26658591012516414, 0.6713861840427715], [11.488804034725721, 49.27783897406138, 15.31366899043079, 2.03091591658666, 0.26760278362640966, 0.6716092678026001], [11.533118906534835, 50.40505299536531, 14.805943404127532, 2.0337965159671567, 0.2772299215054086, 0.6694325258702359], [11.479315447331855, 49.057563508825375, 15.42063677144652, 1.9735597303141812, 0.261291945487251, 0.6798244376734152], [11.510039199726963, 50.06508795794838, 15.078260528547618, 2.0059751273026762, 0.2723117647430588, 0.6674924221393405], [11.487575139552053, 48.84083106491925, 15.316383152220865, 2.0431940683578236, 0.2670449624129001, 0.6627161728789182], [11.490300193546554, 49.39804871721351, 15.387138334151786, 1.993382263737844, 0.2657612203085223, 0.6745346074088037], [11.474913469702505, 48.72228796950637, 15.446676875241343, 2.0257424868788934, 0.26398841628465974, 0.6718342314339084], [11.504974319225955, 49.136451529181066, 15.25620466217282, 2.025279265018042, 0.2680090711055113, 0.6702382358989168], [11.468716872344718, 48.88984946869833, 15.432919908306554, 2.03026120314244, 0.2649604922789581, 0.6733929226367695], [11.46952792502387, 48.70828855093502, 15.075967603825209, 2.003164309073303, 0.2635352626783369, 0.6736253696174651], [11.484844504879849, 49.115778926884104, 15.26925278528572, 2.028176414390671, 0.26692231251933685, 0.6715045595341705], [11.482517224644893, 48.83186200714417, 15.338026243091665, 2.0212782680296777, 0.2657009873084514, 0.6722282080940754], [11.53183216899969, 50.04284876785907, 15.06697694347395, 2.0013853979984546, 0.270590930310287, 0.6738967149674704], [11.454910038089778, 49.00310897897465, 15.534612626503979, 2.0120133454604154, 0.2634497248407498, 0.6770765481621401], [11.554877751755917, 50.79240168421071, 14.849424415077367, 2.0162981719261612, 0.2786679506019807, 0.6677813230564182], [11.50882696970626, 49.42695321846076, 15.074193653663219, 2.038358906392939, 0.27113320009636216, 0.6684786419641494], [11.466308499665194, 48.78478060626471, 15.481076465583316, 2.0245508640581558, 0.26366578742209235, 0.675295487519187], [11.4760106551071, 49.87138290598785, 15.365123635706084, 1.9819320152288347, 0.26601207924125325, 0.6759338331327656], [11.485831173413557, 49.13836407709538, 15.213496565898689, 2.0224989323840763, 0.2669542498694426, 0.6732564293716828], [11.49482072185525, 49.75065566087479, 15.25832602325083, 1.99141727005062, 0.26688580445215837, 0.6750240410523827], [11.548107856631827, 50.384155039722486, 14.851803001175572, 2.0450732387210646, 0.279674734557768, 0.6613732213826498], [11.477083049449782, 48.807996385823685, 