{"basin_id": 4, "ref_run_idx": 1, "seed": 201, "x_best": [11.51397683874533, 49.000294247748386, 14.901488129626829, 2.1198743800758333, 0.27801205797257295, 0.6559698566703217], "best_J": 0.031058536315903423, "P_final": [[11.51397683874533, 49.000294247748386, 14.901488129626829, 2.1198743800758333, 0.27801205797257295, 0.6559698566703217], [11.502485694364966, 48.69451329094724, 14.92546801386105, 2.149807267126212, 0.2786696690437433, 0.6544122114218444], [11.514215955185628, 48.84053391005263, 14.90346493378684, 2.1332642224139313, 0.2770781504645036, 0.6618392812996848], [11.545285215600785, 49.109795981749606, 14.673741046819563, 2.142045710448363, 0.28100557563845674, 0.6529304556891325], [11.470479886427741, 48.563956058794524, 15.042992378140347, 2.108232136134693, 0.2731483298159606, 0.6668813870081854], [11.514003794449428, 49.377042900774924, 14.676579099348444, 2.1443226242170024, 0.28137779678295605, 0.6544189241865204], [11.507203285045444, 48.735767081037565, 14.80986005372163, 2.1378348466863875, 0.2790127700369157, 0.655434936756815], [11.522874655948705, 49.42579803567366, 14.75326984035713, 2.1659275011960606, 0.285036117591758, 0.654735016576416], [11.495252737818404, 49.272806828240476, 14.820829110749015, 2.144472387870976, 0.28016781710982247, 0.6566805378307715], [11.553365016368998, 49.52006854495346, 14.741684961484175, 2.155010180372242, 0.28427623727155354, 0.6485449581222181], [11.494393051890134, 48.904626353119745, 14.837721379011466, 2.151033698032315, 0.28168760643505486, 0.65278637705151], [11.585461571122439, 49.65061255680457, 14.387252734560281, 2.16092969904963, 0.28797179818902724, 0.6495361432657645], [11.56408176074799, 49.36512138495674, 14.49409157636762, 2.177890041124302, 0.2865769779501643, 0.6471882650639178], [11.47384467336199, 48.52441652316917, 14.978289042963777, 2.1420115579271934, 0.2765389062657654, 0.653936399705483], [11.527978367630027, 48.51473809354492, 14.606009625310715, 2.1849297037163096, 0.2808653257285963, 0.6501988527734489], [11.497641626383375, 48.44090037480555, 14.804868834611788, 2.12051501204031, 0.2727882336437107, 0.6609492476603944], [11.527468557787088, 48.83659611438333, 14.653600842456584, 2.168049008474076, 0.28238569181729845, 0.6502856256292717], [11.5784288085398, 49.553729268379605, 14.437907401840693, 2.1579131302147303, 0.28549914859829206, 0.658332756053647], [11.517308781672227, 49.14791906129322, 14.780209395865535, 2.1416443880897993, 0.2789941392853459, 0.655749543170014], [11.500331973715484, 49.12529745353661, 14.773295111399754, 2.145194259394631, 0.28200481113949544, 0.6517672009888976], [11.564757609121306, 49.30562524349768, 14.669586488019487, 2.1428241689415954, 0.28418952087393273, 0.6491304762284206], [11.540283211948612, 49.201690551285594, 14.530347898606273, 2.140727516110021, 0.2809307149916308, 0.6537726958547244], [11.608134787656898, 49.78655737498244, 14.546824762595122, 2.081044729606598, 0.2824414941386858, 0.6592519786869674], [11.557977696023482, 49.18137977025072, 14.739604740691966, 2.1502694369317026, 0.28294942631110065, 0.6517106203588221], [11.539123903153744, 48.89620205684069, 14.96649191941172, 2.146788082539294, 0.27873145725242554, 0.6533013617946938], [11.466167535981103, 47.96410666083797, 15.526820732177786, 2.164409772244659, 0.276198811355978, 0.656603147074919], [11.527578931658311, 48.638629293201745, 14.710690773069999, 2.1599652439112647, 0.28149888681688134, 0.650530337116233], [11.538835862211393, 48.77308813735046, 14.661815182265377, 2.152095718401242, 0.278442424159346, 0.6530505071196318], [11.515488288475177, 49.199562214658854, 14.868210794967215, 2.1200577482598204, 0.2787115962896, 0.6550268766428983], [11.591156119009316, 49.2995090377251, 14.81662181250939, 2.0675461181706956, 0.27546448165621307, 0.6614053794211654], [11.5309678964545, 49.56154531043379, 14.636617065575992, 2.1557873608642097, 0.28399779222575094, 0.6498828416987855], [11.551043575044218, 49.398829701387626, 14.825547195213373, 2.09198477686769, 0.27901973336286623, 0.6577423494650598], [11.544519964223754, 48.65467451284661, 14.684753034373902, 2.1352506604695103, 0.2778489990390762, 0.6539199058665116], [11.542500514174266, 49.26345424643833, 14.787918223318943, 2.120035058800383, 0.2789439564583828, 0.6525801787633395], [11.561827516965355, 49.43524650694572, 14.633313750909531, 2.1380652068933808, 0.2833805142388546, 0.6527017833016078], [11.523396582687818, 49.16440266104395, 14.864874026223914, 2.1507854762937426, 0.2799403566159743, 0.6557856987245517], [11.492210887142383, 49.10870052362604, 14.66531914761459, 2.122626847531284, 0.2777299939960598, 0.659361259569562], [11.5357977374515, 49.01598856392214, 14.562572852034906, 2.174500482415699, 0.28481244604359557, 0.646974321405582], [11.505971741829352, 49.14245455581506, 14.918714167343358, 2.1506486965535543, 0.2804640598156337, 0.6585288477404603], [11.57674095491136, 49.52977167170783, 14.76841260561347, 2.090347660334025, 0.27921132567937434, 0.6529711779856381], [11.477325946837379, 48.28751100635953, 15.015109239473091, 2.1683438449538053, 0.27842480612953124, 0.6543096316546536], [11.5015785655687, 49.1720602848852, 14.85513127866012, 2.1614980384697753, 0.28179560465482195, 0.6561386713680917], [11.496993495638156, 48.8618530583998, 14.726106055294373, 2.1745799005881636, 0.281036347269904, 0.6528142868111586], [11.490634635444499, 48.96613001182838, 15.095102474115093, 2.1476685772171966, 0.28202716478461715, 0.6471008296339371], [11.50863867125897, 48.64398324814978, 15.005205463821493, 2.111536425643356, 0.2749668927451657, 0.6567613440037525], [11.55512010097717, 49.20854153328032, 14.795357240969247, 2.11982283873101, 0.281624354285313, 0.6521797962674811], [11.55400703290912, 49.53318384855631, 14.661832329963358, 2.1535134974523005, 0.28512575983513205, 0.65459267508051], [11.542069182950724, 49.169814681886294, 14.68837089941037, 2.156435740521431, 0.2814011782609177, 0.6520443160000298], [11.555994913798582, 49.185186677416844, 14.722252800310168, 2.1486206191144364, 0.2824918747096829, 0.6515718986908706], [11.684315001959366, 50.46369334848829, 13.980962073489895, 2.1027463939290283, 0.28873454359436623, 0.6464766074319362], [11.518864078781807, 49.39956434913211, 14.68399380110882, 2.1577508453988092, 0.28440571027518985, 0.6518640340225336], [11.549151380826359, 49.566269380194015, 14.556731358641667, 2.1611897088158867, 0.28703429693811666, 0.6507883397645572], [11.589851809264013, 49.45503230983458, 14.50217595416863, 2.1521716838259843, 0.2855170720307093, 0.6544920632776464], [11.54640968864749, 49.406446028055974, 14.664106415025248, 2.13947101658485, 0.2827801173955504, 0.6504181809898995], [11.570191326233186, 49.15867991399801, 14.579436730478623, 2.1700026261447123, 0.2856240621522982, 0.6483645404716024], [11.520036533240678, 49.015451240688385, 14.883432181225285, 2.1003762210357473, 0.27744904867701786, 0.6549132131589244], [11.579609701329037, 48.87377800615066, 14.74388059877558, 2.133520152578065, 0.28160762141926354, 0.652909867895772], [11.553275606002506, 49.492971638793094, 14.826892968443788, 2.1496432437964494, 0.28379837316748197, 0.651138317745017], [11.50998098830415, 48.7240578232674, 14.815184923616375, 2.12690325896017, 0.2769662532632767, 0.6563699288000158], [11.564893367469072, 49.01873054113729, 14.58083238215385, 2.1489588718416304, 0.28419947842067284, 0.6489001686480768], [11.516511736186896, 49.47316216731237, 14.713684236423171, 2.172479357496237, 0.28354401529066575, 0.6535892727168634], [11.544613204948886, 48.91857066356382, 14.835118736341895, 2.1163804939576236, 0.27827453208859015, 0.655197107136937], [11.531725169861161, 48.837097269967934, 14.691365517783499, 2.1381804343692807, 0.2801859511597356, 0.6524203850586324], [11.511878456297358, 48.74282396106394, 14.884253819998186, 2.0931407399348703, 0.27609186564550864, 0.6566228614152559], [11.498856591493618, 49.61899233842134, 14.691757730894151, 