{"basin_id": 5, "ref_run_idx": 5, "seed": 205, "x_best": [11.580759349980058, 49.520163084745015, 14.46995075278158, 2.1785627647900037, 0.28801767352775876, 0.6470348552514529], "best_J": 0.031233494390539292, "P_final": [[11.580759349980058, 49.520163084745015, 14.46995075278158, 2.1785627647900037, 0.28801767352775876, 0.6470348552514529], [11.586363709942278, 49.51144874455603, 14.519008254489975, 2.180372419834083, 0.28843082003917925, 0.6455705399481753], [11.600254222652119, 49.77325596069242, 14.291402567851176, 2.188375168615282, 0.29143058408804623, 0.646171517229558], [11.579777349391689, 49.535844120470465, 14.47659179129288, 2.175261585354459, 0.2880177574756012, 0.646640308297958], [11.586498745146937, 49.34008017418109, 14.395203753217164, 2.2043381992282476, 0.29075611716635613, 0.6429826598142273], [11.582999639824465, 49.578611553457236, 14.367672375319264, 2.1798584867124067, 0.28884666435198164, 0.6459318178364638], [11.582138862105058, 49.62234575684624, 14.454106202667766, 2.189010105921188, 0.2893374557299045, 0.6463588377653602], [11.58318460638544, 49.61776462989028, 14.463174787820385, 2.1810425078458873, 0.28890742754983084, 0.6464055682705234], [11.594101462038642, 49.3235274574063, 14.476042492695452, 2.183402279971662, 0.28756290962584574, 0.6471135197471745], [11.595940853655755, 49.347221713538175, 14.37519053363753, 2.2261069171942074, 0.2907435827089303, 0.64208255594825], [11.588978245337838, 49.51866164677412, 14.423115640297206, 2.1988500866076257, 0.2899298912075387, 0.6445502408994384], [11.579620542340292, 49.46321446100849, 14.38414112221943, 2.193175434363521, 0.2895885474007602, 0.6466163304424716], [11.595705484038962, 49.81455266563868, 14.337773332312675, 2.189309281000916, 0.2918285469455329, 0.6436700766058423], [11.588361433969736, 49.600099854404945, 14.3658879288821, 2.193266795029503, 0.2904681204470779, 0.6446626779707931], [11.580522357277315, 49.486871247749015, 14.498973117069866, 2.1831113578942185, 0.28782275490079046, 0.6478305074352784], [11.582697425786437, 49.28340133069571, 14.442198972339908, 2.198562225219113, 0.2884888196185087, 0.6460275156531665], [11.586585324458817, 49.60930838781357, 14.422448183943562, 2.1819660234038007, 0.28879529937605986, 0.6470414568753611], [11.583922343718449, 49.67021120758271, 14.428818872477141, 2.1816823385366075, 0.2896069490075453, 0.645035840505704], [11.58460770055924, 49.54177086652944, 14.453684576884402, 2.1775621864059485, 0.28827684670117343, 0.6466572853684129], [11.77892832791247, 50.78324498587584, 13.24131839230275, 2.531232802353283, 0.3321267228754602, 0.5953523220697805], [11.586115868586774, 49.51608391518408, 14.457181741762277, 2.188110542867515, 0.2887228208384762, 0.6468953096273915], [11.580602628078285, 49.477180675622385, 14.445351516757741, 2.175137491669806, 0.28725556146721387, 0.647143184865171], [11.584244582435234, 49.55012993844658, 14.459517051531673, 2.18754663710389, 0.2881362391453433, 0.6476213516939584], [11.74903062764917, 50.79953229483867, 13.475498067808672, 2.359243212092695, 0.3180360961488959, 0.6145240904511992], [11.588416601686584, 49.668945170158835, 14.388985762373506, 2.1765262049340777, 0.2890367507727162, 0.647278234142852], [11.590901108414275, 49.67651674763892, 14.207696061017355, 2.237242432771854, 0.2947876389507904, 0.6396700772131617], [11.5928214483653, 49.47887147807141, 14.450487056587386, 2.2321699622991233, 0.29292947128191377, 0.6400091775336757], [11.579707124987468, 49.42300195362287, 14.436687066847567, 2.1886031316658014, 0.2888807489636178, 0.6469435337244032], [11.589967380569608, 49.521437263455056, 14.358749969444924, 2.2215420968217927, 0.2922934983544507, 0.6416587095850588], [11.579836453058347, 49.20993820861194, 14.41123906156165, 2.2169040105202047, 0.28913567058024997, 0.6435382202550667], [11.58095670703842, 49.3661210793296, 14.391006603646192, 2.192617727353476, 0.2897445089542951, 0.6460252799464542], [11.589822086508814, 49.585784349144326, 14.33724363440627, 2.1821450441243337, 0.28944531086075814, 0.6470253147295877], [11.585604962624132, 49.4548023739865, 14.407881441251446, 2.2006438834602986, 0.289712623299332, 0.6444744029424989], [11.586705760354997, 49.617496659554575, 14.45648499598682, 2.19558701227287, 0.2909031459072419, 0.6435832759099097], [11.597906165607986, 49.509031538848774, 14.403776513526228, 2.216464951568095, 0.2929203574744371, 0.6392719959376856], [11.586288325233479, 49.53522049915466, 14.401159494148327, 2.177689270927413, 0.2883256263609309, 0.6475611182490895], [11.580973955213441, 49.516086895401514, 14.441648419723526, 2.193763826227744, 0.28985275723423537, 0.6462463944640117], [11.583641387953572, 49.59914412820205, 14.462570048217222, 2.176889351470786, 0.288787156411009, 0.6472754506623124], [11.634467598891108, 49.741362307342214, 14.082627031007533, 2.333450231308145, 0.3035886460432942, 0.6318904101691714], [11.587051903133574, 49.42105624099772, 14.404929845042371, 2.197153162388981, 0.29017564999168344, 0.6439446445261949], [11.584038736679382, 49.57086773584071, 14.415940892886146, 2.1855737018677384, 0.28946256472148274, 0.6459380285439299], [11.58721227149465, 49.56014578144927, 14.491463288189259, 2.1764211194321685, 0.28815262162256455, 0.6472348136253754], [11.58411964278491, 49.27611711308566, 14.454435740088579, 2.1857924448966717, 0.28850398230906404, 0.6470485991942537], [11.590251458287439, 49.637477462058364, 14.365200761167793, 2.1944279083336498, 0.2908007861616289, 0.6442816134023074], [11.592191613241848, 49.381514000551974, 14.483418579573879, 2.177858618946824, 0.2871257428918636, 0.647391240974105], [11.582685727885835, 49.437264687184886, 14.466030280175138, 2.1791679208734194, 0.2877369597618308, 0.6468219161466845], [11.585068310008582, 49.26826761676994, 14.441411576135101, 2.2346474818698296, 0.2917061987443182, 0.6410722720739541], [11.595687425685343, 49.53061367036431, 14.466620051715156, 2.1786094235476843, 0.288656674891833, 0.6461327314444338], [11.580186261776445, 49.437224122587686, 14.505978818424415, 2.1808574317905465, 0.28791732305542894, 0.6455433234556841], [11.584170906086504, 49.34678361789605, 14.45630603292413, 2.1829054411540345, 0.2886536024230315, 0.6462733845114829], [11.584083132518511, 49.58745049382588, 14.419156842027439, 2.1815762273624926, 0.2900697938182045, 0.6448565101759594], [11.583858169031977, 49.192268659129404, 14.479623303025571, 2.1905582763224545, 0.28770588548854137, 0.644411740979865], [11.590765675659476, 49.25114989550809, 14.396378945525019, 2.203244655240005, 0.28883833413289156, 0.6436334499218673], [11.584480752630554, 49.412937084241605, 14.39440979155021, 2.1823231429082326, 0.28861688349521986, 0.6469940722737143], [11.580079287100437, 49.533194328827214, 14.463199823543485, 2.1772469635593628, 0.2878605129782278, 0.6471397388144172], [11.586485408562222, 49.59111329748209, 14.354018665342473, 2.2201479249507132, 0.2923229957854199, 0.6424970793648821], [11.649433991962473, 49.18924777738837, 14.019433691235474, 2.345561766661669, 0.3020708338527303, 0.6277142883662327], [11.586760967355227, 49.2126090499598, 14.391808990113908, 2.2198368322196207, 0.28947249494212646, 0.6430884380683863], [11.608718945908382, 49.72913696189173, 14.317506507037846, 2.187283560773953, 0.2917726342688787, 0.6442602190273508], [11.581426620871007, 49.15159485616797, 14.348761962505016, 2.2266924388971816, 0.29171149614914865, 0.6411436167713038], [11.585544398434608, 49.55935664409351, 14.453843953148453, 2.1882041319286984, 0.2896183064377262, 0.6451785482646497], [11.583061374884002, 49.4744336930336, 14.474223935420602, 2.177437302629737, 0.28772126052852753, 0.6462499617583677], [11.592743400943945, 49.73870997881754, 14.360129278105017, 2.19521073202239, 0.2910484471127755, 0.6440061575653092], [11.583650806663698, 49.50113856507969, 14.416756588353742, 2.181376621387474, 0.2884743032387769, 0.6465026963780451], [11.583082124566682, 49.57161957406803, 