{"basin_id": 24, "ref_run_idx": 3, "seed": 203, "x_best": [11.581746369282254, 49.3613433155844, 14.429405154281834, 2.2100932614348947, 0.29073783102444456, 0.6419539839082701], "best_J": 0.03130812202302318, "P_final": [[11.581746369282254, 49.3613433155844, 14.429405154281834, 2.2100932614348947, 0.29073783102444456, 0.6419539839082701], [11.603963413005232, 49.75820464631919, 14.395240056490264, 2.2057819495955604, 0.2916788082647318, 0.6431544507146959], [11.584390841737902, 49.6391117290546, 14.273082765832134, 2.197104106475264, 0.2926281515641696, 0.6421947116969438], [11.604695104447867, 49.81703030064822, 14.186237742418554, 2.2414805382261807, 0.2960916916920547, 0.6366242010892796], [11.59528404666714, 49.39507041008092, 14.360262356030614, 2.3017699643728937, 0.29502009394260087, 0.6411828590062072], [11.720411481832421, 49.84498968881792, 13.61496057929125, 2.472772028986532, 0.31623787420326277, 0.6132248125560981], [11.647439699914779, 49.94691450143046, 13.939909479278352, 2.3444657719809454, 0.3075242430430087, 0.6242168022142799], [11.616610443626188, 49.81865808013967, 14.28596043996323, 2.2013219530338, 0.2932205999035625, 0.6430651586731697], [11.639014522157131, 49.81938414099255, 13.915459243493217, 2.300214478297987, 0.3041079115323893, 0.6286807227364833], [11.614248474033351, 49.31130035546218, 14.296917032847347, 2.2272386494385468, 0.29285051456092, 0.6382793853829163], [11.62510595862609, 49.45734633896649, 14.062047777312932, 2.2328533855823394, 0.29387407052113496, 0.6384712549283547], [11.607401867078902, 49.83034412934754, 14.237237744730638, 2.2192909772313305, 0.2943220733539671, 0.6403078627170062], [11.615819249833885, 49.88654381435321, 14.162742438712183, 2.2249036540484215, 0.2970426021997424, 0.6367836935579269], [11.6723091673226, 49.626553366072706, 14.17792855966156, 2.3069711045026637, 0.3036170560980275, 0.6251625970402074], [11.575088201188143, 49.50789473510211, 14.448793956614908, 2.221094924448237, 0.2929271449530562, 0.6418882036283968], [11.622710716557934, 49.92090220035456, 14.179482084122979, 2.2519672415075593, 0.2974186154934025, 0.635064783179016], [11.565312790726837, 49.19180316523849, 14.450905929158226, 2.2516911285649663, 0.28942061117768797, 0.6433414028771495], [11.603422825393706, 49.25356572119206, 14.15513438963816, 2.2616130815486915, 0.2964401763261385, 0.6357887970711879], [11.576632758102637, 49.550103884107514, 14.286627890551316, 2.210341692747722, 0.29142418502348116, 0.6464945551821204], [11.611021211494128, 49.847661895139595, 14.118191302103709, 2.2679161736674534, 0.30038927024512935, 0.6333934244763495], [11.629933047015998, 49.64913342052394, 14.170251857244098, 2.2145853131371744, 0.29333950844608986, 0.6399097974329342], [11.59687629757612, 48.9537706004763, 14.190540922627841, 2.2777975193874314, 0.2930737160468117, 0.6398659465281169], [11.578379074126712, 49.26524290674973, 14.55064353181826, 2.2191247228980786, 0.2890959046281339, 0.6428198475262875], [11.587073317340034, 49.87882634262619, 14.312131482489905, 2.225673764113219, 0.2938229563977459, 0.6434469983157665], [11.625368498488873, 49.76683984498292, 13.96844553490072, 2.332177194797784, 0.3045015331826639, 0.627651012277019], [11.636940323805977, 49.67287064133977, 14.05027002559574, 2.2784161364730524, 0.2999011256356228, 0.630478833065258], [11.618583603136152, 49.73106728473754, 14.15777274073664, 2.2564136157531283, 0.2978086931209538, 0.6354968233573941], [11.593171900188457, 49.80099013176528, 14.215019567636203, 2.251515520461791, 0.29541452537162194, 0.636766792430129], [11.616644278218022, 49.94007844424826, 14.242985625479447, 2.2525568086329355, 0.2972916123079861, 0.6376782567066155], [11.59678140908461, 49.12232195167671, 14.097725980397692, 2.3010200216240038, 0.29841362446729097, 0.6357212932479682], [11.65473373521901, 49.44537738225862, 14.088586256350059, 2.355443155655904, 0.30701360751108664, 0.623909709608843], [11.592352646069005, 49.34064362380696, 14.415764798327288, 2.2042908053412655, 0.2900665848644952, 0.6432498618041927], [11.614577906553107, 49.57442965542839, 14.330801247703743, 2.237054724589713, 0.29475055310383563, 0.6391452019458025], [11.65492557530389, 49.2333956815676, 13.904764464562898, 2.3383913258189075, 0.30354068431353126, 0.6227046861152332], [11.60460336300285, 49.410910047774884, 14.376928193016255, 2.208047137153567, 0.28973256858482616, 0.6430415027039261], [11.607643502819826, 49.490397734987084, 14.111626751801136, 2.2576442474886242, 0.2982200271618663, 0.6357784683672333], [11.597800746171858, 49.78043301511743, 14.329455393299138, 2.2456460469095405, 0.29529698710674934, 0.6411102687930125], [11.595004734469555, 49.50227795985455, 14.243572024757885, 2.2121639447633794, 0.2948789554781332, 0.6410638385881979], [11.583934456759197, 49.361696045576075, 14.113380445614839, 2.3293903647195693, 0.3028363465040549, 0.6321810534801209], [11.607792575599976, 49.390797531651806, 14.300567406064168, 2.243904353447377, 0.29435509613195604, 0.6376462275861152], [11.628823118369386, 49.354080694632316, 14.122236344997667, 2.272503289067698, 0.29825315160567695, 0.6351176230773562], [11.615330572964133, 49.3029050416858, 14.34890336250646, 2.23392747126747, 0.2927026920053467, 0.6422173303444223], [11.66612376202457, 49.71705149058666, 13.803987147798184, 2.3609616661290938, 0.3083224607329814, 0.6235832949001157], [11.584166174889603, 49.85010299279041, 14.252552441435453, 2.2383723623103906, 0.29655551891948717, 0.6378743890211958], [11.636029602558422, 49.521680475970776, 14.083216749821458, 2.2919032363067755, 0.29945947898113834, 0.6327041112201104], [11.611791290203271, 49.653814275218544, 14.200665846774674, 2.2219603177034437, 0.2937107665000549, 0.6412223578205442], [11.587614971180434, 49.91444057497776, 14.394786836246602, 2.2218013185393497, 0.29387473811774467, 0.6420436368313126], [11.600623226623444, 49.94851745512155, 14.35058231980748, 2.2276314378759263, 0.29501200991595533, 0.6392798210145287], [11.727519158139602, 49.262479773977965, 13.525094300543255, 2.4767478491365527, 0.31793537892115203, 0.61706891888532], [11.604915406204793, 49.93476696301164, 14.277060248147436, 2.2141616936112487, 0.2945066854876296, 0.6395628780535215], [11.6071180057333, 49.41731955976954, 14.342492635295383, 2.229944422748131, 0.2937082864995749, 0.6398317646857321], [11.62922707702466, 49.81981804428277, 13.975635829794768, 2.2769962479355996, 0.301377842490441, 0.6291609569669491], [11.65834115553409, 49.86670468815758, 13.868484438029371, 2.3984267869655915, 0.310786719615607, 0.6198336517626707], [11.628079577382351, 50.39839854347074, 14.296205764802858, 2.2371714633533655, 0.30015592115675016, 0.635516278870505], [11.593193338205424, 49.72215910516835, 14.319675361571292, 2.2263977276794433, 0.2935904851943079, 0.6417459600896912], [11.611903478656421, 49.77373483043591, 14.062142279923288, 2.2642526608933755, 0.2990344074788404, 0.6355238888499021], [11.637521494845968, 49.486442729461054, 13.985323921225406, 2.3647015797090596, 0.30596993350970086, 0.6234743739675638], [11.605214375843705, 49.4772709329993, 14.330988130091265, 2.230350362290344, 0.29430482615907516, 0.6381707721220254], [11.607349700919201, 49.64950064926188, 14.270533827766686, 2.220252878518997, 0.2937200431956083, 0.6416801103918687], [11.60667178840164, 49.79415923272881, 14.184935813285382, 2.286291763363029, 0.30061786365916343, 0.6328088199312938], [11.597461239675857, 49.77115468041692, 14.342470149699707, 2.211522495960871, 0.293297589842335, 0.642015391471897], [11.606950532045506, 49.47848614777932, 14.300369110181848, 2.2016174088004625, 0.2919402667510733, 0.6431565190585908], [11.558733891346611, 49.22032940984864, 14.374660527497246, 2.2268382247185152, 0.2916265859637429, 0.6386341056966659], [11.600446060563115, 49.688948607376105, 14.34684310294334, 2.234122233245323, 0.29498107326324796, 0.6412391684309234], [11.585034898074106, 49.84634335845486, 14.41283641343358, 