{"basin_id": 9, "ref_run_idx": 4, "seed": 204, "x_best": [11.474538381320682, 48.824888312803516, 15.299997349680286, 2.045320186615584, 0.2665484570398169, 0.6707613269741813], "best_J": 0.030919300864558727, "P_final": [[11.474538381320682, 48.824888312803516, 15.299997349680286, 2.045320186615584, 0.2665484570398169, 0.6707613269741813], [11.490489867807643, 48.684423214078386, 15.465924727652492, 2.0384132069395924, 0.2652241948120501, 0.6729121456748449], [11.457808301202885, 49.311064793820776, 15.432390513311404, 1.9877482949957899, 0.26450417484171684, 0.6784797187334866], [11.479699733100682, 49.25919028054597, 15.23849178233669, 2.0140529034904455, 0.26611947390598295, 0.6732795664550134], [11.48887472096966, 48.902868968627345, 15.324443240427717, 2.0152428513487397, 0.2640829129887244, 0.6759162889892786], [11.492186877305985, 48.82584804423574, 15.224166877270958, 2.038717908993001, 0.26828163019318235, 0.6702538186674357], [11.48887014386712, 48.492379705675816, 15.239964666124951, 2.065667825634428, 0.2690578309825046, 0.6689699692110538], [11.50040364814619, 48.387160273351945, 14.975420617951944, 2.1535130153062823, 0.27875515886440494, 0.6493675835708864], [11.499336305393658, 48.75161766578258, 15.271673271909737, 2.0570468702911646, 0.2665326487709683, 0.6694168767829388], [11.52003917963269, 48.27708258958083, 14.883242349355006, 2.1745630449745166, 0.27837565246323603, 0.6541232389606497], [11.507706888227435, 49.06401453390183, 15.352585638831549, 2.0087986932084356, 0.26513776496033115, 0.674352601563605], [11.508191206889133, 48.580281625524286, 14.73639300462839, 2.1418464702674624, 0.2762704161215035, 0.6564227440158238], [11.487386650863812, 48.08315742589653, 15.062226536734304, 2.142569539938402, 0.27130002094224437, 0.6628405039332447], [11.361873921023014, 48.0547470197166, 15.862323900191171, 2.1369242271556885, 0.26948351613800503, 0.6681950396170946], [11.474583678567095, 49.10115843222487, 15.278082517312482, 2.0368483865891727, 0.2670244852330234, 0.6716564015808503], [11.479628999143722, 48.490718094767566, 15.355564058241022, 2.049919907770045, 0.2658438934657717, 0.6688233385844796], [11.476501581424259, 49.03105476303058, 15.147568556603899, 2.0661871895827972, 0.27168403011380177, 0.6661973456134098], [11.470437391836404, 48.57423537653006, 15.264110277773645, 2.0574903721748985, 0.2667311139902835, 0.6697263262653197], [11.471050341020861, 48.95040777229796, 15.634918329898323, 2.0067115234901163, 0.26259006682509195, 0.6767824232582391], [11.504291385926898, 48.95530997077745, 15.215991761923046, 2.005829717317019, 0.2645043882839738, 0.6729573623363361], [11.495047889139197, 49.341417905326274, 15.246647229362978, 1.9896847621419096, 0.2644617358240366, 0.6748620020961306], [11.482419958286242, 48.8640946382471, 15.256501124046215, 2.0324488642600285, 0.266415838927016, 0.6721095945373253], [11.47374167680223, 48.948031248517275, 15.396144629586402, 2.0205205831292803, 0.2644309498633516, 0.6750303814997113], [11.47420419223432, 48.802396167690745, 15.478571163947011, 2.04404585651681, 0.2662304011898822, 0.6716355176667894], [11.483583279480714, 49.08311663986258, 15.282471784770607, 2.0240344792071285, 0.266964632123672, 0.6723366369762853], [11.462833981330913, 49.24115384297906, 15.137532241448469, 2.0292186101977077, 0.2687687807394607, 0.6710715387992878], [11.5025987394212, 48.361292646621706, 14.733682684903131, 2.204523931778446, 0.28039757443766555, 0.653493409602242], [11.490635804999428, 49.27903881352695, 15.349750053153482, 2.010975657145099, 0.26613516125522385, 0.6741524871126507], [11.46566629014244, 48.95084979013459, 15.371405839346377, 2.0209087564603223, 0.2645322535156336, 0.6763262495829478], [11.492200535272294, 49.28318487484324, 15.375622332334464, 2.001733451697216, 0.265634189681334, 0.6748736464225755], [11.47431012844687, 49.01478848849112, 15.245457547256981, 2.0612799138069025, 0.26954462784966676, 0.6682887757662164], [11.488227034850183, 49.11877741624832, 15.133570688654405, 2.0523364050623796, 0.2705698534471235, 0.6670528283784574], [11.558306692506717, 47.802444647623865, 14.491495334751805, 2.253420569201626, 0.2832633177008586, 0.6381431707905768], [11.505968517340735, 49.3348590076072, 14.943383824666046, 2.1035033102073606, 0.2756441186033803, 0.6645945092036101], [11.447915793173834, 48.493179107353455, 14.987404293608831, 2.155367324291597, 0.2763339874349171, 0.6583086423715224], [11.48078220205438, 49.26723879679107, 15.386637755110065, 2.007145462028939, 0.2651865706620549, 0.6755621643257915], [11.503277902373453, 48.575943623233286, 15.232154315733112, 2.0683772998689673, 0.26777654254322114, 0.670574558113191], [11.487022033634354, 49.366088679509076, 15.381575022181064, 1.988229309146163, 0.2643502210694112, 0.6776670464399592], [11.525881673343655, 47.83435619428379, 14.50382331602527, 2.2759699043809607, 0.28671983241619753, 0.6353570780422515], [11.477901294022608, 49.160971874123994, 15.37452674193252, 2.00672212639311, 0.26407036159870406, 0.6765711994716674], [11.49442155942607, 49.398073064044866, 15.311587049005443, 2.019850027114244, 0.267584982766076, 0.675573222552746], [11.506696048846555, 48.63197671273278, 15.241360865178995, 2.050210772089764, 0.26838466113231324, 0.6677391123584939], [11.47881628898197, 49.21368418395109, 15.333724935265423, 2.0027016675047884, 0.2653259461468276, 0.6757465038927827], [11.488011098312764, 49.68418708947813, 15.669858629946198, 1.912701172745231, 0.2572495856562774, 0.6900293396574432], [11.483023321679516, 49.05473632181828, 15.229881784837564, 2.029826868289882, 0.26793281134618563, 0.6706178501334121], [11.4913375299859, 48.798539666048164, 14.771610372013267, 2.131986275364306, 0.27824220968862173, 0.659231061394923], [11.467403738582288, 49.58438082889768, 15.638543207893903, 1.9338497306272608, 0.25888462748279895, 0.6874221687111526], [11.47765730812666, 49.4754711242612, 15.263452197424789, 2.012852784603703, 0.26748168515712784, 0.6733440513133458], [11.501910435823298, 48.752299459249, 15.209161834753646, 2.058334602470193, 0.2693748377953671, 0.6650410990533072], [11.4860817631995, 49.209645434446244, 15.130700367775528, 2.013432950616183, 0.26684963270581086, 0.6729527194843681], [11.49368200967241, 48.73454147532543, 15.333889452600586, 2.0379053461766645, 0.2644911416711685, 0.6719297231463875], [11.469993456885424, 48.72269314999814, 15.078141638627068, 2.0727618962582848, 0.27017516018036264, 0.6651400793628921], [11.464152190188608, 48.78337803261496, 15.412637364795511, 2.028773812099367, 0.26394347420305325, 0.6725317843501473], [11.50334949259583, 48.52903575529665, 15.137408319600437, 2.0642379867588114, 0.26946055004604247, 0.6662624723631276], [11.491122723929843, 49.01116314158576, 15.105818701764191, 2.1072846439440585, 0.27552088433841226, 0.660353592755166], [11.476252583232556, 49.28377143691228, 15.435160231814063, 1.9563723472190409, 0.2614035474338581, 0.6825622901644632], [11.477825712646164, 48.770289503215054, 15.328720628874624, 2.0516856090801943, 0.2667847192498183, 0.6683468321982099], [11.495971189047221, 49.064033786872855, 15.253161636490802, 2.025136099973928, 0.2674960252075255, 0.6722399538670848], [11.489102363458485, 49.01546773088962, 15.264580240401397, 2.0448883936690274, 0.2690881962212484, 0.6678532775385914], [11.526241421842748, 49.64932618145261, 15.084778347952485, 2.0094742787194257, 0.2684991647968375, 0.6705227158240833], [11.493247200870568, 48.96889678898983, 15.156578405341254, 2.029833218311484, 0.268871009733916, 0.6719738069472899], [11.491378488446033, 49.19653821380754, 15.586922501007269, 1.9701212435912485, 0.26039659909483853, 0.6810021895159787], [11.476789639248782, 48.966668589261744, 15.217233776315824, 2.056807925020813, 0.26895068876546685, 0.667351779779641], [11.496730624603769, 49.08120359115001, 15.312373702034247, 2.0282989576807084, 0.26719578717695186, 0.6720038843264402], [11.504366715805176, 48.9784342455641, 