{"basin_id": 24, "ref_run_idx": 2, "seed": 202, "x_best": [11.568807943246815, 49.40050526348747, 14.478947804705756, 2.2049935268502345, 0.2891902057670881, 0.6461449561476064], "best_J": 0.031244307718376434, "P_final": [[11.568807943246815, 49.40050526348747, 14.478947804705756, 2.2049935268502345, 0.2891902057670881, 0.6461449561476064], [11.563847874738045, 49.348295441059406, 14.42170571623203, 2.2005027509906974, 0.28941631375334037, 0.6460112382756441], [11.57294183453985, 49.47685719662336, 14.408056072520974, 2.2003190765987064, 0.28922825247800293, 0.6472497269705578], [11.584961737458915, 49.468828499348795, 14.34098889929094, 2.2118949440991527, 0.2913839946923717, 0.6435235979688438], [11.661579877151507, 50.64061075308306, 13.864915876654159, 2.288361316337584, 0.3052978200515022, 0.6325922912051455], [11.64477277724662, 49.529612612561515, 14.062322270142674, 2.258416538420038, 0.2982886783086509, 0.6342397072223003], [11.59781170669744, 49.65614622450054, 14.35473872154525, 2.213912616180135, 0.29225045654782295, 0.6428367860298793], [11.591261813074702, 49.12234506851213, 14.285515239503006, 2.269042429151867, 0.29593493970114326, 0.6372136292372365], [11.569703688511469, 49.38279074829418, 14.438041168446347, 2.2071448516647174, 0.28927588973358437, 0.6451477808519397], [11.568182414895748, 49.22103622269099, 14.41773558032483, 2.224949650297884, 0.29083882515359744, 0.6437610595500568], [11.566707652954031, 49.45563871241057, 14.506669040339004, 2.2089773285641034, 0.2891653849193096, 0.6454390680591341], [11.61772613704425, 49.816931348891494, 14.111650896633062, 2.2280222193581434, 0.2960722525610836, 0.639202785604594], [11.57205309057409, 49.36462544083983, 14.54036494206147, 2.2410400206917975, 0.2920066060170392, 0.6424018723331963], [11.65444048148876, 49.877159708630515, 14.116351979414098, 2.2841169285340825, 0.30170765177581893, 0.6324527316579044], [11.583592623870828, 49.28210112356086, 14.389002835453999, 2.210068707250773, 0.28974194971495354, 0.6446149652589062], [11.565037762575251, 49.15889434481591, 14.500839389634386, 2.2396081352134907, 0.2890110333040944, 0.6465047335646651], [11.573379355734462, 49.42737418598604, 14.492858580680355, 2.200133494524858, 0.2899452350416506, 0.6453671928784728], [11.610725577267097, 49.180575516193194, 14.145226728538017, 2.3030987379677206, 0.29752411869005724, 0.6354312649586439], [11.573405146568476, 49.38591152754927, 14.464779566321667, 2.2168856511235804, 0.29079376013973723, 0.643210549157415], [11.630399453666097, 49.58633546902725, 13.988231593542665, 2.283455934789118, 0.29953960837739957, 0.6344115263578423], [11.56677171842739, 49.427053519588625, 14.444530718324284, 2.2151031215419867, 0.29062776128139756, 0.6447011044685749], [11.56527773813549, 49.506846062559056, 14.500136737469878, 2.2135701397073513, 0.2898197636780509, 0.6452738247082637], [11.58587272876715, 49.573951396283086, 14.346763020561134, 2.231140623090902, 0.2921881316635014, 0.64322917421742], [11.569283561848124, 49.266202067785365, 14.513693398458427, 2.2113846123221026, 0.28938083204637194, 0.6447784965178844], [11.597767710650254, 49.869803034463175, 14.280206332625882, 2.2109557391681443, 0.2940713251023842, 0.6411752039078156], [11.579346895463896, 49.26033537128619, 14.45860061985225, 2.2196188879181022, 0.29055368313689955, 0.6427844371764362], [11.56676062907831, 49.64930525451299, 14.302753010177092, 2.207092899231354, 0.29214440999704444, 0.6448310668294686], [11.583598763603879, 49.07681958853119, 14.329941697394347, 2.226720788985964, 0.29064954627919765, 0.6416299861065076], [11.645027079222627, 49.13519779924002, 13.98380910998914, 2.3554796269034397, 0.30257862453217776, 0.6300474138694424], [11.578879868628206, 49.39807678868138, 14.42785727788868, 2.199831119575177, 0.289221730009056, 0.6444950495842912], [11.586816144237895, 49.55593251451682, 14.21685528412023, 2.2439109711701812, 0.29505324593936116, 0.6420547030066381], [11.690943520234027, 49.200392542430805, 13.61496777056617, 2.478670043544685, 0.3147995222597816, 0.6145992027964309], [11.585517800804507, 49.3568229613175, 14.405951038660357, 2.2115626918326843, 0.29056172399425917, 0.6441269917463772], [11.593202302763446, 49.60854099084385, 14.201310753745089, 2.241663596355932, 0.2954792388676551, 0.6379747142610561], [11.592784095084223, 49.72603556612093, 14.382148966934285, 2.200398398381232, 0.2912992614446903, 0.6452679675601544], [11.592632565287555, 49.67939442566434, 14.310516101511219, 2.2311152827608196, 0.2943782136441015, 0.6395506700923386], [11.569349214501642, 49.494708479221636, 14.483743762818587, 2.2094182004889222, 0.2913626690446143, 0.6441659533282411], [11.572658873146507, 49.392771520522714, 14.404612097339955, 2.202247910504059, 0.2892201576112367, 0.6470295149198637], [11.575430078341112, 49.49150821257083, 14.41971476855866, 2.1970207940547466, 0.28975501742543047, 0.645949357577309], [11.578001969218885, 49.64011003146864, 14.360349077949055, 2.2015465531490963, 0.29032364105007286, 0.646648431170159], [11.591258698512165, 49.50353300787232, 14.37861281896998, 2.2052298600064546, 0.29086755695283645, 0.6407962977664945], [11.588875789264637, 49.136950222235626, 14.440203519303786, 2.2388641872400803, 0.29178648415819924, 0.639745992013002], [11.586008013534219, 49.407744149708805, 14.290357637224343, 2.238158080965826, 0.29328408124669936, 0.6406777469076868], [11.626139243322575, 50.29185453810635, 14.165417944825062, 2.282574714010326, 0.30304671192119104, 0.6368092783982356], [11.581538808257593, 49.491016504941534, 14.322543056544358, 2.2238965992140565, 0.29212437187964246, 0.6430409782425162], [11.565166656872792, 49.29851542116549, 14.485853187519414, 2.20943957138577, 0.2900343603353668, 0.6451660840420633], [11.578431292888995, 49.484606700804754, 14.51400166505423, 2.1996169731421418, 0.28933829030738323, 0.6470685722897731], [11.557767988895598, 49.362190236187026, 14.492063207574798, 2.2063489630198094, 0.2895142815973025, 0.6431553001459396], [11.584925925690314, 49.611687801040915, 14.392750798070155, 2.2078140226405374, 0.29142609795422597, 0.6439180918778341], [11.585125827912586, 50.09363847237438, 14.304444985766237, 2.23598340531501, 0.2946284853553442, 0.6450478287309283], [11.577663545385235, 49.24132608028811, 14.259804764918707, 2.208800812982556, 0.2896521594276735, 0.6445780516745362], [11.63822250559508, 49.700351303415644, 13.981374138413331, 2.2945386245119237, 0.300875997634818, 0.6297152324229854], [11.562003205298009, 49.385426674342796, 14.521679333945144, 2.2116983333559546, 0.2898022752838439, 0.6459796752886705], [11.57342431562119, 49.22544955750739, 14.471857460398125, 2.2294159772913007, 0.2896465343943251, 0.6425760776888346], [11.565512752340982, 49.45857917169786, 14.475764890611323, 2.2056464409874614, 0.28998562114298515, 0.6454092306558346], [11.736414305707306, 49.0585853391581, 13.583592572127479, 2.3848068468138015, 0.3123256355503331, 0.6148076871832379], [11.582550318423511, 49.51145844988207, 14.311199893635576, 2.2147301578805836, 0.29076827626401397, 0.6436372370531188], [11.578451968078316, 49.53332659384228, 14.414272447814723, 2.198661937252955, 0.29055139078608416, 0.6442552697342149], [11.58284257982864, 49.41981741126381, 14.413657030677538, 2.2132299972464655, 0.2907150106381861, 0.64422227404103], [11.56621196466307, 49.274717486154415, 14.543716746915475, 2.223883964232601, 0.28917612033544204, 0.6442660465267948], [11.578232906289365, 49.18504998873277, 14.504562849343818, 2.2374000755520664, 0.29064001321676675, 0.6410639846350118], [11.563772430131053, 49.413787070584334, 14.390540639918894, 2.204508069286208, 0.289231544889893, 0.6466218497880979], [11.588763377888922, 49.7106051908943, 14.233932415240472, 2.2459146053879366, 0.2962174184105431, 0.6377954307617023], [11.572407367215026, 49.108603596847495, 14.480727760740288, 2.2247701177282444, 0.28948325452863016, 0.6452132213930506], [11.56477006765742, 49.35485874867509, 