{"basin_id": 22, "ref_run_idx": 9, "seed": 209, "x_best": [11.476355203541525, 48.78697219768515, 15.295633114116034, 2.044693752993567, 0.26685025925136274, 0.670164396838529], "best_J": 0.030912252555386144, "P_final": [[11.476355203541525, 48.78697219768515, 15.295633114116034, 2.044693752993567, 0.26685025925136274, 0.670164396838529], [11.484317046685279, 49.31029749145982, 14.699818845076543, 2.1842379050812832, 0.28536443053687793, 0.6507987108764808], [11.478185237738504, 48.851965354355606, 15.193344381073404, 2.0739128080127993, 0.27036684068579114, 0.6669196435623133], [11.491791019126648, 49.027214460684014, 15.01909710637813, 2.0848809882909913, 0.2731017796671025, 0.6640261577155077], [11.501162280239363, 48.82570870347985, 15.119996535221473, 2.0834370897121297, 0.2717471635171621, 0.6643725877344211], [11.473824578877853, 48.7192289292742, 15.283060556595707, 2.065978269483305, 0.26777631633952254, 0.6685126362252319], [11.47120890554811, 48.62660173495295, 15.297220211398532, 2.0639423952568827, 0.2672643575729646, 0.6688624662042771], [11.475122991293263, 48.7994401281855, 15.208801218492887, 2.0718376582338305, 0.26943488819811406, 0.6671489573227841], [11.464461806631695, 48.63381650526397, 15.327444554455113, 2.0512777817938566, 0.266193020633107, 0.6715241265025285], [11.468790600967033, 48.596219939463204, 15.27994318406748, 2.0640302007018994, 0.2671935783549607, 0.6690278590735891], [11.474547923974978, 48.78728543550383, 15.266653914798937, 2.0551003576733846, 0.2679213818952659, 0.6684535895819008], [11.481911155706415, 48.836968133868915, 15.31579414275275, 2.035603028182923, 0.266298257533371, 0.67148193338486], [11.473642816498254, 48.70501947927512, 15.310194343498027, 2.0489283332899695, 0.2667914834851076, 0.6699744970964363], [11.46887506244279, 48.606977559588, 15.249087566433738, 2.0702016873412825, 0.268167868698661, 0.667177349580279], [11.480690446423488, 48.849180843442625, 15.282284881196016, 2.0556058070518684, 0.268618096013953, 0.6704528212415102], [11.458921807766021, 48.54126949718725, 15.31084174259142, 2.0663184876916967, 0.2673535737300871, 0.6671454887607511], [11.510690805163604, 49.20361420987872, 14.807273351564742, 2.124170022616919, 0.27846184482846725, 0.6588177450464252], [11.466322041907805, 48.767770385346395, 15.327615191090771, 2.0556679357603813, 0.2666058665762852, 0.6695354209989197], [11.476162572411809, 48.861320814212775, 15.284473943721137, 2.0517625153070442, 0.2676125058672541, 0.6694666011713015], [11.470673416792334, 48.69547013817906, 15.313942029511807, 2.0603321883880956, 0.26749355922635026, 0.6690822942048488], [11.556556446171934, 49.5531218736783, 14.366934945690407, 2.236695682805512, 0.2931551365977488, 0.6438634860709646], [11.470834176569479, 48.77780279139811, 15.293545157940862, 2.052908958224788, 0.2677039481441171, 0.6686344310975498], [11.541432175205179, 49.2163904028048, 14.785169846289715, 2.1314878194914053, 0.279735144485102, 0.6557300207626603], [11.482813125198318, 48.84584065970023, 15.212822400612628, 2.0786394632062897, 0.2708658898642533, 0.665762654157444], [11.490664489940514, 48.81807817204219, 15.120440936647352, 2.085193544296276, 0.27127227252041675, 0.6645110384096702], [11.48157664962273, 48.56352483528785, 15.215953804428082, 2.064441073739087, 0.2673941859514022, 0.6694289212882563], [11.494902343105746, 49.00752909604291, 15.175123077728017, 2.078687643637543, 0.270774132167222, 0.6652145013502957], [11.487743836075051, 48.72596746361597, 15.190963481281447, 2.0837166619487633, 0.2704331611187717, 0.6648466484485956], [11.472110311151742, 48.72548857301684, 15.33077758991402, 2.0417905768066364, 0.2662923832887368, 0.6708855060254154], [11.471883802894068, 48.74857089640506, 15.21368108401775, 2.0681706246428124, 0.26889285438441335, 0.6667429209484004], [11.458287222587256, 48.66352705084602, 15.288622331724339, 2.065838333721411, 0.26715369694941543, 0.6683931617770112], [11.475625928478943, 48.723838980620314, 15.232985134089846, 2.0670271228109485, 0.2686839978555259, 0.6672582007217667], [11.500862067708606, 48.78948306283997, 14.97367785893702, 2.117498785888003, 0.2742430396841801, 0.6580853948589577], [11.49061427992255, 49.10431198275342, 15.212791150443051, 2.0522650602690957, 0.26922429710291856, 0.6694515967191847], [11.473217417057244, 48.90137929642162, 15.254427759695297, 2.0392433559249215, 0.2669666857408806, 0.6702989051824124], [11.47369749599778, 48.90854007708006, 15.041220843336346, 2.073646465026731, 0.2723541270739788, 0.6634405259616031], [11.465984897504876, 48.624736075987435, 15.281049745963697, 2.068222172968899, 0.2679103117061525, 0.6681109562775657], [11.464770486535091, 48.64746599077755, 15.32846442081071, 2.0633043871397345, 0.26649991327641587, 0.6692656162405588], [11.476346339693773, 48.6193859714549, 15.25191307327361, 2.0536843712656183, 0.26709467805653714, 0.6692477611709552], [11.477477483260133, 48.740975394577546, 15.099973103359883, 2.099628716983921, 0.2717151485246476, 0.6629985259432016], [11.474167982299816, 48.88567440936507, 15.288590594332714, 2.0501169803872736, 0.267566869268907, 0.6691639994222369], [11.478045837254378, 48.6723073756335, 15.301764252516465, 2.0621770226390232, 0.26729257850256855, 0.6687781417166775], [11.543814701286498, 49.55507065120259, 14.924715129415944, 2.051009075836072, 0.273829761744702, 0.6621726824257415], [11.471699574547454, 48.49422010913172, 15.181859151218696, 2.082224135482194, 0.2693027852315515, 0.6660797086935798], [11.685075456216701, 50.53521271746927, 13.666996905893228, 2.3057076804193697, 0.3080564292621971, 0.6293927560824759], [11.552027241704232, 49.2926779739991, 14.638911855358804, 2.1229541640646565, 0.28124759838705443, 0.6527060460158012], [11.478710267703082, 48.84711265349788, 15.260267854383109, 2.0547251859038136, 0.26793700677958726, 0.6690411445247547], [11.471244642106067, 48.75924462422639, 15.273703694879815, 2.0607900482918744, 0.26806132155642576, 0.6680803434616053], [11.469039546565938, 48.98401530886167, 15.21863894208204, 2.054268251513433, 0.26834956983495, 0.6679658060229839], [11.483013299610546, 48.72435304784466, 15.226504815777716, 2.062839879662532, 0.2692009714562802, 0.6675055866324175], [11.472661486499419, 48.88374991600011, 15.290622336960856, 2.0452228951998133, 0.2679723712639108, 0.6687645084637416], [11.469851974695718, 48.67608413948764, 15.338837749334914, 2.0390864526509094, 0.2652966613152607, 0.6714724053278648], [11.466364205166702, 48.67161039311684, 15.33867516124695, 2.050572587180918, 0.2667330837704595, 0.6701238533987136], [11.554628483130632, 49.25364842579426, 14.722315949203118, 2.122056874432491, 0.27880330877659715, 0.6543497508032051], [11.490276837195259, 48.815660433470235, 15.225125796801676, 2.070200041377061, 0.2690827716399103, 0.6670975326462442], [11.470321698661454, 48.67737504007684, 15.286973202633645, 2.0609322024996706, 0.2676904581832439, 0.6685662114098542], [11.48918318579352, 48.882950216649235, 15.335936882936071, 2.0479323567627086, 0.2678634903057859, 0.6695500756543457], [11.47136136628048, 48.70049849360845, 15.299675380885768, 2.056900462657363, 0.2671713694087926, 0.6691516517618536], [11.475566921071566, 48.79542227969316, 14.999136747085211, 2.110700329768777, 0.273967507107714, 0.6619956811906897], [11.471571016537373, 48.7043714817114, 15.336099480805018, 2.046551766306361, 0.2656964301350389, 0.6710402742503832], [11.488119527764157, 48.99263908338694, 15.104212165248303, 2.03900475673714, 0.26841552629109516, 0.66960949154201], [11.521913006888983, 48.812548133056346, 14.852390486075862, 2.11966337555775, 0.2756647998756489, 0.6577243038661919], [11.493248055938759, 48.69934319296979, 15.19636898182646, 2.0484653931219143, 0.2669386941696653, 0.6694711357821813], [11.500301384026953, 49.22308915712953, 15.007139685525544, 2.063837251237854, 0.27210172664973814, 0.6650291040942659], [11.47453883272504, 48.60198450131877, 15.258742366058563, 2.07994295067614, 