{"basin_id": 10, "ref_run_idx": 13, "seed": 213, "x_best": [11.556668084962693, 49.053971387591126, 14.478059940478714, 2.2228691779092222, 0.2892397994816344, 0.6437788911861955], "best_J": 0.03125597164308514, "P_final": [[11.556668084962693, 49.053971387591126, 14.478059940478714, 2.2228691779092222, 0.2892397994816344, 0.6437788911861955], [11.549554991254299, 48.703735119432224, 14.519975570714623, 2.256707570144424, 0.2895844894718077, 0.6429280874423184], [11.571089040890413, 48.88705394026034, 14.517171041899173, 2.2775578106541907, 0.29246756565462423, 0.6359131528404008], [11.620704756017142, 49.44982328892481, 14.069172055223909, 2.3148536888806697, 0.3027643686324517, 0.6286673981235048], [11.564330702187101, 48.80960313797356, 14.405152972831235, 2.2197029766527265, 0.2877907123066441, 0.6417272950609786], [11.532382180482, 49.50618371739823, 14.516759442928402, 2.2122647519905763, 0.28947858463948284, 0.6443803489494072], [11.551216956826167, 48.8388909916252, 14.438194655556325, 2.24817908693012, 0.28960991859086327, 0.6398677181943961], [11.539551003973598, 48.06300206875446, 14.701273068806756, 2.2316762619102297, 0.2848062895615962, 0.6434336133648141], [11.645601863605224, 48.35151168079192, 13.986696874460877, 2.475719313982594, 0.3081522660660794, 0.6210845314871315], [11.577843883452639, 48.81234546043101, 14.578707239385173, 2.230848267593752, 0.28963127011020945, 0.6453564622640467], [11.559409501503898, 48.81511081787275, 14.528214459646703, 2.217120485843788, 0.28733924748698114, 0.6423618236152203], [11.555850115602802, 49.694722980640464, 14.357755036859846, 2.224829563923115, 0.28973056191762303, 0.6453911705698797], [11.54357811464365, 48.96187482515421, 14.5500959643926, 2.237377613895607, 0.2882679030394041, 0.6420854748537547], [11.550989667092404, 49.41675717906484, 14.36049275039019, 2.287271802345921, 0.29699516031369827, 0.6363034168621192], [11.571611903828556, 49.11513255909379, 14.43600899172404, 2.2442055966176526, 0.2922866438070342, 0.640675471585882], [11.575729383221642, 49.502325958085066, 14.494151695112913, 2.2611631870622073, 0.29354784705246856, 0.637963454907877], [11.528728958266994, 48.40651707767801, 14.435735389474978, 2.3631569431906985, 0.29698625927349526, 0.6333897883947596], [11.567689845111143, 49.48934944751909, 14.490273034088814, 2.214948351424232, 0.2904699198215686, 0.6437061275210054], [11.54966187336712, 49.06881938558812, 14.435624311327016, 2.215665543162199, 0.28651665154729455, 0.6446107640811839], [11.555679885804985, 48.568840528777976, 14.395218236096417, 2.237098560988187, 0.2879073356004864, 0.6439691341523711], [11.543416084452094, 48.845032871023, 14.551943773057983, 2.2291308885638337, 0.2895697544034683, 0.6436764655245548], [11.543382158527988, 48.858746745626, 14.528847697355785, 2.2299087271895526, 0.28834562971915834, 0.6412146347731944], [11.545945198329647, 48.72135179002897, 14.523852109259856, 2.2278515967467256, 0.2873165392195794, 0.642525380162244], [11.56016235253224, 49.09223405062876, 14.423730338079306, 2.249523585965763, 0.29106861741138884, 0.6410516488784226], [11.566946110808837, 48.641323050804445, 14.492256997647964, 2.2266317383653753, 0.28763372331697257, 0.6452107204640425], [11.574638214608632, 48.490080855637956, 14.37801235986778, 2.3631503127295033, 0.299250257590127, 0.6301268465515392], [11.604897671373777, 49.16908989240566, 14.027564369376973, 2.4375818513370553, 0.30849047890385445, 0.6212357498317647], [11.602649818113091, 49.609006650068444, 14.358548262411606, 2.218537773290689, 0.29277351718910827, 0.6443803489494072], [11.555761698419797, 48.7257767965886, 14.534668675309995, 2.2430917554509326, 0.2890071198200126, 0.642982536954484], [11.585561926705443, 48.93655496220124, 14.385174237779802, 2.276686080394167, 0.2912547213184878, 0.6400401978087655], [11.553182122630947, 48.9943206154085, 14.387206935240307, 2.2849829834910422, 0.2939015982967922, 0.6367272414907973], [11.537193230119827, 48.848751589340864, 14.48062225556317, 2.2322732618923937, 0.28707664705890545, 0.6446398507821278], [11.578249289025955, 49.21569830198158, 14.34524854367801, 2.265774432541, 0.29438720511621114, 0.6365164476249447], [11.585615828653806, 49.29988654433327, 14.423205619034464, 2.230204573420081, 0.2915652101100419, 0.6428145962300091], [11.629722618963951, 49.59479889533877, 14.214339908843955, 2.300272500368161, 0.30034466934174653, 0.6312993217040527], [11.568725537531845, 48.71376937735228, 14.391622070816874, 2.2697262186629956, 0.29007087465266845, 0.6388944035459956], [11.569659273238765, 49.064715169498754, 14.498706563762429, 2.2684600552898164, 0.2932426701641102, 0.6370509028439444], [11.569366247250791, 49.05833398318939, 14.485810089346908, 2.23157799182415, 0.29077364190239885, 0.6440003227298219], [11.564797669561152, 48.83962956302827, 14.5182055876667, 2.230383309040679, 0.28897880185765035, 0.641052629132237], [11.55834705025417, 48.82137743562171, 14.32059871455444, 2.360525747281861, 0.29890605233472, 0.6314092162497413], [11.556309356051568, 48.848945659349944, 14.458494049773238, 2.2198544960830953, 0.28899620847117086, 0.6435389946156075], [11.547816478396822, 48.41421272397543, 14.557247644643121, 2.272840329838757, 0.2883026794130621, 0.6418685242776533], [11.615560515960652, 48.63541008979396, 14.389384246290398, 2.3432203110974097, 0.2966598955270498, 0.6278756882648108], [11.608397255976525, 48.96187482515421, 14.5500959643926, 2.237377613895607, 0.2882679030394041, 0.6425488755318336], [11.5364065657361, 48.8596519119538, 14.562853594644979, 2.253916392982063, 0.2889241103446642, 0.6449760313446629], [11.562330835252252, 48.79538422404813, 14.474649241167299, 2.2543973170806715, 0.289443145133242, 0.6443053399959018], [11.580811771407042, 48.18433715105491, 14.27510569273605, 2.420620675712851, 0.3022488723078348, 0.6231714737396523], [11.552782505154424, 48.68763967099867, 14.529411156568383, 2.228858806652486, 0.28461082744655186, 0.6432039758260221], [11.559704210158634, 48.78263007032287, 14.188340292369972, 2.244797213873607, 0.2901016385695735, 0.6439113406237674], [11.56059031066079, 49.105373025436364, 14.471479659153724, 2.2186786077725498, 0.2887238404791531, 0.6426769081941375], [11.583338598782436, 49.60284587293635, 14.46115334460017, 2.211988309923351, 0.29043369785788503, 0.6448208343428485], [11.567031121523925, 48.55041264615539, 14.295994377973924, 2.328741303226374, 0.29664002757085256, 0.6353954327059984], [11.599260130394356, 48.88814663780076, 14.430646146625692, 2.2930600135755466, 0.29536449291586736, 0.6326046334037233], [11.59065712741752, 49.19333526791753, 14.259085620299114, 2.2492376529424236, 0.29449797165871544, 0.63583727329959], [11.552879339270854, 48.859877532486834, 14.446173109871458, 2.2287097353191827, 0.2893113356246142, 0.6448064655950458], [11.570968021018194, 49.21178111245551, 14.413098467797267, 2.2347933495473202, 0.28988678647087845, 0.6433011379201174], [11.574914033138219, 48.73790221389284, 14.434585010808771, 2.2372469737187313, 0.28753720269432514, 0.6434839973141082], [11.585960987091921, 49.55037781498149, 14.23106944387841, 2.2875686209797697, 0.2990785511338674, 0.6345649274015812], [11.573441706246593, 48.89352439945203, 14.484034017636892, 2.230146217697095, 0.2888050677710201, 0.6431574278241511], [11.561040661417042, 48.92365323131538, 14.451163502945592, 2.219963733256195, 0.2881745915156184, 0.6438185763121803], [11.555731311700601, 48.683574533950356, 14.494492078348653, 2.2537126197749675, 0.2884619701369653, 0.6440225154900627], [11.550177059422737, 48.64524310876736, 14.490138980756955, 2.2406759428304373, 0.28745671426722746, 0.6416668698022476], [11.586133434792734, 48.97762296406376, 14.500269824961999, 2.21522365810783, 0.28758566678804975, 0.6449951646555883], [11.54024801665888, 48.54633211111495, 14.721553659660353, 2.2447176905785553, 0.2862763690552963, 0.6438699991879488], [11.60506284268693, 49.745218917673235, 14.51456846973696, 