{"basin_id": 14, "ref_run_idx": 4, "seed": 204, "x_best": [11.49916730823511, 49.09233743401236, 15.295020004593255, 2.0151169221617016, 0.26627069491960215, 0.6731452709088408], "best_J": 0.03095021531114772, "P_final": [[11.49916730823511, 49.09233743401236, 15.295020004593255, 2.0151169221617016, 0.26627069491960215, 0.6731452709088408], [11.487966604147577, 49.0556956473555, 15.363387481025658, 1.9860813326907238, 0.2622196458710864, 0.6773525218740444], [11.52181435883859, 49.17828512803262, 15.144107149689438, 2.0292177189249, 0.27122543578409214, 0.6689309555474695], [11.48111695901577, 48.67970983740615, 15.442173890123028, 2.059901750323536, 0.2663388675816738, 0.6683568863550696], [11.452571947458882, 49.219811444071745, 15.413550782985594, 1.9926775363175084, 0.2650877108493428, 0.6760647982599148], [11.511451920005172, 49.26846625483133, 15.016768759675912, 2.0807127243475536, 0.275085752649967, 0.6595806669811372], [11.49101849625694, 48.98683557713018, 15.408471743422918, 2.0111941648151914, 0.2647820004401894, 0.6712467034290971], [11.505045689399209, 49.07235250921405, 15.39201442977802, 2.0155175115390254, 0.2648677863659858, 0.6729317612195265], [11.53138044237852, 49.67883243669877, 15.30577390592273, 1.9957772149399533, 0.2681207821262837, 0.6693890612535707], [11.48659489220299, 49.15193236999148, 15.394806363049817, 2.018911458369756, 0.26631099426019067, 0.6735828452143959], [11.512072441386174, 49.523117060970876, 15.15011414119591, 2.026123167628253, 0.2708952258870237, 0.6709336922638273], [11.452824607384962, 48.95174067837798, 15.664735708261407, 2.0041893978564667, 0.2607111522649701, 0.680750805603053], [11.466399819419122, 49.45148860428166, 15.705354280236758, 1.9287186849119875, 0.25376361407919584, 0.6875628929457678], [11.468755402439426, 49.14958782577691, 15.50081063805303, 2.0436864431938124, 0.2664507327752014, 0.6672717512834097], [11.534435129753518, 49.27476502525631, 15.358850751741425, 1.980017009836268, 0.26454667124930586, 0.6741911687581111], [11.542098043009984, 49.80121991997929, 15.143784685419911, 1.9753406619570757, 0.26996766353698487, 0.6720789338473324], [11.53220001895358, 49.44839084581431, 15.088791982437831, 2.015392710317462, 0.2700273388113281, 0.6715736764521616], [11.488511274744747, 49.448300532607966, 15.072470489923827, 2.043795743082752, 0.27062691827746427, 0.6688205201939974], [11.510656994003398, 49.1408765580006, 15.295054985916119, 2.0020335753643566, 0.26637896792064314, 0.674347034351867], [11.495893256303809, 48.67315534964947, 15.262467413807146, 2.0470712759940985, 0.2669997847694525, 0.6721108236849319], [11.435439323783388, 48.09462990644137, 15.643752879929815, 2.0165284174222498, 0.25985883863934434, 0.6704519418832818], [11.525200454926669, 49.928343449834685, 15.120421367429941, 2.0034861561305397, 0.2707037514448925, 0.6704320447623152], [11.47199958810392, 49.15841262782458, 15.468221147903092, 2.032046058350166, 0.26760131613368954, 0.6684569124063598], [11.450858378016582, 49.48462428191296, 15.263645701148205, 2.0221839918307305, 0.26805455616610413, 0.6740446555557092], [11.454222714262452, 48.72431749454753, 15.517917561001825, 2.033723148720452, 0.2631585992835454, 0.6716572164017708], [11.546116885585036, 50.08907821857937, 15.051109287613397, 1.975931196277952, 0.27016560881904444, 0.6641598726348712], [11.478438220664618, 49.06581606391711, 15.279731720674352, 2.068012337187407, 0.2705498697153362, 0.6661078243943318], [11.511420830821322, 49.165394512688486, 15.257051140800549, 2.01575764355908, 0.2676321170573604, 0.6681023650561216], [11.543254719980665, 49.726449669676406, 14.902278331902213, 2.0236646866780874, 0.26999413492411345, 0.6787531995603265], [11.557605161251816, 49.898943684546374, 14.826179113937261, 1.9949075861775556, 0.2721149609327657, 0.6679575493881319], [11.52178414712956, 49.631090376738236, 15.204065910304095, 2.0297930383666225, 0.2708659822167972, 0.6700632580252103], [11.501241174577135, 49.63964193599488, 15.152805867575335, 2.0239444013494814, 0.2708160769095155, 0.6674511764936456], [11.506489697425971, 49.105934402783426, 15.2539635032897, 2.0790393169139896, 0.2722525818753956, 0.6609888469864285], [11.449370827451167, 49.15691779461794, 15.214534154120699, 2.1156152429214017, 0.2756875296053129, 0.661725851397484], [11.489178820563685, 49.23750314402359, 15.212463650863205, 2.03912421911031, 0.2685727015137084, 0.6746419428123639], [11.374061379852701, 47.032633445321224, 16.184594974168473, 2.048372142486033, 0.2506324147281826, 0.6863956732919476], [11.485485598973792, 48.76552400347242, 15.032795749306912, 2.020906447382724, 0.26689743512642367, 0.6698105520915759], [11.517883640847554, 48.99156008752542, 15.01281329533564, 2.074897383232551, 0.27233311316250136, 0.6597754000694465], [11.496717563500326, 49.566462852895945, 15.18693620371769, 2.0315510506086416, 0.2716186699152461, 0.6701122996524042], [11.473905139109037, 48.97105472471042, 15.377898749680723, 2.039525707097064, 0.2659908301874207, 0.6696436120990484], [11.458224206258983, 49.41685804473029, 15.749392260765719, 1.9076151157189631, 0.25942955085277625, 0.687579996903274], [11.45451762721472, 48.3416348003522, 15.378135425016982, 2.025712523663099, 0.2633442258431322, 0.6713763139463581], [11.53392781765227, 49.5875771283579, 15.291334703825576, 2.0104991193243453, 0.26926118486290684, 0.6675927270551658], [11.483672524456532, 49.04294918185685, 14.969216200945631, 2.132385603218162, 0.27651403066148794, 0.6608017141230945], [11.480651812271713, 48.46026832847835, 15.530046398778628, 2.0811018390994653, 0.2678212485937365, 0.6643453896653481], [11.462834255455498, 49.339825849482224, 15.072392314060705, 2.0730342579436702, 0.2702754935237662, 0.6661348328975814], [11.465189767639389, 48.816270172303156, 15.423136554087852, 2.037435110816202, 0.2649277982910137, 0.6714802753103167], [11.457388906385368, 48.772740012066414, 15.320705643023835, 2.059526314284505, 0.26935566301839536, 0.6693906357202952], [11.494834541354901, 49.12982275149342, 15.393946101195823, 2.0042318239004677, 0.2644364557178951, 0.6736660928181956], [11.472062893999995, 48.77843117353548, 15.199109593429014, 2.0588319137697457, 0.2675441492279834, 0.6696565905225554], [11.450954084727485, 48.67838229276417, 15.519060520528955, 2.0635204910609173, 0.26509075169948987, 0.6762704357400869], [11.48660027678823, 49.12154908523988, 15.288003717667097, 2.022758868065605, 0.26615098982804364, 0.6704850648033075], [11.485660365565861, 48.35691731557358, 15.372767869373343, 2.080957441932274, 0.26812068530773464, 0.6632354879727052], [11.53735907589759, 49.33609736485039, 15.091208633230043, 2.0136440780102296, 0.26838461928202295, 0.6728817244885689], [11.475604750965212, 49.50269980840481, 15.068996929595357, 2.0545519585368766, 0.2704643397256305, 0.6702493603746913], [11.477567108861772, 49.154239157966224, 15.239227569761594, 2.080405917188793, 0.27392102477982744, 0.6635294445359481], [11.496855619260813, 49.22728316089677, 15.163540385053766, 1.9888503773966861, 0.2636897385813584, 0.6792192346027816], [11.495828345050498, 49.050401473681994, 15.297686986937629, 1.9979773320437415, 0.264253715759027, 0.6763350786644373], [11.324308549176061, 47.042417812309495, 16.353598495412694, 2.071975895862895, 0.2515810028128331, 0.6862354039601135], [11.477647578371077, 48.71969339633141, 15.221087441357092, 2.060090618339979, 0.2673111451157072, 0.670629032521612], [11.4881350929266, 48.52689625224493, 15.300467226521253, 2.010606698445923, 0.26444747074293, 0.6666941756180956], [11.519759392249403, 49.778592145201515, 15.19805608187134, 2.027615199199059, 0.2710965989936743, 0.6683120216613652], [11.537060113307438, 49.25114001809816, 15.0894715230963, 2.054080879697029, 0.27349989154271964, 0.6644590870326679], [11.465973037296914, 48.77825788255381, 15.300700045566964, 2.080333023835081, 0.2699136682762506, 0.6617444118996034], [11.437672310196147, 47.743670994675625, 15.14370954557129, 