{"basin_id": 23, "ref_run_idx": 4, "seed": 204, "x_best": [11.539264533143344, 48.93052946400519, 14.693662508910663, 2.146566380849266, 0.28040567152346424, 0.6538241361952106], "best_J": 0.031085260381674737, "P_final": [[11.539264533143344, 48.93052946400519, 14.693662508910663, 2.146566380849266, 0.28040567152346424, 0.6538241361952106], [11.524929145465935, 49.109085437657036, 14.873655337791773, 2.093192825573321, 0.27667825651756417, 0.656328647260174], [11.520732218883968, 49.30545718616048, 14.912264134260331, 2.145462922469717, 0.2809826414108868, 0.6576247332523247], [11.627671636711744, 49.9374092685222, 14.168798211816526, 2.2106575493848393, 0.2964786084271952, 0.6432777995583568], [11.564877209626893, 49.409447992595865, 14.68393049547475, 2.14960424147388, 0.2834368796532721, 0.6489283336324655], [11.554892460559746, 48.92884279906133, 14.256362643611972, 2.2792077052464275, 0.2939736934141197, 0.6364345929489226], [11.546587125545969, 48.956050701658356, 14.687889326517366, 2.158866552367977, 0.2848766225316109, 0.650545707689246], [11.551894290714856, 49.15767276450327, 14.370322169087686, 2.246131231202409, 0.2912610104878784, 0.6408497041991358], [11.54866823083627, 48.94081256173742, 14.78955783093018, 2.1185335988621588, 0.2786877036344596, 0.6553401240196535], [11.518237100721734, 49.85577644625716, 14.859283387841954, 2.0660319634169486, 0.27804908602152767, 0.6655842652623345], [11.534234808152998, 49.47717650024398, 14.649364902730868, 2.1319478013756363, 0.2826974403381074, 0.6527858286870849], [11.51721546622822, 49.172818773520454, 14.8715542438434, 2.1718217264873863, 0.2816782157606049, 0.6512507130797945], [11.535153125528513, 49.34867256890433, 14.669657989455288, 2.128918680008697, 0.27945954295105646, 0.6570259007976613], [11.528035020770725, 48.892665369638515, 14.572479401825905, 2.1772797571379274, 0.28234164529617256, 0.6551473765251377], [11.529418760852833, 49.415488304027726, 14.668852262281584, 2.134344158954875, 0.28209414534933275, 0.6589493357663838], [11.572440410962466, 49.6099846407538, 14.422661225550048, 2.1408620311478, 0.2843857518163809, 0.6503318110857697], [11.516568692495513, 49.016511577756596, 14.759810836806727, 2.1852541194633144, 0.2836957546168536, 0.6488312115807997], [11.51099704158114, 49.32432993943639, 15.021626138496059, 2.0903498835039254, 0.27427007138491377, 0.6600586101836984], [11.537623613828773, 49.332430535768836, 14.840133537095387, 2.1620024770494237, 0.2837243102950876, 0.646111979359197], [11.553965527076326, 49.55426652673885, 14.643409176871481, 2.1270958068506607, 0.28439857908699695, 0.650830026274143], [11.530478840816619, 49.38064975641525, 15.053765264387406, 2.025614526257831, 0.26937020530261296, 0.6676042788591151], [11.550191818511058, 48.60771167710559, 14.570792950431187, 2.122486693569372, 0.2793489585263055, 0.6545265633121048], [11.521771975226732, 48.65780128896935, 14.603859709377534, 2.241932670900347, 0.28626643205217744, 0.6451722642890988], [11.507285454412473, 49.28118697940949, 14.831377404283739, 2.062013839321089, 0.2747130267399008, 0.6630887104455274], [11.510089125372645, 48.83330804497778, 14.605388778975584, 2.216195013224505, 0.285668730379654, 0.6473636795507008], [11.499239022664824, 49.19010159979635, 15.12527975462903, 2.0993729626656035, 0.2767026760002077, 0.660047644413869], [11.566392437235658, 48.491417111252986, 14.435848318235157, 2.2367885142689885, 0.28959590851829675, 0.6362422049992487], [11.614756896712084, 49.1890042891704, 14.398879555490247, 2.2567165115564545, 0.29209547404347797, 0.6379742000270416], [11.541689651146282, 49.25443318801521, 15.085985646169084, 2.0465031405168976, 0.27230953668087254, 0.665663435155821], [11.548491558365898, 49.64154205251677, 14.76331133909263, 2.248577032799579, 0.2942091129793896, 0.6414987100562083], [11.570436337502217, 49.29954715533589, 14.7074428572112, 2.117687374407669, 0.27782546472490616, 0.6557965281983688], [11.553106880477836, 49.48115502349552, 14.597270344394198, 2.1907080674440027, 0.2870423158139986, 0.6529997368476782], [11.570144391148316, 49.364307658898866, 14.764477076979897, 2.1484456051544822, 0.28561409478083327, 0.6506401448903986], [11.603117091518147, 49.58106140159867, 14.229165538816186, 2.2623852981714956, 0.2982039046167152, 0.6388399226006048], [11.537271437500248, 48.75294027048841, 14.347256140687426, 2.2799612915661207, 0.2908052662572597, 0.6368795528210062], [11.5597332313141, 49.42382760821682, 14.683104911339562, 2.1262541280717935, 0.2803122986480789, 0.6556376242780776], [11.527717739168228, 49.37694995424347, 15.001920652900655, 1.9996717500388024, 0.26716694924515944, 0.6689621873712058], [11.482027277123864, 48.58626790145524, 15.188011327901668, 2.0348658157737036, 0.26733375725254005, 0.6664149812215314], [11.460298671159881, 48.98769657547107, 15.120632741090521, 2.0623085201501286, 0.27142874572272735, 0.6621819485442781], [11.519553321691207, 48.915101877685295, 15.06470879378157, 2.05454801210255, 0.27061409469595704, 0.6609225216037976], [11.508214383818618, 48.8778589795841, 15.158250058409928, 1.99222929239095, 0.2644115978225793, 0.6731956014615594], [11.523573528629765, 49.53853113571449, 14.523128043605654, 2.228701156981904, 0.2904127512820301, 0.6432165561422218], [11.602626134218722, 47.96421174820598, 14.106243207288193, 2.3177920623274204, 0.29618138199759486, 0.6277858788618811], [11.562714486033837, 49.00305550028453, 14.679606684271967, 2.122581492650566, 0.278086628772733, 0.6516511055665677], [11.513920771409989, 49.311032498150176, 15.132772855794938, 2.061432721991919, 0.27258280798065043, 0.6606422171995261], [11.497737875771548, 48.646327404135135, 14.893782619434887, 2.194009813275011, 0.2815780955548491, 0.6545452250750828], [11.533243438521378, 49.39811745782004, 14.873347691661149, 2.0524352175178433, 0.27663128674094206, 0.6625048714845463], [11.63370613643048, 49.247925954913114, 13.952712100316226, 2.2940953380623323, 0.299166748302731, 0.6329442433963658], [11.514811360622748, 49.11312547923715, 15.066532803179673, 2.116832921495918, 0.27841584687240173, 0.655386165097659], [11.560239810790144, 48.87307058183784, 14.899230373328104, 2.105747223990425, 0.27525890004286707, 0.6576517464960969], [11.540737166057117, 49.124786979448345, 14.611526831870217, 2.142477627210378, 0.28322576354714546, 0.6524032079876437], [11.54303714864744, 48.56594347159425, 14.589751694085024, 2.232963901495383, 0.28731063512151866, 0.63951617976479], [11.550229531151226, 49.682497076934055, 14.25207741619512, 2.2789827874975654, 0.29464635081876606, 0.640868443807118], [11.51678117524142, 49.34138208756085, 14.809366024833782, 2.1769230096834216, 0.2860981298942741, 0.6506385872264756], [11.559155059786319, 49.10130095526994, 14.301239404787164, 2.2858405428710715, 0.29505082717563946, 0.6386091105439702], [11.527198817477808, 48.84955420646361, 14.783603659358139, 2.1551699199195458, 0.2811662103099107, 0.653797989162333], [11.545913291212567, 49.011035749428316, 14.77757012210585, 2.124889917090042, 0.27841461035004, 0.6539380035564576], [11.56898349449546, 49.42802787430911, 14.669230333728528, 2.1731031735776747, 0.28557834969269263, 0.6494404995647107], [11.531910281110935, 48.65270189035849, 14.838361981488623, 2.1529721806232915, 0.2782440837395929, 0.6571084776948546], [11.551132325177154, 48.91707272807674, 14.738741225879764, 2.1696881463794484, 0.28270855765307845, 0.6500323088752337], [11.51987831926388, 48.74488217268949, 14.825184454207314, 2.1206179094461133, 0.27694377852259167, 0.6554094120447991], [11.50151458782122, 48.74512625248954, 15.203550152849473, 2.062922085757545, 0.27131790937534084, 0.6620043039103253], [11.562119170786978, 49.349709142034015, 14.744930922551513, 2.1326027801826823, 0.28221003175444437, 0.6520434663801039], [11.516766264282097, 49.04774245999672, 15.095626359779905, 2.073295306458697, 0.27390528725227736, 0.660732761637287], [11.537123604693784, 49.051626431881324, 