{"basin_id": 16, "ref_run_idx": 12, "seed": 212, "x_best": [11.551513341097452, 49.47955332241008, 14.712270326480573, 2.1131924751244893, 0.280900341882587, 0.6559644983346333], "best_J": 0.03107479305928894, "P_final": [[11.551513341097452, 49.47955332241008, 14.712270326480573, 2.1131924751244893, 0.280900341882587, 0.6559644983346333], [11.575348235213784, 49.46886454612406, 14.642787685399503, 2.1259553774104596, 0.2836045033777664, 0.6536469071193782], [11.558401434872625, 49.38355046109311, 14.745115287090325, 2.1240504469267285, 0.2789566553912992, 0.6592818044576437], [11.554918180422915, 49.194427533988446, 14.676384763369175, 2.096855308964043, 0.27814117468063476, 0.6568808524440288], [11.55334530250246, 49.41546575241973, 14.586123962446498, 2.1334152077263653, 0.28374631518984833, 0.6514476663115194], [11.573159666645964, 49.418828160519276, 14.478198741524235, 2.1420816050272213, 0.2842936509143652, 0.652466626633096], [11.547514250585337, 49.64296052642881, 14.727962059661953, 2.090072641275545, 0.2800493557768898, 0.659166833198583], [11.546845408959854, 49.55590304461356, 14.615773830980686, 2.1203721483841447, 0.28088258581909387, 0.6574916754292836], [11.555723304620251, 49.44945270707698, 14.67505143584355, 2.100475820767722, 0.27963451707051773, 0.6575363089061884], [11.563405163698487, 49.18624694672321, 14.699690407421219, 2.116566239370662, 0.2813338100627043, 0.6546395841925832], [11.55460829874207, 49.030888463872806, 14.598739738577901, 2.2069326099201825, 0.28755043005001313, 0.6450238231360383], [11.592601438729089, 49.63179273199152, 14.498097740940155, 2.164169168870981, 0.28651413141651944, 0.6510150759600837], [11.660091842976817, 51.41509017753448, 14.07467397510873, 2.1882396843978875, 0.3000914948155865, 0.6414534634278651], [11.563106804493913, 49.751606142977955, 14.56589707694744, 2.1407637430888125, 0.2850968863852659, 0.6522975272798867], [11.595802335460515, 50.034753426446734, 14.435188174096265, 2.1603501038840642, 0.2894535639385146, 0.6494991198084593], [11.542404333208946, 49.46102297181109, 14.75511730037403, 2.085920040338768, 0.2788802076031476, 0.6586962157521523], [11.558222217271235, 49.32335566246311, 14.74992588244447, 2.0811203277489874, 0.2781478988075754, 0.6603089544688077], [11.568214420981624, 49.76704576924169, 14.669517544268073, 2.079332384334224, 0.2795917423809146, 0.6555774255293838], [11.557305189166899, 49.29547862642023, 14.682869897886375, 2.1034586386574876, 0.2778804828751873, 0.6580059107102595], [11.551962177110127, 49.233088922023924, 14.783173605068887, 2.104542354430577, 0.2785342166764566, 0.6589396083990366], [11.554204081146548, 49.10320899304557, 14.608034424402714, 2.122181547759365, 0.28011592715784084, 0.6518871203651926], [11.563093064131886, 49.3179015396563, 14.528903488893043, 2.157228956088331, 0.2845486687062976, 0.6500341908641716], [11.56993673027649, 49.67723249938785, 14.693766876323483, 2.0705962739865704, 0.27708109983357415, 0.6620225073465132], [11.561990641195319, 49.10968811855032, 14.611376872141305, 2.1395280808567088, 0.2818189283129403, 0.651664241620811], [11.567562956961696, 49.282277104759025, 14.414012111415046, 2.190556184918687, 0.28749537334765707, 0.6435643342371715], [11.560952521022582, 49.73723945251218, 14.56662817602531, 2.110897927808949, 0.28232721626382473, 0.6568214219366233], [11.556881274865669, 49.616788706096855, 14.643629797031647, 2.110228705183041, 0.2817477672476225, 0.6598528215898517], [11.55836798606408, 49.810311646399306, 14.844259037258695, 2.0571607632793034, 0.276850400546839, 0.6626391207206629], [11.570061517376486, 49.12921606143576, 14.578257165694458, 2.1258809742095033, 0.28064763978914486, 0.6512861447052863], [11.559403902983412, 49.31650245757335, 14.742552426490866, 2.0916012434715343, 0.2787751753984913, 0.6575720817649731], [11.561013042204946, 49.92231235074904, 14.607229499200766, 2.0643549047347234, 0.28029525254485677, 0.6593136033475033], [11.609719520336183, 50.53658380180836, 14.267734904584309, 2.1841984324751635, 0.2967670751203644, 0.6422229497706898], [11.540729630583526, 49.60110760184651, 14.6579535545259, 2.117708019759611, 0.2824234200415848, 0.654876347220495], [11.547281887490144, 49.637355710563384, 14.777484705560859, 2.0586388228437817, 0.27694147088107446, 0.6607172509755596], [11.549155278643479, 49.66068293252861, 14.637274802618602, 2.0988234336598093, 0.28136570065268585, 0.6568389128681357], [11.556321819853059, 49.876099650458954, 14.729585528712201, 2.073144687817709, 0.28033317551644904, 0.659177531004133], [11.574907828411963, 49.505832392902455, 14.70232873259726, 2.113676339879036, 0.28054590696513193, 0.6568557565226806], [11.557109311398738, 49.45522720595188, 14.576275972031027, 2.105626000780941, 0.28088940623554176, 0.6547968781868443], [11.546274780853002, 49.805364370404256, 14.695771428641187, 2.0972618257027693, 0.28225826993343495, 0.6553139874664985], [11.552021140092878, 49.32092334629669, 14.685951078286536, 2.102474580671436, 0.2793126368540645, 0.6570245037744145], [11.566266799906455, 50.05758500873535, 14.606243918328843, 2.104688414548908, 0.28466351079791813, 0.6564866702523476], [11.591533140185788, 49.53242686463186, 14.600087436057349, 2.1252265392830294, 0.28337159004385093, 0.6534317812583738], [11.563181264031623, 49.51041543480925, 14.717851050727186, 2.10326870434539, 0.28048260370900724, 0.6564726670337313], [11.636696676965492, 49.6475009065126, 14.267734463023784, 2.235376071481944, 0.2972672093735348, 0.6384262207416065], [11.56261135273317, 49.4645824703158, 14.604376932827817, 2.075820659555747, 0.27734638133539297, 0.6599742703348828], [11.552660854887, 49.319044649433536, 14.71153262845521, 2.1134079745068286, 0.2792792888201691, 0.657445925902381], [11.560065137047008, 50.40540890146453, 14.561246061867735, 2.1184174110124907, 0.2864536687106715, 0.6523475220669324], [11.575193532182798, 49.60558769474807, 14.590701577285248, 2.1261567179598164, 0.28301034717460166, 0.6536255934998088], [11.571127864325547, 49.92803614364897, 14.641118104543068, 2.05693429091078, 0.2787823730431682, 0.6617432165778341], [11.550275101414853, 50.00947657803946, 14.704165384742716, 2.1068364388997534, 0.28377499601444195, 0.6562579242167271], [11.555168985359748, 49.26140199656134, 14.649663610504515, 2.121272231184344, 0.28032891469218724, 0.6557934930294881], [11.55379632845008, 49.76895549985756, 14.729003777114478, 2.0811313820402124, 0.27965137294761727, 0.6599224059948916], [11.551581567215585, 48.921433813799815, 14.689976286013165, 2.1165524639919, 0.27979381843926254, 0.6518614290509724], [11.571871948260101, 50.08679405137119, 14.647745308666673, 2.0888124560979158, 0.28297969865069955, 0.6569335689642599], [11.573476269389946, 49.425857532814, 14.550689171893548, 2.1325648410164266, 0.2835867412817328, 0.6533279578839265], [11.550926446030035, 49.3698838564619, 14.610794593139174, 2.122285188435394, 0.281436016110755, 0.6539750337054889], [11.558489399373011, 49.24953018489441, 14.57205870009209, 2.16799493146563, 0.2860396658966252, 0.6497008144541685], [11.574518874563138, 49.79917182501342, 14.50474998079019, 2.1644975177954175, 0.28827013654139405, 0.6529016231204611], [11.554833342223834, 49.55131595146119, 14.626305629436647, 2.07104686079638, 0.2801696054494681, 0.6569083836230095], [11.543194946772159, 48.984737120299144, 14.727616940560555, 2.1274033032758917, 0.27982603051646276, 0.6540742808896968], [11.553718244641125, 49.301186482829216, 14.566042519857165, 2.1153906163484173, 0.28053857634572354, 0.6547755777806423], [11.551804965397823, 49.67215463959544, 14.65676550411078, 2.0913364033330093, 0.27993524298621164, 0.6579891170303606], [11.557164200982553, 49.44972715745933, 14.707824378019287, 2.09962776651266, 0.2796269419954963, 0.6568419691125866], [11.641952682597879, 49.085857506867605, 14.560849169742134, 2.2034041257200654, 0.2894035034277396, 0.6424126158956597], [11.564629757994691, 49.242115937606144, 