{"basin_id": 1, "ref_run_idx": 3, "seed": 203, "x_best": [11.462416782171132, 48.71684233787078, 15.42330418509715, 2.0308166932766265, 0.2642818353729566, 0.6732100821291939], "best_J": 0.030916140946473276, "P_final": [[11.462416782171132, 48.71684233787078, 15.42330418509715, 2.0308166932766265, 0.2642818353729566, 0.6732100821291939], [11.444651102582993, 48.36823931472228, 15.463952248806386, 2.0226501871038365, 0.2612025905710205, 0.6774167036414664], [11.480344909764613, 49.029610818339606, 15.472443325989122, 1.9913161474023011, 0.2622317961175693, 0.677499454040257], [11.457127747285, 48.57275530791612, 15.628155628283631, 2.0123298003977936, 0.2604425836648, 0.67700876565916], [11.446360236016574, 48.46562708055402, 15.408639267680053, 2.0556396362799156, 0.2644738250492363, 0.6724972198477721], [11.462901310675703, 48.84628350609809, 15.550103495069575, 2.0158462612813963, 0.2634601985961282, 0.6681825412750757], [11.420329717613345, 48.17214065068402, 15.497474006362179, 2.0844033251875373, 0.26455178879427177, 0.6704975077216362], [11.474635099198085, 48.89949866179818, 15.375037611582053, 1.9988272864119059, 0.262429177831417, 0.6758561845940695], [11.479687083229202, 48.823999657902185, 15.482099739275888, 2.0042063217996504, 0.26236636850399525, 0.6765044646118109], [11.469921435511655, 48.51151944382717, 15.475931839442103, 2.036115657726676, 0.26287306483789735, 0.675741356826269], [11.469304744055837, 49.19194931295772, 15.504435706687882, 2.000464702119151, 0.2645603740232408, 0.6755574225515817], [11.482194926702457, 48.69649634192649, 15.499292376485068, 2.0153359129732857, 0.2631259336466961, 0.6745989794290332], [11.41690172675992, 47.48499851340942, 15.433364859840069, 2.1092977556065344, 0.2639787371681495, 0.6675100836109829], [11.431082460899011, 48.34696872249056, 15.552642420013218, 2.0388166928010403, 0.2620355601722526, 0.6605664499051149], [11.43102090501631, 47.93790106166771, 15.378044249112202, 2.104880609930427, 0.2654877751450834, 0.6685792104013674], [11.450762425251336, 48.69193264780516, 15.384434524141303, 2.0350145650091327, 0.26459601744320455, 0.6734760943368804], [11.488701664783674, 49.308098417801276, 15.395626655678763, 1.9971904142689736, 0.26585713735760247, 0.6749410843804458], [11.467793168630163, 48.92800053397739, 15.383804733014323, 2.0224503365750697, 0.26497685526072495, 0.6728843504947313], [11.464862525892098, 49.4698183683347, 15.3090336139185, 2.004505893390712, 0.26645229186853203, 0.6737690194462747], [11.45494916744314, 48.471893318267504, 15.409242871185533, 2.015616926881115, 0.2611526221411898, 0.6774813691298748], [11.443498544179306, 48.432474563050974, 15.583969949680801, 2.0378749133535217, 0.26215786970908067, 0.6773731675243764], [11.430779310602517, 48.13472845852605, 15.5209612614268, 2.059466485928707, 0.2626838420110483, 0.6727955178086164], [11.470481181157105, 48.770482510879425, 15.431093940070504, 2.018480401105687, 0.2638442322691353, 0.6755609938465782], [11.478528395652575, 49.54940868028175, 15.383338613271752, 1.9969672055332455, 0.26465481915767086, 0.6773305013826927], [11.469554609757822, 49.16317468060318, 15.660783890503797, 1.9301294836682241, 0.25391983712218835, 0.6899786172399499], [11.437385556359645, 48.24863447341382, 15.442384072486098, 2.0682137970457326, 0.2650760606406512, 0.6707900449636831], [11.466281306827367, 48.67908320943015, 15.4037254265963, 2.0075904304604424, 0.26323814942535384, 0.6740982088473472], [11.472939778578324, 49.15268331716938, 15.361564292494332, 1.999951730239719, 0.26313633285233035, 0.6771017540678429], [11.41932470546509, 48.21067623160751, 15.45859510708242, 2.0517301283524105, 0.2609879518446913, 0.6756402967060432], [11.461662468275588, 48.70269207201306, 15.472137638843515, 2.0015649308188608, 0.26183525524142975, 0.6772538077192791], [11.458676046944317, 48.721055228709474, 15.332355202718244, 2.0544759200271425, 0.2673986845729671, 0.6683335060970477], [11.46254354480124, 48.95328793193636, 15.457487484428956, 2.016749928948848, 0.26409842231794023, 0.674159030965348], [11.448537426571049, 48.08980850790686, 15.462182994395267, 2.014869318089078, 0.25809739940134707, 0.6784266736112592], [11.472630732734526, 49.082845481389, 15.488517161726932, 2.0176154030342026, 0.2659020326312797, 0.6718664380932791], [11.457045798721024, 48.4069804771951, 15.477516083646462, 2.045441440556521, 0.2639824261001653, 0.673766191483887], [11.460447409068694, 48.63529587581599, 15.509837967020466, 2.040037587027845, 0.2642180162521073, 0.6732198133996884], [11.452690757661182, 48.62319614403961, 15.42175356207916, 2.0526809232126895, 0.26526069657980994, 0.6718622786931226], [11.479678452895987, 49.04688622270194, 15.49996104933126, 1.9822305338829318, 0.26066396525399793, 0.679683678758636], [11.461670577527814, 48.908434123428194, 15.614041848406787, 1.9573503780475143, 0.25893508369873125, 0.6796768317017179], [11.469011476181958, 48.741396965853795, 15.369836137585763, 2.0391117996212103, 0.26522413325816946, 0.6727857844219207], [11.440442024485472, 47.95233966673305, 15.549611266295967, 2.048461242982739, 0.2611616534590796, 0.6727744358389592], [11.462598236675301, 48.294034247262445, 15.286720283286831, 2.0211382653936982, 0.2609697978722558, 0.6728534237004408], [11.465650370357245, 48.61911783928531, 15.43177234141997, 2.0260129625267553, 0.2638460450079171, 0.674035825288179], [11.47070598910433, 48.03399604496952, 15.526184238604928, 2.0152007742210802, 0.25870310876010816, 0.6743252343456211], [11.423873884489446, 48.42710041659846, 15.714429532515005, 2.0346744364919536, 0.2609104978198151, 0.6764134303694502], [11.474652115141838, 49.095421835422904, 15.494505846857507, 2.00829571518335, 0.26373582743483, 0.6743277388489313], [11.465043382960532, 49.036898268092685, 15.440228643648153, 2.010468829232244, 0.26418014239646187, 0.6731675559357773], [11.452682763704995, 48.45030763427175, 15.465570228303598, 2.0314886660044733, 0.2626281479289104, 0.6726286620481526], [11.468492200885095, 48.919606471487405, 15.404326486005164, 2.020745477900736, 0.2650603930331278, 0.6724351616142655], [11.394649861294372, 47.33366498577198, 15.635406772797984, 2.1003670866707216, 0.25923027713694335, 0.6741562165000575], [11.462337848845047, 48.66775955086468, 15.464500469905476, 2.020160989763163, 0.2626197166709463, 0.67612291071904], [11.410706189071364, 47.33563803999035, 15.558504193329906, 2.1422906919553473, 0.2665563460996876, 0.6625791551942557], [11.463551228083247, 49.20662336655591, 15.509532376453665, 1.9859132685823075, 0.2622910409032626, 0.6782882606567888], [11.455045238419853, 48.703861584769314, 15.440478584345025, 2.0500160417588855, 0.2645686869030248, 0.6732602262532653], [11.46175729518124, 48.818859812504975, 15.517083430723964, 2.004772534455755, 0.2622773145507242, 0.674965334058855], [11.460271901108793, 48.860697603980014, 15.453444159603405, 2.016517840315151, 0.2640480364490062, 0.6725636208367306], [11.450341603347663, 48.878789945828636, 15.413145813320046, 2.0309060662004486, 0.2644665429349352, 0.6743212252368086], [11.461347378037722, 48.565313727050295, 15.423116002313183, 2.032713468675629, 0.26373257275569134, 0.6722332008280913], [11.49729739350767, 48.59722684530772, 15.416123175375573, 2.0177945432568594, 0.26103517551904204, 0.6737866879114696], [11.450452909748389, 48.87395630169657, 15.617412125093898, 2.0219026707695127, 0.26379125874732867, 0.6756519964698698], [11.42145435889867, 48.13661447108031, 15.722466132211487, 2.019073781761646, 0.2581918174295642, 0.6817280370618621], [11.470890121215392, 49.12815170868146, 15.402117011531665, 2.0109297790129292, 0.26405487617675993, 0.6766046027385646], [11.433223474422507, 48.61599650851116, 15.592518818929706, 2.0333801497264066, 0.2617156301274938, 0.6776592899554338], [11.481312103050259, 48.973055289785414, 15.475649349994471, 1.9741462934288296, 0.2610713280474076, 0.6778873618719419], [11.44626108050376, 48.44390614500632, 