{"basin_id": 6, "ref_run_idx": 8, "seed": 208, "x_best": [11.49653021355891, 49.013457793316164, 15.062848278755833, 2.0836796273697136, 0.2724740726000587, 0.6646407595506789], "best_J": 0.0309527374077609, "P_final": [[11.49653021355891, 49.013457793316164, 15.062848278755833, 2.0836796273697136, 0.2724740726000587, 0.6646407595506789], [11.49725031667263, 48.775516268458645, 15.01604588224175, 2.0870076691382913, 0.2729839343891284, 0.6626295249001574], [11.513248925663312, 48.80094485131511, 14.925006087229466, 2.1002909043467803, 0.2748764557304564, 0.6600076484148459], [11.489520247900183, 48.953494913656876, 14.975282208259443, 2.0797951053932726, 0.27208257219455806, 0.6660355351699496], [11.504976696588871, 48.585845089997925, 14.970464497097918, 2.1153477860166325, 0.27495270556133206, 0.6598631711411561], [11.471163867394184, 48.56328851378792, 15.091284675604427, 2.1061782570688394, 0.2710474822798855, 0.663044114174179], [11.499964490878954, 49.09864141934231, 15.062341141700056, 2.0858332417153393, 0.2739205457157633, 0.6631867418827904], [11.505447510860172, 49.0080968114267, 14.998153717202756, 2.0842142053951824, 0.27286559727853255, 0.6587932096681283], [11.518347054886581, 48.858204836561136, 14.850293562233144, 2.1219083460757724, 0.2776085975553371, 0.6559870480423095], [11.487641615134866, 49.22768164803363, 15.012466873954095, 2.0913660692564906, 0.2747363229754924, 0.6621474094357921], [11.493878267672233, 49.01591432875799, 15.087860558387513, 2.0803039795627756, 0.27221772459925225, 0.6623941196327434], [11.500203000066927, 48.82334770503513, 15.143090056133618, 2.093415215731979, 0.27255808350909194, 0.6638775821248412], [11.513414592422471, 48.82988103170627, 14.831685458684122, 2.119081924879189, 0.2755101019379079, 0.6584276267939175], [11.513933219868825, 49.0246661545521, 14.970797283122064, 2.0879542439136327, 0.2745216850038098, 0.6603968387134719], [11.494652848232759, 48.81293167112068, 14.969336543959306, 2.1024686360078735, 0.27447914703550785, 0.6594128031425596], [11.511309599095354, 48.9010468487626, 14.937719571037338, 2.2040697600029078, 0.2840496577843574, 0.6445167724487568], [11.494035897721298, 49.02694395277119, 14.999252678437244, 2.101907761036835, 0.27511179543672126, 0.662127448336774], [11.508627405607957, 48.88303963238672, 14.946669550858136, 2.1084527458975666, 0.2757387484613269, 0.6603403347020476], [11.532983263594325, 48.92160083229926, 14.60822481361493, 2.2058008232552666, 0.2856746877014062, 0.6434451526429039], [11.532992557863182, 49.31592697385279, 14.804048339827904, 2.0854728731266485, 0.2759426025651589, 0.661153095697724], [11.573703681784961, 47.76665123238083, 14.525447859986802, 2.330654295296991, 0.2940421377543847, 0.6300298095993089], [11.519048667619952, 49.08268391649686, 14.893808426270919, 2.1066244945656813, 0.27594505206469544, 0.6591722116137316], [11.505566754028901, 48.83527094759951, 14.967821534129703, 2.103579378137737, 0.2745536765633514, 0.6598363693251119], [11.515824804921321, 48.51511254893772, 14.878612013461227, 2.139691701458063, 0.27588254688797653, 0.6571964550322711], [11.508911124860596, 48.935143646058584, 14.884029589156306, 2.1209398018540946, 0.27687525307516175, 0.6576444104235292], [11.491422199659567, 48.813332133252075, 15.087906147688416, 2.0932333490656685, 0.27240526387896363, 0.6621528084784345], [11.537800859209549, 48.505665733939736, 14.652503729418894, 2.1608261983988406, 0.279079451693272, 0.6549633971772044], [11.490238824697178, 48.91564466647475, 15.017360489134573, 2.090597658960122, 0.272932663475431, 0.6632700805281511], [11.509204924550556, 48.95778796909003, 14.956008640044155, 2.0936650651440294, 0.27523614696255716, 0.658900330079645], [11.525099306357527, 49.22281919099147, 14.849728273606146, 2.1331812027606265, 0.2796887265483725, 0.655145107317485], [11.533165459866852, 48.58003418402301, 14.708961514927937, 2.14529503685712, 0.2794659525602832, 0.6506833357538802], [11.555229327400845, 49.07592765099491, 14.986712592597064, 2.088999047960735, 0.2738975924232123, 0.6623733648126126], [11.516259378381648, 48.86308149932007, 14.778137713765252, 2.161523090154984, 0.28100980211203125, 0.6522342379095015], [11.49524149291826, 48.979809366400474, 15.062128838702908, 2.08013002315419, 0.27242592288184864, 0.6634105273044861], [11.50021606831729, 48.83849388936709, 15.00346849405946, 2.123756476210971, 0.277183259620029, 0.6559150162679289], [11.49699255266004, 48.877929358308066, 14.988918629859993, 2.1136575721505633, 0.2751971917040033, 0.6593947992507707], [11.50182968560209, 48.89333857717011, 14.994397273328374, 2.101455183801588, 0.27413133772684317, 0.6610855243311339], [11.502007592882634, 48.93728397076752, 14.968806967870732, 2.108359667207039, 0.27484177266999604, 0.6592340306743367], [11.526291630466005, 49.11819575527088, 14.810715931155958, 2.136864991659549, 0.2794073699976718, 0.6558372999955362], [11.525600778067433, 48.8537778887594, 14.846108638492757, 2.1166982612943013, 0.2761454878906496, 0.6578065369532207], [11.530626847214682, 48.10573856010946, 14.938428337568345, 2.181520956963858, 0.27969305287361096, 0.651845052946372], [11.50131870766186, 48.814300719083505, 14.988062298498832, 2.10677216149728, 0.27439777912873153, 0.6616602081433024], [11.49867881550687, 48.71316065166289, 15.07419577365318, 2.1093456446270475, 0.2738548313466204, 0.6609417089304538], [11.509463822963847, 48.943322998100854, 14.931238070599894, 2.1156117186809476, 0.27529019869857096, 0.6589640926691605], [11.510218171197609, 49.34244245160893, 14.91418846961056, 2.120849304177571, 0.2783887402248304, 0.6578105216194374], [11.49767989290583, 48.72124101350704, 15.017841125175108, 2.1034911997564283, 0.2733848070890845, 0.6606685735638171], [11.514951993467994, 48.996440258061604, 14.954259836762336, 2.093155524088105, 0.27437918254275767, 0.6604295755875593], [11.495470237921271, 48.908092305977995, 15.033500077974926, 2.087982755539845, 0.27225629709601007, 0.6644423532083411], [11.5133060076863, 48.96593613566338, 14.975279561062168, 2.103428146192081, 0.27450151094729025, 0.661901896551943], [11.517596922966996, 49.09346143746367, 14.959399870407132, 2.0902808612297816, 0.27529657200523644, 0.660166976640226], [11.511263233237091, 48.8904562209217, 14.956346805278981, 2.099518500206131, 0.27522971056979567, 0.660013422941735], [11.49719639855922, 49.299301011782404, 14.994361724918134, 2.0991599357602198, 0.27617419566860785, 0.661365557934394], [11.49534720967245, 48.83113387734927, 15.041946699255421, 2.0996805854765332, 0.2733554752452872, 0.6605380568725477], [11.497089835592128, 48.96276053629232, 15.045051014533522, 2.089778162033285, 0.2734716810961798, 0.6616108520196549], [11.478743543833863, 48.9632947829883, 15.159534889442853, 2.0916990288026427, 0.2722423607586264, 0.663389167372158], [11.51057908500172, 48.91304609687661, 14.922320698511886, 2.108415411124936, 0.2750772623304767, 0.6607562985594828], [11.499735988973322, 48.87629073917983, 14.991953893869582, 2.101046198605521, 0.27357093202584953, 0.6631903584564516], [11.575390143524196, 47.326406979519284, 14.022123055022767, 2.4390960407566022, 0.29857822398204137, 0.6224641025790879], [11.507190214478662, 49.020180993536414, 14.947806747455722, 2.0975746001962787, 0.2745304826431121, 0.6625966066199971], [11.514229278070658, 49.048714362712126, 14.853192900988011, 2.117358592587361, 0.2775760214149447, 0.6593267526696347], [11.504745497011916, 48.98449145420256, 14.961881709972761, 2.0952008498794448, 0.2738227847945242, 0.6625221457348165], [11.50656231306773, 49.005387840740134, 14.976897656297174, 2.1112253949646496, 0.27600743466261507, 0.6593086183649187], [11.504271780106482, 48.953554349120594, 14.97072315673598, 2.091541139286945, 0.27373147743829224, 0.663550424967218], [11.494652473406624, 49.04107540078907, 15.063219963954316, 2.086668196212763, 0.27282105256036937, 0.663657473182747], [11.499288245013966, 48.95094353269013, 15.010484073911847, 