{"basin_id": 3, "ref_run_idx": 3, "seed": 203, "x_best": [11.465503764179921, 48.735256655754284, 15.579111145992822, 2.0074864727777437, 0.2610590632166945, 0.6766834970164437], "best_J": 0.03096985220685765, "P_final": [[11.465503764179921, 48.735256655754284, 15.579111145992822, 2.0074864727777437, 0.2610590632166945, 0.6766834970164437], [11.4621803120499, 48.921960648289584, 15.6540598281922, 1.9426037351793077, 0.2573867424644897, 0.6819749055815071], [11.439792243850945, 48.7856758707494, 15.706160582407051, 2.045012255743449, 0.264222534233783, 0.6746569001767767], [11.446354163177164, 48.50945392032512, 15.406780863393609, 2.030564287171333, 0.2636792849471128, 0.6745552419253936], [11.475226780099746, 48.922851588465925, 15.550279322057818, 1.9645107088915887, 0.25718919803714085, 0.6830249164379187], [11.441638821412202, 48.298690035362746, 15.535474659422912, 2.053155537496553, 0.26183451906402233, 0.6739360350582131], [11.46576937707143, 48.962690168135566, 15.42467591944872, 1.9736570914859966, 0.26017344390419433, 0.6784259385558258], [11.469533443392011, 48.90335856708673, 15.782080907431101, 1.9682872475921702, 0.25846886730070723, 0.6792530494989336], [11.45640511766999, 48.59640082700125, 15.499810286022296, 2.0021807949207826, 0.2608285027878919, 0.6784010642464668], [11.508890521125288, 49.59181112349937, 15.43406887874453, 1.9410697933891896, 0.26050441484515025, 0.6847009557583561], [11.490801346238278, 48.93123636761632, 15.574241938446676, 1.9504211177569852, 0.2581036791582144, 0.6834755027938458], [11.487813119757194, 48.18987148582259, 15.544716263409539, 1.9924888276242023, 0.26104648772672107, 0.6748013953616925], [11.455015600073907, 48.670659633799964, 15.230126059268795, 2.016160921588341, 0.2631628349803857, 0.6751823938270363], [11.4542608665984, 49.115990725228464, 15.56594509346042, 1.9500712192352996, 0.25759222933597, 0.6892259093327284], [11.458827403043248, 48.85155914313379, 15.45662388005355, 2.0197232759670873, 0.26391084692018285, 0.6778989002697724], [11.464206032425752, 48.41629090315141, 15.448011660363331, 2.01160772129968, 0.26131888388719693, 0.6747197072613835], [11.470256029394976, 48.95946590994232, 15.712886501240897, 1.927136189796638, 0.25593202695045986, 0.6857761286415902], [11.465356264348959, 49.16886472037972, 15.490807723642854, 1.9803432246196677, 0.26219745771400055, 0.6730000415792149], [11.481909901840469, 48.53003323722267, 15.285211296650095, 2.0505977410714964, 0.26641045518989687, 0.6635132345673503], [11.462460627368994, 48.491299812016145, 15.362179383995247, 2.0188442230735997, 0.2614163119380067, 0.676630006884613], [11.473047335253362, 48.937069250667335, 15.433355867138763, 2.0003476561136138, 0.26067839494219197, 0.6806045506054207], [11.486745525831903, 49.387721494768925, 15.591060235940116, 1.942896073464048, 0.2607012501488928, 0.6808889929104379], [11.47385947376983, 48.79625230053544, 15.615720886709383, 1.9529583554719308, 0.2576455637966143, 0.6830723580324346], [11.566334385499513, 50.33394979047159, 15.10161351839158, 1.8969738147404558, 0.26412140322018507, 0.6847843057897884], [11.466905049605083, 48.70401101977487, 15.514422278366679, 1.966250896238439, 0.2588135985674638, 0.6814646244104083], [11.479211276635406, 48.29328086353313, 15.512780327568636, 2.01610932956431, 0.25991595348873814, 0.6761467583414964], [11.434407314669466, 48.68603106489392, 15.629134575228559, 1.9881306164191401, 0.2584604674627129, 0.6823706564292528], [11.402427206658409, 49.39197658767948, 15.289849192413026, 2.016307669948668, 0.2658308871253132, 0.6768841555827668], [11.437072195494988, 48.73296014485512, 15.420265331704774, 2.056629349614772, 0.26851278043366267, 0.6673324891672009], [11.445273006983747, 49.10415906492353, 15.338927242116577, 2.0071420038291454, 0.26250812649837807, 0.6776454292400762], [11.532857882691312, 50.01816008936533, 15.45321340765052, 1.8817220909127859, 0.26276052483651213, 0.6860978626976473], [11.481936935275598, 49.519074516983466, 15.888998925589174, 1.8910243090568861, 0.2557007394780218, 0.6867823670861366], [11.501563941540839, 48.75254885921385, 15.331722420215849, 1.9933998077880224, 0.26252339624777277, 0.675563344508119], [11.491441079136347, 48.835625932455834, 15.4408433637773, 2.009953350325453, 0.26300515953841824, 0.677215541350102], [11.447050373927997, 48.58528684727401, 15.361808837059883, 2.0111612851147513, 0.2624796135851487, 0.6765987774637248], [11.519501628069245, 49.879984964145216, 15.821082730719546, 1.9118840585997365, 0.25947647662743584, 0.6829939405219911], [11.477266189640686, 48.472863286365765, 15.638828579463079, 1.9787916442965199, 0.2581534079721983, 0.6770718907206331], [11.501312474605358, 48.415112966053556, 15.687463233294771, 1.9621402254665283, 0.25663609314425184, 0.6796923318586714], [11.50961128394872, 48.143745615404285, 15.391513464679038, 1.998849927946916, 0.25941134100659885, 0.6740968948501306], [11.440458110276225, 49.16616027649105, 15.648044610006812, 1.9953956640519284, 0.2618815206012455, 0.6799308738016755], [11.439418968484706, 47.92382512549634, 15.248571739426392, 2.0816892115243246, 0.2631527693434058, 0.664427666085903], [11.436712689414037, 47.82452205005772, 15.770180037586659, 2.0772744004236365, 0.2618586435240687, 0.672262496575409], [11.47538695667462, 48.800551346659994, 15.431569741263385, 1.9939507354703407, 0.26247570838138146, 0.6775774556489755], [11.460008963910282, 48.70426945224267, 15.677322533087871, 1.9876265463943674, 0.258411934952752, 0.6791281045319054], [11.494314026953319, 49.015155703429436, 15.541562301656779, 1.9814959550212028, 0.25993863499418435, 0.6844269716305162], [11.457774684989413, 48.818448394853306, 15.604483233639773, 2.0006339535517483, 0.26088777947046726, 0.675957220841454], [11.458646930294108, 48.8882264646385, 15.303058181631753, 1.999187209767821, 0.2594705058002538, 0.6795905366966247], [11.473368159175457, 48.73410578493091, 15.445950816542714, 2.0015893684418007, 0.2612739857455259, 0.6788400077998175], [11.457320635872483, 48.60236028236272, 15.475245194767755, 2.0291904226457915, 0.26238443938406153, 0.6778726415924871], [11.500609779830002, 48.22809892194011, 15.558205264325135, 1.9848683842242159, 0.2580352455155511, 0.6781663820254036], [11.466963675591066, 48.619928499770154, 15.513965240754473, 1.991602186602928, 0.26240669326406724, 0.6704737705792039], [11.503807272215688, 48.592214421805046, 15.67445594987391, 1.9380096902735142, 0.25504673731501415, 0.6807729440511864], [11.501225467393843, 48.20875756242998, 15.060943730759059, 1.9981375367476333, 0.25774856665774104, 0.6811256380630283], [11.456895055533709, 47.80486678691577, 15.35055711937795, 2.029604671881528, 0.2586976140300813, 0.6756318385937764], [11.455950429541693, 48.807888818030705, 15.473562052843093, 1.9897142287684113, 0.2601937276156128, 0.681913892123892], [11.479652717220125, 48.826124630805715, 15.327700066344203, 1.9646891862336424, 0.2579555848729117, 0.6829106436666822], [11.469752697323058, 48.594212081660224, 15.599114178323527, 1.971235774031367, 0.25563974909579934, 0.6835536314409021], [11.47900024214209, 49.47175924159755, 15.63700056300576, 1.8881466252696402, 0.2546747832789633, 0.687215659566411], [11.443459655183998, 48.40641837791202, 15.651902361356386, 2.008817255023844, 0.26010459410093933, 0.676992409783237], [11.404605936088267, 47.876220332634, 15.840638202604444, 2.056738047422578, 0.25803405282935515, 0.6773465256933737], [11.460983671936996, 48.423648136206694, 15.361003665391152, 2.0172863537717443, 0.2621458139978891, 0.6700519888825702], [11.439908170330265, 49.078801459431524, 15.422101994388278, 1.9889417903589408, 0.2623898430564483, 0.6782514115129646], [11.50189548589708, 50.57063268632226, 15.143102686412236, 1.8691047068199118, 0.25963746501722895, 0.6921726716863306], [11.451108936723777, 48.717780190474684, 15.672579463554925, 1.9819725690053422, 0.2598590483892747, 0.6775835836892298], [11.472302593603642, 