{"basin_id": 17, "ref_run_idx": 5, "seed": 205, "x_best": [11.469522169837926, 48.77049818487921, 15.347176989091096, 2.02950251918383, 0.26502297756356374, 0.6730961637469586], "best_J": 0.030919619416945123, "P_final": [[11.469522169837926, 48.77049818487921, 15.347176989091096, 2.02950251918383, 0.26502297756356374, 0.6730961637469586], [11.468970757337248, 49.01527000524014, 15.3511655634894, 2.018846409263509, 0.2663300988857641, 0.6715089160656595], [11.44124703348633, 47.52507975900933, 15.486710886588355, 2.2024550088674926, 0.2751980015670864, 0.6539596887749197], [11.473921732428213, 48.7588082078859, 15.544679966876148, 1.9948572991317208, 0.26101291554117434, 0.674949979482381], [11.474951541661346, 48.59393398135512, 15.381960656908783, 2.0213985494238997, 0.26303522144102226, 0.6760580455454657], [11.505270952067814, 48.00320584258563, 15.07127113938199, 2.062318430124414, 0.2650060889335715, 0.6684655899861404], [11.470555477419552, 49.228795365525144, 15.43378712741607, 1.9727111240136508, 0.261948511186315, 0.6779247408649199], [11.476925755581748, 49.364077555735584, 15.515834309251177, 1.9712912047960804, 0.2620950528509666, 0.6789018692904722], [11.481414240371425, 49.413716447937304, 15.580831930786767, 1.938487026746591, 0.25902631106658264, 0.682766495267052], [11.430730934843007, 50.032395075969255, 16.043892120370806, 1.8233357434339936, 0.24819219404080572, 0.7018419734861332], [11.470317070624871, 49.15090586477358, 15.282086605446645, 2.0315110645292886, 0.2666387031866749, 0.6723317342912426], [11.478590162952857, 48.48271416303122, 15.437274390076967, 2.0455395587215497, 0.2638532509332871, 0.6735614967500886], [11.469103453837091, 49.032006432777614, 15.264444073961194, 2.0310123407882794, 0.26689247707113856, 0.6713917987362985], [11.482006285366941, 49.06885014523666, 15.558168764455546, 1.9583622359849828, 0.2592858535953843, 0.6825389000284415], [11.471680635625493, 48.977012436044696, 15.423451274329748, 2.014215512335516, 0.26477606032030543, 0.674300790951936], [11.420373423274368, 47.770656394262886, 15.493505847107087, 2.1583918581661825, 0.26752875290587846, 0.6654236755344183], [11.47602944849594, 48.85008504915786, 15.531788685420807, 1.9916712485858674, 0.26154263751165513, 0.677205525660547], [11.444462186254736, 48.83218650031428, 15.384851459433836, 2.0391891206153288, 0.2662847828063648, 0.6712211663034418], [11.48205531412775, 48.999776643596206, 15.350788519950305, 1.9838062132702574, 0.2622937006184377, 0.6784155777469743], [11.472348956694686, 48.953060532773414, 15.32228403025984, 2.0134863546632067, 0.26463012921830886, 0.6740108663237439], [11.469437793056239, 48.999957754594234, 15.288217751698209, 2.0189313926736108, 0.26525288809169084, 0.6737949454867154], [11.482192034528698, 49.034464438114405, 15.466401171860285, 1.9936137372361729, 0.2631824511151764, 0.6767800093728108], [11.45992746866337, 48.6645677952078, 15.335277740617608, 2.0324622172800275, 0.2639459870208713, 0.6705005869648628], [11.48595274737168, 48.63647735507044, 15.180680847517458, 2.0518407005067476, 0.2663301666205841, 0.6704207313320046], [11.476806166862783, 48.920246262071096, 15.484182158451409, 2.012153970864766, 0.2626650809136688, 0.6770051130006822], [11.462167136275774, 49.04656971124216, 15.445995863653035, 2.0003706348777426, 0.26312643612529396, 0.6760033589807806], [11.478693055705978, 49.104900592941085, 15.377546105612629, 1.9626961952830793, 0.2619500129431309, 0.6786170527016219], [11.472294012239827, 48.76169439545569, 15.530247101718079, 1.9962899889025483, 0.2611648361446938, 0.6765216591585739], [11.45150064289579, 49.070243067662474, 15.409512774436497, 2.029507413641876, 0.265438518389047, 0.6758668929441536], [11.463615605136829, 48.76799695520805, 15.607473215182525, 1.9780736983134248, 0.2595302433973363, 0.6796957450269306], [11.468821029055427, 48.75207065480362, 15.324111201919465, 2.0305111178215403, 0.2654559175574292, 0.6716742043972038], [11.46420503842268, 49.18871340783842, 15.419023689248297, 1.999682277907942, 0.2646309300862529, 0.6758600425388186], [11.474405135579417, 49.48435798471448, 15.380472533486703, 1.9937447816817544, 0.26356565688427314, 0.6830829914849738], [11.504273718554499, 49.817912430238636, 15.843287159816047, 1.869072938354821, 0.2536233942676098, 0.6912502299625921], [11.49279584140132, 47.62938813388779, 14.904654587069237, 2.078087995800739, 0.2646085234921162, 0.6668560840645827], [11.47695621018144, 49.00766358848139, 15.484498341829557, 1.9829593810307493, 0.2612588575226448, 0.6785497306122603], [11.443108708577078, 49.39397035559763, 15.725901473951273, 1.9194226694625145, 0.2573899657811246, 0.6872251948962129], [11.472042018735246, 49.04445527901787, 15.383380504048926, 2.0056150576300427, 0.26406246158776264, 0.676840641854477], [11.458727797814555, 48.86424627563919, 15.3376890791678, 2.01881884404442, 0.26525553250845324, 0.6736266242487241], [11.472378278313622, 49.09259060592881, 15.395760107829037, 1.9906768640800139, 0.2629489275688458, 0.6765079858907997], [11.472532045521948, 49.20792733220224, 15.32692042740605, 2.0130322941121297, 0.26484483475999365, 0.6761095974982146], [11.553159644768067, 47.943179191440464, 14.572365032222352, 2.1888182511138696, 0.2775276420618525, 0.6503079410761702], [11.481187535168674, 49.14645315839059, 15.55843515094172, 1.9615261706872715, 0.25980688240249045, 0.6796789571603669], [11.473171617903514, 48.92873898727844, 15.516624751057064, 1.9746117389627895, 0.25994864956515834, 0.680229684920497], [11.48392263248642, 49.07895627095361, 15.433585928384725, 1.980908484951796, 0.2613192519108568, 0.6786116256597655], [11.480988671980253, 48.90991849065844, 15.487768940935581, 1.9888361038202786, 0.2616787929555204, 0.6765012613839305], [11.46865596442475, 48.99974804836965, 15.531992685885346, 1.9749381861832043, 0.25990811207944065, 0.6778891602589626], [11.443913918547855, 48.86832292116436, 15.905023493476614, 1.9703758656084944, 0.2580807397749023, 0.6831473335932308], [11.479879860764559, 49.1877646507087, 15.48821468598896, 1.9614211208918217, 0.2605988769956625, 0.6782263719023092], [11.485194633055247, 48.8783387845797, 15.324596651368617, 1.9974818615768077, 0.2618936719722879, 0.6772626363561729], [11.47218781261386, 48.943014742774096, 15.364405216997374, 2.0020112999379593, 0.2633180877740808, 0.6751042667530592], [11.463328634446047, 49.1681666574644, 15.341207332552662, 2.0277646705959023, 0.26680991374131474, 0.6722865586721642], [11.474270971963573, 49.257072817630934, 15.332116785103159, 2.0074959833598154, 0.2648818430103443, 0.6761936500317213], [11.478204336825904, 49.074433651724554, 15.505291531347206, 1.9509495931944674, 0.2579708445992113, 0.6819331250670948], [11.463984628936398, 48.68913786630071, 15.659635126762952, 1.9844454563827194, 0.2594116666998681, 0.6769568568092929], [11.486368375903536, 49.01671801082627, 15.30524101331084, 2.0219914593592665, 0.2655404506779846, 0.673898946640336], [11.470883293020059, 49.105318165336364, 14.918058870664513, 2.0135654433171455, 0.2659011475139779, 0.6736744041421975], [11.456145040940253, 48.762757868538145, 15.523221634272614, 1.994848061067915, 0.26091913280205503, 0.6769056752262086], [11.473291262185123, 48.718274355407544, 15.327283997243693, 2.0191113450403764, 0.2642795880586245, 0.6730137176886368], [11.481361042688953, 49.06569711431687, 15.430236872053383, 1.9965185452684815, 0.26295612735234425, 0.6767644437024075], [11.46049570153445, 48.93657269707482, 15.282190114288506, 2.0265426359824588, 0.26572423363233166, 0.672404932732106], [11.475620242149166, 48.45398302033306, 15.770983284035806, 1.957707713880806, 0.2551506421922289, 0.6800017895901274], [11.471772580654502, 48.70476542210648, 15.425636309858653, 2.0063429216089155, 0.2619211208835096, 0.6753754190817233], [11.480734326785411, 48.98997185626745, 15.362435860187443, 2.0045151748386005, 0.2626893583237193, 0.6775071672269479], [11.475108579864871, 49.00525968807409, 