{"basin_id": 11, "ref_run_idx": 15, "seed": 215, "x_best": [11.475563808052668, 48.78300756946289, 15.225397085519473, 2.053199171751504, 0.26736318423475736, 0.6693698549993718], "best_J": 0.030932547277678454, "P_final": [[11.475563808052668, 48.78300756946289, 15.225397085519473, 2.053199171751504, 0.26736318423475736, 0.6693698549993718], [11.474958679932476, 48.74410908494223, 15.101863373926848, 2.0806239883539974, 0.2693053037233081, 0.6663776879105223], [11.556046836451374, 49.62485083324495, 14.349699985722953, 2.1186312614077067, 0.2843562452100397, 0.6486096084535216], [11.568722004732063, 49.624174434418656, 14.381951437825485, 2.1289907763419804, 0.2862234550735896, 0.6513358727906375], [11.50130510708085, 49.27110457795873, 15.020300907131597, 2.1034389966483182, 0.27554895150477987, 0.6644034851980456], [11.585571287841374, 50.1881206524782, 14.630482903213386, 2.086030203716535, 0.2821889428825469, 0.6551787446129368], [11.498009899242323, 48.666581194754244, 15.03932655882206, 2.1300535916366394, 0.27621940811540135, 0.6581181705320363], [11.498424924976936, 49.01169959377871, 14.88124130209579, 2.0453725363370405, 0.26804295755921287, 0.6688749375147213], [11.51744197711791, 49.821141016762134, 14.894705847150144, 2.0813327223005578, 0.2779710995128265, 0.664551451006445], [11.570692821538795, 49.752220051035856, 14.662879792390886, 2.1086142279813624, 0.2831378968652555, 0.6523446596567596], [11.573996714681616, 49.6559711439577, 14.709875300742324, 2.052888115712832, 0.2762978195607546, 0.6597950537393248], [11.531395495053443, 49.02738054153063, 14.718699876449037, 2.0910644155868496, 0.27649085623643616, 0.659252948750329], [11.508868055041894, 48.78183390865843, 14.816781976839673, 2.1283691396668427, 0.2767955969675625, 0.659238413474087], [11.538678863442303, 49.8400311113004, 14.772764980502542, 2.093787715853702, 0.2801040538197547, 0.6599471968323262], [11.521288601580837, 49.67552125446051, 14.895365093405763, 2.1030268257996774, 0.2803656085087006, 0.656032544269307], [11.503487821052145, 49.91584509888889, 15.231577494434196, 1.9894972744409176, 0.2697709684158639, 0.6728161533875588], [11.48983892855436, 48.680417937589816, 14.972513304990349, 2.0788579317305267, 0.2705535903240752, 0.665641826000591], [11.474632786038361, 49.31990634554423, 15.31009185933089, 2.05180912755293, 0.27062969481064003, 0.6688774650478037], [11.528415259567831, 49.55171949540775, 14.865462690324694, 2.106043396054129, 0.27881332480534565, 0.657873320255109], [11.486574636553117, 49.38357081960414, 15.32327199269898, 2.0827767325514928, 0.27336764004808795, 0.6639063689037263], [11.587581201286405, 49.9337204771751, 14.079575981444572, 2.1704145662385894, 0.2933049223746418, 0.6412600254165468], [11.537663899238616, 49.95313564363219, 14.663061118472648, 2.1082766613195174, 0.2818827600375493, 0.6585471383223332], [11.486216625708137, 49.1765321189859, 15.140236232660762, 2.0717572228395116, 0.27236240225461267, 0.6659030266447707], [11.47986230529173, 49.34506466507856, 15.090359075284804, 2.10362161543988, 0.2774887188640507, 0.6614826464604411], [11.509191266308381, 49.40506633978917, 15.183659332367496, 1.9887329759374708, 0.2683160229956131, 0.6691469305365165], [11.568155262818742, 49.45439522957588, 14.68634116222123, 2.1028279726356365, 0.27814719986423386, 0.6586321564272551], [11.539815857536404, 49.7304045218732, 14.954720107717742, 2.1016948395440487, 0.2808284091398896, 0.6561692982482057], [11.515639986637288, 49.66885952327692, 14.559868792201092, 2.1357760131232415, 0.28231583128987753, 0.6558417790075033], [11.48417456425734, 48.68098038344372, 15.064780199108405, 2.071458652854062, 0.269024466384975, 0.6694370192144066], [11.52814087838459, 49.46951048464171, 14.83629380348121, 2.0727200986622956, 0.2751487708331908, 0.665133044369687], [11.543279883452692, 49.32651901599351, 14.88344710569227, 2.1032735134387974, 0.2788953870612746, 0.655836463088042], [11.520108322236348, 49.88774832589277, 14.630103133125495, 2.1476651033745675, 0.28559672715482415, 0.6514010319774557], [11.580028077291887, 49.225529070173586, 14.840983465041534, 2.1279493348236627, 0.2811313412411443, 0.65379215279443], [11.549895223448019, 49.56974296909306, 14.656543671331757, 2.074686311321315, 0.27711250667598225, 0.6622003086776251], [11.554372369265435, 49.991217174105834, 14.529004111594594, 2.1137286397769954, 0.28356445907665484, 0.653083508278746], [11.51651219757208, 49.98863240066449, 15.279425722867702, 2.0029759497537993, 0.2698003821947975, 0.6774275030408418], [11.546218063946183, 49.276523653233184, 14.92082367943032, 2.0816131158008524, 0.2764866043696063, 0.6602811536145547], [11.47358837540362, 48.765863171130235, 15.194970103426725, 2.0577803845701044, 0.26732118964156604, 0.6725294037866796], [11.565594894141382, 50.754251545882326, 14.699451163464397, 2.063809745415571, 0.28368478696599253, 0.6542337800603727], [11.50680300182813, 49.36663975014993, 15.027325414235408, 2.0823934343781723, 0.27516630930401653, 0.6633400142979907], [11.474784803642583, 49.48317476910435, 15.257437594510062, 2.045768921884501, 0.2703951274226346, 0.67000884811211], [11.569735840157183, 49.581570181934445, 14.277259133532196, 2.1560024852296573, 0.28695191452182817, 0.6460090488636424], [11.532293043530723, 49.45174466905799, 15.012052231360242, 2.0438073923470905, 0.2731594065532489, 0.6641702850112691], [11.523180126735591, 49.07229168386587, 15.055101380339252, 2.0405317095325484, 0.2702476827284409, 0.6654273154556616], [11.466291006998254, 49.22212882053623, 15.235460014873585, 2.063662225329556, 0.2705065432473244, 0.671457160382947], [11.468833873983112, 49.10554271030826, 15.134796319158077, 2.1201015957843476, 0.27229506380024276, 0.6680561769048777], [11.575602672869431, 49.76308910802601, 14.538010511232946, 2.1294929602762385, 0.2858838189504186, 0.6511418850076282], [11.545476994160355, 49.179600408267675, 14.852242900748362, 2.103955817502555, 0.2778911159609882, 0.6573210217051583], [11.470376245117162, 49.41477821158306, 15.257106284398008, 1.9865134298253135, 0.26598287913076063, 0.6777951992141223], [11.61074896990455, 49.93608398170957, 14.020833325557879, 2.242370492813479, 0.2935197607137129, 0.6376235892885082], [11.534714531046973, 50.26997044460578, 14.688928848311647, 2.051592511048738, 0.2782127781400273, 0.6593472269583218], [11.524055107739464, 49.723564163445076, 14.991127756431801, 2.079983413261317, 0.278525328088557, 0.6609909007339497], [11.60512064055844, 50.24511144822629, 14.367601135420516, 2.0846565645404387, 0.2843598513437513, 0.6537116506431104], [11.499119028506561, 49.4161103788376, 14.726181936766647, 2.06756122610914, 0.27682341446872016, 0.6617563943347785], [11.545846653985407, 49.71975936433396, 14.843144128450037, 2.0913888011583874, 0.27993646300069697, 0.6540646659062521], [11.480080996954436, 49.356017256732855, 15.333791684169626, 2.063419356231856, 0.27230297547061283, 0.6678321309951177], [11.51760648880082, 48.76109962926977, 14.836203985874644, 2.1279304863580593, 0.27684556546808403, 0.6539371036874118], [11.507025695689418, 49.57840804107274, 15.224718534847424, 2.0521522076209306, 0.27199180963064934, 0.6668298998607537], [11.595240674913168, 50.13050824674636, 14.386569225366555, 2.0941424470470893, 0.28385492826718645, 0.6624058310571712], [11.521968991793203, 49.303422008213005, 15.176670165230693, 2.069161785966936, 0.27413474184268616, 0.6594386363745737], [11.505258840889878, 49.07064269908062, 14.986892031084933, 2.0942699186663414, 0.27563300167119625, 0.6625955899351132], [11.438454451522585, 49.4183429046618, 15.410854369717015, 2.0457124849826585, 0.26922387495022804, 0.6740505247355741], [11.50441692278689, 48.92246120434427, 14.871450248563514, 2.0658745492922224, 0.2717273837288495, 0.6643001490054959], [11.51263321202485, 49.41828318704062, 14.539368597895388, 2.1315884088261474, 0.2812091681636441, 0.6562254835346719], [11.507335183971593, 49.47517570082925, 