{"basin_id": 3, "ref_run_idx": 13, "seed": 213, "x_best": [11.49640876839117, 48.88750383295761, 15.179503096774221, 2.0521385343693357, 0.26914567212705076, 0.6678276249317118], "best_J": 0.030927088534968013, "P_final": [[11.49640876839117, 48.88750383295761, 15.179503096774221, 2.0521385343693357, 0.26914567212705076, 0.6678276249317118], [11.459589503293675, 49.788359045194184, 15.460504356959824, 1.9898016943057515, 0.2655970553848115, 0.6802788961422226], [11.50378497051312, 49.26293494175891, 15.113264954096987, 2.017172866773173, 0.2695678527081375, 0.6720943611356429], [11.50954515605777, 49.83129072209127, 15.291940335556351, 1.9650357716486475, 0.2665889680959393, 0.676779905356173], [11.459824541386467, 48.69886615194473, 15.380611025737212, 2.038966067905762, 0.2640685163896283, 0.6742099800214325], [11.459669101567194, 47.94518186548877, 15.33434582267388, 2.0901854553554866, 0.2648542533974385, 0.6683174657027604], [11.530381645769426, 49.72694969721021, 15.259532795716169, 1.9323634329087458, 0.2626117419022102, 0.6802879757076726], [11.487331058589673, 49.615701589827815, 15.362427154130799, 1.9663013360747044, 0.2636819614570865, 0.6823257990070286], [11.503209642579037, 49.35184160371809, 15.233973863807655, 1.9518960618952914, 0.2613356435236592, 0.679570147767043], [11.41152060482644, 49.24724150285729, 15.645664219657897, 1.9506331711010712, 0.25937631467187877, 0.6793485140757326], [11.467968460255573, 48.385889220793814, 15.599163556499425, 2.023042520166807, 0.26086422119681535, 0.6760558689603993], [11.490801346238278, 49.90351385076907, 15.358611618277807, 1.9540521170329406, 0.26371176004103036, 0.6801572740927423], [11.446920969937525, 48.65171178015757, 15.398809230251977, 2.0254887432054005, 0.26405212994580657, 0.672193607869232], [11.471424367422443, 48.16795480784109, 15.311255425326227, 2.095109838367609, 0.26978421879404335, 0.6677204197727581], [11.454669700041054, 48.1057656251693, 15.373392586994584, 2.0506698649511996, 0.26506123788281133, 0.6650579182594539], [11.46457061339183, 49.0900813411378, 15.4891185377659, 1.9941026859199582, 0.2623375272745849, 0.6812311033942328], [11.571143337512321, 49.73250092414338, 14.7189872933517, 1.9894230448118493, 0.271171449976715, 0.6707596189632921], [11.52645786871483, 49.71932348271959, 15.179882863678328, 1.976375007094857, 0.26670744403525276, 0.6736494996662785], [11.476285636705727, 49.0853062026482, 15.444443009778631, 2.0194303910654976, 0.2638832790610233, 0.6734502588182643], [11.449793004384818, 48.0725734531689, 15.429057045418045, 2.0917038876680234, 0.26599734540212994, 0.6667902916527679], [11.454165943890416, 49.17628123760851, 15.470764204836946, 1.9880251072580084, 0.26222939614961244, 0.6762437812615449], [11.509401983945196, 49.85409584070342, 15.375655874627178, 1.9315210818372424, 0.26152357134954246, 0.6880839388216214], [11.516917882247572, 49.040961582571356, 15.27891898153151, 2.0356020193465945, 0.26853282204646445, 0.66548820753276], [11.478770119078353, 49.26422171273143, 15.421393443633782, 1.9690434585028551, 0.2626969005202301, 0.6820328367006121], [11.433700277205876, 47.98842437814761, 15.584641941312947, 2.0547526771468245, 0.26315829984589784, 0.67220602291857], [11.497270581251827, 49.244107965862355, 15.193928056423506, 2.0415676234893683, 0.27028868190312333, 0.678578383053108], [11.501298754753883, 48.629624567108415, 15.264989310127229, 2.0571330631676505, 0.26653783134451065, 0.6693885831823366], [11.503507109000628, 49.86968168489824, 15.261873279454221, 1.9438029663675995, 0.2633560151124469, 0.6807554278647121], [11.498534902005591, 49.31805665151688, 15.313648834378832, 1.9769097263338569, 0.26586876841133794, 0.6741849827969869], [11.530589753719315, 49.886904766756096, 15.394976450728187, 1.9529189158655285, 0.26491546482149037, 0.6784358272634573], [11.491459562183795, 49.47272376321508, 15.565261684586467, 1.944422791699729, 0.25975175192365973, 0.6785720219320408], [11.46055362311991, 48.304170755263236, 15.676673228191861, 1.9921702767146088, 0.25651302550937444, 0.6788216238340117], [11.53861570528765, 50.252394191247156, 15.07505213788176, 1.9022743120959291, 0.26221525214438396, 0.6839242985986375], [11.494777979549914, 49.796495414701674, 15.180009121563673, 1.9432841393472542, 0.2658322684794359, 0.6768786322912215], [11.486319232861105, 49.74243716927328, 15.503400629824926, 1.957961335682283, 0.2634635385171447, 0.6793220522377016], [11.55247962560774, 49.89577053812402, 14.990954374787776, 1.9811582623637078, 0.2688286930350456, 0.6725147950411311], [11.44622279444037, 48.85440381494716, 15.90349134038718, 1.9262055855363498, 0.2524279760660981, 0.6878372245033669], [11.54394116344708, 49.3188581366353, 15.24590938483606, 1.9621502713204186, 0.2616107447603082, 0.6775591637033598], [11.429758433539073, 48.400871502290094, 15.350018005080162, 2.083302548513309, 0.26934286831398074, 0.6641005794075175], [11.4982339964726, 49.280807797017054, 15.57800453333783, 1.949197497351372, 0.2599276911630095, 0.6776103558347162], [11.475183680436087, 49.26910179023494, 15.302082794147491, 1.9988911418389548, 0.2643776734139672, 0.6748839846443581], [11.449746803277819, 48.1876950614755, 15.488571527592399, 2.054967902165681, 0.26251417084715256, 0.6726812244151026], [11.478082772787598, 48.55270943024566, 15.204612802767498, 2.0442300072592094, 0.26595996043936604, 0.6728002634106618], [11.475706058606182, 49.48687308223794, 15.580733717898234, 1.897830508401968, 0.2555529777552849, 0.6876939345780333], [11.543024532397522, 49.702434212746326, 14.929949148130397, 2.012573181070648, 0.27099196480482357, 0.678290934927887], [11.52504450629937, 49.154115223355156, 15.031565052854369, 2.0445995341615038, 0.2715205972864264, 0.6665867282193068], [11.452193694347303, 49.93514827918936, 15.73546957451553, 1.9480759285409446, 0.2598611356181935, 0.6856500713533833], [11.49405203834451, 49.706809225425324, 15.316279981002674, 1.9557578885173692, 0.2630507489422897, 0.6794190230135758], [11.574030223198498, 50.26741836522105, 14.92801040310042, 1.945927057210232, 0.2699635371781704, 0.6724810194815322], [11.548956041917974, 49.784317035153705, 14.812694073837337, 2.0104433061816867, 0.27227066570274333, 0.6676029194615176], [11.50272949700379, 49.781491848538884, 15.467056849764012, 1.9066876563099777, 0.2588323372617136, 0.6843288981625981], [11.479170857929475, 50.26421906721198, 15.242957584675302, 1.9596404891857055, 0.26415358429354885, 0.6816848567102256], [11.463059779357899, 48.40698236232539, 15.545731492604116, 2.0009753234518097, 0.2591627799092187, 0.6806477086361088], [11.489116416027217, 48.38946992848791, 15.337282487158632, 2.1134671625372135, 0.2712500459821924, 0.6625035770125103], [11.441038350905563, 50.02245016000724, 15.766385208626092, 1.9324113246384886, 0.2590049850200713, 0.6868922374463613], [11.443229934767725, 47.95917983160379, 15.367267688534314, 2.1235973777474038, 0.27021097886047946, 0.6610243504775662], [11.412647860167663, 49.27561094426786, 15.68913308704401, 1.9599357529131927, 0.25678802292117786, 0.6857004103159371], [11.555122786350942, 49.87467097976433, 14.924277962960259, 1.9714181819653884, 0.26971983101414887, 0.6748259292534602], [11.594332207268499, 50.551948930901126, 15.052723165573433, 1.9091609706817974, 0.26910067042452446, 0.6814280397704708], [11.544317138866923, 49.47312342129107, 15.306146556088324, 1.9903505251026714, 0.2668889308567523, 0.6739964743299587], [11.451375697841332, 49.653507697115295, 15.484468325782071, 1.8931009931883636, 0.2568671830451984, 0.6837356010503767], [11.4917312353969, 49.5469340274547, 15.399672477525073, 1.9686112619440983, 0.26201733373139097, 0.6820748616394553], [11.471773208555648, 49.023838494538744, 14.924533001410271, 2.083838482981432, 0.27214894248184496, 0.6694759007449075], [11.454131328635818, 49.40997132237059, 15.516958599329786, 1.949342005432705, 0.2592609998756084, 0.6828950704233758], [11.488283854984525, 49.35864221302659, 