{"basin_id": 6, "ref_run_idx": 13, "seed": 213, "x_best": [11.480272781616586, 48.62293858300753, 15.194398500208273, 2.081731697938355, 0.2698695209755045, 0.6650334284695318], "best_J": 0.03093987512205537, "P_final": [[11.480272781616586, 48.62293858300753, 15.194398500208273, 2.081731697938355, 0.2698695209755045, 0.6650334284695318], [11.460670468382617, 48.16088031709141, 15.301830202517044, 2.078137564893868, 0.2665560870643204, 0.6667481716646093], [11.452874236780007, 48.37399781728321, 15.312487792616546, 2.096243610681067, 0.26797985556696297, 0.666579239130529], [11.485884309900799, 48.56753349568157, 15.124289594225754, 2.091600025222554, 0.2702723485236709, 0.665457848254936], [11.466246477195925, 48.363662228521214, 15.235935601798896, 2.080693203072651, 0.26821729928891835, 0.6661770479156897], [11.477341651543076, 48.7123462196979, 15.15899148005292, 2.0825712227928954, 0.270003448027791, 0.6652263067973062], [11.472465283500688, 48.678306801534234, 15.22168861246382, 2.0830717674112167, 0.2698689675350363, 0.6655405558092573], [11.454847970686798, 48.699114933780265, 15.271652532163762, 2.0798832994587144, 0.26805400639314303, 0.6684275490703627], [11.51565156946148, 48.111546021964266, 14.748573020552502, 2.156307049084415, 0.2770209867557466, 0.6567639025498769], [11.475659156996361, 48.3465492857579, 15.25130792063057, 2.0927941340150866, 0.26891464975040386, 0.664889538081291], [11.472519307109856, 48.53723679557621, 15.21679375741498, 2.0773211511265406, 0.2684965134606792, 0.666903501748897], [11.482215049053734, 48.332476559522526, 15.147744317654169, 2.116657214876787, 0.27054613386662585, 0.6623566676672914], [11.469978421276155, 48.457167340749756, 15.272269357519932, 2.0773005561630296, 0.2677338669115898, 0.6676163857990365], [11.488918318152777, 48.40797670609259, 15.176440255258026, 2.080245276718429, 0.2684523992694503, 0.6660096569439369], [11.478957891730602, 48.44301110095556, 15.275088461743707, 2.078311278526952, 0.26769226763074866, 0.6668930853509211], [11.455188874551157, 48.38490777262739, 15.193480933801727, 2.078520313864949, 0.2680063052863175, 0.6665075673965803], [11.488940462724187, 48.68786587655975, 15.186531460554026, 2.0798953090592893, 0.2699676136926452, 0.6671931787156359], [11.473065186160607, 48.69887355914103, 15.315661367317109, 2.084828212665009, 0.2699955684590005, 0.6653767727868122], [11.468433444497286, 48.40951655489493, 15.262268694571942, 2.0965469091528997, 0.26918112807436684, 0.6651881074617149], [11.46757691865053, 48.161703823120696, 15.016331018535846, 2.181263800110547, 0.2752826220400516, 0.6562916958599444], [11.481315183693637, 48.22776791180123, 15.125594536678777, 2.100790220314587, 0.2693134194490443, 0.6633221649079227], [11.47176569794453, 48.47502262507395, 15.199495507402993, 2.086708703315246, 0.26885811259096537, 0.6648567222739987], [11.463593586386706, 48.48234629864959, 15.322861564913575, 2.0880971778867385, 0.26912808827340984, 0.6665229818229674], [11.481638401151674, 48.549680940246226, 15.190659753670738, 2.0867594196161194, 0.26975076246220414, 0.6656020050357533], [11.470484619818532, 48.61297876071284, 15.215806781215134, 2.079200214324554, 0.2689253870074174, 0.6677421651640721], [11.490015560891113, 47.97814806735422, 15.334969417685828, 2.079276750618707, 0.26821150006497335, 0.6676424679418129], [11.480936176267665, 48.5185421271203, 15.199450317288491, 2.0798994941748585, 0.26806301048426934, 0.6679283597914648], [11.463405235762485, 48.497023985762084, 15.242716389556255, 2.08223863753321, 0.2688396528953426, 0.6662408328186828], [11.468871589980822, 48.56048265409058, 15.16533994021528, 2.083747456501608, 0.26961470493789047, 0.6646786292324708], [11.49083867530999, 48.61589019865084, 14.992786599939327, 2.086552240557709, 0.27077159224140357, 0.66313665593859], [11.468505031337894, 48.48885299961212, 15.237466750841753, 2.0773089074236593, 0.2681932081927775, 0.6668059515221655], [11.471799388052645, 48.55790751509069, 15.200502201405905, 2.0918732344482702, 0.2703601209478953, 0.6633727379496361], [11.484460868936921, 48.37262713649039, 15.074329772923548, 2.115099031981784, 0.2716365602143087, 0.6626068344965353], [11.469562678171032, 48.441038273670834, 15.270177575904805, 2.0804259483438052, 0.2680236055001822, 0.666357017807816], [11.463820360944823, 48.470303624869516, 15.298972205219753, 2.079672542045739, 0.2688651973152245, 0.6666193655845224], [11.506743694644314, 47.996235527700634, 14.87248150294199, 2.1750216597734253, 0.2774927025394718, 0.6504670345202767], [11.472156585119409, 48.644418061539874, 15.25662997624861, 2.083634814669683, 0.26932982796441096, 0.6672177945495084], [11.4686361783259, 48.522254910964634, 15.25168727155361, 2.0789654639948587, 0.26833062021486326, 0.6680670932319163], [11.477751624924595, 48.21902666606956, 15.06319069313217, 2.1320278351927073, 0.2732032953497891, 0.6578343488074273], [11.465100835623774, 48.5385940994376, 15.241931502298238, 2.0829169540717656, 0.2690901859797822, 0.6657070419469929], [11.471236673581549, 48.491325042381256, 15.231900203265827, 2.096006249737987, 0.26880725698131186, 0.666508039077437], [11.515510804107995, 48.07449111656762, 14.826474331197504, 2.227133471313702, 0.28013073913311626, 0.6486315168308288], [11.504709239976771, 48.67985915774207, 14.92438928006546, 2.1079416363194716, 0.273145046548851, 0.6604643068077584], [11.469467600938904, 48.49007468918055, 15.346397130096372, 2.0789530610748934, 0.2677684232778476, 0.6667331791275886], [11.493739222221715, 48.637577779652645, 15.089595735030283, 2.0783342195200336, 0.2695233478699396, 0.6668409540606169], [11.459709132186711, 48.237341127958096, 15.419153220743091, 2.081797675833348, 0.2658883528161233, 0.6682183025356092], [11.482392076403356, 48.45608054603322, 15.172137261970896, 2.0935006604612885, 0.26966429865736385, 0.6657121472939993], [11.461223758930474, 48.43142137972134, 15.278279891386946, 2.08157445255663, 0.26823949262743774, 0.665321820345906], [11.500944416299179, 48.51317978902983, 15.106580947839474, 2.1209118185055917, 0.2742049764446722, 0.6566069161191167], [11.468914116824894, 48.400032392777966, 15.333686050514041, 2.0837685058961224, 0.2670636672568236, 0.6692178258810259], [11.509172146302799, 48.23159623935554, 15.211668314207637, 2.1139933948457044, 0.271452211533286, 0.6568216844058202], [11.483881200407552, 48.28848903473922, 15.114211092479266, 2.1461907347416433, 0.27354279810977683, 0.6593900339060561], [11.467086835353657, 48.57034359676153, 15.244103781259808, 2.0848358045765503, 0.2688582470676998, 0.66767891471174], [11.477707680765027, 48.53154073999485, 15.268005007224838, 2.0775952613848676, 0.2688530330927375, 0.6661632206180259], [11.4703266679422, 48.60697232855294, 15.197802961012519, 2.089846448000713, 0.26919133571103254, 0.6668709100088313], [11.491845103131526, 47.94463372890382, 14.9028326032144, 2.1611303004390483, 0.27521266454474086, 0.6538785056871289], [11.47404021881421, 48.37131464672052, 15.192409211055818, 2.0996940992092115, 0.2691700245252055, 0.6658098233448805], [11.468486665246871, 48.533046933860014, 15.30409827014825, 2.080783230832807, 0.26860747593451906, 0.6659064574763839], [11.474746451688992, 48.61128078169433, 15.197272530208592, 2.077807891101171, 0.26950380414011593, 0.6669548047616792], [11.565703285118031, 47.56370995171749, 14.365239233824267, 2.469198221284177, 0.2983073998183663, 0.6229766905831696], [11.458715102490908, 48.43300064097859, 15.295454565204633, 2.078448875876293, 0.2669495716492186, 0.6665966551976032], [11.463429812470217, 48.515912195082414, 15.263927611172672, 2.086251207053933, 0.2692221425648709, 0.6653454329084443], [11.479001180928202, 48.31080555200939, 15.097369413172201, 2.1387519644571737, 0.2723251653584125, 0.6612299247158117], [11.44962722595865, 48.45728114818867, 15.369034605198335, 2.0791916944164113, 0.2665725207300471, 0.667987976854907], [11.486627647838835, 48.629404898091614, 15.180499387723842, 