{"basin_id": 2, "ref_run_idx": 15, "seed": 215, "x_best": [11.523595452275451, 48.98667714993617, 14.874003164311578, 2.0906419414282396, 0.2741804884272305, 0.6620266508265671], "best_J": 0.0310190931190869, "P_final": [[11.523595452275451, 48.98667714993617, 14.874003164311578, 2.0906419414282396, 0.2741804884272305, 0.6620266508265671], [11.554646421967874, 49.120247152952274, 14.728261104387553, 2.1479783611219583, 0.28198937064440527, 0.6533750481805056], [11.544891101716614, 49.18075528374878, 14.603045141873386, 2.275102688473891, 0.2899523155139575, 0.6469272242577504], [11.511843776721252, 48.933453623128116, 14.835224318690083, 2.1104205114659527, 0.2760181430488021, 0.6598684648017018], [11.567266053562216, 49.10355227701211, 14.535107419344184, 2.215133692593831, 0.28890718273233806, 0.6438248259357803], [11.479190647822678, 48.04392720720482, 15.068871640530357, 2.15170663369491, 0.2734429258299128, 0.6575987971162167], [11.521048289072734, 48.530421679037424, 14.83416489426283, 2.1933066051840737, 0.28185818245709876, 0.6528267698765889], [11.554041031583166, 48.640121708099464, 14.536874990447775, 2.1877818380003937, 0.2838917861320414, 0.6456963272271755], [11.556304195000287, 49.338603256322685, 14.851306030502375, 2.075284998095607, 0.2744216202002471, 0.6660875281131201], [11.550171618897405, 49.041435006952476, 15.022447279786125, 2.06004940504421, 0.27192131356092036, 0.6609175446071003], [11.550094882257936, 49.30875928499481, 14.750038814707876, 2.1201068096413476, 0.2785385198714569, 0.6591588880083705], [11.53336385661255, 49.22375185409062, 14.816796826458587, 2.1162270471156055, 0.2790850628777313, 0.6585662993478444], [11.553755376141515, 49.267200912031534, 14.78304170674143, 2.1573266904077086, 0.2843783912990741, 0.6501773890699731], [11.546165575662037, 49.46876688442468, 14.712351604495119, 2.1340219353586383, 0.28164928804707645, 0.6583815244284948], [11.546407163470823, 49.8673975730086, 14.518192776558235, 2.0885412929517893, 0.2814922685326223, 0.6578330021653624], [11.57853024161334, 49.451781482184174, 14.37546467236868, 2.2097072526775787, 0.2888581051335357, 0.6510691899985511], [11.511099753827196, 48.813843696817116, 14.745666978221362, 2.1281362394213943, 0.2770284273178543, 0.6566636611853953], [11.55487764812917, 49.38690700451642, 14.590120799086804, 2.2148527906304176, 0.28900148403061177, 0.6464053438617025], [11.544565815934737, 49.07761036550041, 14.590030373568595, 2.1928690502622024, 0.28678238405449075, 0.6449386806407416], [11.524867990345287, 48.74709607405784, 14.847242638248302, 2.1197441248869087, 0.27700191906071114, 0.655169264686752], [11.520730783691384, 48.8728906466003, 14.834668645274164, 2.1229246692737807, 0.27730011995347537, 0.6580462870956327], [11.511830484673155, 49.28457720989517, 14.872767421752929, 2.1115690474001987, 0.27586449363665744, 0.6611796144126864], [11.496383046374804, 49.13224433585066, 14.89490699206458, 2.102647285792286, 0.2765767541078305, 0.6609720330100957], [11.522716275874092, 48.904255226034515, 14.826627812347642, 2.1154880419276862, 0.2768837364916603, 0.6579698477969075], [11.566304298898032, 49.306982338328964, 14.626993286768986, 2.1412720786597195, 0.28353488821965744, 0.6524434533839447], [11.501574969607763, 48.995745250201296, 14.873757207733183, 2.1205499664933702, 0.2767824193164862, 0.6602978916789414], [11.538886569983676, 49.31752688650253, 14.59742019763993, 2.140899235606952, 0.2828348522028913, 0.6545242134313325], [11.532764337381831, 49.43077474187295, 14.677047728895145, 2.1356896631133413, 0.2807151165904812, 0.6562654332700899], [11.555692181528174, 49.14507680686734, 14.607692818742015, 2.1741130389659364, 0.2845865475421283, 0.6494083631902623], [11.520544614820258, 48.65936705186898, 14.773898719241393, 2.171848693341583, 0.27925273095992326, 0.6551249963097501], [11.528312265064606, 48.66557440649205, 14.794374348668166, 2.154577782874979, 0.2797279573493114, 0.6533843886184864], [11.544343191787744, 48.78320942228814, 14.624049416816504, 2.2153291616819097, 0.28662076333628406, 0.6466153434699348], [11.545266171939724, 49.483766588084436, 14.672075252392405, 2.142623821171451, 0.28390254694895994, 0.6502317918760502], [11.491500298351141, 48.53784938489714, 14.942505420101547, 2.1160868132317323, 0.2752973268612235, 0.6587473964183729], [11.538416616112826, 49.01089286946597, 14.739661513903442, 2.111661489403053, 0.27734075333439, 0.6585910179092965], [11.53948766378424, 49.12411517017276, 14.757546099073014, 2.152202891222518, 0.277852688686808, 0.6584477261135685], [11.566759186364388, 48.72325435860022, 14.709962780565721, 2.1984488025903004, 0.2834263632304074, 0.6479932918151803], [11.561691074590119, 49.55092572871574, 14.671965072680127, 2.1356735805916935, 0.2840437880275558, 0.651210963847912], [11.523479869135057, 48.57015669055121, 14.747144012978845, 2.121159142667336, 0.2769441823837698, 0.6547476319549136], [11.535795119075305, 48.85642890388626, 14.82416188127852, 2.1740199784477268, 0.28252204988836727, 0.6513200154264008], [11.53160524008026, 48.84150578821572, 14.345325975739762, 2.1431686297880344, 0.2798289591051721, 0.6531364966362154], [11.519601160558882, 48.98078604433393, 14.898431971114306, 2.1183813469759794, 0.2753747004214899, 0.6615150611574278], [11.512989230575918, 48.077019637757516, 14.929669095332079, 2.1265515640093304, 0.2720666606364118, 0.655919698171727], [11.529773192025784, 48.828551137169484, 14.80185943541702, 2.127760715422999, 0.27845785516405264, 0.6552983419764233], [11.555260677223563, 49.334651557669936, 14.599301902367394, 2.1851093024460275, 0.2848780463860222, 0.6495429429622865], [11.594318822942734, 50.33748052400851, 14.385400256444278, 2.216267828050764, 0.29699737149034433, 0.6378402964308586], [11.541850842892362, 49.5303072364911, 14.642648128682461, 2.1433273446886583, 0.28354022217091085, 0.6568522041991681], [11.537163324321174, 48.95576571301441, 14.803997290504292, 2.092883145008757, 0.27677218869982273, 0.6564813797181612], [11.545250629840012, 48.98253308943035, 14.624708342597334, 2.146850274354407, 0.2806444067355316, 0.6518890782980641], [11.53698246953019, 49.18701973245881, 14.689634276818884, 2.1347161712866747, 0.28071467612563267, 0.6557666618761706], [11.54250943626564, 49.00121542383333, 14.578781239765558, 2.2031310701307003, 0.2853156566905846, 0.6511529392636097], [11.548468405147016, 49.156278653739385, 14.662394372168196, 2.1660721172809945, 0.2835395311533103, 0.6516537988578253], [11.52073692296269, 48.86039283440473, 14.815559909778266, 2.1248236647964447, 0.2778566446659534, 0.656080407533381], [11.524694476695961, 48.80408407697071, 14.795704522766814, 2.131112620211388, 0.27782139865208594, 0.6577969855382373], [11.520820860574734, 48.66186726005177, 14.738800555232492, 2.151315590379874, 0.27878445483594455, 0.6542224056376348], [11.542810537597559, 49.20016500347448, 14.645600910685372, 2.1420296712950604, 0.2816713695628836, 0.6540573469098818], [11.496373616307904, 48.24807980268104, 14.990752310084241, 2.117169536713101, 0.2722030919204738, 0.6585588593414072], [11.494101436158497, 48.987425582172676, 14.921474664972537, 2.107637479319975, 0.27619353147599085, 0.6622422074307583], [11.605216926632789, 50.395691663738525, 14.347553228905943, 2.0641081937867143, 0.284186901383612, 0.6584834296218159], [11.523489953738377, 48.78184733411827, 14.657894114834123, 2.129497420995882, 0.2776780070871242, 0.6594402990641611], [11.54185478924304, 48.83062486816144, 14.778159570481888, 2.1304934299039773, 0.27860689452177195, 0.6539117352735565], [11.511690104395893, 48.789182918353994, 14.7073911960474, 2.1736646895277696, 0.28041700055384094, 0.6549324424044952], [11.587182145985457, 49.37895232721613, 14.408091724000757, 2.242438610632453, 0.2945503031078275, 0.6370132094330703], [11.522366809183422, 48.48609874421538, 14.77334479017513, 2.1079861801071758, 0.27566711383383014, 0.6554015727000633], [11.58051535031784, 49.547259195954176, 