{"basin_id": 2, "ref_run_idx": 6, "seed": 206, "x_best": [11.490977963566827, 48.91149996679656, 15.081087685516264, 2.0806380976429044, 0.27179593563274906, 0.6648583102541883], "best_J": 0.03094064538431654, "P_final": [[11.490977963566827, 48.91149996679656, 15.081087685516264, 2.0806380976429044, 0.27179593563274906, 0.6648583102541883], [11.483697530990856, 48.6092926259708, 15.099152317525022, 2.09882971958428, 0.2717047625799721, 0.6637144638528506], [11.491058904615537, 48.67638373086661, 15.057281033614288, 2.108003188479754, 0.27286128965401385, 0.6628081736064636], [11.490331184308188, 48.62121901636503, 15.09836782472758, 2.1022424691789783, 0.272247797386113, 0.662394451263774], [11.49656283159327, 48.73674483216131, 15.10062088734164, 2.0947985556196875, 0.2721622110797964, 0.6619333782871717], [11.490367801413257, 48.792616622778304, 15.069133270612928, 2.0971321760740778, 0.2723349471183811, 0.66397922725146], [11.518283360070896, 49.16691961950505, 14.932684689468925, 2.1145433884879243, 0.27692740493925067, 0.6583796062622752], [11.487162235263545, 48.62924680468572, 15.106347091304697, 2.092490426990436, 0.27170189537238926, 0.6644250096884506], [11.49246136803522, 48.61765320141731, 15.068388130207339, 2.1004437238711775, 0.2723349603654138, 0.6623606019622451], [11.48848625086639, 48.74759716187634, 15.119365513690411, 2.09097666138203, 0.2717658052506057, 0.6640588672007192], [11.487349130412174, 48.65785430353915, 15.069383130494447, 2.0977020854935304, 0.27235465750363735, 0.6625577559541883], [11.634552987008803, 49.06333428223956, 14.177040805897612, 2.3052826170164864, 0.2983201513596159, 0.6335845920979395], [11.528961274067019, 48.509817539438046, 14.828661721422815, 2.1581444834513293, 0.27899587762943073, 0.6528916307190568], [11.488383245796834, 48.67791376256138, 15.088417939146785, 2.0968019544644187, 0.2716405033238316, 0.6636681101816023], [11.496176543365987, 48.69727128256631, 15.0640713588969, 2.102371004531803, 0.2729627702991213, 0.6618196424841178], [11.48800656825465, 48.71600523252164, 14.991091675770553, 2.097377696560856, 0.2720722842947123, 0.663401740971956], [11.494758222700526, 48.671157524734596, 15.08040336059705, 2.104112904704179, 0.27283510108467823, 0.6616407269912236], [11.486320508153204, 48.76705724949736, 15.081361743992815, 2.0912358777069255, 0.2718966723607742, 0.6642728427156962], [11.480047127219736, 48.642754737185214, 15.122633795095831, 2.1035828774854433, 0.2722451273304603, 0.6631902643490001], [11.512371091085436, 48.89042848865346, 14.976957005015471, 2.09120888084143, 0.273028826500115, 0.6626429944106206], [11.570898432376776, 49.39366244668268, 14.541012082183107, 2.1888672539181195, 0.2877611267437909, 0.6475876299181417], [11.49145993574698, 48.63386039586055, 15.1256657441558, 2.0949186696515687, 0.2719708788059164, 0.6632079420711466], [11.492869822327219, 48.69514129123096, 15.077731428961455, 2.100765504342522, 0.2726405844431749, 0.662581908022257], [11.494828463604922, 48.62200631525023, 15.078583902056488, 2.103045367267248, 0.2725878576136136, 0.6627028009635914], [11.501213996090186, 48.84935545206858, 15.017362364915625, 2.103606878681196, 0.2743080492510486, 0.6619162208016194], [11.529513048292038, 49.06843796040956, 14.865454864178567, 2.138908833368931, 0.2796684166584134, 0.652906724493745], [11.488265930524264, 48.7333960643964, 15.015799161415854, 2.105908623927122, 0.27307943780654886, 0.6627169215653699], [11.633502782869565, 49.49229540224924, 14.15447683364491, 2.176848820764866, 0.28917594644869066, 0.6451730234243999], [11.486933453981122, 49.04688096948606, 15.063210147585101, 2.0718040611717843, 0.2722485519472044, 0.6656223860507203], [11.526545941437744, 48.923089930308215, 14.783256660403358, 2.134328604819648, 0.27834294394388787, 0.6572350806766024], [11.49863091645708, 48.88365491460232, 15.023518367814775, 2.0843282527462885, 0.27240898219804605, 0.6631626372120084], [11.494004052971484, 48.754466329889446, 15.119316554409266, 2.089694187958519, 0.2717098850938777, 0.6638077033382295], [11.494207586195104, 48.92468161421409, 15.00900548890752, 2.077083757523973, 0.27185997770444514, 0.664234471285249], [11.491837920690498, 48.758290963313236, 15.101650131717493, 2.096863133718642, 0.2721521934332077, 0.6636073807974445], [11.494186478797623, 48.751547247133814, 15.05080414358461, 2.0978504817722454, 0.27304396796814173, 0.66141479575574], [11.48888803206522, 48.682853986013264, 15.072566266415668, 2.0980230659220522, 0.27220565802131585, 0.6624124710358211], [11.487635155979056, 48.7019878760269, 15.097620392447634, 2.099792894788508, 0.272459036925938, 0.6625417820206226], [11.49075786904793, 48.81353981268723, 15.127220045608011, 2.089914324411301, 0.2717958632471467, 0.6643284831423575], [11.501976735515012, 48.81228698017538, 15.016844416180009, 2.0908975152877254, 0.27329271447670084, 0.6601025000441415], [11.497289493205523, 48.89131065488843, 15.011987465700882, 2.108187874106102, 0.2748039984764432, 0.6611399416436613], [11.502865920769974, 48.89750804207669, 15.0184520500788, 2.1201561906147033, 0.2750170947408987, 0.6624427173847969], [11.488085659508014, 48.94801789715846, 15.080129691555822, 2.078678785988464, 0.27169127665363585, 0.6649002937489648], [11.492943183344789, 48.643232257602854, 15.033043133768027, 2.101116390554882, 0.2724571515458709, 0.6624996990011123], [11.59099909822701, 48.724604691395704, 14.519856339608179, 2.2169693526125043, 0.2872065729169368, 0.6417676620024233], [11.506421206417354, 48.730604303704034, 14.88441645786169, 2.1374697429107985, 0.2772515174676542, 0.6572615166674846], [11.51032060861714, 48.94676436924053, 14.937615813573364, 2.1245013061109628, 0.27728900445539817, 0.6584192585611238], [11.492780890028147, 48.67713096452799, 15.075298066008626, 2.109384615445921, 0.27308530386832636, 0.6628029224856218], [11.51858564051017, 48.619055331557895, 14.840561685325918, 2.157939465340917, 0.27948607294134703, 0.6533314523704625], [11.49788461974577, 48.73893852098238, 15.017212621794783, 2.110510741790422, 0.27402876840503204, 0.6599103857676792], [11.504444520140936, 48.87236197963099, 14.956071729318447, 2.130326373693503, 0.2767153076732, 0.6593167834723598], [11.495425473256887, 48.646015193615845, 15.071831225653698, 2.116106927534714, 0.27406917738852765, 0.6596530841513764], [11.488283003971837, 48.65356123617182, 15.09119938387367, 2.1010087386608194, 0.27232964449090974, 0.6630870602537671], [11.50551965063578, 48.93286039895875, 15.071044571824949, 2.0930949605561397, 0.27354112864554025, 0.6621590751552032], [11.493846284164519, 48.68000942529392, 15.039725103830328, 2.114657239862209, 0.27374187842217534, 0.660960450067714], [11.635325634766817, 50.07948145468633, 14.305100746961742, 2.2558605377367913, 0.2995056318811736, 0.6340825694187945], [11.491242545659418, 48.85811208215463, 15.092536596058379, 2.082779073035798, 0.2716079582372072, 0.6653891376340375], [11.584695499474373, 48.72649474054189, 14.306672657412788, 2.271289488741091, 0.2914910030695295, 0.6338628779336244], [11.50361562659079, 49.63800809872668, 14.98222655068687, 2.1079918550223677, 0.2750755874197025, 0.6619585066599638], [11.492228753750304, 48.782166434134716, 15.11158337615057, 2.0887904641932185, 0.2720731690875323, 0.6636452302698782], [11.498800922188464, 48.8429117998616, 14.981224980763365, 2.1216895703239427, 0.2761714224513278, 0.6583399221004542], [11.49431689780129, 48.841842517447276, 15.064102290387819, 2.086433812393255, 0.2723418753536935, 0.6632860999738516], [11.485303163388853, 48.916685766507086, 15.094046350439852, 2.1000373760460325, 0.272790544972211, 0.6624923445052346], [11.491120190168642, 48.8614326766351, 15.12729869302703, 2.0878207863702, 0.27162862731527815, 0.6649417358996078], [11.49021244522705, 48.83758973792464, 15.062375838443648, 2.0912144250519877, 0.2724783339984514, 0.6639371785197794], [11.491658625318182, 48.707430438894995, 15.091434092804949, 2.1003926230227328, 