{"basin_id": 24, "ref_run_idx": 7, "seed": 207, "x_best": [11.56898591145257, 49.39985061610337, 14.467759480147803, 2.1932663000271635, 0.28886955619243376, 0.6466823816533633], "best_J": 0.031233867844774176, "P_final": [[11.56898591145257, 49.39985061610337, 14.467759480147803, 2.1932663000271635, 0.28886955619243376, 0.6466823816533633], [11.587560695479178, 49.50851621262671, 14.281692544307278, 2.2181042938842244, 0.2923494560764566, 0.6421526428635984], [11.601690637529657, 49.583648859548106, 14.26983872804014, 2.2548437367062766, 0.2951001100161909, 0.640211660207511], [11.576365073902455, 49.499172368772626, 14.448844034430914, 2.195802177551128, 0.2894171839408535, 0.6458810792199008], [11.562514290272532, 49.44409753096017, 14.463415315712236, 2.1940353973677302, 0.2889416751372526, 0.6475277530777739], [11.59857015694304, 49.295017903133626, 14.320785081046226, 2.228954242967943, 0.29181848379821956, 0.6422425061552427], [11.693087229441002, 49.068328239848626, 13.67962079050634, 2.4014122949372396, 0.309918146921897, 0.6150335968843758], [11.56261573320087, 49.33812678459753, 14.47716447400563, 2.197734459684633, 0.2890627633450157, 0.6476120951418216], [11.578325812123039, 49.37259812123704, 14.405510755755234, 2.199923147776284, 0.28914933385759023, 0.6460293208811002], [11.564045571747753, 49.423264580675614, 14.491684392899703, 2.19559674379121, 0.28891915495008225, 0.644986864614701], [11.610226813306857, 49.63110298753549, 14.144102512810763, 2.2747176093704375, 0.2983904283762214, 0.6367325227639679], [11.612301563722328, 49.328283292722055, 14.167589376026049, 2.2781543450107735, 0.2971315910908205, 0.6317287227258913], [11.56810793628152, 49.493842459730274, 14.437780734076345, 2.2036832912049524, 0.2897996288883574, 0.6447386931993621], [11.56210984099626, 49.46574615504576, 14.512356782322009, 2.1965662712163536, 0.2889628033027703, 0.6476668700109595], [11.574519512515636, 49.363033215453385, 14.438055864398185, 2.204599271198629, 0.28948840998714376, 0.644695243602365], [11.561814394671343, 49.33018126096725, 14.504678409525111, 2.2069279035072817, 0.2894628644253491, 0.645668094241591], [11.568286847213423, 49.38548087575712, 14.468914863792163, 2.2032383553354684, 0.2894583462191595, 0.6449014136547188], [11.575641763401192, 49.447200918221974, 14.496869364226068, 2.2091837369154788, 0.2898319165022024, 0.6441423483405914], [11.577966616859024, 49.20943309671657, 14.354328189236485, 2.231134926889289, 0.2913083454262371, 0.6400015826914025], [11.578791819872361, 49.369005914915356, 14.437404314399672, 2.1947691318586133, 0.28895587642530346, 0.6450882566558974], [11.565599342111172, 49.430587529280565, 14.467393658871217, 2.2054156591194296, 0.2894286542872364, 0.6459855381016641], [11.577470950053446, 49.306901943742496, 14.424335991800016, 2.20027129385669, 0.28932684676479176, 0.6446305833727217], [11.558402614182587, 49.454971281156695, 14.515342867215509, 2.2024121611726812, 0.2893936923374797, 0.6467122442548205], [11.56552868952451, 49.38719419417017, 14.454468717226044, 2.2122360666569634, 0.2906932920337326, 0.6431910477020605], [11.57951730550513, 49.26473278568769, 14.45771917188449, 2.212365798804678, 0.2897801377544934, 0.642526939549132], [11.579354546500007, 49.5401571089953, 14.425455719248893, 2.1952325213505595, 0.2892242155064857, 0.6451996038719701], [11.597672992279803, 49.51179064328491, 14.328004119191096, 2.217567358774223, 0.29209900518823734, 0.6421546598519209], [11.568808713841003, 49.04966038899024, 14.375974663395422, 2.24755598645209, 0.29106850954799807, 0.641716560469786], [11.57654956857933, 49.413519374147796, 14.446669518588187, 2.20053721641219, 0.28934379856685244, 0.6475651932500137], [11.636103892495509, 49.184849583143446, 13.98313665392424, 2.3951869413080953, 0.3056823093826315, 0.6226402285118406], [11.576066617352634, 49.26237744019799, 14.459622557617163, 2.247563475984368, 0.2911138776959097, 0.6423912996881491], [11.569814730534624, 49.23222272052249, 14.384672260151536, 2.250314487051284, 0.29260228318189563, 0.6393513318468603], [11.574261470122194, 49.32143332025037, 14.396378735222486, 2.2116550565977193, 0.29026392744336926, 0.643327404639322], [11.573322128939752, 49.375204772131305, 14.438079792206194, 2.1931195423379237, 0.2889572265802022, 0.6467871449008084], [11.57660240074303, 49.281282366276606, 14.451829946809177, 2.202546243582301, 0.28925534556927546, 0.6453543372493818], [11.567103848626179, 49.39421271338835, 14.487377634847507, 2.2017600991730775, 0.2894083013130471, 0.6452764814666754], [11.569967881198986, 49.449991084546234, 14.47909358761397, 2.2025097792373733, 0.28952304492831343, 0.6470471820330482], [11.574334913906393, 49.40205536286545, 14.415998191820574, 2.1975091856842908, 0.28905927681859817, 0.6466463725591326], [11.589233620766263, 49.53191995926415, 14.199176132583723, 2.280902617492457, 0.2977015465805368, 0.6372455336225138], [11.572254242532347, 49.109153245675735, 14.49638133238037, 2.217280858479102, 0.28899437895832014, 0.6455111647897271], [11.655037314765732, 49.733703060296875, 14.013048192559971, 2.338764826429599, 0.30501636559887657, 0.6262215095728553], [11.578147746966891, 49.411493787507645, 14.397738501492126, 2.1999814628241783, 0.28934158246268415, 0.6454577709855844], [11.583271617164092, 49.300497026596624, 14.39906725954665, 2.2100801171562394, 0.2901160871888547, 0.6433629502775392], [11.627348755353793, 49.79368824288883, 14.006939991312366, 2.3125005037051825, 0.3037387521454945, 0.6273445422141039], [11.562904557169727, 49.41418820493311, 14.499526685817058, 2.1992756102134274, 0.28890791460866144, 0.6474104487827003], [11.568758448281695, 49.47911020597883, 14.471467849776653, 2.204276841978009, 0.28958493425230086, 0.6461847653125573], [11.626158214459863, 49.703627874652305, 14.190976017928563, 2.2943478201581136, 0.29986213291587405, 0.6380747853401132], [11.572902182295042, 49.28687159351106, 14.43460871869276, 2.2145168244566564, 0.2894688800614243, 0.6437971284040517], [11.634245828133825, 49.45660349578478, 14.086988513013212, 2.2844237450881764, 0.2978170183455144, 0.6351566366734671], [11.579127590928508, 49.502402473067875, 14.224100839081789, 2.2545018017361884, 0.2949395259270664, 0.6387059996830874], [11.569819637268267, 49.30650563291758, 14.413685861477832, 2.212669966612207, 0.28999507915729417, 0.6441143095373953], [11.575930668401924, 49.3676243456602, 14.46208350211689, 2.19800897011541, 0.28902774350774163, 0.645601795048736], [11.573413870450517, 49.355553950752935, 14.472661477002605, 2.213129051665605, 0.29004734666531234, 0.6482411430723098], [11.58319071329204, 49.184802154018364, 14.408107478425162, 2.206064599981051, 0.289415083496707, 0.6426330471538209], [11.572816417811898, 49.46253233867835, 14.434786146536407, 2.208664001564149, 0.290014710354705, 0.6446671021359389], [11.566195606722697, 49.344539644155155, 14.411062951378863, 2.208240904396358, 0.29001294131017413, 0.6437200254076318], [11.56951286689368, 49.41324916907765, 14.45293885319835, 2.1942125985657386, 0.28917777240351605, 0.6465002837277452], [11.55656330303372, 49.19420946428072, 14.474247739911679, 2.2338071513581492, 0.2906878740737227, 0.6423990657955909], [11.565649387589614, 49.38960824438421, 14.497593758375196, 2.1959332498793795, 0.2889719734223812, 0.6465369410461579], [11.570901167028447, 49.58851981059809, 14.496199573573744, 2.1992775125821047, 0.28952485202125267, 0.6469807823133112], [11.595018837857172, 49.25707785500329, 14.270037438227517, 2.2352040515009524, 0.29272866104632556, 0.6394035179178362], [11.572016103652272, 49.42232650818369, 14.482258689662665, 2.1964839841913806, 0.28902608001809843, 0.6464737149945315], [11.567864509046139, 49.40727996099252, 14.450579951675241, 2.202091926814024, 0.2895849945482575, 0.6459318215051967], [11.574519512515636, 49.3311723901651, 14.475265448876215, 2.204599271198629, 0.28925881427518607, 0.6449271958939565], [11.572564456148198, 49.3469476436188, 