{"basin_id": 22, "ref_run_idx": 5, "seed": 205, "x_best": [11.583446678948881, 49.244220514723395, 14.442106483689809, 2.1922754359118923, 0.2882736372012548, 0.64625233702938], "best_J": 0.031268763496941944, "P_final": [[11.583446678948881, 49.244220514723395, 14.442106483689809, 2.1922754359118923, 0.2882736372012548, 0.64625233702938], [11.607738454209748, 50.271601278145646, 14.196393811669987, 2.1653946593430358, 0.29331675527482104, 0.6511553945888275], [11.600992276701588, 49.97779264445935, 14.319144020671516, 2.2337067377555733, 0.2985528421094431, 0.6361227912549381], [11.587759507810754, 49.939920220877774, 14.459674877419701, 2.175791592209473, 0.2914886669998451, 0.6459589173087257], [11.590310794841056, 49.403386324585874, 14.502851150480282, 2.185485801211821, 0.28783841488085443, 0.6432789807332705], [11.64463384834741, 50.35672804462056, 14.120719552555437, 2.1026711092410237, 0.29054605492525676, 0.6523289065468217], [11.62730796094142, 49.94264860401221, 14.212143202733705, 2.1959462222944435, 0.2899882239931477, 0.6460205181366262], [11.600753850294316, 49.47831520225797, 14.28030140518236, 2.197709954704086, 0.29048112611139476, 0.645472698736223], [11.614656802748808, 50.08955855153076, 14.246692259791741, 2.1972173645693296, 0.29482140909362964, 0.6444050121437358], [11.59459018663665, 49.52746667018264, 14.362958744066, 2.1812080590921368, 0.2905370489173566, 0.6446912235599561], [11.587951899254291, 49.21296481420419, 14.289139811285388, 2.222112632239469, 0.2912134437470865, 0.6402509580856521], [11.58457526592805, 49.64229214140876, 14.407489641111614, 2.192309639505774, 0.28866196647819203, 0.6447959519663478], [11.620176399185349, 49.56006843280778, 14.314124938925467, 2.2113563262781892, 0.29223795603120833, 0.6436583456971652], [11.569138107350923, 49.49906843960806, 14.431384607463054, 2.2191026778635132, 0.2912635278846823, 0.6416162543092861], [11.591482438179595, 49.305802218682885, 14.229202063838745, 2.232941400082035, 0.29404573880121393, 0.6386709387133965], [11.583082679617771, 49.11772949055364, 14.449578937471175, 2.206988825110453, 0.28872710729519785, 0.6414598100579527], [11.598157015515655, 49.51198973813322, 14.307471023847961, 2.2284986825717135, 0.2928746245289821, 0.6466660440153023], [11.578126802042249, 49.58889966723973, 14.265489258047342, 2.2276767487639093, 0.2958088639100065, 0.640472262988941], [11.601781016654305, 49.98558084431774, 14.348203423027622, 2.177989220649777, 0.29404220300236883, 0.6427767156569832], [11.609806391532057, 49.4795623176135, 14.24777726852703, 2.1896240841668577, 0.290006789569813, 0.6465374285417772], [11.614323068444422, 49.783794401650184, 14.339224361255534, 2.1829489046598667, 0.2911116115612093, 0.6464917240252375], [11.587028792716296, 49.11803477948302, 14.318623405543812, 2.1867747781194096, 0.2868915901369632, 0.6495647650191456], [11.597796805413463, 49.25521169692752, 14.321363880991708, 2.1799681824669572, 0.2876488973753337, 0.6482167458458774], [11.62357709369063, 49.56386328445193, 14.318676943819936, 2.174513371713848, 0.2898811043196337, 0.6447494776664447], [11.625408585498915, 49.588879456731796, 14.125770173748606, 2.2705425388712537, 0.29797413823205393, 0.6358668232835315], [11.616876127211677, 50.081768605559795, 14.216590061735362, 2.2075294198144744, 0.2941354900072709, 0.6429634564356977], [11.620698504315497, 49.513747891990505, 14.11576753976831, 2.2392200631132146, 0.29592906673998925, 0.6388803844976427], [11.59798443639356, 49.56955654082877, 14.374620948291504, 2.19195656863111, 0.2899076255840538, 0.6431201434167698], [11.606408023616362, 49.583134742967864, 14.252149199864624, 2.2023520171073194, 0.2919748235928629, 0.6456363090732642], [11.63997540559513, 51.13980308125179, 14.086575232725076, 2.1673766208658174, 0.29859202138396307, 0.6489531449405214], [11.603370127691047, 49.74962677166462, 14.176824115109143, 2.2506565560640595, 0.2979158373240774, 0.636609072703213], [11.590085900913422, 50.16781854435985, 14.388284842235281, 2.224085637650919, 0.29366274978556933, 0.639887391727089], [11.603020665128613, 49.76119374570792, 14.158868050598837, 2.2201272362233846, 0.2946806121017814, 0.6406724423573106], [11.581348537121594, 49.64755499942399, 14.13741484185541, 2.2480763427075647, 0.2961061246521772, 0.6392043725298694], [11.58600825450356, 49.538417905851176, 14.30390783723532, 2.241501608133113, 0.29485655928620064, 0.64295183033437], [11.594150738615323, 49.527684373103234, 14.292351245967438, 2.205673558540905, 0.29086551037238384, 0.6455174967781462], [11.555157207960624, 49.75619988570147, 14.303378085082006, 2.209504564579401, 0.2906070035849244, 0.6474007044742834], [11.601809645728032, 49.39095678967658, 14.297490290244523, 2.1999393476063163, 0.2901232609115755, 0.6439240857422149], [11.659227329976016, 49.20463958234916, 14.055114665614754, 2.2489980446817035, 0.29516993313158557, 0.635233630007957], [11.59086640349498, 49.21202764185321, 14.313984036766094, 2.1782389430683913, 0.28841947624727526, 0.6461481542399453], [11.642103679545578, 49.95436096378224, 14.05126782755624, 2.2157836000018074, 0.2948050906151014, 0.6416510796146013], [11.590231326597465, 49.566644203968636, 14.34735283743331, 2.2175165526285685, 0.2925605296044009, 0.6419405190091504], [11.620152164675899, 49.664182121614324, 14.214795220658926, 2.2225390173066764, 0.29393528848252815, 0.6394181833019782], [11.586664154220372, 49.600860900440885, 14.336999001821166, 2.215952573353883, 0.2936448024386236, 0.6400358286744102], [11.55833540969517, 49.58362853220193, 14.410435159904107, 2.2115996363182813, 0.2885261991830463, 0.6474627641830902], [11.602572446208779, 49.72414962219024, 14.252524518924888, 2.1851688095611164, 0.2910272642558586, 0.6464328965459675], [11.628989185327443, 49.37996181030662, 14.402970244994838, 2.1988901586867144, 0.2878129757956212, 0.6406368123523334], [11.62991650484022, 49.9363982767118, 14.25829437617334, 2.1872122309923765, 0.2920097211310369, 0.647446460783381], [11.586404751972616, 49.46415540278392, 14.37834740454686, 2.214600204768627, 0.2918728871571519, 0.6413807228988213], [11.58959829374931, 49.4574040762439, 14.101412265080592, 2.2038182347325113, 0.29168849625324245, 0.6413632966581673], [11.643227675093287, 49.79264195216038, 14.06445943864124, 2.29975967914562, 0.3029950826472222, 0.6307752475069945], [11.592609396645823, 49.33589876367743, 14.326577383772277, 2.197391658199469, 0.2892051570908057, 0.6493457065985], [11.58523506532262, 49.3601947790091, 14.404923892279822, 2.1684902697761497, 0.2889729493348282, 0.6445762717833373], [11.679694223356158, 50.00336112858748, 13.756921473964226, 2.2331167543876904, 0.29971972036934547, 0.6398093558264858], [11.621922160333215, 49.646272739058176, 14.158326771691437, 2.2197160994042413, 0.29360820257449566, 0.6425179071635848], [11.601935695668976, 49.91216194727461, 14.33677749345013, 2.194523846938147, 0.2934414850338078, 0.6440701449149159], [11.603401946972506, 49.40645502417482, 14.212363164608414, 2.2527621944818086, 0.29859468284027085, 0.6341304737052257], [11.589069598931601, 49.44035259883222, 14.430873979122456, 2.211756875514299, 0.29143814689735287, 0.6416435327995439], [11.60935217256283, 49.47647047177641, 14.158604057662, 2.222361106805076, 0.29403465825362635, 0.6433445509141147], [11.572386744149444, 49.50247052853098, 14.207026458711265, 2.3114587129485065, 0.29965710590146055, 0.632252028134675], [11.615848159289378, 49.31242794469379, 14.280892252436253, 2.218689826621915, 0.2902837169178344, 0.644927614176062], [11.561313863383408, 49.520348807598715, 14.264479215741579, 2.2647199198718266, 0.29669261237613886, 0.6404317475663123], [11.602022419385289, 50.1067305179056, 14.172137931766294, 2.2003565733066845, 0.2965136439160573, 0.6399521330475255], [11.596451553863012, 49.62728764765395, 14.193600245871288, 2.220390434933548, 0.295215235531963, 0.6369500386978673], [11.617777328894768, 50.02499477253281, 14.284200779359805, 