{"basin_id": 4, "ref_run_idx": 9, "seed": 209, "x_best": [11.485700314445316, 48.64508544286891, 15.222319568023094, 2.0708169248904826, 0.2689052682625721, 0.6664178492878018], "best_J": 0.030931991923376624, "P_final": [[11.485700314445316, 48.64508544286891, 15.222319568023094, 2.0708169248904826, 0.2689052682625721, 0.6664178492878018], [11.46820014870031, 48.47180032891047, 15.168730932705628, 2.085842691686815, 0.2690634894149836, 0.6655039763118957], [11.464717777490382, 48.51568446961369, 15.249883508050123, 2.0890023141699348, 0.27056731176669135, 0.663136222069745], [11.467433919409725, 48.6882407158258, 15.294375672512231, 2.049147021146903, 0.26650926398754005, 0.6720756624328807], [11.462138313715297, 48.423424427367365, 15.632647588802717, 1.9896018602960903, 0.258116841847257, 0.6770705277288128], [11.525643044220924, 49.59043177930929, 15.036071824440285, 2.037777216920073, 0.2719260187767417, 0.6684358126969657], [11.485851119916347, 48.882481334133416, 15.538082248935739, 1.9951452164981027, 0.2631637748648803, 0.6742594500835842], [11.457595923806686, 48.69111889530288, 15.335888513587124, 2.0137249048353123, 0.2632737361131517, 0.6737472982846853], [11.4841889313263, 48.96905510188289, 15.359545692595923, 2.0119686034773707, 0.2656530806182676, 0.6735143400737494], [11.477073684607397, 48.99364910731579, 15.250326544402903, 2.0810786121165057, 0.2707697178947242, 0.6642241135328164], [11.471718949968539, 48.52668907486542, 15.322135844266125, 2.0679722810704066, 0.2670977679334675, 0.6668208278182733], [11.505632883299246, 48.42054732695304, 14.83280493074635, 2.170701437454938, 0.27701391963494, 0.6571709803905882], [11.480200046310308, 48.30112272197911, 15.349635588157877, 2.0643425311433488, 0.2657519837341877, 0.6663298194716282], [11.488861494208804, 48.78561619785839, 15.338193565466609, 2.041121480775368, 0.2656043858355506, 0.6696597946965537], [11.499919708875437, 49.04183470212506, 15.179901686684671, 2.051262823009074, 0.2703786551107724, 0.6677414394122979], [11.434047624585249, 48.47388586843888, 15.68336555545704, 2.034156817641259, 0.26249030985502164, 0.6715745548575432], [11.48425891297794, 48.95793656845767, 15.70335044773951, 1.955588088433617, 0.2590545609004358, 0.6763949391529739], [11.466208781592073, 49.08101897009627, 15.225648171529464, 2.037811040114333, 0.2670123007131492, 0.6703616168829858], [11.490388718877098, 48.653506585407456, 15.120298917232262, 2.109595694068762, 0.2730074602667711, 0.6619041863916647], [11.482380588516097, 48.99293842890166, 15.378554140993087, 2.049664077296696, 0.26738845349644935, 0.6700933858530504], [11.467291864140895, 48.08705749009383, 15.35493940621239, 2.0457144760931114, 0.2629390441298208, 0.6704738208655346], [11.617856911082134, 50.89519101513729, 13.82588288051054, 2.2268438811190885, 0.29837791347681863, 0.6441031807221906], [11.495712809913403, 49.05527332760121, 14.972826787676635, 2.052062286480308, 0.2706042496709512, 0.6675547855153389], [11.49200677300197, 48.82217120560629, 15.034747786407275, 2.11729393595477, 0.2747732464132776, 0.6591823824972965], [11.524983344543555, 49.370729217008154, 14.927124581861314, 2.0624001378861863, 0.2748476548518228, 0.665467656763185], [11.490608760630456, 49.06831414155531, 15.169139194766304, 2.0663530934367085, 0.27123304907368645, 0.6655731603476144], [11.492028686567473, 48.82007256051187, 15.101228978303721, 2.0657620083457258, 0.2709682854193385, 0.6652711952863923], [11.486573209818983, 49.09665976588107, 15.103237363684855, 2.0747730378797, 0.27287978364153287, 0.6623738487209792], [11.49908424597082, 48.63915308840075, 15.254295445132854, 2.0195350547807105, 0.26389151516888965, 0.6743709134351691], [11.496497274886048, 48.53968574073577, 15.189940345459677, 2.0778454825091126, 0.2700760374021407, 0.6646780988089187], [11.483909347227279, 48.72882308275824, 15.116157388149583, 2.077814103116452, 0.2703826888383272, 0.6664295832883126], [11.456093492241855, 48.56837431861148, 15.306725250232784, 2.0661298801150934, 0.2672539160772124, 0.6672411240026614], [11.477735110082799, 48.61937462256987, 15.31204021877769, 2.049124129107805, 0.2662248605652886, 0.6682198300222394], [11.532184187336838, 49.66923657969429, 15.127061984954326, 1.9933277951287334, 0.26801961642498723, 0.6739579797727466], [11.49805042841812, 49.104750697301604, 15.020525395419066, 2.075839404695691, 0.27338287543855244, 0.6637069032706812], [11.49042070954894, 48.890838612225245, 15.262510157225163, 2.013864169666648, 0.26511981710688404, 0.6714681310056235], [11.559533009850579, 49.747632311834565, 14.361955100530565, 2.1318271218137452, 0.2866866039293324, 0.6534468604373577], [11.49472999922261, 48.81702477401401, 15.165837531119527, 2.0642376445307127, 0.2692901917580642, 0.6661933294093216], [11.43686828527022, 48.3839764547821, 15.324765546460283, 2.0916146695909235, 0.26777994857928017, 0.6676108316455515], [11.588340372742753, 49.93178742993421, 14.72151932520269, 2.1571296917853573, 0.28575542069506754, 0.6504422594455023], [11.551883898885382, 48.76762992045319, 14.607944388170374, 2.101970676473406, 0.2748664565726016, 0.6610652793962706], [11.505460688438752, 48.69590333769593, 15.131634583927015, 2.073201172843837, 0.27004820032033866, 0.66475538046099], [11.505710868906306, 49.015637978872434, 15.258418061837808, 2.0304209824075943, 0.26752071718824866, 0.6720182888287073], [11.493646223278006, 49.48949495486299, 15.187994984763046, 2.0109903092548396, 0.2676925222860216, 0.6726975624938916], [11.472941224771999, 48.598460550590396, 15.463367024179842, 2.0239703653069614, 0.26368508129823315, 0.6710635954396148], [11.472982135808271, 48.410850635138395, 15.41185475371921, 2.048553755972813, 0.2641288506115934, 0.6680279662887307], [11.484320440122806, 48.90084398203209, 15.207922785059184, 2.0470905463335205, 0.2694308484679466, 0.668138839606952], [11.472724432666908, 48.73986547066912, 15.281660833826743, 2.0501696121987356, 0.26675277492119487, 0.6719733271167796], [11.475930223023136, 48.52212701434164, 15.032584733134723, 2.115412346029904, 0.27127909361266495, 0.6619932862364373], [11.453886711634917, 48.04058398388808, 15.125337247581973, 2.1404170847862654, 0.27194832481679704, 0.6569656873045591], [11.491760845508844, 48.58285680215504, 14.922747967576596, 2.1528032017320546, 0.27594328268619067, 0.6604598984783281], [11.520263123436289, 49.16218309637792, 14.871733834261027, 2.0879475669803615, 0.2760332449334655, 0.6629404266989487], [11.509761311396497, 50.01693940756985, 15.12184314337495, 2.066848653497535, 0.2756586029260389, 0.6609060212517581], [11.48234516404656, 48.39688198777001, 15.345181491329404, 2.052157342943915, 0.26555148114897814, 0.6681625944616669], [11.501857338381715, 49.32386005321105, 15.14768404091146, 2.0470397987973734, 0.2715424482132918, 0.6672445630384658], [11.487151762130884, 49.04965465666704, 15.330592569599961, 2.0204337753093147, 0.2673409869624382, 0.6711239563214454], [11.501559881267337, 49.2283522357177, 15.124832156129681, 2.0687337135306407, 0.27251343221652125, 0.6657032202243964], [11.493082740766127, 49.07552947553404, 15.143371559585898, 2.0515539265074727, 0.2704831932511869, 0.6676056593993026], [11.482700008471333, 48.69498628932071, 15.210584244591809, 2.068414421145262, 0.2696453358421163, 0.6644465482526141], [11.466798929741001, 48.913596587728065, 15.315905030566611, 2.0657572456565747, 0.26868354418502305, 0.667129997663595], [11.486700772832295, 48.623703437460925, 15.25717888176814, 2.0590414006663025, 0.2683088999598102, 0.6659555134371374], [11.500540301567721, 49.47583358405507, 15.06270468019122, 2.0409274051659154, 0.27221160657201243, 0.6663865741860985], [11.491707791311052, 48.76368202921914, 15.058152439207463, 2.068057937748777, 0.2702584839238389, 0.6644822522964489], [11.504227205409023, 49.057998581497, 14.850703542961641, 2.1125216950274037, 0.27595189711, 0.6604544507545985], [11.468863686027214, 48.480770916390604, 15.478924773154189, 