{"basin_id": 1, "ref_run_idx": 8, "seed": 208, "x_best": [11.490766727166303, 48.99240518253867, 15.13570891464022, 2.0723067085185294, 0.27149525421974774, 0.6651557972216512], "best_J": 0.030938377748217664, "P_final": [[11.490766727166303, 48.99240518253867, 15.13570891464022, 2.0723067085185294, 0.27149525421974774, 0.6651557972216512], [11.486993731781453, 48.776581910920704, 15.085668022417192, 2.0976671046723037, 0.2724929036623782, 0.6634309058126151], [11.476967767756221, 48.82103483053776, 15.200219512637272, 2.076087031279804, 0.27021829795630337, 0.6648618642942213], [11.498888797490444, 48.74983741805338, 15.18484353203705, 2.065932333513045, 0.2684697754117818, 0.6695005719742555], [11.47623457645124, 49.04067860257835, 15.109397790667508, 2.094018760561817, 0.27328239823508654, 0.6639330807132308], [11.483902264276503, 49.21751221517647, 15.07452352944137, 2.077190141404739, 0.27271033731371785, 0.6661274042879269], [11.485277819124141, 48.757892141350034, 15.039982068947118, 2.1022864726641552, 0.2726579898886707, 0.6649970773793612], [11.499397595033447, 48.71656764558401, 15.158623704475128, 2.081513244353917, 0.2702473991851973, 0.6655815348520074], [11.465747645454519, 48.9362570408646, 15.368703941587222, 2.0629673656270637, 0.26943971352096474, 0.668649192413627], [11.50714263448384, 48.39077787844493, 14.851669868226086, 2.129895926077159, 0.27508887735836124, 0.6549183277622294], [11.480413448679435, 48.99405455592299, 15.170580113150994, 2.078620550574411, 0.27169504533039657, 0.6622119734160848], [11.485548433472145, 49.11539312738247, 15.01053149152145, 2.084919249972248, 0.2733408471256512, 0.6657392514381578], [11.479091242076459, 48.62426409657057, 15.231270633367792, 2.077572612829504, 0.26945601354817283, 0.6665972868451936], [11.488785316364194, 48.85383248882113, 15.09193789284081, 2.0819627465910395, 0.27204381122519977, 0.6645881400229334], [11.501712595465339, 49.13809148255036, 15.04046899910573, 2.0514685987913666, 0.2710926080058256, 0.6690606692401725], [11.509533948962744, 49.120438786303886, 14.974397449007185, 2.0812950116981073, 0.273563362140797, 0.6642068379769022], [11.525549606691442, 49.024212310645325, 14.957235029680763, 2.0714963747651716, 0.27230506704149093, 0.6645957536161947], [11.525410253741057, 48.96221599770567, 14.918918435528614, 2.0780823357591087, 0.2727220542654051, 0.6626301249339606], [11.50135471054706, 49.10093534685569, 15.064759184420783, 2.0567831934552485, 0.2703271948928358, 0.6677009894089053], [11.473738886457584, 48.89377878209807, 15.24505478019398, 2.0812391272348867, 0.27097622413917566, 0.6652242727779036], [11.509324150251743, 49.16523999480678, 14.966130488238836, 2.0723770791196476, 0.2737497126931918, 0.6623177437887853], [11.506907741446803, 49.04887789570866, 15.082758112525747, 2.0614382850200976, 0.2719096691731856, 0.6643788018764243], [11.485830310400623, 48.99114771125269, 15.1654475950763, 2.0707625280666266, 0.27102624501859435, 0.6667498823011255], [11.49487461443582, 48.740625180753824, 15.116676626321722, 2.0920827850473667, 0.27237585062612507, 0.6629812103907765], [11.482867875877409, 49.01339418895467, 15.143782184324756, 2.0635410488423607, 0.27051097047701217, 0.6666077236165004], [11.502093054528109, 48.35525766801557, 15.211290375771148, 2.0895534861987115, 0.2690140221531347, 0.663854804056453], [11.494571149250293, 48.857034022227296, 15.165320012668744, 2.076693200402439, 0.27128008226222305, 0.6658021833767135], [11.450433461960086, 48.825531878648476, 15.3520627951307, 2.0805554061460905, 0.26952232859594294, 0.6667381549831488], [11.495903907003514, 49.18509096845328, 15.16533234486885, 2.0667870974242812, 0.2720836493639741, 0.6656411183955823], [11.47888590963599, 48.912369389159984, 15.172733967321319, 2.0857313168965863, 0.27198432711758236, 0.6647069620106949], [11.515781166737684, 49.21899464747536, 15.320673662320502, 1.9974725626948036, 0.2636738281949366, 0.6800532965537892], [11.490184565563924, 48.82369912526765, 15.173042819105474, 2.0927131988495664, 0.27209039392353845, 0.6655662077835414], [11.48151591356457, 48.816351524297694, 15.11668778987934, 2.0864713505611823, 0.2717800251310988, 0.6637715018506765], [11.471252382023211, 48.74063380239897, 15.204205546914707, 2.063864803186159, 0.26957384425888664, 0.6649463979491103], [11.491652750737, 49.002677268099006, 15.142783841003114, 2.0775254607051536, 0.2714414063596877, 0.6691605959542699], [11.502646320826688, 48.83947676868346, 15.028048568489993, 2.0817936183425547, 0.2715704548804287, 0.6631939290044884], [11.51182513483403, 49.102940621153266, 15.063011487215595, 2.0472616756931763, 0.270779505180296, 0.6636534751161559], [11.504145701766815, 48.99500689759453, 15.285560972423456, 2.0671864490206784, 0.2700586685404123, 0.666564673369063], [11.496467232681606, 48.81957657629376, 15.130260102720808, 2.0687881934507715, 0.2698256900915321, 0.6656212888877595], [11.49405065351533, 48.95468016291979, 15.150429611331909, 2.063642569858136, 0.2699474682079165, 0.6655526280213266], [11.49230808335272, 49.05711322409563, 15.09029893059997, 2.0686851923446996, 0.27227372543505124, 0.6639042079405699], [11.511497830132377, 49.505116911273014, 15.096895331376635, 2.038957726905745, 0.2722133755759031, 0.6680513638690475], [11.493525850267197, 49.07682523507075, 15.130324738119931, 2.0702793626512097, 0.2720252985659479, 0.6628446447552159], [11.478976092264821, 49.05045732798112, 15.07687982109411, 2.087508724060831, 0.27274583782609657, 0.6642081308821877], [11.47552160708567, 48.97271074938941, 15.221985510577177, 2.0728490480570194, 0.2705998597181259, 0.6663277604978486], [11.486028348205009, 48.611653829362375, 15.072123276444879, 2.0955884745652393, 0.27162396882257905, 0.6636446514396931], [11.509274677078515, 49.22410795328261, 15.071071221737679, 2.0631114130187784, 0.27249503390395907, 0.6642956920579418], [11.514892084358808, 49.644436000069575, 14.991904129598112, 2.03795123386747, 0.2728582156251098, 0.6693218086783886], [11.492439884198184, 49.03750849260242, 15.080096127102989, 2.0649063578620384, 0.27167279160721547, 0.6667610593005747], [11.520981893797707, 48.83801968025042, 15.008544228826711, 2.115614403714553, 0.27559139805485977, 0.6600117448145844], [11.464336706928634, 48.84058597094109, 15.261834594117344, 2.0892339697531366, 0.27135597573194625, 0.6657504656254466], [11.492470696824771, 48.91675006878707, 15.153850460848625, 2.085808058926283, 0.2724457022319683, 0.6644760041471691], [11.496688560638223, 48.661945985232876, 15.155068767591652, 2.0640605054182966, 0.2678460805501584, 0.6704692223522815], [11.508595427849563, 49.068444033339226, 15.096234342073231, 2.0713788976584464, 0.2718071004557759, 0.6646767893917069], [11.471530220132804, 48.59876361606162, 15.204460861702367, 2.0979740796723463, 0.2711769853892839, 0.6685198909032039], [11.52618492741097, 49.44960962558585, 14.966446895948788, 2.0505695491296336, 0.2732571895893281, 0.665673006714505], [11.499887369854497, 48.95748574145063, 15.171490203113766, 2.061523868060833, 0.26975739624363954, 0.668163519011293], [11.493579590823803, 49.21220669693655, 15.082737315542087, 2.0469380362781537, 0.2710993007903694, 0.668269839778902], [11.500858235189447, 49.22855128858646, 15.35104253018251, 2.050959465526708, 0.2695355069452034, 0.670842593922832], [11.482321635217415, 49.09899136262189, 15.16049491247359, 2.0693114886416804, 0.27203476771476365, 0.6649917993028354], [11.52585725363565, 49.12574983639143, 15.01808624546359, 2.0574280295193517, 0.27146527867609893, 0.6666433993872841], [11.561680166149557, 49.66281034675173, 14.760806891266897, 2.0344898479905527, 0.2744672569068653, 0.6643597268925044], [11.480724738681982, 48.797921644618775, 15.272766253291353, 2.0754404159157853, 0.27085882697962693, 0.6644593948472483], [11.493268532582146, 48.866160884229885, 15.106189307661607, 2.082029943472972, 0.27240116908261647, 0.6630762523183635], [11.489856994871783, 49.17466432311501, 