{"basin_id": 14, "ref_run_idx": 5, "seed": 205, "x_best": [11.468113318867584, 48.71876258593105, 15.348275813614327, 2.033494002832289, 0.26485092652682535, 0.67293034245303], "best_J": 0.03091755871309198, "P_final": [[11.468113318867584, 48.71876258593105, 15.348275813614327, 2.033494002832289, 0.26485092652682535, 0.67293034245303], [11.41396431494694, 48.50578035363682, 15.703886344111408, 1.9955016277872268, 0.2582017665231224, 0.6778481406752055], [11.489634123846336, 49.058257113527986, 15.267510927554913, 2.011805079328826, 0.26499683684892, 0.6728812359937811], [11.476071831327253, 48.797293910056155, 15.381245718408662, 2.0186305192262997, 0.2639556820756545, 0.6729416306848178], [11.505467925862172, 49.00881629935429, 15.145263852825408, 2.07852223963012, 0.2727252529480698, 0.6661064211178406], [11.47332820435775, 48.65846560744547, 15.352484175545483, 2.0136286871525, 0.2628737432788884, 0.6754365478218102], [11.441425012151607, 48.58727014513574, 15.31422178487394, 2.056961556754703, 0.2668841702331255, 0.668772410401446], [11.509990992482306, 49.02055814197184, 15.262421611932428, 2.0300497416615775, 0.2670493049989274, 0.6715296380862779], [11.488288445314405, 48.62820472873304, 15.217101709057728, 2.037195371086994, 0.2663645329361784, 0.6702994865891178], [11.478147876159396, 48.942884936493336, 15.347600692305436, 2.0276025608392256, 0.2650962580500256, 0.670394563296672], [11.476305085542414, 48.779506459342414, 15.321448572350867, 2.0304947817149834, 0.26546555378580955, 0.6727326950022946], [11.458891343469192, 48.34739357366165, 15.404212648768615, 2.066356636021807, 0.26409275150793043, 0.6721752533987675], [11.49291069632419, 48.94131324466759, 15.329421418423065, 1.996517091930507, 0.2632017850518176, 0.6744323161751935], [11.474654143391142, 48.67724045836691, 15.29144348804, 2.0234445693811134, 0.26388957456865514, 0.6721574277723271], [11.469085965716165, 48.62381409628767, 15.441803017076376, 2.020355940537588, 0.26317290881479083, 0.6717620418758045], [11.461403989092926, 48.72866571782538, 15.327289732514002, 2.024020554531176, 0.263597782431256, 0.6723868779122136], [11.476823790245044, 48.57174103698518, 15.383932586030468, 2.0259705428471126, 0.2611454904013101, 0.6757103125649719], [11.48782298694032, 48.42415311723532, 15.532604644103568, 2.0232857802654225, 0.2619498781797942, 0.6744656703583026], [11.463598740996517, 48.83134956543284, 15.405300910119664, 2.0210422231181924, 0.2638305537571145, 0.6740879511826346], [11.481063531875932, 48.77626043862706, 15.425874028527062, 1.9916491162168366, 0.2627400461653956, 0.6750062799139757], [11.471935687311925, 49.14079865259984, 15.14160107462897, 2.033547313201337, 0.26835491148926865, 0.6691344901820288], [11.495764165317363, 49.069588650161194, 15.220666590390941, 2.0281034764954153, 0.2672370964643279, 0.6733930051956115], [11.470962767285217, 49.02228701997221, 15.309921329514014, 2.0053281001438306, 0.2645861079131788, 0.6739174600297911], [11.48075407485934, 48.82361771790167, 15.29327124613673, 2.026279523626747, 0.2652490813801934, 0.6730801426777616], [11.499785226787836, 48.874109814627225, 15.320109530862775, 2.0211981111610355, 0.26516643462413314, 0.671594502653283], [11.446539473836784, 49.19990403808431, 15.287394564765965, 2.026566349946456, 0.266267797184832, 0.6726811929934052], [11.463777993249437, 48.9436297094402, 15.366415950087662, 2.0310720229855526, 0.2653851665948168, 0.6724828482670666], [11.495842379099377, 49.0911547311775, 15.329795123019842, 2.009878853123771, 0.26595553272351874, 0.6723610362115653], [11.474613414332737, 48.83635303590298, 15.374499852829143, 2.010769728897031, 0.26325552899841087, 0.6742461817353915], [11.482638789538983, 47.56276363469298, 15.37426547320557, 2.249067841253805, 0.28170535365867616, 0.6496851318463103], [11.473825535918127, 48.53529388870874, 15.451962655490771, 2.008392555187255, 0.2619259667299941, 0.6751332045489811], [11.506000680963028, 49.02277102512346, 15.275853674377172, 2.0118149361343645, 0.26454860877669106, 0.6742077294590327], [11.463066944158133, 48.577513435106056, 15.423853552092034, 2.0532030829456343, 0.2652718345752454, 0.6707793050324375], [11.468079482850614, 48.94203117498096, 15.453094744050288, 2.0193485169221796, 0.26349623368787806, 0.6679714334561698], [11.472809180915819, 48.85850531376387, 15.328597678923101, 2.028952780554997, 0.26646830164892715, 0.671104733412238], [11.46814749668584, 48.5747643517307, 15.39244612499097, 2.02896834734264, 0.26214145478860446, 0.6756203596448151], [11.498698247722173, 48.74716055634336, 15.305153383655217, 2.013389722428935, 0.263151893116329, 0.6746322497729755], [11.485604090730337, 48.83080658942168, 15.487235257212262, 1.9916404670704844, 0.2604307488011381, 0.6800954151661207], [11.469160937628553, 49.25917643880563, 15.408825773724061, 1.984859955479658, 0.2634455201254526, 0.675540842455695], [11.439142964275456, 48.86560101536514, 15.466312442879998, 2.008384726421958, 0.2628704627745067, 0.6738363295077031], [11.479493644882869, 48.56871560487833, 15.289986633541654, 2.0531452507369723, 0.2675783956830771, 0.6666465364839808], [11.478529265610298, 48.70802257484662, 15.284269466461463, 2.0397013037474254, 0.26610147538816936, 0.6718214155024919], [11.461040062202773, 48.95288877479061, 15.583190307367866, 2.0072687642021774, 0.2634723859993396, 0.6744786454641649], [11.462954117426156, 48.98683864897667, 15.514689341609772, 2.0286340029015606, 0.26398118928418235, 0.6757639928119334], [11.462329771954396, 48.667922397378234, 15.427771705766752, 2.042839109026322, 0.26422317937937057, 0.6727613514203143], [11.474042966237825, 48.720056302102684, 15.446049727125954, 2.022675348558589, 0.2631488227991298, 0.6755949839442574], [11.503162836903682, 48.91479638148028, 15.365403272011747, 1.9866098484487873, 0.26296112450089143, 0.6749678680556962], [11.479970429849448, 48.78120027694692, 15.484442391451664, 1.9991375672788247, 0.2618258516131829, 0.6761392830724401], [11.456456569111662, 48.60369921330093, 15.453182558255799, 2.02010402722493, 0.2619201837663204, 0.6786853763442179], [11.493661742476137, 48.81097265099698, 15.46468004002231, 1.9901076468900596, 0.2622668002876665, 0.6744088402988416], [11.469250374742675, 48.72581160993011, 15.430310576079139, 2.00239068473103, 0.2622926720065747, 0.6764559753195029], [11.468852370653712, 48.80203380842296, 15.38769522118871, 2.0108954443781513, 0.2631636746707022, 0.6734941628679341], [11.549033637458322, 49.20099680655602, 14.968413292245799, 2.0531984095106073, 0.2730739295738205, 0.6683942639444259], [11.424942982477704, 48.64231114944708, 15.696938078995535, 1.9782208718835788, 0.2570390643745098, 0.6806113087775278], [11.507821678512508, 48.88200453171408, 15.302203359404915, 2.025254069883266, 0.2647762378775671, 0.6726918774806628], [11.47710160668211, 48.604373709902916, 15.404326294020278, 2.0222928069707207, 0.26278224415120793, 0.6742984960766946], [11.479215203810567, 48.92159241431018, 15.428952754991313, 2.002024044071102, 0.2621046519540502, 0.6753954881779646], [11.481523583836132, 48.832962491934694, 15.42246505195974, 2.0182201944946, 0.26364792827455086, 0.6734815518654249], [11.460042493602483, 48.94280486442757, 15.3693884705075, 2.01917854911415, 0.26414079772756127, 0.6738107227319444], [11.5039488170087, 48.77578542072333, 15.277949904857943, 2.033335486883034, 0.2657562208031997, 0.6718721620896466], [11.477005267500289, 48.721116096312215, 15.500170093904224, 2.0080906224698745, 0.26276177026468256, 0.6717491051231488], [11.481072223492484, 48.785230042408024, 15.099315531574982, 2.052291133751081, 0.26990896242960916, 0.6696802940518678], [11.469323524019092, 48.83035898642504, 15.508953902611784, 1.9840573975828928, 0.26011048041898, 0.6780168008726815], [11.47076867467129, 48.912690839075246, 15.39431778885887, 2.0297243015717523, 0.26656046132489836, 0.6724865899299363], [11.507224506803757, 49.125700019434184, 15.167896979116064, 2.034126953488038, 