{"basin_id": 9, "ref_run_idx": 6, "seed": 206, "x_best": [11.479139252257815, 48.98598006858636, 15.397629110719558, 2.0140482477528105, 0.2644332251234852, 0.6760265859240593], "best_J": 0.03095574631220681, "P_final": [[11.479139252257815, 48.98598006858636, 15.397629110719558, 2.0140482477528105, 0.2644332251234852, 0.6760265859240593], [11.508175016792707, 49.0058813346442, 15.06699023677783, 2.024513601945686, 0.2665893189613375, 0.6714011741052498], [11.479329062634214, 48.00308539027036, 15.366873087134543, 2.05877183344475, 0.26455657662713816, 0.6673116478660797], [11.563237921189701, 49.0786609176678, 14.68804235504387, 2.083356833404401, 0.27529169788349656, 0.6571570330525783], [11.529564455234755, 48.44501673445352, 14.7453463014523, 2.1401127888950913, 0.27761416269327394, 0.6579894181607819], [11.49330244751951, 49.265143817894156, 15.25651940469785, 2.045682894227473, 0.2718188810229231, 0.6658042620267047], [11.525253086027684, 48.639766560942505, 14.960862016852127, 2.1021589876896765, 0.2741561166070706, 0.6619995113691167], [11.436165317066282, 47.9692526937894, 15.1323624428318, 2.2617031612805008, 0.27926404059447874, 0.653831091101172], [11.506163652266666, 48.35096811998322, 15.035525354510552, 2.1363448713803104, 0.2760677861419923, 0.6519039608389405], [11.495595922882949, 48.57383493331038, 14.746590533057752, 2.1495262514265656, 0.2801923237638754, 0.6539487221742696], [11.49052472802334, 48.470442758524726, 15.09748511752704, 2.0892398607543314, 0.27096038774658343, 0.6600191637983562], [11.412848988249767, 48.12305241577567, 15.874112013327776, 2.021490091878309, 0.2585720623106476, 0.6757597271867153], [11.487310632279735, 47.71429549931137, 15.142136174298667, 2.1449727905390037, 0.268678096851526, 0.6614304450255376], [11.558030547893917, 48.107245687503884, 15.071511094155522, 2.079165931564385, 0.2689310164206039, 0.6650968736128647], [11.508016613069238, 49.284250685430415, 15.368772247079642, 1.9858598319006227, 0.2648571103460835, 0.6766280704014794], [11.510942004994355, 49.04042057419203, 15.023932268533601, 2.1236151806687604, 0.27346065097867134, 0.6629436176428437], [11.454923671170798, 49.44876648056605, 15.886847902139348, 1.9599135487853252, 0.2609042464991269, 0.6773720528975019], [11.534058533053605, 49.55249362191979, 14.739300382114596, 2.1182099862004056, 0.2819233523483772, 0.6523157371826412], [11.550285131114268, 47.303443650382384, 14.69243466999555, 2.173443250014718, 0.2764890812282454, 0.653094899523265], [11.484807985149848, 48.26920964258561, 15.479578157550085, 2.0312490176176317, 0.2636292542405009, 0.6722753666578473], [11.611396588937303, 50.24542928204592, 14.283152367984696, 2.104181647778246, 0.2851759444926195, 0.6508690008275483], [11.55959752655645, 50.13868706612882, 14.545396089755878, 2.102658031693093, 0.2843339088971428, 0.6522514626462758], [11.577699188792844, 49.221776260361516, 14.833492585722286, 2.062060119205196, 0.2740380547679508, 0.6671324874859982], [11.501261536755337, 49.573314453655286, 15.474840915495557, 1.9347087628095907, 0.2593150296917348, 0.687120819035973], [11.410921108579778, 48.015406983926, 15.276627489710815, 2.1000195525527787, 0.2681040908473525, 0.6622669168039228], [11.520299210342229, 49.81420756970153, 14.97639430863655, 2.049051298834847, 0.2745155060270279, 0.6703250716638435], [11.542934281976876, 48.4521815369928, 14.74665416974723, 2.1288928582155524, 0.277270544908559, 0.6540982814202719], [11.540339228906147, 48.92872592403963, 14.697632736449313, 2.178995105377485, 0.28306212764865907, 0.6491281122221756], [11.496623886078002, 48.681339103082834, 15.374307131976465, 1.9913351946445048, 0.25988268417310334, 0.6769921456682184], [11.5953520825593, 50.091476298692506, 14.595841901003114, 2.043126748379508, 0.27835589116638315, 0.661326720904871], [11.467151212070467, 48.0362297573651, 15.483328842979013, 2.1126340156972976, 0.26811086959305713, 0.6679771924319445], [11.476740223582878, 48.90892231132176, 14.967967667997048, 2.109519846063328, 0.27552756581842736, 0.6632129381049038], [11.513772530893764, 49.358398510668486, 15.4681197949158, 1.9637636037017594, 0.2624162252622003, 0.6807756820079598], [11.481677376316032, 49.09725012453346, 15.192898389698291, 2.08229906071913, 0.2704478634465687, 0.6679123871971285], [11.487980344487292, 48.40596772430167, 15.061202199235634, 2.1046748177971653, 0.27292866266844484, 0.6611013729226666], [11.490466649170914, 49.22599658573493, 15.39032231307253, 1.9682205326899145, 0.2635858850461236, 0.6769181751846627], [11.578598829974565, 49.22862931524637, 14.863883159602342, 2.08253962312053, 0.2759895975362752, 0.6625219222540231], [11.462473070206032, 49.070908649267, 15.247357789733202, 2.0629330349680326, 0.27149956815075044, 0.6709923454886899], [11.42054911129287, 47.96755886145702, 15.575630390020716, 2.092041453259497, 0.26426799674472423, 0.6713010754136711], [11.529329604970425, 47.9316742286303, 14.367712955666061, 2.20740178743272, 0.2813895644613247, 0.6473125309557516], [11.446928887483944, 47.750272975634445, 15.030408681414388, 2.177498444549969, 0.27313396027001147, 0.6603722917956321], [11.530424902847516, 48.906135943343415, 15.396117992299075, 2.051745847192014, 0.2712126347573941, 0.6551472635599174], [11.468224925999394, 48.520329326319974, 15.589729338381627, 2.034542678358909, 0.2630292605660871, 0.6742805331792877], [11.442584433121684, 49.12676909399788, 15.53968156586692, 2.0864525905989666, 0.2699201830806455, 0.6633043302166101], [11.461006563217211, 48.56023156067198, 15.183522768346672, 2.075871318679688, 0.26915198112978256, 0.6676932973090117], [11.483139386199168, 48.464705635639845, 14.768991303856785, 2.1201442533229824, 0.273322407352294, 0.6564064151444203], [11.54230496853294, 49.152580709917714, 14.74539889224782, 2.0724356641873527, 0.2758593224868641, 0.6588590183248174], [11.523023828468864, 48.65294749413695, 15.031357970181743, 2.0864108562503123, 0.27151490185791277, 0.6646134730544585], [11.516828757394796, 47.80793084849665, 14.726272379339353, 2.1816096280812323, 0.27633013965205117, 0.651631404371526], [11.499009279849597, 48.8793039857563, 15.230821940426532, 2.0408825544066085, 0.26808784836057276, 0.6721298273412807], [11.50227572549514, 48.87110547234153, 15.130527720916469, 2.069316509490432, 0.2726567797279326, 0.6620576612595261], [11.486551365359793, 48.80587572310031, 14.95729814298077, 2.1067088680628134, 0.2733958286918635, 0.6602063133889755], [11.464230461871447, 49.456776120945975, 14.835495241072644, 2.107344641754577, 0.2779558066759776, 0.6611867853253659], [11.544317126998047, 49.412490241478125, 14.921683536298197, 2.1510963567454793, 0.2821015619160211, 0.6489195932919283], [11.455855151885709, 47.50238405201688, 15.719808049196757, 2.049671315634102, 0.25954574087547233, 0.6729199549700209], [11.5342580093512, 48.933428066843724, 14.746655174648875, 2.131829700272897, 0.2785246729027052, 0.6546702229188646], [11.50052465086803, 48.82584346765461, 15.389250630014056, 2.045791242779428, 0.26791726315011366, 0.665149739384366], [11.496288849480615, 49.429860980655626, 15.63030071779981, 1.944845410110696, 0.2605527718315953, 0.683587625729193], [11.530469512104723, 48.85200475489768, 15.33930102579989, 1.9974264927578511, 0.2633735372691432, 0.67728403918141], [11.573482447675934, 49.439707511676644, 14.621278751488127, 2.177535784417636, 0.2864611148721652, 0.6519001767692945], [11.514680132242423, 48.5874229489707, 15.136594944157105, 2.0940855041297493, 0.2711530431766795, 0.6620099006749088], [11.425362468723723, 48.51779890503939, 15.724910905875182, 1.9993339792045013, 0.2598053617493758, 0.677711341750133], [11.504578292979325, 48.85164293544849, 14.95234977995131, 2.0731164540273395, 0.2711938778708312, 0.6678728823029172], [11.470444465542213, 47.749033669047215, 15.385337309184985, 2.065440105399111, 0.2624369131779068, 0.6698979336606479], [11.48144544320636, 48.86291329720803, 15.393655511950765, 2.024960295443533, 