{"basin_id": 17, "ref_run_idx": 8, "seed": 208, "x_best": [11.482987513919456, 48.62698267201397, 15.351022410299786, 2.015430309997144, 0.2631924784813452, 0.672549963961319], "best_J": 0.030967615652248613, "P_final": [[11.482987513919456, 48.62698267201397, 15.351022410299786, 2.015430309997144, 0.2631924784813452, 0.672549963961319], [11.525260155706121, 49.031823854291844, 15.020435459991438, 2.093385017444032, 0.27389650226813583, 0.6643863811513593], [11.454916459911423, 48.22890881893866, 15.289141830839153, 2.0548964987706517, 0.2650298581288808, 0.6695641244225101], [11.498686736184855, 48.65439460184111, 15.33260630863068, 2.074678976867392, 0.27013033312480245, 0.6660669243045431], [11.53746602295466, 48.421509027350055, 14.973009911359036, 2.071967187086961, 0.27266179205134145, 0.6610260054169381], [11.482693863350212, 48.55863598215652, 15.379481263439004, 2.0346658700073332, 0.2656442818556431, 0.6698578624301758], [11.450262955102694, 48.51818406056591, 15.447674785217075, 2.017356440176848, 0.2624620901009694, 0.672256318319092], [11.498252635893843, 49.22065286787294, 15.056891947850426, 2.1045959031946917, 0.27561654008414566, 0.6655843602873718], [11.435025940202422, 48.04623516272487, 15.467496837546797, 2.087626771095172, 0.2641732058737297, 0.6710453736275687], [11.50556924978354, 48.62563926962462, 15.136372902865611, 2.0828728344436778, 0.2702475593601407, 0.6671072826732698], [11.518806568318945, 49.0564587794972, 15.11386877675874, 2.016005860261817, 0.2679835660698828, 0.6642787820866186], [11.511994144871037, 48.62557777083028, 14.9067212607136, 2.101897557218536, 0.2740136627012988, 0.6595819234690967], [11.563109210014744, 49.304523482605845, 14.959089456559157, 1.9800901947653262, 0.2677080419956203, 0.6737095500115141], [11.511976400491143, 48.762504902237644, 15.287502711042487, 2.0028119865335583, 0.2641086590985314, 0.6676660029768638], [11.432103759735053, 49.362244081528274, 15.625419204810115, 2.0284322370585834, 0.2681013038483841, 0.6716891468591152], [11.505624338938206, 49.17386196567715, 15.290238713798235, 1.9849679853250322, 0.26166573675271076, 0.6696669139392687], [11.499719056765974, 48.98834094367076, 15.001594986374515, 2.068838872920881, 0.2720908988168685, 0.6656483492410428], [11.514814958213112, 49.034512931280055, 15.212238997777574, 2.023369983559819, 0.26686464669147997, 0.6701767172528419], [11.490459019342731, 48.87448766376329, 15.298740465775625, 2.0614159749583663, 0.26839258689675294, 0.6673107748230771], [11.525783157632207, 48.619766540123905, 15.047126842577114, 2.06461591907025, 0.271841627095582, 0.6635141121313128], [11.46996186609722, 48.5744485001744, 15.240777324134203, 2.129444354119057, 0.27581741433372337, 0.6604627967976097], [11.460738029011768, 48.367783218340264, 14.833185239965054, 2.1312191519415493, 0.2743213471353096, 0.6587840876280571], [11.51382039612931, 49.003467425151136, 15.398047249794997, 2.016321631673115, 0.26412623574861743, 0.6722646627985883], [11.433509176866922, 48.80747239480476, 15.78634646326882, 1.9927142056826743, 0.26341383636897503, 0.6784174390414832], [11.495966485027289, 48.60710597479078, 15.562903686026647, 2.0213957638377695, 0.26056061392851293, 0.675458306576036], [11.512919305292218, 48.45622047832351, 14.986730670444436, 2.0677002642288365, 0.2691149310369327, 0.6675062475609169], [11.529139962662045, 48.0772733072617, 14.89473550949526, 2.067314623726942, 0.2670482728445669, 0.661104746396496], [11.487519768187783, 49.10053871360547, 15.391096749395649, 2.052115848149578, 0.2707672712560103, 0.6668425180209803], [11.471928307667337, 47.58257485977068, 15.138193238643067, 2.1838109379717756, 0.27575281159374365, 0.6482912164031693], [11.477417895764379, 48.44248059145268, 15.389995876945127, 1.981150391837217, 0.2593160684945973, 0.6764555065915008], [11.502780330161395, 48.833937146868195, 15.292782023356025, 2.0587887153598152, 0.2676574960410572, 0.6698192889173242], [11.448150744527734, 47.83836298420057, 15.250068957486732, 2.0427031577088735, 0.2621641071794725, 0.6725289554850052], [11.491774393675701, 47.73987571732609, 15.434870714549936, 2.0442391034426715, 0.2639497069295234, 0.6659970664981514], [11.45134788016746, 47.613313598111645, 15.185793087190884, 2.1409059371034136, 0.2702796206975839, 0.6594709525744908], [11.514278446987396, 48.81275900114633, 15.140065000652173, 2.019916962208564, 0.26841077193038776, 0.6673179120321241], [11.457325184956046, 48.14934958860613, 15.269523645953557, 2.0812278666060484, 0.2688777207746923, 0.666206165648422], [11.480713183875112, 48.930877977002915, 15.299060977573902, 2.0273655381220235, 0.2673043579703439, 0.6699207379221593], [11.525599296183588, 49.33538871230223, 15.047518263010858, 2.0656643570508337, 0.27679967705653713, 0.658638290167038], [11.45602687864655, 48.1925502759639, 15.414865902325054, 2.1559961711620237, 0.27308916299514374, 0.6643782548864214], [11.49956010446094, 48.90442523819292, 15.191546684193117, 1.997267305687706, 0.2649930734083585, 0.6710188031808101], [11.453192671175275, 48.44976012124954, 15.55203658448159, 2.0242645497989353, 0.2628594799682861, 0.6706197838713327], [11.48538802446032, 49.05559921896539, 15.42648808301156, 2.0339695856190128, 0.2651786667830559, 0.6716557885521206], [11.488693369418257, 49.00201460286341, 15.246818656060178, 2.0102848549158034, 0.2638109176903085, 0.6774177808670161], [11.486318542776166, 48.482122874301815, 15.530635685244484, 2.0281638193187983, 0.2655363986896334, 0.6679797827560989], [11.501742497129484, 49.632660476020966, 15.468016820986126, 2.0041938385449907, 0.2682179283031023, 0.6678904161911863], [11.459053320795007, 48.58723125360962, 15.551396362354621, 2.0032178720854725, 0.2607783326049288, 0.6730359493483814], [11.464881246905339, 49.05697841352271, 15.278401595726022, 2.038312791694127, 0.264679615874529, 0.6696773803873388], [11.478478529427207, 47.50147721469953, 15.002051562881753, 2.175466936444968, 0.27301616931107026, 0.6602691957068435], [11.488329573733628, 48.766972136296076, 15.14305870001445, 2.04361514245143, 0.2702569392643607, 0.6648900885778365], [11.49352208601259, 48.34911081799472, 15.076665200393643, 2.0938466279932264, 0.2723715907186496, 0.6601738496154277], [11.476464290509746, 48.56056715439045, 15.859985902552177, 2.011220381320671, 0.25888874409542545, 0.67693741925414], [11.520152304999456, 48.989078827084725, 15.28856025923392, 2.021164283907364, 0.2688712188467175, 0.6683443347089821], [11.433088173340307, 49.94246115506186, 15.189753667209763, 2.0609361204339005, 0.27240644672219166, 0.6763966971422402], [11.496990320114175, 48.50426572658957, 15.276635536363168, 2.0727584275242736, 0.2687361110567024, 0.6669691791351798], [11.54350661081036, 48.879778722153574, 15.185876873978533, 2.0277497044355384, 0.26781202293194667, 0.6727001056148013], [11.45512679111381, 48.60962522197796, 15.617246403680134, 2.02213003355292, 0.263122976076668, 0.6734734237556415], [11.459261811865431, 48.323190089105466, 15.454478216086839, 2.009511696877717, 0.2604550683380091, 0.6751311219181169], [11.439983941185961, 48.678771217975175, 15.518434528770776, 1.9752624909352705, 0.26006976050059183, 0.6715087110990794], [11.486532620587578, 48.56787204501674, 15.306316625828073, 2.1723938086853174, 0.2752722633548558, 0.6600033032495621], [11.472913928401072, 48.822931904687884, 15.436679011199917, 1.9786159673231571, 0.26029065554376635, 0.6772427258520733], [11.49802134770417, 49.93403546148613, 15.409700980265288, 1.9615485664233803, 0.2651694852324216, 0.6765909708698681], [11.509626033421798, 47.68159164915186, 15.222895220124544, 2.124540974495335, 0.26954278042489155, 0.6629264127211051], [11.527335210785342, 49.21255115832743, 15.250718983027262, 2.012918857475205, 0.2675726953413381, 0.6687435886121681], [11.480241495091649, 49.46966983181553, 15.064674529086629, 1.9905921370272661, 0.2688023036860913, 0.6713892127439919], [11.499016584672473, 49.17186381028419, 14.921609114133032, 