{"basin_id": 1, "ref_run_idx": 14, "seed": 214, "x_best": [11.473126790581132, 48.724965704432485, 15.382306902194598, 2.0326935808158533, 0.26451384250415916, 0.6730902086591782], "best_J": 0.030919061249077336, "P_final": [[11.473126790581132, 48.724965704432485, 15.382306902194598, 2.0326935808158533, 0.26451384250415916, 0.6730902086591782], [11.48555589450988, 49.4332867099725, 15.403909255692033, 2.0104728617554377, 0.26840380322074625, 0.6674679834604831], [11.453228884299822, 48.9538283633615, 15.793682926990902, 1.9243252718219988, 0.2542390444284423, 0.6868438988736049], [11.44393370836538, 47.920990358624444, 15.4733834912912, 2.093656314328362, 0.26620315208105555, 0.6681264906670816], [11.422935921619185, 48.03785806616442, 15.692443425302157, 2.0057606634238567, 0.2559791471083658, 0.6821442150697236], [11.45370169915034, 48.461143009976574, 15.344443083681776, 2.0609694164718686, 0.26263672347729117, 0.6753442605912973], [11.496672100262398, 48.229687498380784, 15.17659397810135, 2.0694279397846898, 0.2646392300188418, 0.6698197355764155], [11.448202733042244, 48.45645818100544, 15.812020263863499, 1.9650123252222353, 0.25517190394628986, 0.682786168105837], [11.42729503280266, 48.445329396100135, 15.58619817734936, 2.071940176700911, 0.26543748990056065, 0.671115285352344], [11.444350963235333, 47.99885420166799, 15.290370388889555, 2.0706183578432347, 0.26412514916558366, 0.6708870903873166], [11.474254294815452, 49.110160514735604, 15.569012610818703, 1.9588018359282164, 0.25936847009493913, 0.6782051181260981], [11.457302392142141, 47.85931396519985, 15.532234726636371, 1.9990298026604538, 0.25656985454970854, 0.6760366899389387], [11.481792972966826, 48.44509898113278, 15.278901857372121, 2.0953264981770507, 0.27020582098891666, 0.6624081532083587], [11.46342754994633, 48.44756994137536, 15.438016696638613, 2.0462891381875035, 0.2613487456822502, 0.6762589244837494], [11.449772977698437, 46.162855931021014, 15.053004053624761, 2.2297354670237435, 0.2710927786347046, 0.6560532503481095], [11.460925490985675, 48.49560834248101, 15.468657086519922, 2.011016600542262, 0.2620993113308514, 0.6774987824815067], [11.460521087166958, 48.5462118618975, 15.393869057667882, 2.0438763644989146, 0.26455311452393987, 0.6703269439965897], [11.488688958074187, 48.60194229829107, 15.46061324803392, 2.0094518217600603, 0.2616269521163695, 0.6741834950011767], [11.473101697452785, 48.500426379546596, 15.633585427486064, 1.9859662649681666, 0.25773238595188697, 0.6783584483567551], [11.46488501107019, 48.9456905668563, 15.32475446595015, 2.0685426403451643, 0.26963737208326816, 0.6674422749709281], [11.481844314362762, 48.80695051897047, 15.244150334782644, 2.0702319385440187, 0.27088219564345867, 0.6644354231609185], [11.416450542583302, 48.04328624132872, 15.707449949568566, 1.9866189232452238, 0.25390153079790384, 0.6838419081325066], [11.454335413788577, 48.81178493680148, 15.89729293295641, 1.9156388552404133, 0.2528497178165841, 0.68890047647022], [11.379005301920849, 48.03570015667278, 15.73207372374363, 2.046941478622949, 0.2599017230772096, 0.6760522527942573], [11.464057970412956, 48.09044700317168, 15.688095062576778, 2.015143221517797, 0.2596712536836039, 0.6753037553683693], [11.469259778212296, 48.90048310829885, 15.594871896410975, 1.9845686426073401, 0.25935821078851184, 0.6823021366221499], [11.467683074989091, 48.44897434753802, 15.331950295142425, 2.056829747568559, 0.2642897765470946, 0.6717387369250479], [11.476048737703362, 48.96015985525021, 15.624260722145879, 1.981084518126751, 0.2602877700326864, 0.6800492347128164], [11.433774655374467, 48.84434820798107, 15.793080404686139, 1.9704483385356648, 0.2577632617682194, 0.6820860614131057], [11.458117084110647, 48.358201012601945, 15.547502922867455, 2.022978268841044, 0.26069583468323354, 0.6731723806169239], [11.413009115613873, 48.46027978447185, 15.505580248509393, 2.016252576269527, 0.25997341177322214, 0.6801286594018113], [11.439995405717186, 47.89138220497284, 15.43819274840705, 2.0402229444450017, 0.2584484399167834, 0.6739901265727376], [11.473753820334126, 48.67407250020897, 15.30692933348209, 2.0289698759737513, 0.26417457635800506, 0.6721764259099646], [11.404213550475653, 47.584738158896116, 15.666495131018626, 2.0130176070141084, 0.25323699605231065, 0.6839213592333228], [11.433968042880787, 48.61610325953003, 15.438907577863457, 2.054228247192112, 0.2660306454814038, 0.6709684379245311], [11.456427896608426, 48.58408352344048, 15.649478886801631, 1.9512876464952156, 0.25471183612805737, 0.6811902031745037], [11.393087220065686, 46.907332495955934, 16.004185546508054, 2.0304795949959504, 0.25202892701541946, 0.6768603541058199], [11.453456996665732, 49.49662828351257, 15.242963507136421, 2.0122058552673026, 0.2660528119183472, 0.6759167788850825], [11.456992873003712, 48.12150927788143, 15.462232705578403, 2.038796611700032, 0.262227269185279, 0.6737995235282243], [11.41054646954074, 47.759359317983865, 15.709331231918245, 2.0358801611484973, 0.2566295227119001, 0.6757053124801126], [11.445846282259255, 48.79043891518365, 15.48714773483685, 1.977993868237872, 0.2575463797663565, 0.6837923651544239], [11.47908486681598, 48.97765867573617, 15.64341063258383, 1.9897409929028729, 0.2593702951172684, 0.6773759200197191], [11.47570824849329, 49.56371094154633, 15.320414416320176, 1.9820865236292684, 0.26478779903090727, 0.6782075263945947], [11.475227297324436, 48.4898822158659, 15.218960370862622, 2.084147914214072, 0.2689686050353505, 0.662825387763849], [11.459372737423168, 48.70263770976243, 15.314473418581194, 2.0219300357675225, 0.2628184813986704, 0.6774847557168128], [11.455286975031365, 47.976469171173626, 15.412914447079546, 2.0939667038559713, 0.26576722275392267, 0.6668937743330275], [11.443462296993435, 48.454567557260646, 15.66104167073962, 1.9799347920923567, 0.2566839409187352, 0.6819638296609858], [11.438689773786983, 47.88128036518386, 15.352345827813503, 2.1121095242601564, 0.26692891058139057, 0.6643967624237411], [11.4116245885916, 48.81258117094082, 15.674766907724162, 1.9977351176695286, 0.25949811786405863, 0.6796992047015668], [11.459196271800847, 49.01574320265502, 15.284558256106763, 2.042945796354219, 0.26890828175082543, 0.6668374351223931], [11.454345822281956, 46.31713071029316, 15.844677381249323, 2.0490309798245536, 0.2483523509755759, 0.6777133386616276], [11.50660613166591, 49.00787928108388, 15.394390760251888, 2.0338827338406182, 0.2681134213135299, 0.6682691794064837], [11.549879269129137, 48.390776957500755, 14.722103094288716, 2.1678975525213064, 0.27749760268044704, 0.6538992265220153], [11.475104899986768, 47.95566961517441, 15.50497478487632, 2.047569504172555, 0.26237368223309354, 0.6719057320725542], [11.48072493714443, 48.45720670549365, 15.58505539831226, 1.9662950133363368, 0.25564029243486225, 0.6847080174479451], [11.449652627470998, 48.77454330509641, 15.383279176097387, 2.0705835674901647, 0.2681134074606411, 0.6680345169102233], [11.480205310227332, 49.20941929353807, 15.287288240259409, 2.0286399948629823, 0.26755594989562104, 0.6740978510695299], [11.464975820342373, 49.25665874239238, 15.637577192447242, 1.9989547966219061, 0.2622577744190677, 0.6795479415585081], [11.420693575451077, 48.095359676511706, 15.604227243768635, 2.0894222287358253, 0.26563524152599244, 0.6670121124279418], [11.43177747788733, 48.19501823704598, 15.732306375592598, 2.0260860567040253, 0.257713203836984, 0.6808631105532423], [11.437111852200685, 47.77897369081905, 15.90091233972396, 2.016894242607915, 0.25629406221584317, 0.6781819002923428], [11.45537548856149, 48.55729263612952, 15.190956029376235, 2.063698131831123, 0.2678156829790348, 0.6694641571743768], [11.478869276739076, 47.963245438873784, 15.623432090930141, 2.034284735122663, 0.2610569893222788, 0.6727581373661858], [11.453787735232705, 48.55152452078016, 15.387898859091695, 2.035674408735775, 0.26434366102752554, 0.672249154598081], [11.495080224417737, 49.24358877837492, 