{"basin_id": 9, "ref_run_idx": 9, "seed": 209, "x_best": [11.478653270199416, 48.894944523978275, 15.277513909045906, 2.03255256945915, 0.26603631164614455, 0.6719526647828473], "best_J": 0.03091657546764037, "P_final": [[11.478653270199416, 48.894944523978275, 15.277513909045906, 2.03255256945915, 0.26603631164614455, 0.6719526647828473], [11.472241895967588, 48.495433094911576, 15.310808057199006, 2.1172615345615764, 0.2709535433173298, 0.663954295456461], [11.456806490887082, 48.28827217876191, 15.624791347212248, 2.0230129307941844, 0.2602564631163486, 0.6740945095642432], [11.483330245958866, 48.59191727228717, 15.194796038969107, 2.065189983799767, 0.267620005015387, 0.6684922673876942], [11.470409013215598, 48.69541560467067, 15.38675100132816, 2.033003145395437, 0.2642545867525028, 0.6717429842748502], [11.472438262067314, 48.16556256375514, 15.253658585842956, 2.09194523565386, 0.2682613126743836, 0.666539346188182], [11.477417278252442, 48.99055819039121, 15.531855377705329, 1.9899592330230982, 0.26051285891838133, 0.6779479736573393], [11.471986151246456, 48.48276448186582, 15.333313038208841, 2.055771448918141, 0.26534695738249786, 0.6689900846548654], [11.484640578788627, 48.9857928184429, 15.432631816534817, 2.005134701974983, 0.26440377148283123, 0.6738777046468469], [11.47366542096117, 48.57891745554878, 15.285292254031287, 2.037538023008332, 0.2648639362265947, 0.6709058733905057], [11.489955976636338, 48.78662417779576, 14.610737711356755, 2.1013586691186137, 0.2730830958629206, 0.6625977388038745], [11.462607615210743, 48.548491651321555, 15.440643330874087, 2.0373397398879174, 0.26390854585518775, 0.6725155587221731], [11.47286535214022, 48.708787654282105, 15.277425683256471, 2.051481279551749, 0.2666352098000546, 0.6677593100620602], [11.484313645326012, 48.82894451077798, 15.307639408379895, 2.0081942001695223, 0.26397747904709806, 0.6735368665665766], [11.494249160993137, 48.682119447925196, 15.401093587121691, 2.0245358415780563, 0.26468215607356044, 0.672650618539052], [11.482082301267106, 48.68146830737149, 15.264637672877305, 2.045410025215662, 0.2663237190868371, 0.670925385995285], [11.482542007911505, 48.838622090246446, 15.282775024084428, 2.025035410685118, 0.26560630232906224, 0.672950524463081], [11.47371926639298, 48.91079576244995, 15.547824599126212, 1.9948398830550218, 0.2609154091158254, 0.6772620123320751], [11.449230880374417, 48.77951801442407, 15.616907354254725, 1.9716177197074427, 0.2577628748032776, 0.6797879091069262], [11.468330263032104, 48.83876156918167, 15.35242259722458, 2.024120871388428, 0.2649244900685198, 0.672279118046068], [11.43829700848463, 47.963706657772974, 15.448247054254548, 2.0929172337276847, 0.2653220341866234, 0.6684096475792947], [11.506556072155693, 46.5303594285959, 14.35920283779631, 2.4168660885524074, 0.28900430763263296, 0.6345348780879079], [11.48400235721196, 48.99406591166478, 14.836340253343641, 2.1013982850791364, 0.2739783909260235, 0.6656935001954037], [11.471428509524076, 48.48003850545688, 15.48143509354662, 2.0286809871976565, 0.26287005994057533, 0.6741752259807617], [11.527013371914975, 48.349858291210055, 14.827134456332214, 2.1637167295413886, 0.2770986306300108, 0.6533507979056862], [11.461490276154667, 49.204562302981216, 15.750405690868224, 1.897626836896027, 0.25265578181877296, 0.6894591143786029], [11.484108228717472, 48.8431376406267, 15.296808235156327, 2.0227139618841683, 0.2647094816102187, 0.6729089080062238], [11.475251693628955, 48.65773043087659, 15.504702179681226, 2.023672621729301, 0.26354027336851443, 0.6730639458005561], [11.469503927207748, 48.621724987144994, 15.394169078610494, 2.029759122943838, 0.2640947798196459, 0.6725457942423186], [11.483725621476488, 48.600885899338344, 15.250910010445391, 2.0668889124400556, 0.2675566232174587, 0.6687021566868802], [11.48303431269678, 48.75995905032579, 15.22522354345595, 2.047974731418327, 0.26712853410191195, 0.6696647548044878], [11.463593026714365, 48.734725079462216, 15.338610580346899, 2.045040769415854, 0.26599565176887535, 0.670652120147276], [11.475537960857036, 48.772477742490175, 15.549759544310428, 1.9883142362282071, 0.25957611893832955, 0.6796523138157277], [11.480119355409409, 48.6112950512164, 15.392442367859907, 2.0297455003726426, 0.26369210612574323, 0.675716350457161], [11.470350819632536, 48.762534059186045, 15.30247615400258, 2.042134653364633, 0.26560329469974286, 0.6725507758806456], [11.529672118126784, 48.909925413902705, 14.748226301256153, 2.1220711902580565, 0.2791419119551099, 0.6543828276964363], [11.47692680300196, 48.68070998978644, 15.393250326381638, 2.0346473074679476, 0.26551368995046415, 0.6713146212244152], [11.52702499748762, 49.38952863919032, 14.621501057178541, 2.1498067823050167, 0.2810396758918514, 0.6528863078618098], [11.525869247875818, 49.22860282472911, 15.562674754724718, 1.9233677727325034, 0.25732118608373933, 0.6820943585060588], [11.466604897798888, 48.43478303288012, 15.295327755162166, 2.0861731573063835, 0.2683682922353988, 0.6662410690904618], [11.468562001502342, 48.75537478944867, 15.455920970305707, 1.991189278655864, 0.26023148350479214, 0.6784454744259325], [11.46535642966021, 48.92889649471294, 15.285168806572196, 2.040217208084875, 0.2672515389106983, 0.6699732521256623], [11.513076254090986, 49.159107621522814, 15.277605537494702, 1.9807329599847925, 0.2627118116382371, 0.6789389442739446], [11.50469735710265, 48.96556894303331, 15.032246025371613, 2.0943358855660175, 0.27377251430968375, 0.6609812872365961], [11.500262885781646, 48.900467170950705, 15.177812772294642, 2.0451296401624974, 0.2679309784746511, 0.6688879675320017], [11.450824081557283, 48.31771074361938, 15.459787018616879, 2.0433195157657402, 0.26351987990256703, 0.6719570618776397], [11.470582180049345, 48.635169271610735, 15.25384879299463, 2.053744448441161, 0.2670553283081316, 0.6680668465450027], [11.490542475194314, 48.52119055314188, 15.229402659744157, 2.060403528406138, 0.2674940865268211, 0.668313821538132], [11.429155034969464, 49.10061891279691, 15.898011283639734, 1.9259922923214896, 0.2537646189300466, 0.690581633065725], [11.471240033767863, 48.928652516832045, 15.327386636227684, 2.0739576076458546, 0.2688293674003188, 0.6680711378219895], [11.467894530228556, 48.78147406829077, 15.50658467641609, 1.9864138595484446, 0.26016131082751065, 0.6781387484983357], [11.510168839299563, 48.41058325281068, 15.132348957023417, 2.098304261570105, 0.2709693614415294, 0.6626469782813743], [11.47330673564209, 48.167232041625084, 15.085810505042975, 2.137096031053809, 0.27181375659038365, 0.6611962081773283], [11.449864856264744, 48.79477222552008, 15.794632784707405, 1.9576953770373837, 0.25534817728595094, 0.6835168429794953], [11.47484961338394, 48.46989449265731, 15.124076538921793, 2.0984912604627417, 0.2707078859231775, 0.6645150190795093], [11.459869068513065, 49.00899583790025, 15.340942711881093, 2.006709572892265, 0.2632302076560003, 0.6755232725801806], [11.47450716135101, 48.603969073424715, 15.386723629042839, 2.0164620349690567, 0.26295589228215094, 0.6745084792415057], [11.496873891168494, 49.47380684825739, 15.327271915103674, 1.9616144769088149, 0.26371851632599524, 0.6758139793637609], [11.47549261655881, 49.01876546919426, 15.577398680616122, 1.9485073440677345, 0.25756893425525257, 0.6828597416174604], [11.473931198883866, 48.59024798806007, 15.206047302233817, 1.999266701269182, 0.2625164678586672, 0.6756110712153361], [11.442254171750305, 48.299118347272156, 15.371245907068918, 2.0289314329718766, 0.2615839639919126, 0.6756190646912794], [11.471482340761382, 48.24889348843221, 15.280841821314608, 2.0813277106429346, 0.2674296220978561, 0.6697117080507315], [11.484452026676426, 48.73725343351854, 15.190246365461133, 2.05053447386195, 0.2684350504106634, 0.6661830648941781], [11.472018498795567, 48.60831970707717, 15.495577694081804, 2.009572542700848, 0.26096533328677096, 0.6776358947432362], [11.469742076451226, 48.690312105508625, 