{"basin_id": 4, "ref_run_idx": 12, "seed": 212, "x_best": [11.490753307535899, 48.5545950389573, 15.01055226092873, 2.1097451943229015, 0.27289477383599703, 0.6598052318059545], "best_J": 0.031020738834474756, "P_final": [[11.490753307535899, 48.5545950389573, 15.01055226092873, 2.1097451943229015, 0.27289477383599703, 0.6598052318059545], [11.463062192334746, 48.85074085584112, 15.16955443764018, 2.0931281871202376, 0.27354886081429397, 0.6625692161092116], [11.605990469108503, 48.60923180540543, 14.797412677445982, 2.1332739506312284, 0.27989739980617895, 0.6478872108617452], [11.48605760098738, 48.23520308670094, 15.129402767203771, 2.0855636417369623, 0.270701135424226, 0.6615361381238618], [11.520044479743586, 49.08757653090684, 14.786312690623351, 2.154417031652092, 0.2814381176091001, 0.6516146425332716], [11.514310364664988, 48.278149117193706, 14.900553443624776, 2.1397083581846377, 0.2760898303534468, 0.658332759253147], [11.493583442649493, 48.349258471884966, 14.853473947173317, 2.129925239637809, 0.2740638590392603, 0.6571943380899959], [11.526687938578549, 48.91465082464369, 14.95302075948772, 2.092273439004021, 0.27427158718935934, 0.6592901914200187], [11.56986936130525, 48.88354805599188, 14.716558368555505, 2.1784044038268755, 0.2846592517256816, 0.6457871955070333], [11.58125602087892, 48.72206690128489, 14.49329389676196, 2.073299802566474, 0.27491564753864195, 0.6599615153167988], [11.50993120058546, 48.593817572823355, 14.805951419928249, 2.1024205268798912, 0.27325077359470684, 0.6572350219193313], [11.514276720945492, 48.456613255935416, 14.955680587819467, 2.1495304672908047, 0.27672364174737185, 0.6553797448826091], [11.53465616935017, 48.89095006920214, 15.00279680327165, 2.067493676404887, 0.2710413289022595, 0.6618998362828823], [11.466423528092099, 48.20818400538739, 14.977260185039018, 2.1340509067990174, 0.2722360618531442, 0.6570326453003265], [11.526914863291788, 48.582178920551144, 14.825409103538421, 2.1459922176139266, 0.27559951271808425, 0.6563192603900525], [11.52601146444224, 48.614266338276884, 14.728746830012023, 2.1185871376783765, 0.2760457684028479, 0.6562050837819112], [11.571842992872213, 48.81829293516487, 14.793811848472982, 2.0973625765172548, 0.27510562059059246, 0.660749655774181], [11.503895381907265, 48.51876646350184, 14.871692668431717, 2.1362036125613844, 0.27682882491573174, 0.6560758625452113], [11.498893263769048, 49.057070269834526, 14.87603814627157, 2.2305705197505876, 0.2868548950399713, 0.6445244859971405], [11.516654604264078, 48.5562330341211, 15.059053737521767, 2.0802447981943404, 0.2694927219591411, 0.6616895696672195], [11.53801045756474, 48.725936644233705, 15.001286149767056, 2.0930881533877344, 0.27431057492214755, 0.6580746756088085], [11.694605483836568, 50.76062974688948, 14.242954417335934, 2.1918076229107184, 0.2986210993512255, 0.6443651034845208], [11.498738894057977, 49.11611713750031, 14.90126875092073, 2.1584129150686295, 0.2792308890621762, 0.6584046115172386], [11.491267329092326, 48.707927967648416, 14.957392789978748, 2.220562944125002, 0.285804879728894, 0.6420657812454708], [11.524568543725403, 48.792136807700594, 14.772750686394625, 2.1541150276041496, 0.2808747078745876, 0.6533360444477307], [11.4875382244465, 48.682677254067315, 14.960201148490649, 2.0630109233219143, 0.2694860052557585, 0.6658799066569725], [11.517851465478774, 48.3000466548936, 14.801665423877349, 2.162414401939603, 0.2787345678316398, 0.6506465497186117], [11.533119660022834, 48.71488573988439, 14.76711156256313, 2.120323300593007, 0.27804097507797965, 0.6529439689645465], [11.480787718559514, 48.05480867537382, 14.90053537230945, 2.198583654923344, 0.2785160727748192, 0.6535915125882626], [11.503071820903637, 48.64128086802605, 14.929536854045509, 2.108651788514781, 0.27456279891023133, 0.6602521667489958], [11.484287028587586, 48.97419289663134, 15.15064555943937, 2.1187151806868005, 0.2751314266147127, 0.6573680710045358], [11.534544774359409, 49.063088367245115, 14.959886649699472, 2.1052111033821705, 0.2755149609376294, 0.6636197879228851], [11.501761011668059, 48.765533147989096, 15.087577601227668, 2.1129505106216846, 0.27477416253350917, 0.6589641585960703], [11.519030447035183, 49.28093817921586, 14.60835709680934, 2.1650205814479215, 0.28460686796600587, 0.650328971387275], [11.555126158235634, 50.35251904514075, 14.814534467627425, 2.0764750813706896, 0.2802406736859715, 0.6554992365050327], [11.510181808095927, 49.05368791212175, 15.031623581187045, 2.1006514062041863, 0.27620087286098594, 0.6559348375564126], [11.50755059894023, 48.53488804745116, 14.77327321721489, 2.197107632860172, 0.28091253054365295, 0.6480251379791576], [11.491139264457138, 48.63130582507426, 14.761897280016347, 2.2162268569291093, 0.28243104582041073, 0.6522756879996083], [11.526784385581639, 48.787760105992064, 14.95353330171246, 2.0842182932153905, 0.2719476249813438, 0.6583443873995509], [11.485723491327972, 48.45666876385429, 15.032784497037229, 2.123909906389988, 0.2747133390724045, 0.6588956081835143], [11.46326038833251, 48.219759666239085, 15.083501566418722, 2.0988919401064106, 0.26935842847004, 0.6599424987485614], [11.491714430148587, 48.48415722270103, 14.914353335292844, 2.1422317839233194, 0.2756193244521323, 0.6562430076917176], [11.496387465576687, 48.713422983421594, 14.937623951012075, 2.1225371686059735, 0.2757897220196822, 0.6585274468133043], [11.495320798007867, 47.91415890520219, 15.05019299345876, 2.092625655388372, 0.2687232165943979, 0.6610337195047642], [11.493519459867485, 49.08731502876498, 14.873058669235153, 2.1105180493027116, 0.2756251409351378, 0.6628166219520104], [11.510347606448255, 48.23272703565679, 15.0102949696436, 2.138259737553903, 0.27308516409220485, 0.6569381332140489], [11.506704659199134, 48.8459189601898, 15.012632656922145, 2.055394891383512, 0.2706451520411943, 0.6638373449213992], [11.518637640219453, 49.62883559266351, 14.817602556134924, 2.144196535577197, 0.2821114279686096, 0.6539517379357679], [11.555292822362723, 49.05149777290626, 14.801530467582587, 2.0877746309864103, 0.27698955734482866, 0.6569905057563773], [11.52522007221027, 48.48104525027613, 14.889028410368812, 2.1136297230386334, 0.27353138990081044, 0.6609192380945619], [11.487809918587525, 48.7807524373528, 14.865466237623663, 2.111873279307229, 0.27256464599082286, 0.6635243572061142], [11.520928008269706, 48.42266588386315, 15.072184775680354, 2.0669908746095325, 0.2703176278748527, 0.66214762742836], [11.533296463826636, 48.6012840698612, 14.891022722684019, 2.1281585452989944, 0.2777597157704256, 0.6532928534572798], [11.502599301797662, 49.141052102490775, 14.802661383069912, 2.152295068979014, 0.2808726138129799, 0.6573061074929784], [11.490229996108257, 48.968041716159775, 14.96503066077108, 2.146052890941599, 0.2767706082812412, 0.6598514193434759], [11.471814314666082, 47.848529819280856, 15.21222432867862, 2.127593972137479, 0.27033850260960346, 0.6565285618886733], [11.52569759015896, 48.60788672626205, 15.0043793397787, 2.076115291342397, 0.27256666050180345, 0.6605533062467216], [11.527819328205986, 49.12214053201555, 14.903155439672652, 2.1241554671021654, 0.2774464946501141, 0.6596412145664923], [11.502401814272966, 49.676142595894035, 15.165226880849143, 1.982412559243674, 0.26483773635909214, 0.6781722513211804], [11.551553155847945, 49.52384340815475, 14.71615050122568, 2.1356345699802968, 0.28214792690023854, 0.6556905955810958], [11.447880290038775, 47.62903830001563, 15.194644545975688, 2.169974416349414, 0.27115965797114433, 0.6561722308326375], [11.530449490809204, 48.60431930204888, 14.721881189191825, 2.1838405458866776, 0.27864772912591457, 0.6538633876400344], [11.523325100865863, 48.72088087556637, 14.968497541120291, 2.113117688504917, 0.27349733833687795, 0.6620732668191803], [11.46589132135767, 48.66906479474304, 15.20419862254373, 2.063753357707768, 0.2667269315200982, 0.668701008821193], [11.466922039734445, 48.43538887238328, 15.167352870345876, 