{"basin_id": 7, "ref_run_idx": 3, "seed": 203, "x_best": [11.506986010962622, 49.02088326992115, 14.885782065876972, 2.159921347244097, 0.28075135753834723, 0.6533888787812946], "best_J": 0.031114215698382897, "P_final": [[11.506986010962622, 49.02088326992115, 14.885782065876972, 2.159921347244097, 0.28075135753834723, 0.6533888787812946], [11.500220319020203, 48.46148540180159, 15.022610913661552, 2.172881527591443, 0.2776480529754457, 0.6532946265578787], [11.58101213892737, 49.71534092694653, 14.551028845008505, 2.173087166910485, 0.2891848782862453, 0.6486242783606112], [11.522433743422882, 48.69645510923607, 14.95377364815344, 2.1412936135538074, 0.276440654678935, 0.6580776940457408], [11.532132185247042, 49.9212739609737, 14.91536927210789, 2.082252891835608, 0.2796558129109419, 0.6555796770741946], [11.53910807999944, 49.41779862476313, 14.519294268139904, 2.1667782086270124, 0.28744103629596396, 0.6435226305745022], [11.476808629797512, 48.40313069756529, 15.060777319318236, 2.149560392725342, 0.27368161640961336, 0.6587746898348853], [11.555017012739022, 49.393392089294665, 15.096488507858655, 2.1125740428906554, 0.2777625376025096, 0.6558881692473245], [11.544517959035106, 49.10632627820196, 14.966092426368611, 2.0970618332744837, 0.27898604456167064, 0.652607527848604], [11.556713683556211, 49.35171123780184, 14.589337425851268, 2.1101867158226377, 0.2822234792860455, 0.6519253625594634], [11.530674424963008, 48.95715795047578, 14.643073714967118, 2.1766441410098665, 0.2831239074728414, 0.6514956023618301], [11.604617562232791, 49.388231086361195, 14.39664689919199, 2.2295877489719547, 0.29042220565242177, 0.6456255161363859], [11.57448248454642, 49.64701949017562, 14.386937414961391, 2.162707699701694, 0.28732766145155514, 0.648251195006802], [11.528478498388106, 49.29367913135396, 14.750172593192827, 2.145726133019033, 0.28310159778868427, 0.6547356332281736], [11.543177541839519, 48.92659635714027, 14.841340543118365, 2.1280243239423875, 0.27892138593024746, 0.6522258004512999], [11.538776294526965, 49.08919511510781, 14.682319078220292, 2.1765864701271997, 0.28383527316183155, 0.653664609670617], [11.567909917944874, 50.182950534713335, 14.379371406383797, 2.167510291613532, 0.2903797619366157, 0.6456859549686107], [11.491854170057406, 49.26204823278846, 14.651994937147185, 2.207108966717716, 0.2852895736272724, 0.6511665329569177], [11.559088230934572, 49.39785371513357, 14.634615996214933, 2.1981482784089357, 0.2864707520925557, 0.6514264774220095], [11.491743606604604, 48.99298108888547, 14.725857094673845, 2.145570376982275, 0.2793490811520011, 0.6546917684879477], [11.541085877496798, 49.25116743332382, 14.588150510161265, 2.1521083514102126, 0.28304756775513795, 0.6524450451261882], [11.567672872392627, 49.55227329542563, 14.674796977596582, 2.1316158416733897, 0.2828636422433043, 0.6537872197495149], [11.481414171386422, 49.25632711059003, 15.036559400245489, 2.1415483954768537, 0.28036536100873843, 0.6522997306213544], [11.508053320671966, 49.275776036137046, 14.721342058927453, 2.1542468518222884, 0.2825843002420605, 0.6513816917204999], [11.571494729889203, 48.99174786792485, 14.654629977428597, 2.155071853212873, 0.2818845185505054, 0.6536601555050907], [11.515767151903969, 48.606260236172616, 14.673977558260876, 2.1797776386836962, 0.28272145459275383, 0.6486799961413918], [11.471821490728965, 48.78513493060911, 15.072078558644556, 2.1514541117473613, 0.27882856442274623, 0.6554821249181387], [11.530282596314613, 49.23162917966087, 14.932560616761076, 2.106420032604816, 0.27886530460825437, 0.6527571709489255], [11.539428397498554, 51.05073760662817, 14.42525945366384, 2.0368912550979124, 0.2841685798673984, 0.6619592401863392], [11.538019422144025, 48.88936383775364, 14.659876195085953, 2.1603437720828276, 0.279794639434603, 0.6581793301524695], [11.50710140316883, 48.70207732714885, 14.691598671758639, 2.193972325922388, 0.28223744703814724, 0.6515135308479788], [11.52599690270156, 49.055798887015925, 14.716059985130657, 2.184455749763793, 0.2819000648736591, 0.6559396523307666], [11.612553602741396, 50.49426335878365, 13.976694218239087, 2.242137397259099, 0.29921990527781145, 0.6426135307942102], [11.552629624347611, 49.87150897342068, 14.59652878007452, 2.169362006716846, 0.28813786778207096, 0.6492448323724438], [11.529026717278244, 48.99179333668255, 14.502622912082808, 2.164590650050992, 0.2840553742115104, 0.6526848270030587], [11.647566855962921, 52.02388474611295, 14.173715526892217, 2.174920574099351, 0.30464111945539596, 0.6455166416674595], [11.562458571927657, 48.90428758876367, 14.833448964397158, 2.1198608630518354, 0.2791712726923144, 0.6518778281110714], [11.51382832527207, 49.05041244338907, 14.752802899088543, 2.140306470756162, 0.28091081807236806, 0.6563622351804321], [11.556785608036487, 49.38048890492992, 14.659310025401298, 2.1316886617490685, 0.28264438041930007, 0.6512958468076848], [11.496663490194964, 49.71887877648708, 14.922959214271575, 2.1429458867580142, 0.2856884964469085, 0.6534973898210998], [11.524517029345379, 48.83299603524277, 14.603204976927458, 2.145082202780884, 0.2811625139901591, 0.6513946088880437], [11.50558216481327, 49.10308305101669, 14.942293907521481, 2.0917697478841677, 0.27586453845521847, 0.6540143837241688], [11.548379560225492, 49.38713970159769, 14.47920640277909, 2.1618880616113576, 0.2846431176242903, 0.6522143482915036], [11.510894985026507, 49.40337678803393, 14.754118954998368, 2.1774414658494177, 0.2836438098317313, 0.6551600747072107], [11.512253820854552, 49.05478765086371, 14.880646360826132, 2.19062680566705, 0.2840482105236869, 0.6506354946838534], [11.53602265815139, 49.436046308014255, 14.683721452873623, 2.1165196224688163, 0.2813055302786027, 0.654050632600547], [11.497503624996604, 48.844275847400006, 14.918773673982265, 2.174659656086181, 0.2790644853470046, 0.6528185616683214], [11.572966612696668, 49.34325997079042, 14.427857544863382, 2.1472463905760426, 0.2844122542480678, 0.6478510064643439], [11.478446123265691, 48.547553426037446, 14.833333996932275, 2.2296503308410083, 0.28422091437270053, 0.6546018751374573], [11.566913859609532, 49.133085691054234, 14.557241547028942, 2.1322798078287106, 0.2825341657371329, 0.6498294482651557], [11.593780392125685, 49.52509524523051, 14.36148524460061, 2.1054408596370195, 0.28353025388713077, 0.6531491138593718], [11.541924621361579, 49.44671911452722, 14.520893053560448, 2.162685162278456, 0.2850704987226418, 0.6521222020738711], [11.54935384788972, 49.57820832340417, 14.470951822088592, 2.157375187014762, 0.2854922650725187, 0.6541699508699073], [11.538670112598425, 49.473295806439566, 14.485767155036386, 2.25681696171816, 0.29176918712464467, 0.6510839531360579], [11.528193282440634, 49.32364669548368, 14.553332757152933, 2.1931486259560105, 0.28848224507434606, 0.6462032524586592], [11.530848565619321, 48.99076954740102, 14.722362842473231, 2.197999144870301, 0.2842799343054457, 0.6509876499663113], [11.510156950109934, 49.16597456867218, 14.609504398376291, 2.1812760071707413, 0.2828450716887041, 0.6538850994024503], [11.562046512715487, 49.780189254634244, 14.647655409876677, 2.1990011407175225, 0.2897796129548367, 0.643812342699632], [11.521450065236955, 49.377127415216485, 14.705095440090524, 2.1315292574864504, 0.28611001087262106, 0.6542837665025215], [11.563112722541321, 49.39026581245736, 14.69197629273927, 2.118674705359535, 0.27937398636954286, 0.6570794646007496], [11.519713409756783, 49.22639909430711, 14.988549397104709, 2.133484875586325, 0.2773295414993025, 0.6563666376928504], [11.546237303829505, 49.25699230311023, 14.637480715766122, 2.124250865835982, 0.2791262627753491, 0.6570608461309015], [11.53809057502891, 48.6469435126489, 14.698739409957504, 2.178950814285379, 0.28032599880446646, 0.6540130432662054], [11.537898383288974, 48.77906688182247, 14.764826808792877, 2.172227171639269, 0.2804762899354168, 0.6537925085060973], [11.489998774431175, 48.82003609965917, 