{"basin_id": 10, "ref_run_idx": 10, "seed": 210, "x_best": [11.55095761491242, 49.07099360891461, 14.578721175593387, 2.2147942803354637, 0.2876652059397604, 0.6449985024202464], "best_J": 0.031218444414778355, "P_final": [[11.55095761491242, 49.07099360891461, 14.578721175593387, 2.2147942803354637, 0.2876652059397604, 0.6449985024202464], [11.554091531050288, 49.114555420499116, 14.58239657698453, 2.221543421271026, 0.28831751910564823, 0.6444234839894206], [11.578695994332154, 49.35932998500966, 14.478280621978545, 2.2323345479940944, 0.29196999694917497, 0.6410950171848894], [11.547869277799586, 49.07486342788685, 14.600819163425385, 2.2162226265085443, 0.2882453352563953, 0.6445088815753731], [11.559404962921214, 49.04325373885208, 14.500441586678956, 2.2179647129107853, 0.288404479580886, 0.6437298853386141], [11.593808861693518, 48.98839129285277, 14.387247469320407, 2.2621971329457855, 0.2922867091045437, 0.6403286028197442], [11.560457439846266, 49.08193212481551, 14.502548844840378, 2.2182462885603953, 0.2887533144424913, 0.643602529598709], [11.594621326399578, 47.58222605199399, 14.190054800850548, 2.4260906724927, 0.2963477519069937, 0.6228749923775677], [11.558458953079475, 48.95695685825377, 14.486812851871475, 2.221415925122038, 0.2885073928482032, 0.6432987982103546], [11.609713277596258, 49.53068996386687, 14.110540629678054, 2.2977270123894575, 0.3009838121861589, 0.6308249097901139], [11.575517730399467, 49.15514538113433, 14.354517016493133, 2.2399479042599744, 0.291025279344034, 0.6412401266786854], [11.56833391786681, 49.374901614483285, 14.493123211931316, 2.2223028288055393, 0.28992798693231253, 0.6432539360577004], [11.563206038382154, 49.12402424902783, 14.475253391115707, 2.212351041654823, 0.28825888667994704, 0.6449849374419173], [11.559496813257612, 49.09173158105729, 14.48134477449488, 2.21903933690805, 0.288263369383142, 0.6431513122426588], [11.559113188565963, 49.10882610993251, 14.522041724960406, 2.224511111397585, 0.28859270115055785, 0.6434844122466158], [11.565639025911988, 49.03734189529631, 14.452782019554375, 2.2199632241360585, 0.2883155751396188, 0.6437789908969181], [11.557077844934522, 49.04617234304456, 14.62138070580474, 2.2133550485443485, 0.28669594363395623, 0.6452583524246497], [11.569958935146715, 49.350660768848826, 14.443526022005244, 2.2433447070904204, 0.2926877579002828, 0.6403442834718875], [11.559705404304616, 49.061539170069125, 14.490970840230553, 2.2146038877720593, 0.28832227167203234, 0.6449432119690006], [11.54063767666212, 49.07561553953522, 14.557366794910743, 2.21980305980711, 0.28804498893546804, 0.6447956584002874], [11.542924164306964, 49.072003341697545, 14.503087679003064, 2.235265954907154, 0.2903065321381153, 0.6415844808251663], [11.57006973356501, 49.10293863404772, 14.423109703602197, 2.2232614312043486, 0.2900850507583481, 0.6438966986055484], [11.554932683685577, 49.2059257654352, 14.43586235014188, 2.2443389868897556, 0.29115022776526, 0.6406851938703122], [11.565163676986979, 48.91291129181065, 14.39839857395349, 2.2383543350472355, 0.2896783575992835, 0.6409564947770132], [11.554787370978815, 49.02485404399563, 14.425881047908442, 2.241557252665599, 0.2907243468966328, 0.6373237381878223], [11.593844074245382, 49.61807433248214, 14.381127876385015, 2.2118507392411573, 0.29258427819579996, 0.6414817478257907], [11.551269654038695, 49.033655070325615, 14.471657083869932, 2.2150024735528926, 0.28780972987011116, 0.6448883240212084], [11.560624022236414, 49.393207220788405, 14.477295217582666, 2.2267957102179006, 0.292538480426852, 0.6445276537242642], [11.559709352112765, 49.14701925602876, 14.601154197901222, 2.219121418127434, 0.2882241902102516, 0.6450521831656794], [11.551992466045803, 48.94107778377224, 14.478767429156711, 2.232126658146564, 0.2891537283738803, 0.6429108871974327], [11.552294927282752, 49.055734340602406, 14.590077229788863, 2.2135837186471, 0.2884764504333459, 0.6440003365175221], [11.561965151230302, 49.50021040949692, 14.39092439370862, 2.292016317609575, 0.2966488598861531, 0.6380687222354529], [11.584574895509656, 49.30201264305673, 14.34323527629377, 2.2187821726402235, 0.2913314381938233, 0.6394190722811731], [11.560309899808113, 49.09574806070626, 14.402918144218011, 2.237560392667708, 0.29089876011905036, 0.6409358332583862], [11.558538153742992, 49.02578743740581, 14.456270966416865, 2.2142053525283574, 0.288384389199669, 0.6444876228706103], [11.571756158924904, 48.90041174588967, 14.285176176047493, 2.269542020317151, 0.2920575506728449, 0.6371965920738002], [11.562205478313881, 49.11060845069851, 14.451183892577253, 2.2375861687952234, 0.29098225626679264, 0.6438889444674442], [11.614914213351149, 49.04386449775915, 14.1105380784821, 2.274326267248732, 0.2978298181701328, 0.6329596975748328], [11.55450962071236, 49.14950035077691, 14.542332445065492, 2.2153090742918677, 0.28795349606995135, 0.6447078583800362], [11.571503112196432, 49.31615593784495, 14.420934970269556, 2.212803025299446, 0.2895338710967777, 0.6436478935413597], [11.632490093136088, 49.470865807218345, 13.95076891589341, 2.348711911490521, 0.30553717861282376, 0.6284873182653509], [11.570902408013586, 49.21138176848488, 14.46929009871529, 2.2129035243037705, 0.28855230607942006, 0.6453135098601771], [11.582462928787832, 48.93258627661264, 14.439777564105032, 2.218022451757857, 0.2884657429689913, 0.6445614799584694], [11.567253681138833, 49.12951319534375, 14.406837302958635, 2.217302958007417, 0.2885514002997914, 0.643537568150868], [11.574485379374973, 49.21006695881931, 14.440727054881982, 2.262694284013793, 0.2942641059961411, 0.6361470250589832], [11.557556474267004, 49.23704937440915, 14.588754970961073, 2.215793708413266, 0.2883992235992793, 0.644200838028207], [11.564957546121759, 49.16715397810539, 14.444272268147056, 2.22594695985757, 0.28966286743886116, 0.6434127021188775], [11.585007044372652, 49.333835083601606, 14.379586361294217, 2.221728860316193, 0.2905226223719793, 0.643429556103491], [11.552781237124806, 49.246853488256406, 14.577771247313507, 2.2210563625856827, 0.28873873819616974, 0.6444835946656753], [11.550752917669682, 49.15429152154844, 14.579513572999828, 2.2193996864489045, 0.28830184385593727, 0.6450183747524948], [11.564811756829103, 49.20337882567317, 14.47180895420801, 2.2116264897606577, 0.2890946605716575, 0.643697704689709], [11.573295063737449, 49.49351967146467, 14.370429382665181, 2.2248615188782095, 0.2905445922059825, 0.6417785912720579], [11.564158757697273, 49.62641536973463, 14.462370142336663, 2.297645085224492, 0.2978423326514149, 0.6371808746884473], [11.57175781855424, 48.86194072535474, 14.377088148818473, 2.247089033605213, 0.29102627652693047, 0.6406640064523728], [11.550152070856782, 49.10243681758938, 14.526304443433784, 2.21919876545676, 0.2898848272560638, 0.6430638808197744], [11.582352478309973, 48.840711173673796, 14.189919124836868, 2.2412350986919187, 0.29163631044984406, 0.640955821783185], [11.580362376870138, 48.93036660626568, 14.374788229213287, 2.21896211945187, 0.28941351844587637, 0.6407866285690563], [11.575712508816201, 49.11295565584374, 14.437867906587838, 2.2192231366814172, 0.28969331358900857, 0.6426404872352499], [11.56391769096739, 49.07124643434922, 14.491930497979778, 2.2436166521510144, 0.2911532121554165, 0.6391100800230273], [11.548098507404957, 48.87348725442428, 14.428819275465727, 2.2135354210698925, 0.2869520696678463, 0.643957356438048], [11.584002142578427, 49.16262442684192, 14.467362767786586, 2.2774547678731456, 0.2949908369155414, 0.6343482438101042], [11.559243997397113, 48.938285557641684, 14.480233063732488, 2.2230658469215507, 0.28802430059436296, 0.6449165244842141], [11.58288666518493, 49.104374094775245, 14.263251403426713, 2.2201729834313877, 0.28885443382265136, 0.6441154758386062], [11.531334426339729, 48.790191630123225, 14.647573028955856, 2.212600722392422, 0.28530526016223606, 0.6343997654399293], [11.639797987721812, 50.02511733583051, 14.124535057282376, 