{"basin_id": 11, "ref_run_idx": 1, "seed": 201, "x_best": [11.491169529227834, 49.05302692849075, 15.269698146396419, 2.018708470562276, 0.26622872007893666, 0.6723859713189186], "best_J": 0.030920383580562327, "P_final": [[11.491169529227834, 49.05302692849075, 15.269698146396419, 2.018708470562276, 0.26622872007893666, 0.6723859713189186], [11.509645785479236, 49.27988947789767, 14.929959747709637, 2.074453836631112, 0.27519603279527455, 0.6636060663721953], [11.488882026772599, 48.878632412514385, 15.183094904887351, 2.048451920659181, 0.26937437640682127, 0.6670418706130452], [11.490698484045884, 49.32616621041899, 15.122994180531677, 2.057919337201949, 0.2725424319755431, 0.6652208379997598], [11.475621707351886, 49.15731588132968, 15.333230120303895, 1.9931500281971775, 0.2645646754453289, 0.6755445373664049], [11.495285023871377, 49.38670907201399, 15.287301818631096, 2.010003854506541, 0.2666614519445452, 0.676074650108271], [11.487368095165172, 48.950234535830084, 15.30550526829791, 2.054939897440613, 0.269017596862214, 0.6683690476942985], [11.532294940708772, 48.94102703593967, 15.18026625325107, 1.9904951109554117, 0.2639166695188246, 0.6755773675887948], [11.490067733243958, 48.98556533022696, 15.556110063581297, 1.9645763282443751, 0.2604145188642699, 0.6791555183170441], [11.490152573450764, 49.129614421568405, 15.390503180249182, 2.0018425282037238, 0.26470140816613313, 0.6734409359919634], [11.500327075763108, 49.99904186754184, 14.95469323440471, 2.0322571079278586, 0.272460556811523, 0.6744557661820626], [11.555971236939673, 49.78538728782911, 14.672424309872861, 2.0861216484250713, 0.2829029170016886, 0.65687079096883], [11.487206689303674, 48.995335396466565, 15.202190633709558, 2.034065887713634, 0.2663391434034442, 0.6727472922859745], [11.511500100557098, 49.091891008785844, 15.254406563270367, 2.034382264259503, 0.2683748239513495, 0.6695598977998182], [11.515532042056893, 49.27639776150334, 14.988271706191194, 2.0598422246308874, 0.271026956443907, 0.6694768922500709], [11.48973986467189, 49.10824407062179, 15.314748892135908, 2.0139243755786684, 0.26512619834049045, 0.6732192018529185], [11.560292292885062, 49.44858472754645, 14.586937887538895, 2.104148353421568, 0.28128575806246575, 0.6541481426202937], [11.471329108307376, 48.62911289003816, 15.38392760730629, 2.043331256130726, 0.26587831399650574, 0.6696496079479028], [11.554374379942809, 49.941203269672556, 14.721984221067464, 2.076941581032242, 0.2811535658441707, 0.660411863624694], [11.461177878512768, 48.76374901236571, 15.395977356501328, 1.998041469380981, 0.2612286988481123, 0.6778412273219826], [11.499309092327891, 49.47227293983497, 15.14151760313554, 1.9948819948824978, 0.2667996026546963, 0.6705813088209234], [11.585749509618855, 50.58363238181644, 14.561879641615777, 2.102441376768088, 0.2871403757207319, 0.6577225648279537], [11.502312006382592, 49.40847452652685, 15.021893783858214, 2.0771369821725254, 0.2756914836734855, 0.6661535589816546], [11.492814630814854, 48.743156787946, 15.24983738747963, 2.0415782085204333, 0.2671589838319101, 0.6682236393139691], [11.508207420669237, 49.190345656288756, 15.19173462295544, 2.0485371576859572, 0.26768837555165237, 0.6698355764219615], [11.481303202734075, 49.0468686523909, 15.322496657648966, 1.9864336216947283, 0.26281509415274856, 0.677473208444079], [11.47335569308135, 49.19776124969747, 15.220532584920193, 2.0289274880999963, 0.2673469871860607, 0.6707717605945993], [11.466208216552296, 49.099649220130814, 15.286842880092086, 2.0357140873377038, 0.26910056865802195, 0.6681653767876459], [11.462245422370566, 48.9543922817954, 15.508014139017625, 2.0094661426787006, 0.2627915941961986, 0.6767715077524911], [11.498687715771341, 49.09970855085229, 15.217614712013786, 2.031407155888692, 0.26731613657567677, 0.6715547209730931], [11.464921846294885, 49.02155994387108, 15.44392462158166, 2.0171709940002427, 0.26384964149078755, 0.6770307190890663], [11.499162141048048, 48.924144969202224, 15.149283811345253, 2.025770630887856, 0.26750788751147586, 0.6711497751867281], [11.45381570893807, 48.98057158389978, 15.516568602165762, 2.0076356065443752, 0.26301818829987217, 0.6756617975893334], [11.603547368006936, 49.58243470378714, 14.603967267022016, 2.1728600220856458, 0.28660761007678387, 0.6470009843331181], [11.498970892048447, 49.28047910781875, 15.236691190536568, 2.0148450867941605, 0.2674921924972911, 0.670518206333747], [11.488131718171813, 49.622134790234675, 15.223900945568731, 2.0828916845763636, 0.27451041168891144, 0.6638268777583882], [11.518165647231488, 49.26084073468759, 14.946567285423688, 2.060810574601782, 0.27320737313135524, 0.6640044224997742], [11.496278347832696, 49.15050501402065, 15.197895420394854, 2.0414441231642866, 0.26845373977833076, 0.6705199538556562], [11.539453534196753, 49.27572186977206, 14.829831565166197, 2.040986640260458, 0.2727064333300589, 0.6657300613241698], [11.495279663799817, 48.675632978596155, 15.181436109096426, 2.0548052252137254, 0.2677962596611895, 0.6689085415485865], [11.507494787517718, 49.03621018369342, 15.230635051862755, 2.0231913621046584, 0.26729764715728693, 0.669766038988339], [11.48315500726402, 49.216026074725775, 15.365439149190186, 1.9939876430705907, 0.264350014285943, 0.6737001100854063], [11.468109755192302, 49.279467756436716, 15.375265732895722, 1.990281452300845, 0.2631776870738752, 0.6772992643162853], [11.49024804594472, 49.37387934324916, 15.243805226851622, 2.029382497005755, 0.26815528212950335, 0.6720227010885176], [11.563010972633135, 49.10976174589977, 15.228830105190163, 2.015696507922088, 0.26643944711297085, 0.6717188448595005], [11.505273645681376, 49.104126450521264, 15.245107403774629, 2.025546064331562, 0.2683056117614845, 0.6695718037135073], [11.519381375252436, 48.837534877318355, 15.025858614172671, 2.054567288242688, 0.270665628194811, 0.6656548748121844], [11.486492779927005, 49.142339197243025, 15.266445658630397, 2.019640304787473, 0.2671136872754972, 0.6737066184149412], [11.58246770048904, 49.26960239638375, 14.68361803278187, 2.142971425955753, 0.2831855503683488, 0.6508287150616877], [11.478342172129995, 49.22265155159085, 15.33037831219942, 2.023089330400428, 0.26724295050732494, 0.671039003345681], [11.460116611364377, 49.01238063076771, 15.188566155654966, 2.044623198917941, 0.267642266314039, 0.6714739679004519], [11.574560494515252, 49.40398094701819, 14.535096374211113, 2.124499639125675, 0.282048457460695, 0.6545825255559703], [11.470847543947512, 49.09651137681121, 15.312656430773936, 2.0376644149091834, 0.26848831901307973, 0.6720487822027346], [11.500842831325034, 48.62131501375826, 15.115210760445706, 2.0794259151540033, 0.2718539549289204, 0.6648639977654255], [11.503765739073637, 48.779651534364, 15.204957062079513, 2.1228218602201148, 0.2772226209074824, 0.656695024206722], [11.496624696816939, 49.14822364283952, 15.10058865111176, 2.0346836453205603, 0.2682396707742851, 0.6698257561281448], [11.471991196011091, 49.021569362727, 15.504669596604776, 1.9998079031915912, 0.2635030539105618, 0.6739275802465521], [11.49474621406451, 49.22290715961574, 15.295629948595895, 2.0080042175598845, 0.26795502703983504, 0.6742276413769307], [11.50843771165235, 49.06998364889636, 14.922383195157567, 2.1098840441225204, 0.2772881317856319, 0.6571414221138202], [11.490720161567944, 49.52999384337775, 15.457511589878116, 1.9947284287040934, 0.2651782410911378, 0.6760262055154725], [11.48894698574958, 49.62361559478159, 15.304820476442423, 2.0172259050841603, 0.26885776277983237, 0.6717573912314129], [11.515875039575624, 49.483586697153456, 15.018187219147668, 2.033667743286766, 0.2701331848023437, 0.6694499427561], [11.488972851973069, 49.046210228053226, 15.361078095781387, 1.9976831149712544, 0.263505834485689, 0.6754931477017305], [11.487472196692021, 48.77114984612474, 15.129719725037555, 2.0667833591897984, 0.2713131025944422, 0.6637482024853743], [11.491869767709616, 49.33453412583853, 15.184487562300262, 