{"basin_id": 23, "ref_run_idx": 13, "seed": 213, "x_best": [11.474820748314654, 48.672364969253444, 15.315554605478582, 2.0431458624647987, 0.2658380649829504, 0.6708315997088806], "best_J": 0.030913844700435632, "P_final": [[11.474820748314654, 48.672364969253444, 15.315554605478582, 2.0431458624647987, 0.2658380649829504, 0.6708315997088806], [11.587321686166518, 49.56238149110031, 14.136652685184934, 2.2201418169394196, 0.2974194643721204, 0.6382877646696096], [11.474066287905686, 48.789271483675755, 15.285105060792514, 2.0439106943368435, 0.26659824789497, 0.6708419698751278], [11.480335784928158, 48.922111268765065, 15.3840852096069, 2.0284310095192666, 0.26556507154485454, 0.6717738026186475], [11.481952104829553, 48.977127141932634, 15.268152943655526, 2.0363109995363904, 0.2679253890358215, 0.6697185938521266], [11.50763157309613, 49.56117829855327, 15.104138711953219, 1.9969951700637907, 0.2675351094370468, 0.6740101920763094], [11.48683972349795, 48.37068893111318, 15.163930006566833, 2.0783412744918834, 0.26800879575265546, 0.6695798884799422], [11.533660230283603, 49.373206783480796, 15.06006338409652, 2.0580274029323684, 0.273964432862739, 0.6656521400869222], [11.46322374540095, 48.63170465792811, 15.42584943708782, 2.0380112723230925, 0.26460633815887713, 0.6714844219842402], [11.47520548259546, 48.8359968757876, 15.307984509932627, 2.0430059257633566, 0.26714594846295414, 0.670026209538055], [11.609644712242911, 49.09724758872045, 14.222837778173993, 2.2600605573024524, 0.2965454957422748, 0.6280305834713165], [11.488781143035842, 48.810549163567025, 15.334486148350459, 2.03805915040896, 0.2663015200231453, 0.66947067609244], [11.466709236490475, 48.879660539111754, 15.406006302415022, 2.0369329317822005, 0.26643882753577014, 0.6707532483738134], [11.485845559049196, 48.815301465791414, 15.430135629931089, 2.0109057282909153, 0.26365726663073646, 0.6744964224920373], [11.47248644689428, 48.911920771390044, 15.366584953161846, 2.0354974870204483, 0.2660730873899053, 0.6704142355251539], [11.472003110852718, 48.521412629234604, 15.048052247125165, 2.0559045069862973, 0.26955842701865573, 0.6713248259354677], [11.473857135316441, 48.655448874202285, 15.331304970318115, 2.0371899028967686, 0.26505431622244197, 0.6720606839334776], [11.525284091985428, 48.306378515638464, 14.893435980997968, 2.1237129962672547, 0.2759525280746916, 0.6553028867979973], [11.479475007554962, 48.631450098190236, 15.248629054527136, 2.0565395257397308, 0.26859608838530324, 0.669015316773097], [11.46704240333636, 48.913923590641794, 15.400814883294785, 2.0202234768641367, 0.26378787660627595, 0.6741378196996671], [11.469335351486205, 48.944421197463555, 15.373574586573671, 2.0245587804857936, 0.26565723803781366, 0.6718917898084332], [11.479556232735794, 49.06287905435364, 15.308932656266805, 2.024707807901998, 0.2664423137965594, 0.6735881301750686], [11.48190194979598, 48.935686942451696, 15.290979436940582, 2.0374044697247835, 0.26708907634349655, 0.670256692915053], [11.630832317822225, 48.86066839916524, 14.247527400354235, 2.2156745143754457, 0.2888920556867923, 0.6371183781739819], [11.495838700284681, 49.07017778196343, 15.034039710625507, 2.1361602482310227, 0.27761550331953366, 0.6596420489929105], [11.477754541434127, 48.86257638388747, 15.24337200129078, 2.0659056059609173, 0.26885192923999573, 0.6675326717361589], [11.486550632872191, 49.24830919918897, 15.266479008232963, 2.0545992276805336, 0.2703910268424117, 0.6697767658120941], [11.510701389431254, 48.51259397961423, 15.209798918865733, 2.0652306106368434, 0.26759590593513904, 0.668110375473931], [11.471333064781632, 48.879337149976514, 15.440282152560508, 2.0263548996608143, 0.2648796688907747, 0.6714220791199648], [11.46771476217907, 48.819199142869074, 15.45890769493504, 2.0129008928215084, 0.263712854662141, 0.6752531331675059], [11.479360723470489, 49.0765924279185, 15.274036289654434, 2.03362852747502, 0.2668613252514995, 0.6738325927751116], [11.484343409319761, 49.2955562350681, 15.382190486391844, 2.0218116703145768, 0.2676993083420285, 0.6715400742471829], [11.509375094369116, 48.535182892063666, 14.806268382460214, 2.1414869149255225, 0.2779331920966117, 0.6557077640448502], [11.532529713765312, 48.96593598119439, 14.82058485677139, 2.1641444964142718, 0.27956314965778656, 0.6559785883624683], [11.50999117472953, 49.20705743624894, 14.90898874392141, 2.105380053501637, 0.2760204749169626, 0.6648801732005355], [11.49963036574863, 48.874409849753356, 15.26447307101563, 2.0360018985623762, 0.26686440697413205, 0.6712072804252989], [11.48068911438849, 48.74131357555215, 15.037521284633339, 2.086232688243901, 0.2713104617511712, 0.6659983879827313], [11.490410580233819, 49.10217457856612, 15.164995606570976, 2.0831788268412352, 0.2727381423402466, 0.6652209439857137], [11.517152326192601, 49.590709550895824, 15.021193652495965, 2.072953388568255, 0.2753521209849879, 0.6636266167150525], [11.46498806968683, 48.773309089889665, 15.213281586486971, 2.0948837502210362, 0.2705225693480441, 0.6658526039542917], [11.50155414214804, 49.05738366445472, 15.067153512340688, 2.0388236975631586, 0.2690792211995567, 0.6700781191225065], [11.471537605949123, 48.59986575479906, 15.20380718562871, 2.0739567177612352, 0.2680862179825518, 0.668634301013776], [11.488844566654295, 48.94570408854397, 15.255098529021835, 2.0500302245035193, 0.2679890771558988, 0.6689153312709979], [11.46656129534447, 48.82531814586051, 15.467632853811836, 2.05750220735625, 0.26751813982263617, 0.6697142645907447], [11.460792436012577, 48.81109755217205, 15.407833885395128, 2.0368322328536816, 0.2658435103437328, 0.672167910265266], [11.471366319099547, 48.88853493853659, 15.26258910923855, 2.0544842171973836, 0.26792896459711885, 0.669792116935323], [11.494872574063933, 48.49277082762333, 15.261250378917785, 2.0409513690433956, 0.26707771636272676, 0.6708235069349278], [11.483544198695993, 49.004725733141704, 15.132471526719018, 2.097982817557147, 0.27222562114892185, 0.6654769970074297], [11.485944171785523, 48.88134498919544, 15.291190730086266, 2.0178692350856053, 0.2656057601838568, 0.6696983181483236], [11.471152069142766, 48.58336057583749, 15.3376173725232, 2.042715521043315, 0.2653558934235685, 0.6714257952098114], [11.499639326424152, 49.00103721514354, 15.277508708963616, 2.0534036532484943, 0.26905145793392615, 0.6697634432260766], [11.469809337498043, 48.86492448025135, 15.410342612911398, 2.018950641603522, 0.26389567677492193, 0.6738288770176777], [11.476671200961263, 48.60466479685613, 15.282975695415931, 2.0621239113950267, 0.2666915706853595, 0.6688136254637298], [11.56858619060183, 49.10124566477699, 14.329984099595158, 2.1895606017283726, 0.28735654451823617, 0.6390452459497604], [11.477444701695442, 48.97213240070066, 15.392737450901985, 2.024689808617252, 0.26574740024855537, 0.672168824904031], [11.471843555100953, 48.75146994242094, 15.271892887593658, 2.058309790016546, 0.2670230267060771, 0.6702036045155622], [11.600008049258046, 49.86710882277822, 14.793689023262017, 2.1379591709146606, 0.28293951362402503, 0.6548781468768812], [11.48411827799249, 48.74535424632913, 15.40065313475443, 2.022639866865723, 0.26499355173979194, 0.6731661290926563], [11.481001471127385, 48.76761499647866, 15.172735113695783, 2.0482281850006445, 0.2679713954101593, 0.6690931673972077], [11.466132475144242, 48.59840541325518, 15.323937058995401, 2.051992177741578, 0.26609843941940087, 0.6675430279595542], [11.476305222196565, 49.10155827565766, 15.292241729242875, 2.02463387011788, 0.267027526715269, 0.6720955991392037], [11.46964669765868, 48.505329633141294, 15.29168320524635, 2.0547345872550618, 0.2654574137108462, 0.6706779893079269], [11.505093443829573, 49.357796087694425, 15.155978002152013, 2.071118310675779, 0.27382191158527686, 0.664827961012319], [11.485225525152599, 49.43234950512901, 15.277414129400434, 2.031417573226467, 0.26958324920085247, 0.6704268535938074], [11.473283813927925, 48.5914118103458, 