{"basin_id": 17, "ref_run_idx": 4, "seed": 204, "x_best": [11.454333838499187, 48.39319817544929, 15.495658747995986, 2.046323160131466, 0.2640136188807718, 0.6721159762950476], "best_J": 0.03096458091657554, "P_final": [[11.454333838499187, 48.39319817544929, 15.495658747995986, 2.046323160131466, 0.2640136188807718, 0.6721159762950476], [11.44799067388485, 48.23051599857324, 15.420029433297259, 2.068105456970823, 0.2650324503380422, 0.6685674183834492], [11.426044521311374, 48.10504877041978, 15.474311086977831, 2.066691001716461, 0.2640172496729721, 0.670367131304531], [11.460139095995904, 48.59845446324972, 15.565283421833595, 2.057630122483764, 0.26365484717345145, 0.6741710504088149], [11.472206140382493, 47.61606489053326, 15.320233806288208, 2.1226471274933467, 0.2675899370209262, 0.6639720272718151], [11.428322788622685, 47.87368809077401, 15.54599967676717, 2.0813641122452937, 0.2639166191916639, 0.6706577520211389], [11.451992447263667, 48.7094168128734, 15.691318868829994, 2.0055696170983954, 0.25821229940050244, 0.6778736755344552], [11.449006498117015, 48.299183884142515, 15.504003093518932, 2.040513460307463, 0.26238683670754803, 0.671885074446947], [11.453138070049327, 48.31024164243734, 15.502756453391047, 2.0433732530949906, 0.2635158706989254, 0.6717771809159634], [11.468238412882993, 48.42730192203419, 15.387634983909413, 2.0453751057714253, 0.2660219345072895, 0.6712020934933101], [11.459591042671084, 48.699561614183374, 15.542619040996616, 2.0053255553897835, 0.2626575373588477, 0.6736868936699375], [11.369261442104346, 47.040703566301644, 15.646473162876319, 2.176541945194484, 0.26529759251997204, 0.6701191841939913], [11.461544514893818, 48.7939489825175, 15.420058256921408, 2.0210130520419294, 0.26283490803589316, 0.6731865783069481], [11.441451592521275, 47.88916397648635, 15.09902488762026, 2.168219551617575, 0.27496561901015704, 0.6654215303370515], [11.452927976718392, 48.75999569238362, 15.425576432470086, 2.0627235063593155, 0.26726481085742965, 0.667106844639515], [11.478322149595728, 47.511868666918964, 15.403739881744697, 2.1153697046065534, 0.2679938710138667, 0.6624694618884654], [11.472674662162436, 47.941362940505066, 15.319368242024412, 2.083784064395916, 0.267402781231053, 0.6662202467705105], [11.482140550861878, 48.53027462825886, 15.232442417138394, 2.0143478685149097, 0.26100106329746764, 0.6741283480885726], [11.451730599227242, 48.34526626364757, 15.524818058211318, 2.0528983541048746, 0.26539659630780105, 0.6755262586546105], [11.47578205626066, 48.21445223423384, 15.193254446849734, 2.0555648463861784, 0.2635504712650011, 0.6719580125868417], [11.473765062972555, 48.52860500391779, 15.270097097841152, 2.029293953106559, 0.2643489296157365, 0.6731083119298694], [11.454620792878426, 48.17251320563608, 15.43006736904843, 2.0589890482580064, 0.2646672855500086, 0.6671144308083651], [11.453799421400015, 48.41298042927072, 15.642070275793126, 2.0482991944600095, 0.261955708882003, 0.6737050838111062], [11.487339959441469, 48.3537164569481, 15.370448536283174, 2.047320849480495, 0.26454510394549924, 0.6725704308129318], [11.491073348013902, 48.91621078731234, 15.403330224790677, 2.038280780345073, 0.26506086615075936, 0.670586733868125], [11.456344248497752, 48.494554457421486, 15.603350548144197, 2.040002627322667, 0.26308251146939715, 0.6741972508222944], [11.48043076192407, 48.26004499037226, 15.344755031327654, 2.0510480655773464, 0.26576614048700925, 0.666115199843582], [11.461658985298758, 48.724893424572855, 15.53638154332445, 2.056558436503512, 0.2653758952228353, 0.6703409046373777], [11.433569057674994, 47.682732471514946, 15.567921348755446, 2.1171956951181925, 0.2635630437810281, 0.6699672599345372], [11.453623820980491, 48.470208881671816, 15.407306373492238, 2.054375938568208, 0.2637761821233533, 0.6735999729892019], [11.423344283431144, 46.88023236054873, 15.43813242069546, 2.159170276569095, 0.2632359490831673, 0.6662834525306986], [11.46584429104771, 47.785444161160655, 15.235747451635776, 2.154738588759051, 0.2686100303025249, 0.6601169547735392], [11.446708151712665, 48.15156543862789, 15.518907026449728, 2.063752683090448, 0.2636099581561897, 0.6703658945121271], [11.470123627323725, 48.172184711336214, 15.215458845418457, 2.0414501640596323, 0.26201067647478943, 0.6714141555828758], [11.445817733169312, 48.5496786809998, 15.625122085260909, 2.0149665624953315, 0.26149982683869905, 0.6757543443469896], [11.439715672903388, 48.03665876365736, 15.534656226779015, 2.0970380385550804, 0.2674578725836236, 0.6693478883975466], [11.464256381208873, 47.6159000970459, 15.385382839622071, 2.0617111471315193, 0.2637260450450678, 0.6683465893909825], [11.432044984427591, 48.515562037235604, 15.803277338342577, 2.0183978347959, 0.2609987120207359, 0.673476181505807], [11.46710496212816, 48.72426020288457, 15.325981879499283, 2.0241425154697144, 0.26304445620614825, 0.6745307397419176], [11.438195454774137, 48.88297087283714, 15.724975110434045, 1.9879222864907435, 0.2591340051905, 0.67827739519788], [11.437816109831804, 48.70496237279189, 15.61894948878247, 2.0267803643724935, 0.2630108222549735, 0.6743615210564594], [11.463766064620991, 48.18944757381109, 15.37802022027978, 2.0742381169646493, 0.2651855784633295, 0.6714589746055316], [11.451426468416436, 47.88606630667332, 15.407554734026265, 2.1113412849348228, 0.2675433135560598, 0.664516645553893], [11.450020101587247, 48.20057649516961, 15.423829569394758, 2.0614100083724636, 0.26480235238458927, 0.6694337389093284], [11.476589873789692, 48.4421529005685, 15.369894443277225, 2.0413445437619395, 0.26195340546631357, 0.672827847319581], [11.44023578098348, 47.80635292910424, 15.060294204332418, 2.104120095248339, 0.26676385735094055, 0.6713535095885096], [11.516543904561388, 48.611838402423736, 15.416496143174736, 1.9953438734469922, 0.262249664998361, 0.6743092334210865], [11.413885032243895, 48.699060049543064, 15.570574423226262, 2.021333208258667, 0.26342320482156933, 0.6748644510947778], [11.475617453125444, 48.929213843460566, 15.40933809888781, 2.0141944655267796, 0.2650536047441944, 0.6710027009079171], [11.447837759323615, 47.58881424043638, 15.365272251455016, 2.1258268796978967, 0.26562235879150004, 0.6667443699145452], [11.437278694110265, 48.82453406035967, 15.435735540527004, 2.030326175434838, 0.26544940177385223, 0.6702875502000124], [11.471289082735868, 48.63299130847702, 15.428340440897028, 2.0192288182736196, 0.26199857007422966, 0.6746097896584591], [11.470526771173953, 48.40159665165775, 15.296149226103696, 2.092598832225931, 0.26772194002508054, 0.6677516054590619], [11.474399691460857, 48.261226812103644, 15.418511485294696, 2.055688328096384, 0.26470546836540615, 0.6699409996879437], [11.463556997991505, 48.70007169861413, 15.696314502544885, 1.9931142486185742, 0.2610619082107367, 0.6774879268946568], [11.455760713901869, 48.28110936677335, 15.441461680181739, 2.0577546204933332, 0.26441052883950333, 0.6715668219139829], [11.491615045607649, 48.513609413788664, 15.452637981023438, 2.037840241909715, 0.2645442265392545, 0.6717874343624198], [11.45424580090093, 48.69927075749855, 15.361889682210522, 2.012458139526295, 0.2620089477203453, 0.6784086501163221], [11.469327410853566, 47.99769649047763, 15.03625993601865, 2.1599229800303004, 0.2723212511125271, 0.6543303769558436], [11.458004303582575, 48.87166426599063, 15.345170157699458, 2.023321813200678, 0.2629182639881169, 0.6770033126312075], [11.43374256983895, 48.29912138154794, 15.44180716013246, 2.072436242205053, 0.2664622956444716, 0.663780907355602], [11.467118894244141, 48.78134228049202, 15.588347113316727, 2.01340685579703, 0.262608374924163, 0.6723533879515552], [11.446588033793367, 48.277851664655095, 15.503966040121048, 2.049023968977741, 0.2648807408431254, 0.6703461025865501], [11.445064138232782, 48.43129630365868, 15.35335416606743, 2.081632098198881, 0.26695895751780285, 0.6683228799972655], [11.464573273758532, 48.744368338485636, 15.302570248952172, 