{"basin_id": 23, "ref_run_idx": 7, "seed": 207, "x_best": [11.484054699283357, 48.91732264584481, 15.300889840116112, 2.018665152909467, 0.2650745381829011, 0.6731609814400257], "best_J": 0.030918846977209914, "P_final": [[11.484054699283357, 48.91732264584481, 15.300889840116112, 2.018665152909467, 0.2650745381829011, 0.6731609814400257], [11.525424509261843, 49.00180666882037, 14.896072262353382, 2.0826836931402557, 0.273460439141433, 0.6626079029932934], [11.496132376954023, 49.26167907163195, 15.371633684934942, 2.007143471861662, 0.266171975628437, 0.6771590320362434], [11.514773257143917, 48.651757909994586, 14.955657240013418, 2.0922711282076296, 0.27298924213144216, 0.6631780417022707], [11.485005325538932, 48.780004410308074, 15.17871453688912, 2.0579806572575197, 0.2692115467035662, 0.6675725716550802], [11.512492092260931, 49.00989624188414, 14.967147036424508, 2.065429646491215, 0.2701599953800254, 0.6670841377232604], [11.50693252749102, 48.77494770939107, 14.778842609604878, 2.1607409062378418, 0.28076685289161923, 0.6520584992136162], [11.560160639330928, 49.067211927835835, 14.791823287869153, 2.121122361144287, 0.27807571219220084, 0.6563751738924701], [11.498793819126103, 48.547490781361105, 15.064670819801112, 2.081602305046534, 0.2691314819992412, 0.6656640574069648], [11.481024710140023, 48.27250471402726, 15.308785476818805, 2.0284542461437365, 0.26205054570612374, 0.672840880718824], [11.54017626592992, 48.8559669243674, 14.811747200697598, 2.1752427082032137, 0.27958139378818997, 0.648977597467072], [11.496251444963583, 48.449791577042696, 14.791010156662674, 2.1706196868620906, 0.2792171117058006, 0.6552679508742599], [11.543853183233578, 48.2076916724917, 14.706352344594986, 2.1658638738282208, 0.2784907063457983, 0.6528475840605276], [11.510231879692192, 49.06546357703921, 15.014009304162554, 2.126405755418218, 0.2777306154318638, 0.6563579850147803], [11.418845527968221, 47.76852372567393, 15.526153853803894, 2.095888430503577, 0.26318948946281245, 0.669819794042383], [11.519978865546806, 49.21395955549082, 14.864812012565972, 2.0695236824008503, 0.2730646878487669, 0.6637168166029642], [11.524442222607071, 48.67369703075027, 15.041980002074814, 2.0688084088252934, 0.272310070578485, 0.6636650390262573], [11.50207742623796, 49.020961000264755, 15.30999279741731, 2.0141402219609206, 0.2646839242883362, 0.6727482543855667], [11.480214208226839, 48.96144860987457, 15.356348904297047, 2.0281576544064843, 0.265722155389229, 0.6739822415019011], [11.520642074730961, 48.821724561500304, 15.071382240425343, 2.125880574603874, 0.27520279803353087, 0.6583278437023087], [11.584253706763372, 49.66797100521077, 14.256440822335685, 2.2779980220383043, 0.2981143164469589, 0.6339275386327893], [11.470244461932122, 49.05664196687109, 15.40518796724995, 1.9943061916790388, 0.26253446573204353, 0.6782140739735975], [11.53079337090989, 48.910724341010905, 14.782510064972213, 2.1141265193487606, 0.2769227812258724, 0.6569196033966], [11.583886988242115, 49.26639881991148, 14.481861594059382, 2.192666683341196, 0.2876935991655719, 0.6455663325189714], [11.46181889510598, 49.119967329933736, 15.362659168293218, 2.000897520107434, 0.2628418466061682, 0.6792572782977815], [11.549753793594281, 49.02323501784774, 14.349055209911027, 2.3043368923977168, 0.29636793243815723, 0.63308334675012], [11.57322780147557, 49.05471400202954, 14.7694314780709, 2.1021564553355523, 0.27665374367245943, 0.6577350891801715], [11.47039794822578, 49.08314921867268, 15.509513207231358, 1.9911073312032064, 0.26259488997103575, 0.6786317213266353], [11.486609941473263, 48.99119404838345, 15.295578924301996, 1.9951712242978386, 0.26286978344192274, 0.677183934292098], [11.490518997721564, 49.16015078664352, 15.360720252744638, 1.995995043560695, 0.26435193530318846, 0.6762815839159406], [11.477585944611855, 49.10336077517883, 15.346407964714494, 2.0065887911566658, 0.2637513500905084, 0.6753997711260131], [11.500721077879541, 48.459364074749985, 15.407287270050865, 2.003433014930705, 0.2615014221646855, 0.6762858183371983], [11.48575607648608, 49.21273296218937, 15.33161127161595, 2.000756190446273, 0.2646347691444585, 0.6762645779152194], [11.491533707691326, 48.556027682141995, 15.244847704690892, 2.081010311936962, 0.2692789998223025, 0.6661694028139173], [11.484955810194393, 48.31930199985435, 15.202106742111459, 2.098572552723236, 0.26895521389180477, 0.6646448265353604], [11.50861841930508, 48.91954918931828, 14.962609285557765, 2.0340777327076274, 0.2684502097598102, 0.6701306669094728], [11.49679476117257, 48.601079687377, 15.245350291322639, 2.0862481851293144, 0.26960919411469464, 0.6626814306218238], [11.484082075921831, 49.051992356459806, 15.303373659338709, 2.021182620007924, 0.2655309155975943, 0.6728315542653607], [11.477728437643329, 48.93743698927337, 15.272484832287097, 2.034352530899528, 0.2674759079463498, 0.6680510631691627], [11.489257805310164, 48.88640016517459, 15.365359370144676, 2.034606987305816, 0.26618639658122367, 0.6722758893075038], [11.50478285809249, 49.3126248693517, 15.37720400602446, 2.0108491619900786, 0.2673491286921413, 0.6720577201911845], [11.475256376915688, 48.97408108814004, 15.439943428093434, 2.0011297220433213, 0.2631018149324732, 0.6767256841375501], [11.464358389683676, 47.89302601158972, 15.375565848635146, 2.0523108415455233, 0.26229476297271226, 0.6701281035975523], [11.468345772198138, 48.38433178177836, 14.77853334336453, 2.1631881718285357, 0.27724438477146346, 0.6548281925432541], [11.535272289132445, 48.63938444375143, 14.968262665325147, 2.0948342518632175, 0.27573688180925776, 0.6567945262790517], [11.589478198625157, 49.45119216915004, 14.28292624367892, 2.2540249096152696, 0.29379615618033394, 0.6324422353642841], [11.45419033557196, 48.45611010648801, 15.342099824794172, 2.0286408161928597, 0.2617457349505394, 0.6743880071466615], [11.507356635346289, 49.38939609875511, 15.12170193909783, 2.039546181580956, 0.27066794502249253, 0.6689104062729923], [11.488933306461456, 49.20716874069855, 15.14028537758044, 2.057268975546776, 0.2707544390362849, 0.6691317674448878], [11.52567073026347, 48.605231094000054, 14.54541548213825, 2.2668722262219676, 0.28991711814461507, 0.6369152817606035], [11.487611562668826, 48.676389187124634, 15.28179201134131, 2.0209759093399775, 0.2646271287853506, 0.6733580584514235], [11.588239820016776, 49.41170577361112, 14.620469006088081, 2.213707596121952, 0.2903417645051158, 0.6398684483144108], [11.472395590517605, 48.73864899864195, 15.33897764535314, 2.0215134191752724, 0.26355352818780026, 0.674504714535498], [11.532510312871475, 48.99913879273654, 14.782098381515778, 2.1486361550847466, 0.28059847129232435, 0.654809628213085], [11.46345487031746, 48.91814600560625, 15.18426235373764, 2.0502157230350804, 0.2682698337527765, 0.6700429419449615], [11.473986249102726, 48.526718847278644, 15.225688590845696, 2.0561467969561287, 0.2668567022673567, 0.6675079896356487], [11.499501964985143, 49.32427775113914, 15.079245338427361, 2.0158135134654565, 0.26780350984527423, 0.6718416438745507], [11.4932544789212, 48.047345361900724, 15.233041089251497, 2.077989702915357, 0.26544157171712623, 0.6667852494810298], [11.469300637968422, 48.965949498851955, 15.269623999672861, 2.0305573842545583, 0.2656999350889907, 0.6732960070877886], [11.497362832157368, 48.53617165118801, 15.119803539718983, 2.0815558049112663, 0.26984448314584486, 0.663517206865573], [11.496444903682201, 48.59017814579818, 15.181874186339208, 2.0306087489425697, 0.26550285971481535, 0.6713072451133908], [11.462808013850033, 48.94991586454265, 15.30430322636019, 2.0431942081025793, 0.2658817208056409, 0.6715067273271922], [11.591046190950218, 49.424514119502746, 14.66326808687162, 2.172562184795124, 0.2885894485986051, 0.6462772173243309], [11.471673185571014, 48.523887734722344, 15.365242874634205, 2.021308045423865, 0.26282441684282054, 0.6733556563920808], [11.469811384670779, 49.123426513004674, 15.30791938552226, 