{"basin_id": 7, "ref_run_idx": 9, "seed": 209, "x_best": [11.472628715055173, 48.74926536411131, 15.428459244325525, 2.019896889684851, 0.26360507198479016, 0.674016866995746], "best_J": 0.03091594856708382, "P_final": [[11.472628715055173, 48.74926536411131, 15.428459244325525, 2.019896889684851, 0.26360507198479016, 0.674016866995746], [11.490819040865142, 49.17870600410706, 15.030506281199408, 2.0741470525543586, 0.2708479532277701, 0.6658500888660452], [11.497364506978903, 49.37505236159963, 15.123560336544609, 2.0400014450394917, 0.27022598418568855, 0.6672145030865415], [11.499897442831928, 49.0510997959799, 15.22432673680014, 2.094417147812401, 0.2738704503426052, 0.6633980321787258], [11.519241174640648, 49.123483672433494, 14.839040100741382, 2.0887763620168984, 0.27513674593984905, 0.6607350082483607], [11.556002138487147, 49.6557367414877, 14.95250432627079, 2.082688328953573, 0.2768897912518759, 0.6640788244970444], [11.497826181774439, 49.1368045304598, 15.076278420963817, 2.044903420477187, 0.27109598541995544, 0.667402824340101], [11.496611302985148, 49.46945212423524, 15.148949000214428, 2.0290288048509955, 0.27002573729187423, 0.6714655128732946], [11.436323172254218, 48.725170959974896, 15.59892028210059, 2.003545713591095, 0.25889575596751074, 0.6768797203199307], [11.496713432325013, 49.18487704785699, 15.193748262479827, 2.0227680605966842, 0.26654450524455797, 0.6747828352317784], [11.479847415419599, 49.17303450827385, 15.411048828867385, 1.9633984163939928, 0.26001975685059436, 0.6797404687669388], [11.534199138012875, 49.87528505075515, 14.572549284336475, 2.0720869427744657, 0.2797582218752196, 0.6604063019816282], [11.485737888255448, 48.88236588775784, 15.187447614763267, 2.046998349198041, 0.26686968932868554, 0.6719411723153503], [11.467220142157304, 48.71966731246136, 15.479746210928162, 2.0045268978529216, 0.26181314675426326, 0.675803356321304], [11.513646049515337, 49.432267795479724, 14.906911121758776, 2.0813130221122775, 0.27558089069576286, 0.66252873243785], [11.529174950357902, 50.08498508701061, 14.67357637818045, 2.0796850490062555, 0.28096470275809626, 0.6573535024957439], [11.490738760780243, 49.689044253117665, 14.896845688320845, 2.0988529325469356, 0.27825508728625453, 0.6609309084456851], [11.480322978410545, 49.01034848077983, 15.240432424280211, 2.0351516372698764, 0.267623907687681, 0.6700570261537904], [11.447396593324493, 49.30388562646784, 15.761223561308698, 1.964004994152415, 0.2594639203218147, 0.685649652189931], [11.476234840151882, 48.756812577779215, 15.43691902152787, 2.015232739991198, 0.2633367999427425, 0.6744524934542421], [11.530833289628065, 49.68096894257563, 15.04587872858412, 2.099710413805184, 0.2795279107064157, 0.6587102990106857], [11.488682926431956, 48.59831014762103, 15.469301565709745, 2.0429824277784285, 0.2644833798384074, 0.6713677279556355], [11.493955749594063, 49.02352379974539, 15.31571426974156, 2.0149833352385373, 0.2647314527150282, 0.6741782679526175], [11.54597243146626, 49.202973395851274, 14.744266101032604, 2.1520670346629163, 0.28439130336866775, 0.6506709298201229], [11.526409460495788, 49.49910615677, 14.810442158818459, 2.0729046413764087, 0.27620203583983693, 0.660968414960832], [11.51786373884072, 49.76950026724929, 15.028275035758083, 2.0117658138706287, 0.2703427126011786, 0.6725922791962115], [11.469364413800461, 48.57043829288737, 15.317571267892953, 2.0554980141808468, 0.2656778813210447, 0.6698506645116415], [11.527891162315578, 49.687799273688356, 14.880082553451208, 2.0439539466122407, 0.2732330257836073, 0.6666422696867242], [11.502758212162728, 48.957259318295165, 14.965003284978222, 2.08162834323492, 0.2711132506888608, 0.664070756113515], [11.489240014493781, 49.30805756033878, 15.13901746139798, 2.0726758607887144, 0.27477882757822153, 0.6649888792574701], [11.617893879359702, 49.87199566556109, 13.951099077182306, 2.2012699853772144, 0.2936349570791558, 0.6377392849482644], [11.480456684597861, 49.11882415623916, 15.128611497006883, 2.0515912391220317, 0.2683722023438246, 0.6714095515162322], [11.551211159700985, 49.30119103246675, 14.7710161832404, 2.0827712908484286, 0.2743873164324095, 0.6639463318759432], [11.483513794020206, 49.073549181572474, 15.258989354029117, 2.03932388196249, 0.26745234243921073, 0.6695862398367294], [11.523886562764451, 49.515721556429774, 14.814244107515075, 2.07328913872428, 0.2770737441777169, 0.6627541343970751], [11.460941890321864, 48.45819502206819, 15.56851563639951, 2.017718560031264, 0.2608102496614984, 0.6775720556929189], [11.51243755709423, 48.96825151822719, 15.166956795384204, 2.0386532323242217, 0.2675412981408657, 0.6694680541883793], [11.514861464682234, 49.337514735686185, 14.967343954418006, 2.0470179218493882, 0.27251595054145644, 0.6651485877385694], [11.512880160408924, 49.36830867072456, 14.957497388765645, 2.044745869057062, 0.27179824357377685, 0.6672862900469834], [11.597787715140567, 49.8746178178656, 14.428700641925731, 2.201712705461227, 0.29127089644253734, 0.649234079848836], [11.483223109165234, 49.53454257150723, 15.475367465774449, 1.939100199937006, 0.26452250792593845, 0.6754648301348036], [11.471700847362081, 48.60983207122489, 15.312156177688214, 2.042934902018177, 0.26489627186812026, 0.6726567135106167], [11.460938195999871, 49.06677997438451, 15.162079536187925, 2.0576115438164493, 0.27012223525024837, 0.6667154023537599], [11.473059893153856, 48.71608244024913, 15.423146704180642, 2.012475333236014, 0.2624512426264081, 0.6752866822761073], [11.525401349440203, 49.284906228593925, 15.034772097840298, 2.0484886503417563, 0.26985352566925297, 0.6703355362123083], [11.513432077496883, 49.589595594734845, 14.907438097214644, 2.067806209667419, 0.2754635862260356, 0.6633273426534071], [11.483263056468935, 49.0238437042522, 15.284465023044621, 2.0373730486610553, 0.2668537210110966, 0.6715042326419005], [11.552074073465201, 49.59536969298709, 14.771355214667844, 2.046469798652115, 0.27412195370323544, 0.6638428358485507], [11.513389856404373, 49.57218678713107, 15.030099059928975, 2.1174943549325786, 0.28011723618177714, 0.6544129610951309], [11.598776252840159, 50.188452413883375, 14.25745337084681, 2.202057028370163, 0.29428493842648185, 0.6474147165429246], [11.583620060784115, 49.77370682223634, 14.68155015587022, 2.0781055149669667, 0.280619023389013, 0.6573593838805432], [11.54988017358676, 51.30191645815358, 14.554521216251631, 2.10899918907291, 0.2940514150193086, 0.6539487151978303], [11.571856681445752, 50.19739081438808, 14.445341782086095, 2.151588384054907, 0.28954688699790915, 0.6519173554810584], [11.480648739885533, 48.81315588907962, 15.410322703609918, 2.0248602710356094, 0.26367682697091743, 0.6743584457132685], [11.4270896775619, 48.57915272699669, 15.695973825177198, 1.9830572565316444, 0.2557612468883407, 0.6807674491699071], [11.455912915411428, 48.479306757526004, 15.648230699757848, 2.0026155737786473, 0.2596071872933347, 0.6778421593677006], [11.420185403046231, 48.770197294958656, 15.73358102041009, 1.9867961936655618, 0.2597935108089013, 0.6765794688079596], [11.488374550954084, 49.10624093337059, 15.085567158610838, 2.0333070918091707, 0.26753148058323567, 0.6679721537696893], [11.466813536786063, 48.74917546401703, 15.52620369337592, 2.0041243959127573, 0.26227193047728936, 0.6762281765607804], [11.558478487121734, 49.41428898401296, 14.63190974445732, 2.094446878609762, 0.27869861780236227, 0.6557290445721434], [11.52417659865347, 49.7884265407796, 14.77187038849876, 2.084926207040191, 0.27889009056674774, 0.6620859578268244], [11.571185581319446, 50.01853151450662, 14.672162775919846, 2.085208679570667, 0.2829832532351278, 0.6535802171397341], [11.484801555167738, 49.106130772897664, 15.042822079957084, 2.0743040563336814, 0.2710717565077101, 0.6684568125919924], [11.52470331898877, 48.78832568145061, 15.540901481088717, 1.9450030243987484, 0.2577280920528396, 0.6793726489505011], [11.477810543530758, 48.618154728244, 15.333971363942517, 