{"basin_id": 13, "ref_run_idx": 6, "seed": 206, "x_best": [11.419817694843937, 48.26197172725891, 15.911630460968293, 1.989569561300641, 0.2550613531633754, 0.6834288285161279], "best_J": 0.031051098772348296, "P_final": [[11.419817694843937, 48.26197172725891, 15.911630460968293, 1.989569561300641, 0.2550613531633754, 0.6834288285161279], [11.426187917366148, 48.35070417351458, 15.937740575121296, 1.9187502968622052, 0.24880127275026903, 0.6911878188938753], [11.423529900130564, 48.386665577043, 16.23689302284389, 1.8995232108781535, 0.24569403993679584, 0.6965620142944765], [11.406769531934815, 48.52808821424377, 15.862224973115135, 1.9775270304420383, 0.2575641401239348, 0.6805252385520534], [11.344614537253829, 48.770264687766165, 16.39883493733724, 1.896162892664506, 0.24600213782455765, 0.7063371752265891], [11.422647769185788, 48.33205350397558, 16.03145300980714, 1.9556319281655195, 0.25157839225724066, 0.6894680094440941], [11.410701233447337, 48.475815032490445, 15.62531710153604, 2.0077173822896377, 0.25571477436175744, 0.686663455085358], [11.401035212804933, 48.60056008900625, 15.878585581569348, 1.9427524916423322, 0.2512668669937452, 0.6908409367207416], [11.460701289341637, 49.21016510852539, 15.990064208267603, 1.8681984138047172, 0.2476370797652855, 0.6952933354381098], [11.42134299503806, 48.0544368514714, 15.949804984788631, 1.9757240660104771, 0.2523754392603559, 0.6831437694186413], [11.406113173871745, 48.88798118259256, 16.1302429313694, 1.900413832604375, 0.24887216864977038, 0.6962496931109833], [11.419072632744573, 48.433063185611466, 15.902143249087981, 1.950197896057423, 0.251055692944297, 0.6895620741275831], [11.416613753564441, 48.0677814642825, 15.58745713262384, 2.046171181916965, 0.2600732553320295, 0.6749344979465923], [11.419494554251525, 48.663441143974836, 16.01737075939785, 1.967342746163964, 0.25546885887785675, 0.682683347824851], [11.378682599617443, 48.24471388457905, 16.22910276762197, 1.9368656697276427, 0.24816957110195326, 0.6946589857392622], [11.381250201125262, 48.37501680058393, 16.089267939147764, 1.9557595017717255, 0.25091913007836, 0.6897924992307619], [11.456360609919901, 48.27584090280201, 16.06748878486849, 1.936754065431634, 0.24867737518222016, 0.6951575261114172], [11.416873900847953, 48.143472686912716, 16.249717659968926, 1.9380912072835468, 0.246393125497505, 0.6911845183602318], [11.373738415471589, 48.1930773787051, 16.462142857834028, 1.9618806572624734, 0.24854401951586727, 0.6876094545493822], [11.419075811196047, 48.726369926898435, 15.871414403465632, 1.9608460051283434, 0.2560559294050589, 0.6822261711900731], [11.41345269217898, 48.68717947601684, 15.940439800214556, 1.9527906723984785, 0.25402717230145555, 0.6873577381131978], [11.432084108502124, 48.128255165674275, 15.701203988688855, 2.015329801521097, 0.2584959369830268, 0.6811301033072574], [11.430952448323175, 48.308451521299205, 15.91725802241956, 1.9384837016691514, 0.24903903297833335, 0.6911367488671277], [11.429236648445963, 48.35916361976986, 15.929931585122505, 1.9792736044620873, 0.2542347899163583, 0.683286461493112], [11.407430182358123, 48.06357108577851, 16.213498284622176, 1.9388765703828472, 0.25050251396443934, 0.6893499933265768], [11.462025483341158, 48.41052563601222, 15.99307272153428, 1.9436946475527692, 0.25354794350385, 0.6829741326020599], [11.403763236088919, 48.3371854942183, 15.840318516803926, 2.018440767997722, 0.2576809688933834, 0.6781741080872485], [11.41883382400508, 48.387355958318494, 15.930817226493955, 1.9809739165287636, 0.2549469935448867, 0.6847096654613579], [11.452191389888327, 48.568795520986676, 15.919823196499516, 1.936329964186501, 0.25146660090516354, 0.6873388342188759], [11.419857996980884, 48.123661687164144, 16.052034673623467, 1.9601028859844356, 0.25061816068097437, 0.6855103398177671], [11.427324037794229, 48.4382108586365, 15.903917965541249, 1.9361936927328212, 0.25201555131660897, 0.6876929137405808], [11.417080795026346, 48.52587114861932, 15.921905986990634, 1.9903274439599203, 0.25582455658858416, 0.6822731640528202], [11.41750890666395, 48.219519849782245, 15.918136922041281, 1.9722537749135722, 0.2524284872011518, 0.6869314451791939], [11.409141947756662, 47.886964759620184, 16.170353260892284, 1.9857227318893773, 0.250457355608617, 0.689303086183373], [11.412329159311966, 48.593980869008654, 15.983039337227718, 1.934477303038821, 0.25075701960562646, 0.6924382007806948], [11.43888799723055, 48.81193357440983, 15.900348939809398, 1.9638682983538147, 0.2545976341274154, 0.6854452283829123], [11.441217779508369, 48.239762253901986, 15.88174357531964, 1.9895036133210455, 0.2555636249558322, 0.6827029274291065], [11.414735211459933, 48.311994433558844, 16.091217777893867, 1.9502345442769862, 0.25027307085418726, 0.6909275890978883], [11.403826700052829, 49.178253447608355, 16.296644902718544, 1.9212660028627946, 0.2499895731070935, 0.6927712436276556], [11.406588823267926, 48.11894594449413, 15.906827229522662, 1.9879600187259565, 0.2539608342297175, 0.6836861413583982], [11.387392784578198, 48.502762016219975, 16.12369115148881, 1.9261962627345646, 0.24912959217149352, 0.6933729714277641], [11.416114624228104, 48.028035324746156, 15.763299691220897, 2.032337556431653, 0.25728790951072755, 0.6783987663996078], [11.391724143682668, 48.39291059749322, 16.14619853066432, 1.8960346670037869, 0.24496376754421129, 0.6965212227019788], [11.421191731932248, 48.37952352471264, 15.899990552529502, 1.999508823126539, 0.25666760803282096, 0.6801083236130573], [11.454831824397266, 48.73352002124015, 16.01266836901402, 1.914454071422096, 0.25223332963350076, 0.6930250635641879], [11.456143310009006, 48.161115828521815, 15.577999554360883, 2.0115712873696725, 0.2576649082000535, 0.6825529013395424], [11.39508217206549, 48.28638910347664, 16.253914363457916, 1.9762102072545746, 0.25069895768675926, 0.6854981604745471], [11.430954015868616, 48.534841810476, 15.928771870854117, 1.9692847558304383, 0.2567073150926347, 0.6808220342085806], [11.387016296612918, 48.72406216800715, 16.35995500695461, 1.9155088321607687, 0.24836304511268673, 0.6914805879506861], [11.39190198615089, 49.010994322070765, 15.940763423686768, 1.9578719346547588, 0.2539351949312329, 0.6917949912256605], [11.408267132602532, 48.66596007219244, 15.999424069082968, 1.942062821831809, 0.2516018038556008, 0.6921670862432787], [11.416995058957127, 48.50302777612008, 15.936177684774659, 1.9920327015847248, 0.25675584502781384, 0.6816203922760502], [11.460826183187242, 48.07734793747036, 15.898350321642894, 1.9573271105955334, 0.2517699274072255, 0.6890504191149253], [11.409824326800036, 48.687055799415965, 15.719841258123953, 1.9671414099947817, 0.25634940428714875, 0.6840657218759876], [11.338567937527282, 48.33686016595335, 16.271066226819634, 1.9413720831335128, 0.24709556576442793, 0.6970652554855259], [11.40382276761577, 48.03623508376342, 16.16015166369693, 1.9880616436104088, 0.2516505856006952, 0.6885530015753769], [11.408530455531384, 48.25537330998375, 15.916818997626471, 2.0017898569040122, 0.2559910137949113, 0.6819282004845271], [11.419434185048077, 48.50203802235539, 15.890841147108883, 1.974721188250031, 0.25557549002634616, 0.6828071260875639], [11.435245703465869, 48.965597902100406, 15.987045888703992, 1.959999988323565, 0.25415314373932196, 0.6858445791585481], [11.42578864969632, 48.05313374014863, 15.866246378408107, 2.0141277248448777, 0.254764891446765, 0.6789116681141633], [11.453576064201185, 48.151621381322975, 15.68354348691071, 2.0037915436830054, 0.2562100751721021, 0.6830861350682782], [11.39963670309336, 48.03061886602427, 16.00827877931419, 2.0235413479523956, 0.2560559470905564, 0.6836161899339352], [11.413530412632678, 48.13265910806067, 15.918635738469023, 2.012720578746891, 0.25580658130136213, 0.6824891710069831], [11.417608302643929, 48.480448697309924, 16.012742832693608, 1.9628661795847955, 0.25399124171548787, 0.6867298643353882], [11.436223003326743, 48.587442688695816, 