{"basin_id": 17, "ref_run_idx": 14, "seed": 214, "x_best": [11.473182283780933, 48.85611122911432, 15.398183243407306, 2.0144326880830006, 0.26389752647466813, 0.6742776807650431], "best_J": 0.03091339832851922, "P_final": [[11.473182283780933, 48.85611122911432, 15.398183243407306, 2.0144326880830006, 0.26389752647466813, 0.6742776807650431], [11.451203071727956, 48.86940565493775, 15.451921519363824, 2.0311135215895875, 0.2652676629479774, 0.6718500230462507], [11.474685001597557, 48.63425297708869, 15.32627920964669, 2.0321860407392798, 0.26474351649599803, 0.6717011239871087], [11.480591691546346, 49.151843221037765, 15.28304064022485, 2.00356230884061, 0.2658404354026621, 0.6743510902404787], [11.465848120236078, 48.63334801002146, 15.396646011037513, 2.0416519068517767, 0.2651579098603546, 0.6734213696199921], [11.472712247920013, 48.74892340012604, 15.393917277017508, 2.0244423472062136, 0.2647931018368599, 0.6718763702548518], [11.451576376330783, 48.69704708537698, 15.319412455766436, 2.0784263350329746, 0.2676466357495885, 0.6688212968641868], [11.472283908276903, 48.71025057808996, 15.379231023609844, 2.0369960352569167, 0.2652318231668394, 0.6715732091859706], [11.451602392086006, 48.298057894012764, 15.500147002751817, 2.0580765113199257, 0.2642967412160483, 0.6697961227805631], [11.463224998936191, 48.649777673354215, 15.549673748265702, 2.0393056826660656, 0.26486792315001434, 0.670818938469878], [11.473637620628423, 48.91466317698868, 15.382149623835103, 2.02926802070604, 0.26660755495587335, 0.6714433585752377], [11.464119168227878, 48.22746302968602, 15.325474582284473, 2.0671544822845136, 0.2653964209575512, 0.668856773509421], [11.47405019264465, 49.01747500402352, 15.412329939043492, 2.0113511507950346, 0.2644809336019209, 0.6742733992444626], [11.453382558711088, 48.72471724706704, 15.376379075884415, 2.0490558714809213, 0.26629970133951286, 0.6702126450891696], [11.484243174093253, 49.10904521459683, 15.397200286952287, 1.9941663900965962, 0.2641028581823892, 0.6736973607447263], [11.453272169416024, 48.42861877861779, 15.49012074480539, 2.032919698996076, 0.2629560939767443, 0.6730127400565271], [11.465967231881738, 48.49060242835617, 15.372410054510645, 2.0574550395767544, 0.26579065541691843, 0.6688409858521535], [11.494586412536394, 48.62940741637826, 15.296878590537725, 2.0287847089914766, 0.26414825995369073, 0.6732626954998525], [11.458233403002746, 48.749353649005265, 15.42289033104101, 2.0370082363130186, 0.2647981239634346, 0.6734263043899963], [11.445287969374492, 48.589795020502194, 15.382556130201456, 2.0478610819155003, 0.2655444103959442, 0.6714830576230817], [11.469212077945858, 48.90024554721821, 15.42171642338123, 2.0151604042477924, 0.2643151057282015, 0.674212410979848], [11.461473862062446, 48.60079570571995, 15.427033884735454, 2.0405299917065776, 0.26460928339716644, 0.6721773479057903], [11.473612608674111, 48.685651913151645, 15.411756617218218, 2.034689226681589, 0.26523301553338474, 0.6704550577416099], [11.471944707513858, 49.03077065629921, 15.359122694571875, 2.001976724348904, 0.2635292731600292, 0.6758311735590733], [11.45422638652054, 48.50434755981475, 15.4223265803109, 2.0411249552070503, 0.26470452245853615, 0.6712697522863444], [11.467343906432662, 48.50568852152769, 15.422340032404461, 2.0383977608317383, 0.26376472947292473, 0.6707515368366292], [11.475996206096905, 48.78975290606209, 15.371864818737524, 2.0188964969281913, 0.26403691654784495, 0.6729652473103818], [11.469892928362146, 48.74342033613862, 15.408122220234263, 2.0093809570865044, 0.26333045971736163, 0.6747228109091253], [11.476832721328462, 48.86403317485243, 15.399989799077394, 2.015421139245867, 0.26444263137493607, 0.6745612955680209], [11.440904173438458, 48.42507671943909, 15.317341422992241, 2.0920847503620723, 0.2678967188940666, 0.6689568596173839], [11.441256427496906, 48.62611589828299, 15.323686635911377, 2.048153681171209, 0.2655569309859871, 0.6724767129248086], [11.457385963861203, 48.9173273915082, 15.401717988693406, 2.0257683156522264, 0.26536080560547876, 0.6731656015928497], [11.451120391872573, 48.31151272795032, 15.384864247528768, 2.0656297107922157, 0.26517177448688595, 0.6715804681837346], [11.455289511254986, 48.73214240945786, 15.421771660706165, 2.0312833762284983, 0.2645428958152283, 0.6730352698195591], [11.4672749227059, 48.817577828339104, 15.45802077380036, 2.0181858324955724, 0.2640495867998351, 0.6730403702923002], [11.469981446930305, 48.807775346195456, 15.409525104818574, 2.0257656571670073, 0.26420717792202103, 0.6739971652470634], [11.469050847352385, 48.52414527437174, 15.417501188338456, 2.037127369877431, 0.2639438461526937, 0.6724037932110886], [11.466799995007737, 48.59423328475768, 15.39517721475071, 2.0498497300082965, 0.2658414400782159, 0.6697693161219237], [11.458970439613136, 48.18033382824966, 15.556185892844638, 2.0603323264560647, 0.26287520524401425, 0.6711621827306247], [11.457987654818739, 48.599344214689914, 15.220433584892774, 2.0722256081061747, 0.2680862137225589, 0.66587111613466], [11.45796120405421, 48.67072599543182, 15.401389940467963, 2.0495786218072394, 0.2655203590453444, 0.6726369794145676], [11.424182225383982, 48.04704584491987, 15.426619960858487, 2.128496225945652, 0.26845508124970474, 0.6649658751196389], [11.466510966849636, 48.83073123631608, 15.480270248937716, 2.023281247053293, 0.2647181262535594, 0.6739966210953223], [11.479761953098892, 49.00685230926772, 15.326810930987603, 2.007610361386427, 0.264524996271038, 0.6742112834705085], [11.474732701023765, 48.84146980442627, 15.35611232007742, 2.022312605681026, 0.2650936596710082, 0.6727000142063235], [11.45673260819002, 48.151220720588704, 15.473351304051876, 2.066385493467642, 0.2640312535432424, 0.6689526569716138], [11.466992325426306, 48.63124418727476, 15.368055087691094, 2.032206393191262, 0.26455812197984785, 0.6703156361273284], [11.466340528908301, 48.752793791232996, 15.422426352068097, 2.0271482072201437, 0.26455940316429943, 0.6736780818159092], [11.480205120294915, 49.05278603414675, 15.355209700753662, 1.9994038608389635, 0.2634020861032457, 0.6751682329445552], [11.473041939299282, 48.86582186033524, 15.301550310600621, 2.0285352852331853, 0.2657124724356151, 0.6720606111832628], [11.458398624434977, 48.32947491789161, 15.296771991518057, 2.0616695436644616, 0.2654037797343341, 0.6714888412834337], [11.468293670857005, 48.66763452506697, 15.396241499248223, 2.0269833975284994, 0.2640928112154587, 0.6728228446776512], [11.47864495344815, 48.84568702751716, 15.374429357961246, 2.014030979786398, 0.26374941066290813, 0.6746174720353624], [11.467411586054387, 48.892505421270116, 15.41313396335988, 2.031200412029783, 0.26519282204413835, 0.6726675865439657], [11.46533416727029, 48.67660051951675, 15.607833747013336, 2.009117404014001, 0.26241334755583867, 0.6756912013128612], [11.476008229281298, 48.912620204540346, 15.466404669177738, 2.0328116981487003, 0.26503396155299797, 0.6732815813223514], [11.471303474520482, 48.61706914641995, 15.344018889521301, 2.0476269591598366, 0.26669011750788074, 0.6685281326443167], [11.473896797513225, 48.22036946520153, 15.222151966471746, 2.0640037946647483, 0.26557677513070194, 0.6677629816089932], [11.470666907507427, 48.720131551255506, 15.386757527143985, 2.0363332826426777, 0.2645910562281817, 0.6725329504260956], [11.454831599397563, 48.279689993854234, 15.3865278209573, 2.07043400675135, 0.26553438339438296, 0.6694051766816121], [11.470685323255337, 48.619869318653556, 15.273752002087088, 2.0726144039159515, 0.2691183360252798, 0.6653515049618449], [11.477356634858321, 48.73384231427531, 15.427748560058216, 2.0023828175850036, 0.26248628971675847, 0.6746552215481725], [11.479733324862458, 48.768832466190844, 15.369122880042104, 2.040071727784316, 0.2659034991826078, 0.6698372494377262], [11.467016319705127, 48.8312256671104, 15.368566779427184, 2.0163168063725228, 0.2639590259048923, 0.6745777616573513], [11.455821451936702, 