{"basin_id": 5, "ref_run_idx": 3, "seed": 203, "x_best": [11.58001682154983, 49.41290986316531, 14.497919328175671, 2.176940070226862, 0.28704690386996234, 0.6478886521649676], "best_J": 0.031227945483211027, "P_final": [[11.58001682154983, 49.41290986316531, 14.497919328175671, 2.176940070226862, 0.28704690386996234, 0.6478886521649676], [11.588367185062378, 49.45182371225678, 14.363944123372566, 2.19916130143226, 0.28974827467467573, 0.6443758349495134], [11.580364072184969, 49.441735131974276, 14.354803421874804, 2.18021917360958, 0.2880167385355505, 0.6474039047739116], [11.605933728978298, 49.43240972016914, 14.318949749312253, 2.2208656654999426, 0.2934474297509184, 0.6410894899659083], [11.594083610236057, 49.48851633265735, 14.351689247352276, 2.205527340805738, 0.2916938314788453, 0.6422392525301143], [11.59378885666632, 49.71625031955789, 14.356697780474189, 2.2051819499157577, 0.29249599562829526, 0.6420287221370511], [11.58278409466582, 49.324524551322504, 14.49036801809067, 2.178557574685572, 0.28830800146525337, 0.6462641930386641], [11.598745588902645, 49.42613183019943, 14.427931053047413, 2.218206518126999, 0.29050769209141325, 0.6436446895325784], [11.600179263139598, 49.556923335575895, 14.42000596025732, 2.2012304010847834, 0.2915226486151077, 0.6426058473295541], [11.582658702105338, 49.49133483322376, 14.459906112016812, 2.184565677124072, 0.28819469267925507, 0.6470045998313728], [11.673626494843031, 49.914844634932614, 13.974521136007803, 2.2950550340639233, 0.30295152723719915, 0.6291616592818566], [11.598207564020393, 49.74216140552491, 14.360895910532472, 2.1829031326336223, 0.29048023900090547, 0.6467226644312147], [11.590092970967953, 49.55003285388068, 14.217421276283657, 2.2307336720564357, 0.2924813250181802, 0.6412499039835098], [11.581025479171638, 49.46360750384991, 14.503175638077527, 2.183327266965391, 0.2870991909364525, 0.6487205732069186], [11.582796144042463, 49.54384680236446, 14.454054096566203, 2.1868824113177383, 0.2890863513531631, 0.6458908996412407], [11.647106874472016, 49.67842539951521, 14.0120486373685, 2.2599546026279063, 0.2980858335903347, 0.635252276426183], [11.660202811330771, 50.395462157030806, 13.90472566684047, 2.2718409449148163, 0.30460071287672463, 0.6340932682557862], [11.601245485728525, 49.84032336147162, 14.277529357780496, 2.195058281678815, 0.2926166912658505, 0.6435646219708531], [11.580511248318105, 49.424804291104714, 14.485728813798728, 2.182032682718398, 0.2872570378656863, 0.6469417037855129], [11.587697975123833, 49.581272516948395, 14.418568332454573, 2.18187908688978, 0.2887907306727863, 0.6474101835543079], [11.580823937577103, 49.31224667532832, 14.473106569872032, 2.179918395111898, 0.2878230481303678, 0.6467459400743802], [11.599159216925347, 49.35655074672452, 14.459159814630338, 2.1925413368291693, 0.288613442361878, 0.6463234198400489], [11.640995557963949, 49.62019011546335, 14.075507455253064, 2.268301535459573, 0.29797516136524793, 0.6344726559930772], [11.589664401932623, 49.41220458481553, 14.48467663416081, 2.1892265786429492, 0.28805088575966453, 0.6473158718653165], [11.684738115568882, 49.86740998480219, 13.833527050815391, 2.4141126904973467, 0.3124130986924913, 0.616063200284435], [11.698227456493035, 49.922770886914115, 13.607283119107887, 2.3919326164369386, 0.3141499841681009, 0.6201838575140679], [11.58824631755534, 49.674845596761116, 14.399882695252836, 2.184535655302959, 0.289474429598134, 0.6475734464712635], [11.648948198331766, 49.810034968187345, 14.042587694866494, 2.2309814060786857, 0.2974098078644253, 0.6355415770439843], [11.584582398659771, 49.52966872743308, 14.37931796413289, 2.1935100012567945, 0.2900078959613977, 0.6460714934322536], [11.580276411431466, 49.675986735481345, 14.440927523207035, 2.187060903070555, 0.28945396799509043, 0.6474479045864047], [11.58067059634648, 49.403655552354586, 14.414897656067675, 2.185522158394296, 0.28749166251444613, 0.6479229552955875], [11.58224377893516, 49.39787601103802, 14.441080156231735, 2.186187361405018, 0.288548016125347, 0.6463848031418483], [11.598925792398727, 49.787560367655935, 14.355612845596115, 2.1877025252583753, 0.2910819849668266, 0.6448122095244536], [11.587026519482704, 49.57290834138439, 14.375329829112552, 2.1997005028772785, 0.2907609169632535, 0.6447774749603798], [11.649464448523869, 50.34540110894136, 14.029634026747953, 2.2134685751870613, 0.29860916206202476, 0.6370021803651391], [11.604619923706128, 49.596266987804526, 14.359339397857013, 2.2160176154006086, 0.2921840396225742, 0.6429495709436812], [11.582093455350478, 49.25817402705229, 14.533856304678002, 2.1792280265674835, 0.2866160176762473, 0.647793660705547], [11.60394776109419, 49.48199945890568, 14.31425487937875, 2.2465303497313247, 0.29375641861503066, 0.6418262321383391], [11.606580672955339, 49.71808629771005, 14.349994025438733, 2.1930244526004072, 0.29104689304576853, 0.6447766068052667], [11.603932988227857, 49.45948094484149, 14.248077188077204, 2.180319063268346, 0.2886074003094632, 0.6465021305416634], [11.586688578964695, 49.56866050931574, 14.448723228381578, 2.185304141355916, 0.2886413630825237, 0.6474219547840077], [11.582433392281736, 49.753244213648486, 14.437818268553864, 2.178933061885506, 0.29038822062335434, 0.6458648852271904], [11.583593991237155, 49.378360702477, 14.479238693269814, 2.1955087798932906, 0.28788698675963176, 0.6456085098945852], [11.671863016317886, 49.906883861072195, 13.868939363962191, 2.273182997085838, 0.30185563460710507, 0.632018133592526], [11.586793682094873, 49.39063120821772, 14.381829732430395, 2.213091070709667, 0.28998952750740986, 0.6438649406858041], [11.581064501573108, 49.56173101298187, 14.37898438553123, 2.181088873992332, 0.2889369024319004, 0.6472989375207192], [11.58583518709747, 49.56912298103333, 14.44120399089209, 2.1890204748945328, 0.28735538223100177, 0.6473067713829948], [11.617864639609868, 49.642461162253085, 14.156696388779311, 2.2532185028194522, 0.295946575838573, 0.6380768339743896], [11.59797809130588, 49.34401396432908, 14.380930890442313, 2.227014227933698, 0.2934223048112448, 0.6420661176471065], [11.588608248900478, 49.53456587624428, 14.41669182196722, 2.183211478310128, 0.2891384345617111, 0.6460413032776997], [11.623182069015261, 50.18521336093054, 14.072755075113971, 2.2123745719983874, 0.2984987402601081, 0.6402591230100424], [11.619438487013326, 49.867271753759155, 14.175004926496099, 2.281431522051327, 0.3003812656612215, 0.6349903780844661], [11.59957086058168, 49.67597580920262, 14.241297054542308, 2.217049874229268, 0.293786137606272, 0.6421826268673154], [11.585774671804348, 49.03071647873933, 14.43203322285223, 2.223794954503598, 0.28968675052055415, 0.6434410212860934], [11.591873453023249, 49.40657560869466, 14.420923796960373, 2.194607672141229, 0.28919630592132084, 0.6451024047318819], [11.596532757021532, 49.43027136103116, 14.343306824751364, 2.220644325033647, 0.29136969426088, 0.6417051267158661], [11.715861945746148, 50.207476817985636, 13.759291991590125, 2.2387698502261206, 0.30352321301913826, 0.6269006054353342], [11.583348266097058, 49.660504969461016, 14.392148268390105, 2.1834942715118064, 0.28998291539400534, 0.6471377623756989], [11.581892692245376, 49.51081393814072, 14.485130638464359, 2.180556682766591, 0.28878231220394285, 0.6470105337118829], [11.627027871699575, 49.443433599522336, 14.200107196157415, 2.2595734053155447, 0.295893763689525, 0.6364270157948965], [11.596909482000825, 49.703305807390606, 14.341089380728098, 2.2048258746259486, 0.29093618126541665, 0.6437937576005105], [11.589531663986183, 49.339647754859094, 14.369799200566575, 2.1980544004384583, 0.28976575850233555, 0.6446853223595759], [11.58769751249434, 49.56878121867185, 14.437958715441901, 2.1783438081422597, 0.2894630354267912, 0.6451805390593619], [11.58319300770634, 49.712652836577654, 14.45025056774842, 2.1757108708522006, 0.2874102491935502, 0.6478247970005319], [11.58042802476902, 49.458875965670025, 