{"basin_id": 12, "ref_run_idx": 9, "seed": 209, "x_best": [11.487933096320438, 48.76987429037503, 15.153537150424693, 2.0788985480021815, 0.27056181823698, 0.6659254525610248], "best_J": 0.030934172774514403, "P_final": [[11.487933096320438, 48.76987429037503, 15.153537150424693, 2.0788985480021815, 0.27056181823698, 0.6659254525610248], [11.502138618860121, 48.944720114605815, 14.952585300988803, 2.14987318372449, 0.28013261687242447, 0.6572864333812443], [11.518895855768974, 49.11587282120598, 14.989112110471511, 2.059134354302528, 0.27434165390489207, 0.6628286039904854], [11.499456847021214, 48.47248859211437, 14.93820590954814, 2.1098127907026885, 0.27444060916605256, 0.6604556395040395], [11.461868994920328, 48.90606613618502, 15.47708272284114, 2.05392719582952, 0.26933443923079087, 0.6664791165840721], [11.511849013551874, 49.3409993466743, 15.047434314866567, 2.0517168010040456, 0.27603632464445366, 0.6618400892155563], [11.454304801353542, 48.71490316190247, 15.265669994353235, 2.026894579567919, 0.2636769349686295, 0.6716535670476441], [11.49587009714184, 48.72170774633882, 15.02206167714213, 2.149919425672554, 0.27702177756237745, 0.6579099325176176], [11.502823994346127, 47.91034190534766, 14.916936719092206, 2.158326980807344, 0.27618752873203983, 0.6500220152964703], [11.510588025473032, 49.29249527917968, 15.053025242677865, 2.090098183737667, 0.2770015442127029, 0.6608548476225102], [11.538143269591485, 48.77839343534377, 14.952883023269791, 2.1158333768169992, 0.2753709207142287, 0.6570432928625651], [11.475134478655596, 48.35528615056099, 14.48740795816824, 2.2523109006062874, 0.28657333088252157, 0.6458695630116871], [11.510810930957827, 49.523179058881844, 15.01340083710723, 2.0180186751906772, 0.2698657994512225, 0.6716458248350283], [11.482417814750157, 47.69201235309358, 14.896331538746939, 2.1978458119465922, 0.2757617066213042, 0.6530343846715748], [11.496527544402559, 48.93938941709146, 15.168726483476481, 2.0710030281974197, 0.2690335594933679, 0.67074613722948], [11.535554880948787, 48.78949788216478, 14.697225037297667, 2.2020372426251607, 0.283948022624927, 0.6478784851783724], [11.498301787525348, 49.00448368195238, 15.115302331597311, 2.092114481310349, 0.27251856648218387, 0.661765793552888], [11.516501230377797, 49.01356500137242, 14.85937546564728, 2.1240632272014333, 0.2779453471030721, 0.6585591703334238], [11.516967510309835, 49.12175089992168, 15.054741464812146, 2.040608445985048, 0.2707964565706388, 0.6691162463733022], [11.535765541751422, 48.97054599510179, 14.695902265141369, 2.234741816556132, 0.2846586414188965, 0.6512694343359571], [11.48028688962763, 48.87813636977622, 15.34486133663795, 2.061911652040402, 0.2703998895669656, 0.6656291662032003], [11.558306011311187, 48.73824576494568, 14.601195697114797, 2.2054595574738225, 0.28351140377303236, 0.6452000674723134], [11.515880750469018, 48.947144599995696, 14.719731017363154, 2.2109944520184173, 0.28696194155307103, 0.6435117787935051], [11.46518017982012, 48.53840657095536, 14.780632681779279, 2.182967106273251, 0.28048411447272226, 0.6522819684400676], [11.493168187810348, 49.03158674787844, 15.169194454819559, 2.1124659942064667, 0.27523030503783397, 0.662950216536064], [11.550507780030202, 48.91530679156619, 14.841078970456286, 2.199243164589916, 0.2828493090871285, 0.6554089776182531], [11.487465362404311, 47.960881938635225, 15.200171006729642, 2.1235176981638726, 0.2713205751513149, 0.6611335197333564], [11.51935005912979, 49.058004010840314, 14.924926616738848, 2.12646135243731, 0.27929404238644784, 0.6538157790538002], [11.472053063345232, 49.23387590413945, 15.316531193271949, 2.0555544959116894, 0.27128376736458665, 0.6653960240343284], [11.513840109534538, 48.80399049836959, 15.179291664344817, 2.0229694995687786, 0.26346149234335514, 0.6743849136878071], [11.539199964128812, 49.261954968843206, 14.945251832704923, 2.0496259639419647, 0.2742608680975284, 0.662619327025777], [11.507887001036234, 48.67814801033606, 14.903160954210406, 2.0601920590751535, 0.26894359664930917, 0.6679597941827129], [11.515923774152219, 49.62542350478758, 14.501899635954947, 2.163133861650573, 0.2823830653591785, 0.6576155660696665], [11.49663094429685, 48.80929808522884, 15.003867517988773, 2.231548104392031, 0.2845360048851804, 0.6464027638688876], [11.518689842056276, 48.79819671049422, 15.16937326945445, 2.070446277173415, 0.2716880737968787, 0.664660194710445], [11.488474133725141, 49.02811659928219, 15.225964823291664, 2.1270121511525186, 0.27481382232495366, 0.6645642280614774], [11.485737542172593, 48.468582715924136, 15.053206588237025, 2.102393999722926, 0.271084448601493, 0.6623854144369228], [11.522134055456899, 48.35226108710878, 15.162251226253368, 2.0864382076446395, 0.26765583329307807, 0.6654498653265909], [11.51506016428781, 48.85581469632557, 15.300664183610845, 2.0448594256855355, 0.2678725884128198, 0.6682013213534754], [11.511412614000523, 48.32061244770169, 14.662020714803976, 2.240043528767888, 0.2833120552074905, 0.6505325895101612], [11.49145153817412, 48.8730592846082, 15.188073930671804, 2.091702172108243, 0.27404068091790135, 0.6589755038317227], [11.514050592567617, 48.70021391638151, 14.564243840941026, 2.1240792379508315, 0.27768025233733795, 0.656922601003167], [11.486609735264958, 48.878483743766886, 15.262123610388285, 2.0624423277874513, 0.2672292446920203, 0.6686953126640929], [11.514878248048124, 48.324729383215946, 14.85363691682523, 2.1366932214765924, 0.2757508739985623, 0.6570079078398018], [11.49867898826109, 48.594668377530084, 15.294468897053155, 2.04201893534595, 0.26547514835415065, 0.6681089589908297], [11.499945060683595, 48.99164432882529, 14.987166078219815, 2.115283299221253, 0.27579400318096153, 0.66140894765542], [11.532484668859885, 48.45045507728911, 14.843100159595414, 2.1405503132771746, 0.2788979370929295, 0.6540283451729113], [11.513675353849598, 48.5579015727272, 15.007792305803445, 2.0814056547272153, 0.2711065813545379, 0.663024502824895], [11.477569963127003, 48.49174061472718, 15.264329166127235, 2.065426579417622, 0.2663462221167705, 0.6676804432619284], [11.455953405553904, 49.17040195026141, 15.126145491946318, 2.067206036972073, 0.2688236512082229, 0.6758342999101294], [11.45749612884579, 47.9515970630381, 15.542619808601728, 2.022515681713565, 0.2584640880404483, 0.6763269472834275], [11.510868700688803, 49.26015906963575, 14.803644940648768, 2.1556487777752684, 0.2817485231258951, 0.6623258552683718], [11.489736034288324, 48.9795339880815, 15.222668943356828, 2.0360399959311817, 0.267222984358725, 0.6656194742200564], [11.47655196268409, 49.333174217899895, 15.24296403091394, 2.014555749632794, 0.2653583247764246, 0.6751765974847235], [11.52428653516428, 49.17087397027825, 15.116682140830315, 2.0771813383568585, 0.27493865768195463, 0.6605810130213666], [11.482424117321145, 48.57674792401546, 14.953940902753079, 2.2446595219447083, 0.2836283906065153, 0.6445101715375029], [11.497749925859608, 48.92500006441465, 14.87721232851814, 2.1661642982384275, 0.2788766228555681, 0.6506171805385867], [11.50134052767887, 49.03825620479578, 15.18102155595499, 2.0890876853412923, 0.27333030076553483, 0.6603946761561542], [11.516128451333987, 47.1318477730446, 15.22554407933711, 2.1024939419655606, 0.26393789627426695, 0.6689449056612197], [11.4864836564139, 48.61473224892033, 14.672700674351583, 2.2426626698846204, 0.28564029733466223, 0.6527092269177183], [11.52356873990045, 48.40586514719504, 15.229362119032952, 2.1026605682803488, 0.2703678801127789, 0.6623385240188145], [11.591160352454125, 48.99268176878998, 14.801176540884484, 2.0565700579080013, 0.275856305836989, 0.6591330168540089], [11.443785423489953, 48.346046136175005, 15.334616016285855, 2.074662127723727, 0.26888106416482527, 0.6642520814669309], [11.52514913028913, 49.08632566474167, 14.68867575001685, 2.1224472925882396, 0.27730991415763634, 0.6614190825281556], [11.533574720231332, 49.09658631729889, 14.873402020957876, 