{"basin_id": 22, "ref_run_idx": 11, "seed": 211, "x_best": [11.519521957907779, 48.8515313510769, 14.902477017124047, 2.119161513410127, 0.2761586501411703, 0.6582044207187054], "best_J": 0.03100519164689312, "P_final": [[11.519521957907779, 48.8515313510769, 14.902477017124047, 2.119161513410127, 0.2761586501411703, 0.6582044207187054], [11.560385270961294, 49.53900937222367, 14.393994192248309, 2.2013385728200063, 0.2898796534027595, 0.6465878723555636], [11.51910412932198, 48.85279839327605, 14.92360827766562, 2.1131579430523053, 0.27653538935795113, 0.6570240133227464], [11.458525935178153, 48.28611720794514, 15.29063580159047, 2.0510883872099903, 0.2651223962359875, 0.6662469164448388], [11.536143283543526, 49.16239823223681, 14.671144088373218, 2.1453261592618853, 0.2807173792552237, 0.6489177833728432], [11.56523150032198, 48.908011817384164, 14.65567190730807, 2.164857833987805, 0.282950512882803, 0.6503720771642202], [11.574084204604581, 49.07562449884502, 14.5191292775872, 2.1279732398896987, 0.2808840688536502, 0.6523022464337097], [11.546279729309575, 48.84045353633964, 14.670218519455542, 2.129166721201761, 0.278878530473407, 0.6555157924083785], [11.53289457947338, 49.20375025853183, 14.74381133297938, 2.162094278211881, 0.28206614846151207, 0.649758004052058], [11.618535370419446, 49.63673843516785, 14.32247487976965, 2.1965852105649284, 0.2908913586617279, 0.6458793041452415], [11.547443608308448, 49.61496836477071, 14.600672660593421, 2.1358011286695975, 0.2856678917835275, 0.6522867268547186], [11.562230163628909, 49.23308459613614, 14.593703916036857, 2.183844795658547, 0.28556275919659635, 0.6486621687410548], [11.642103679545578, 50.18939048797274, 14.05126782755624, 2.189812832056205, 0.2969365873425769, 0.6365224612790901], [11.584184345180992, 49.29008644043495, 14.555449474659154, 2.170731071034444, 0.28610596913992914, 0.6486956311318737], [11.545125577439512, 48.88708041040297, 14.811814620659781, 2.1231629056175785, 0.27801719741518643, 0.6542800516671025], [11.555446586706081, 49.151123056809006, 14.542577520302814, 2.176160953108896, 0.2854939999861778, 0.6501428773816671], [11.622461803206246, 49.693189050951936, 14.263940058749597, 2.166925090946203, 0.2898835153474818, 0.6449304930423448], [11.536867689007249, 48.952826075684904, 14.760587976390635, 2.152856289813636, 0.28162370308101314, 0.6497975942487687], [11.523811745988668, 48.74868213223255, 14.905806100368562, 2.0954903821364743, 0.274506595110561, 0.6598550448436861], [11.530367992942661, 48.98724765169642, 14.922006032770083, 2.1149400045099784, 0.27749232948078834, 0.656773494016717], [11.643981202911702, 50.87494830348909, 14.1135867470076, 2.130635061442151, 0.2964053415624324, 0.6405255793593703], [11.596633067877343, 49.506609679492506, 14.44042557095434, 2.189376223781861, 0.289112670563176, 0.6477897977912991], [11.624982781178264, 49.908577912453794, 14.368239701930905, 2.192162211649412, 0.29347139377164294, 0.6429080225385035], [11.547784833659863, 48.98166601112884, 14.41130867416931, 2.139376368791545, 0.28135612545332506, 0.6540916149872781], [11.537019155259765, 48.90663191074371, 14.832944244735295, 2.143806908434133, 0.2795753551020441, 0.654051955977964], [11.52259708554869, 48.76841262068532, 14.838640337975017, 2.1066033916922087, 0.2752416898803818, 0.6574246835130397], [11.601482044553487, 50.01737480458006, 14.306265209550743, 2.2360391358317315, 0.296124503453793, 0.644214063000337], [11.609331733570347, 49.80812392069734, 14.452621710791243, 2.139152380567134, 0.28804868316204996, 0.6446231370965286], [11.540725088617112, 49.358170671399506, 14.705862033459251, 2.1668395435713674, 0.28293333670961107, 0.6493178450895796], [11.573373297824283, 49.49329813969136, 14.503056261509407, 2.16341693033106, 0.2856141272097501, 0.6519073624142679], [11.593437994014927, 49.60332655284188, 14.528195346601363, 2.157363940126731, 0.2884295893817104, 0.6457159797417446], [11.625020220844021, 50.44358296688906, 14.239353548317368, 2.1941161171070753, 0.2991318088163668, 0.636562197664125], [11.589698049110394, 49.96941789295869, 14.349469575891455, 2.2158950275140032, 0.29190476106355, 0.6457609789060558], [11.52385286971107, 48.49505735514568, 15.059944285092028, 2.084716223319729, 0.2705813299512926, 0.6623795803322723], [11.508843640934687, 49.196193172656855, 15.074329661162485, 2.0962051533859962, 0.2722534930112019, 0.6654336217766836], [11.562148811378906, 49.431272821211586, 14.585173093256605, 2.130071965943184, 0.2840619366437522, 0.6499776060483939], [11.614998090161416, 49.96664039552446, 14.35489004790176, 2.209097666600332, 0.29537147865717067, 0.6434617534936758], [11.592948554684428, 49.555967968308, 14.463566601527948, 2.1934546540814, 0.29015565109479863, 0.6447913886690788], [11.60898149124095, 49.53418649612664, 14.470905890260571, 2.1492640308616155, 0.2864740554947057, 0.6483055649466318], [11.572555638022562, 49.31379647031769, 14.594612907974218, 2.1784609073286405, 0.28600164001267026, 0.6493785399962115], [11.565049762918433, 48.91715935398243, 14.78772971989786, 2.110393592315511, 0.27742432388344834, 0.6565518518407366], [11.551748430727, 49.21908478656971, 14.7061821566769, 2.1161866813191184, 0.27855361820162094, 0.6574651604468922], [11.519315433505389, 49.293245920929465, 14.816844849741708, 2.1255811802850526, 0.27904390595394757, 0.6582576493284092], [11.568923506704278, 49.37061866219218, 14.514868760211726, 2.147440641087498, 0.2843534590395897, 0.6501362487605128], [11.525894817381625, 49.19032039259999, 14.77482463159783, 2.1312401709008193, 0.2793590935703722, 0.6568796347455408], [11.57516108409295, 50.14783778417585, 14.260758960106816, 2.181242269203336, 0.29175737321315126, 0.6484684629138796], [11.512190265101086, 49.0433788917627, 14.819160537729404, 2.117954886859548, 0.27727986272213334, 0.6575799281639898], [11.468613413008356, 48.22277664242229, 15.219679931689729, 2.0745199708742907, 0.26655813387510424, 0.6668315309260052], [11.513603504447069, 48.72608675327174, 14.905349291674396, 2.099301992845235, 0.2738523382871975, 0.6590531897745371], [11.55030170386061, 49.649799570217354, 14.397533878776335, 2.1777320377143914, 0.2880581195355842, 0.6493493764341282], [11.517139131134718, 48.835840757499554, 14.915652869092623, 2.1441778922784764, 0.27820503679170777, 0.6578654489964822], [11.569877902421723, 49.67260260954575, 14.667928790527814, 2.19949290445682, 0.29069207513977025, 0.6444784447898613], [11.574491458040654, 49.62737608123375, 14.541808690671534, 2.16276967129456, 0.2881405010409182, 0.6468957815480317], [11.52633373160263, 48.8674252638, 14.557918626236514, 2.1929909691375054, 0.28448489221374706, 0.6489977166291966], [11.541859063924763, 48.99204135126121, 14.739065617266572, 2.1373135734122886, 0.2803087175340679, 0.6544737099026926], [11.514226842368052, 48.79608645450298, 14.933840071869977, 2.108841419380412, 0.2754932655466636, 0.6605613303196578], [11.500739567539485, 49.03993861017915, 14.907013787252119, 2.119610393008102, 0.2763162563806562, 0.6583765046101995], [11.576115140671583, 49.36133517183534, 14.540015285660616, 2.1538021545120603, 0.2845862185849714, 0.6494308282242023], [11.559372415459855, 49.52105850069226, 14.560774760277294, 2.136042732881358, 0.2843061493708363, 0.6526614383568042], [11.514441812418443, 48.69930508681235, 14.927138310500181, 2.103105423908852, 0.2731382297524481, 0.6602275228194405], [11.6074798435, 49.9319458054386, 14.068255176214688, 2.204759311328135, 0.2944902899025224, 0.6418468968668438], [11.55634141328979, 49.55691468343183, 14.58106936041327, 2.172368023698039, 0.28637160485840746, 0.6499090327476155], [11.52055283179111, 48.57341925613182, 15.00144968197729, 2.0763910005305966, 0.2713267797081566, 0.6587621375890227], [11.553914950161197, 48.744598481629055, 14.935763749162389, 2.089663385589909, 0.273920469237606, 0.660315728883376], [11.531336297474438, 48.931813670053074, 14.952344871332569, 2.1061823841837737, 