{"basin_id": 2, "ref_run_idx": 11, "seed": 211, "x_best": [11.583877215953361, 49.74849333798047, 14.381422507962597, 2.2042955844410637, 0.2912745946686666, 0.643545551223568], "best_J": 0.03135673502898672, "P_final": [[11.583877215953361, 49.74849333798047, 14.381422507962597, 2.2042955844410637, 0.2912745946686666, 0.643545551223568], [11.635302408494807, 49.376023890917025, 14.094486749803838, 2.2784329676165953, 0.29956693933075174, 0.6315547163276101], [11.622997701577354, 49.895852666683005, 14.036837435776338, 2.2193494788689856, 0.2974670318574666, 0.6382684985375489], [11.61452843994059, 49.46146918121993, 14.2398673299123, 2.264636708073237, 0.2966101965088139, 0.6336447012526588], [11.6400200523113, 49.504646670877115, 14.266636718413569, 2.308475756319991, 0.3009585174669881, 0.6304628764662281], [11.606047906067257, 49.650819896037845, 14.16097755862798, 2.2872300967518844, 0.29840119698534795, 0.6327148400237241], [11.641874785803358, 49.40175531467229, 14.089278865681827, 2.322952984842472, 0.3019950613732856, 0.6297668420812614], [11.618193756708342, 49.40281544584331, 14.081968481303347, 2.2986012124358246, 0.2992421357366205, 0.631168455453928], [11.638083281088603, 49.64237870465116, 14.133687539240107, 2.3168081668970544, 0.30211252375339953, 0.6292090300139519], [11.614204468054286, 49.22498924408767, 14.133954275852536, 2.272032874080418, 0.2955357755970016, 0.6337169326564859], [11.626710653283423, 49.43557247068037, 14.130466249113008, 2.3284169770391285, 0.3022090331879543, 0.6307351717898866], [11.599485681192467, 49.34229458380275, 14.225524396455324, 2.251566332703085, 0.2959399302561243, 0.6362616003426087], [11.632907748636047, 49.25515607269655, 14.139994058454194, 2.3155326446819537, 0.30028513741427815, 0.6297918779384569], [11.662287228815877, 49.188267070236456, 13.969509173958924, 2.2995582193026953, 0.2995351934773892, 0.6304507620437377], [11.619062877267757, 49.5925187755114, 14.290927692576679, 2.2272455220515006, 0.2948342618911929, 0.6405828572932044], [11.618383709712408, 49.01501265144217, 14.226505076982424, 2.3130857771921534, 0.30110456339939085, 0.6303803237650363], [11.596899680328681, 49.16675263060459, 14.169906681046884, 2.2517070493261255, 0.29589179134540144, 0.6331390350170907], [11.616708583235326, 49.35749035573672, 14.170588543537345, 2.2812857414412284, 0.29758085682157526, 0.6339485590694], [11.598388191725705, 49.857368466854545, 14.1969034768143, 2.2053243302662295, 0.29344940778732803, 0.6436346945488314], [11.58560688691616, 49.24483549563331, 14.17201219344999, 2.2357443494584794, 0.2938227831292565, 0.6389618274106458], [11.641492481755398, 49.7857282611452, 14.11400833663048, 2.2901646508670432, 0.3040346000877773, 0.6280779140235472], [11.621398839502113, 48.41769904607618, 14.355083192057014, 2.343786835903323, 0.298066653588292, 0.6300255447262773], [11.583125500959442, 49.65934801397384, 14.235378870477632, 2.231426734386734, 0.2946589619544843, 0.6389876094413236], [11.70523217482468, 50.92303181793922, 13.935302792559213, 2.3692072231831194, 0.31373467913171416, 0.6188475871354697], [11.612753063467238, 49.16595471306654, 14.161659846272798, 2.3521155044733515, 0.2984947236408822, 0.6319619658102786], [11.597700261703812, 49.315274442263956, 14.070257566381288, 2.306206058694742, 0.2997959687323649, 0.6288790108709083], [11.637458641477261, 49.26719523733911, 14.168016646084515, 2.2868264021511164, 0.2994370982506989, 0.628572402013647], [11.623610356439835, 49.250544267052675, 14.120160115812977, 2.256161932863172, 0.29464839764385403, 0.6365982521143544], [11.645900650178733, 49.53965952730578, 14.058296515079398, 2.278418303313894, 0.29827290244296345, 0.6338138984027537], [11.599547245627265, 50.018178736925925, 14.135981525069157, 2.2302781424107034, 0.296526099697996, 0.6362826054937969], [11.632484583065915, 49.375023902567015, 14.20683674764351, 2.319926798736917, 0.3009384252360805, 0.6294774687531732], [11.680692943733098, 49.63471490328738, 13.82335507432615, 2.3574093621809413, 0.30645577495236387, 0.622157792531057], [11.609416804998515, 49.03619265142642, 13.952919410145585, 2.3683846312232, 0.30349526314046865, 0.6241728627236247], [11.643391627022762, 49.67978422865078, 14.173591576748276, 2.2799414003413108, 0.29995992792856774, 0.6323512716232316], [11.645592429653325, 49.24841075552029, 14.128926822395083, 2.316951661398422, 0.3008222541770974, 0.6273463050105773], [11.598799536204874, 50.197923164953494, 14.190519036722366, 2.190321501184937, 0.2946483286851843, 0.640934181427138], [11.617530184067483, 49.302776309078254, 14.017172658522007, 2.3326604253491694, 0.30140687950648987, 0.626710349900352], [11.617390805874328, 49.81500085344745, 14.25326395532164, 2.205864821935901, 0.2927391865207114, 0.6430592852212894], [11.624656632363205, 49.477790864340356, 14.151496256010748, 2.3504262875630073, 0.30157030567805193, 0.6309635030884456], [11.629519118967101, 49.26980316990758, 14.170300485938274, 2.27710905978393, 0.29675358695944853, 0.6326062328566007], [11.596997838613593, 49.47467262925505, 14.287637294660998, 2.214490501065729, 0.29299531401332224, 0.639069893859191], [11.62305551017633, 48.66494402627541, 13.97357035265129, 2.3227111728535266, 0.30130548103091265, 0.6246242727337965], [11.615586169058334, 49.434610608803986, 13.901578131622653, 2.279745250744547, 0.29671813625262217, 0.6355571631247252], [11.612758710274306, 49.59115552224639, 14.200913020774882, 2.2322273060919047, 0.29423411037338565, 0.6392727064170498], [11.626761104171866, 49.835948243482704, 14.088305313925156, 2.3219845370216583, 0.3050589973469574, 0.626462238761733], [11.622503020989205, 49.62650288061117, 14.216962291247416, 2.259590855661989, 0.29754339733161617, 0.6351159114320146], [11.599017509937855, 49.685402221977526, 14.249987713154031, 2.209085711567789, 0.29237090063169446, 0.6420588110147251], [11.599757153113329, 49.374920367032246, 14.066116122553172, 2.2444911514909034, 0.2945476901470216, 0.6376062775832031], [11.616205915883683, 49.476397741030944, 14.045464034937954, 2.311788553297623, 0.30127046078799735, 0.6305892339297989], [11.635406290328415, 49.517068910895524, 14.084098165843471, 2.1885209645951758, 0.29072512843360354, 0.6429416394483046], [11.61478681760675, 48.8285227859227, 14.296002102846936, 2.293955351653676, 0.2969532020197613, 0.6276390273466862], [11.599064784287128, 49.10041684247808, 14.261654076548048, 2.236879084250926, 0.2937403123673965, 0.6358079032831471], [11.63240486737591, 49.92851738785011, 14.240326593398713, 2.210508950608664, 0.2950117648003531, 0.6411890202085909], [11.606827224894692, 49.57892310755741, 14.170657251255978, 2.2617266091898762, 0.29728740762292744, 0.6332626342318708], [11.628060383630121, 49.33089374989279, 14.266636718413569, 2.288729437526435, 0.2970568337763687, 0.6338117553647142], [11.602744421153579, 49.009510925430135, 14.115545845403423, 2.312649859352663, 0.29960234200304214, 0.6297976679939921], [11.625294639102744, 49.91777628784108, 14.16492251010117, 2.252120279592976, 0.29668032437239394, 0.6392472347671615], [11.594401657249632, 48.87430856615183, 14.115927191484202, 2.311747002101898, 0.2985980223205755, 0.6312903038585258], [11.60626172992056, 49.42095309988928, 14.264130275308524, 2.238997840748267, 0.29276208321257063, 0.6402837457752762], [11.609685388846005, 49.66044267899182, 14.183375730476392, 2.2642854864321653, 0.2977233678294324, 0.6353708672329784], [11.620177464765636, 49.68683584331659, 14.24239117004711, 2.241278804994848, 0.29481655681551544, 0.6373869591047758], [11.59975375786675, 49.37693908314065, 14.190295440121758, 2.315406792316432, 0.299833947788988, 0.6337944034450225], [11.592402410124569, 49.75083244556385, 14.194591898432723, 2.214718449535661, 0.2925781220490876, 0.6408347720273635], [11.590684754203883, 49.57053412776474, 14.279761475575777, 2.2038630286614276, 0.29125342238885527, 0.6425542998505007], [11.632421113297255, 48.84260612993876, 14.0138089406498, 