{"basin_id": 7, "ref_run_idx": 5, "seed": 205, "x_best": [11.529730771196489, 49.17287356972666, 14.736787271392728, 2.132146451932028, 0.2800350641206406, 0.6543138833027611], "best_J": 0.031079268730089576, "P_final": [[11.529730771196489, 49.17287356972666, 14.736787271392728, 2.132146451932028, 0.2800350641206406, 0.6543138833027611], [11.588179107681787, 50.43314442767713, 14.698910776028693, 2.0151801984679363, 0.2794184727481283, 0.6615399280127308], [11.584239516706182, 50.72013388366087, 14.40897003549167, 2.1796597399523123, 0.29422025630364956, 0.6480027789677364], [11.581538416691556, 50.22592340894644, 14.499583046003202, 2.1226187209827474, 0.28908510305254287, 0.6485593158039976], [11.521220803508248, 48.99689105219266, 14.88594273097108, 2.1284333401997517, 0.27914185329662095, 0.6575603636909843], [11.587433333745585, 50.24912978133798, 14.582459926147651, 2.124120842158923, 0.28767422947131127, 0.6518034555910572], [11.558024499491658, 49.37521012136423, 14.599779664107432, 2.1178842398182702, 0.2799104913750903, 0.6552951885083015], [11.617929983732875, 50.13568893983798, 14.467725868281022, 2.09947940491839, 0.2862591242263296, 0.6507710502740802], [11.533582836952133, 49.05081178511934, 14.772675094600276, 2.072310210253768, 0.27343773049169634, 0.6625429878453882], [11.572020621242183, 49.79949517641974, 14.582004363408183, 2.144667804128269, 0.28557638476032715, 0.6528932400344875], [11.568873850018518, 50.061319240918046, 14.766217143888044, 2.1289474583976795, 0.283499156769933, 0.6578717069142513], [11.593093302435326, 50.25086586726563, 14.30541391046061, 2.1577252246367427, 0.2906851720646867, 0.6479033859107683], [11.473350757422187, 49.06312288132258, 14.89353407151257, 2.1308510226216066, 0.2784040919371803, 0.6585924637572811], [11.580126618083325, 49.69629208983348, 14.686094195012643, 2.104731109545838, 0.2806539437948356, 0.6579106053171826], [11.53832644568418, 48.65361395770587, 15.016849646219875, 2.0624173661520597, 0.27040875029876293, 0.662543416125559], [11.624987036087727, 50.40720990873245, 14.314337581259828, 2.132717069632114, 0.2927318570350861, 0.6445386954513781], [11.524204449244932, 48.77893368011118, 14.825021608161082, 2.127716080445405, 0.27776512489180694, 0.6537364839589163], [11.570233154194035, 49.45578423410795, 14.405281483148586, 2.24648687006594, 0.2946342745685147, 0.6416001635295843], [11.578184543402594, 49.481798250154654, 14.620999224350182, 2.1368441660914352, 0.2824859627171871, 0.6527977378324833], [11.537323704301514, 49.19232954772787, 14.649609924026107, 2.18165422245465, 0.2849991185348894, 0.6460099976173618], [11.50850280099202, 49.0834993880795, 14.731624677578921, 2.1239446720891197, 0.28007770767578494, 0.6551335180629992], [11.575426645657036, 49.756360138988846, 14.441976699123993, 2.130537075868076, 0.2872508983452808, 0.649277120148768], [11.568787474562358, 48.73759707911409, 14.787448987301978, 2.140406961518952, 0.27832389083615544, 0.6551602842277049], [11.552620294899231, 49.32109702733698, 14.729770044143994, 2.1165311483918003, 0.28233878827253195, 0.6546243198402624], [11.544919340913488, 49.58441623734261, 14.470132560662162, 2.185927789134185, 0.29180593542883265, 0.6443795365712598], [11.58268427315266, 50.405160816106395, 14.449492793835729, 2.11521743682635, 0.2874011778940773, 0.6547627605682558], [11.558307837696892, 50.09612366541917, 14.399065877888297, 2.194482568511917, 0.29136034329657323, 0.6470185334007552], [11.582741579574117, 49.301738578556304, 14.807975885549022, 2.1073166425869476, 0.2799036959739148, 0.657389770108032], [11.5669565444731, 49.90032012288502, 14.477625287813288, 2.210006982333832, 0.2917114407108699, 0.6487018673079663], [11.565546599627798, 49.93890491365861, 14.74264965512981, 2.0856743321138076, 0.2825975351792519, 0.6530861453263093], [11.57280361435269, 49.08026431982272, 14.769898464651614, 2.1030322408242097, 0.278743463103007, 0.6560627686907802], [11.597168126987297, 49.71415803161148, 14.27480520860889, 2.1604845656833445, 0.28661667273417274, 0.6470905543729046], [11.630833147656222, 50.655269747787045, 14.406978653531347, 2.0942980996632983, 0.28876853917592527, 0.6509324817445882], [11.603291480410215, 51.02080456914227, 14.213328455808579, 2.1584957842546437, 0.2964861070803099, 0.6494792765224161], [11.580713742510579, 50.40822408657099, 14.456908823608176, 2.1666971439761937, 0.2920678802777909, 0.648209373459013], [11.580688642541146, 49.11695348891723, 14.72802489547325, 2.138332396862803, 0.28209345607820024, 0.6538673424012083], [11.57277063439296, 49.11950660662025, 14.706872484183135, 2.137374712786026, 0.2812305842350846, 0.6525313162292523], [11.532826819261734, 48.745654206233105, 14.818130490444917, 2.135286712270338, 0.27806900077134566, 0.6527647527647087], [11.578157324881449, 49.328675260854716, 14.746187935203466, 2.1477791241619557, 0.28424823378159114, 0.6461662335718422], [11.569805659560807, 49.65465292623915, 14.63318143996251, 2.1460018013254354, 0.28637035910911773, 0.6517139506281441], [11.495261182656932, 49.84015554649812, 14.733933074433118, 2.1296081545274794, 0.2828408817448451, 0.6573408605029114], [11.597778083126881, 50.63507809208099, 14.50852602522171, 2.0633625255191554, 0.28461154731860994, 0.6587792441524327], [11.624184184269309, 50.30024419544314, 14.28063882840429, 2.133479352257009, 0.2904702573181787, 0.646734346599462], [11.588106278012079, 50.83933715136204, 14.36179829948681, 2.080095957522523, 0.28787848159669926, 0.6522017715700337], [11.552421591243213, 49.57964814896219, 14.679356395835498, 2.0940268109955875, 0.28070959870806805, 0.6589803262001857], [11.534797530755556, 49.758268890131575, 14.590912954162105, 2.148234726512749, 0.28431315655595346, 0.6541966125660655], [11.57468874779771, 49.25539451975487, 14.594669414876506, 2.1342823032819465, 0.2822971471764416, 0.6535934079644777], [11.476288812483409, 48.61149497914754, 14.911596109982307, 2.1190579538930874, 0.2745611001006268, 0.6588264134955244], [11.549420668734612, 49.51515312680005, 14.748601090011157, 2.091984210189012, 0.2789646899504502, 0.6560714784446706], [11.601491265070646, 49.8391482894612, 14.544109380408617, 2.1748729974590773, 0.28822195419849095, 0.6490535105393853], [11.626302889821725, 50.70001895503417, 14.38247555416544, 2.1116834557455086, 0.28987374726321247, 0.6521163905614015], [11.57890166683057, 48.67405968588331, 14.705356454779361, 2.1366097935124064, 0.27962184449072747, 0.6514854427809248], [11.555596089311408, 49.00332135417006, 14.650767917055008, 2.1662501404199643, 0.2826670939670625, 0.6501416376690383], [11.567909917944874, 50.34160771951932, 14.457002271025784, 2.141249910414761, 0.2895587060976344, 0.6513571270684116], [11.558125194116869, 49.42437249092756, 14.479205910784383, 2.1944039455146056, 0.2880889331082621, 0.6502125732644688], [11.587362960894234, 49.82042466432492, 14.658160448316712, 2.083169975863645, 0.2815769225508602, 0.6557333732679822], [11.542338891885006, 50.03287068879485, 14.373245463763073, 2.2327779792012206, 0.29370123426941497, 0.6430297987691963], [11.594301500479261, 50.93945411241231, 14.461911086293117, 2.062632550298086, 0.28614946685078824, 0.6569053649925539], [11.528770609489431, 49.0752575167568, 14.781978905585904, 2.1570629436944833, 0.28077330782120263, 0.6551938946467413], [11.54244641947834, 49.90492545506392, 14.578734859520399, 2.120808062037044, 0.2855922446938937, 0.655189659296414], [11.501113418912826, 48.22319992319769, 14.810522431004104, 2.199817770851844, 0.27872256889230146, 0.650586162051512], [11.540656503153254, 50.2072045468629, 14.47541550883737, 2.177647430442969, 0.28970935207245607, 0.6492167188759794], [11.56940167543883, 50.025185149417375, 14.448429885874495, 2.2013733935835966, 0.29518265846546704, 0.6414974050541262], [11.566114900386921, 50.374545068845755, 14.191022734186703, 2.234326285209932, 0.29850708514359886, 0.646160753593831], [11.546808165336202, 49.45279929672849, 14.593173060933637, 