{"basin_id": 10, "ref_run_idx": 9, "seed": 209, "x_best": [11.555481105353772, 49.080798238805876, 14.541691542560212, 2.221925457673396, 0.28828349925358754, 0.6442805498901615], "best_J": 0.031241918075336765, "P_final": [[11.555481105353772, 49.080798238805876, 14.541691542560212, 2.221925457673396, 0.28828349925358754, 0.6442805498901615], [11.550395925936636, 48.79440807115103, 14.404280082845245, 2.2508307752457513, 0.28927961947898095, 0.6389477281248648], [11.543959619241692, 49.63491564119681, 14.522267199423753, 2.2836498497192137, 0.2981118965127564, 0.6335423079227408], [11.559659863836867, 48.738730058798744, 14.53016676166674, 2.2456653840472907, 0.28838339687321884, 0.6434027878580532], [11.55266310446896, 48.67495941236365, 14.557756998479233, 2.2547856785533464, 0.2900173151980201, 0.638684921636208], [11.54918988082382, 49.327260917740944, 14.5232573021514, 2.220898430539359, 0.2890743337749861, 0.6450528222765093], [11.567578594095702, 49.373490520537445, 14.44660530718192, 2.2362455826818803, 0.2916557303987377, 0.6408255032694143], [11.576854718519026, 49.040240069802614, 14.45078605451909, 2.261166527470091, 0.29124925281409075, 0.6375527385850541], [11.55157263845488, 49.32521756786775, 14.496283602061997, 2.2178913931778563, 0.2899974509060582, 0.6449481871274942], [11.550067367178848, 48.98162946281967, 14.618579385591769, 2.2332831083008133, 0.28747653200847356, 0.6425025526807261], [11.562191881390497, 48.782266285341514, 14.594589019075181, 2.240267566251713, 0.2879539850537578, 0.6417230468634892], [11.563095503070995, 48.57866871182553, 14.431707932319604, 2.2348973064736364, 0.2880174468100789, 0.6395166545800831], [11.584301000850914, 48.749832215469944, 14.42289960366898, 2.2636832544217245, 0.29181329737740164, 0.6377098532948535], [11.671782608086385, 49.288783485898726, 14.135250378030822, 2.4178855252043108, 0.3097085180640345, 0.6226584531141827], [11.557952757153314, 49.22696632745203, 14.398864105574207, 2.2340672374978285, 0.2910149533877078, 0.6415410699742152], [11.570784186984657, 49.1557419473869, 14.298334876400961, 2.2410021313397004, 0.29254473341784054, 0.6392886974032049], [11.577440411599266, 49.25027113732048, 14.378266290410965, 2.282486409383032, 0.2949097121238425, 0.6352067173362977], [11.552402083534552, 48.904025756103245, 14.46264686623764, 2.2446698544690036, 0.2901875985249541, 0.6377705272835654], [11.55383884940998, 49.10266137579467, 14.48121321408414, 2.227386869033931, 0.28995069194764517, 0.6414394501178128], [11.582089338210288, 48.63768157083459, 14.073792279285522, 2.4457646382153007, 0.3077169201574822, 0.6224017832754071], [11.556966769145376, 48.883379747493485, 14.416238727653736, 2.266472988901686, 0.29133100729908473, 0.6378457707459625], [11.60251616655131, 49.06942003842744, 14.05274004926386, 2.3900794298476944, 0.3032637278043014, 0.6282457633841099], [11.561702261366941, 48.993118541759905, 14.266434216621985, 2.2929971788181134, 0.2950221349411984, 0.6422950531514272], [11.555979344315727, 49.10612452683669, 14.536206834243048, 2.2236757829297016, 0.28761164075129536, 0.6451983903883467], [11.559240371763126, 49.27895510737489, 14.47015449279206, 2.2393957448239714, 0.29265374763279817, 0.6420580965974788], [11.568189649833249, 49.18068341890541, 14.494486032912556, 2.2348201900725715, 0.29059746157020766, 0.6414235677910145], [11.590946620702066, 49.135262648312526, 14.429675563193207, 2.252754538806695, 0.29216706218736965, 0.6413869080889153], [11.579259150938974, 48.92798786004164, 14.47311673740791, 2.249168496208253, 0.2901252691872535, 0.6439678385387438], [11.539403234912344, 49.81942318138706, 14.46883633934335, 2.2300362966906953, 0.29313730703558316, 0.6433807763115965], [11.543439919954672, 49.005653184107956, 14.571152582200092, 2.223781495709987, 0.2873943814288081, 0.6439009501952894], [11.56543861991732, 48.81249279201119, 14.351183943540502, 2.2658446317059093, 0.2911549643596832, 0.6396685924638786], [11.54668036778334, 49.00882490021597, 14.157344519296712, 2.271075076651681, 0.29333029124659943, 0.6401869934173589], [11.569011611841784, 49.04005030501439, 14.594522108391441, 2.2307522927888908, 0.28856953881366554, 0.6428681890811886], [11.586858692635463, 49.0628089811853, 14.353459239045058, 2.2441919020989176, 0.2928691420855349, 0.6378586575725458], [11.561721723326142, 48.91941379306832, 14.375968773374424, 2.233554088262986, 0.2893407630757175, 0.641703971492903], [11.63111397108528, 48.78442567844258, 13.983552024692578, 2.446567153071078, 0.3065842835860489, 0.6238635111650748], [11.550077151727722, 48.86672865760932, 14.407943726082962, 2.233069754936018, 0.28799375880006206, 0.6429514748110274], [11.546540215817892, 48.713991069749476, 14.554991823655604, 2.237425317185153, 0.28833019394489945, 0.6427298226600046], [11.556341162926064, 48.873595169536976, 14.423089674365597, 2.3084589392371777, 0.29538569467826725, 0.6331845676634548], [11.598420264066222, 48.94277005379684, 14.410617423327462, 2.2200440610650403, 0.28995389620556683, 0.6408936740043067], [11.556020847557168, 48.98542602108783, 14.49437793879989, 2.230532397768017, 0.2881358580292616, 0.6434580807780116], [11.569672873335975, 49.03066131003284, 14.231999252359097, 2.32870359604998, 0.3001871657387934, 0.6338420782993075], [11.554321746763419, 49.21382962665116, 14.564094186979402, 2.254316750717708, 0.2915956748219359, 0.6396013941811568], [11.550625342781617, 49.25422759611368, 14.466520147049344, 2.2431058936674058, 0.2916432401425265, 0.6433161735638344], [11.559934434269904, 48.56279283720681, 14.427956425423123, 2.2503822591668023, 0.2903924780942802, 0.6395200535108887], [11.553850884519612, 49.22823244613853, 14.436713816664293, 2.245767823894726, 0.2910530599070775, 0.6383534854311287], [11.555162391396195, 49.02517206207444, 14.556207075085904, 2.263518467560741, 0.2901653819110764, 0.6397415168465457], [11.555519487540044, 48.76581170370823, 14.400817624982205, 2.2387085594479004, 0.2877891004439393, 0.6429116011568027], [11.55375610877415, 48.9422918100137, 14.46424256738062, 2.2837184523245546, 0.2918939892003365, 0.6414122439814757], [11.563088174392949, 49.27166909801447, 14.482359656616133, 2.2174227487390645, 0.28991257850728264, 0.6415968207247859], [11.553914219201854, 49.496764038700256, 14.469741066308284, 2.212080375523298, 0.291634682289136, 0.6414202057818281], [11.586263460463677, 48.693728359938575, 14.46602042832765, 2.274574764607823, 0.29130258790649444, 0.6388936304113949], [11.552359944421436, 49.004561326811775, 14.576683353451978, 2.2286111098042096, 0.2889314429478029, 0.6395302169711085], [11.581336035148881, 49.79561235314707, 14.381436627836212, 2.2336268477505024, 0.29384769749343237, 0.6404734082006629], [11.554048132972596, 49.82556835653025, 14.434933387302996, 2.231725498429806, 0.2931400148494539, 0.6425373502563342], [11.555644339761628, 48.72834898567448, 14.579622587804561, 2.2250267618192483, 0.28819759002579437, 0.6439091787702804], [11.579697776160064, 49.44562645270583, 14.321768781501412, 2.297606075547547, 0.29691621923826306, 0.635883644299299], [11.568979494176, 48.9497911762894, 14.292562438741328, 2.2727125930927388, 0.2932139684798787, 0.6404955190042225], [11.54733521117756, 49.133715040339894, 14.578968677370623, 2.228162775863421, 0.2887245396809738, 0.6440513932708987], [11.602052841902621, 49.04078985920979, 14.282987204478438, 2.3314075815497026, 0.29885548910634435, 0.632529112492619], [11.558005174811118, 48.97389623164019, 14.464376988769532, 2.2131563551890667, 0.28905016933827116, 0.644515994917223], [11.529983773385242, 49.14716979291164, 14.588132154190399, 2.2457916738176777, 0.29125766497237804, 0.6410158182033655], [11.568600025430829, 49.22329840889628, 14.529536917297944, 2.2129135172622854, 0.2885126318050811, 0.6436973907554735], [11.58572629355791, 48.976610609877945, 14.539338839981609, 2.227743238893203, 0.2879058417275914, 0.6434110143500169], [11.560940380760032, 49.48106016580109, 