{"basin_id": 10, "ref_run_idx": 2, "seed": 202, "x_best": [11.525511404190997, 48.77735821244103, 14.572808500688717, 2.248951397981535, 0.28831093301338834, 0.6445292749090857], "best_J": 0.03131930934329352, "P_final": [[11.525511404190997, 48.77735821244103, 14.572808500688717, 2.248951397981535, 0.28831093301338834, 0.6445292749090857], [11.55218500574132, 48.946925340266944, 14.553482523229269, 2.253115276150535, 0.28819520405974164, 0.6414216062484265], [11.561375607908241, 48.726717487666754, 14.450570653165862, 2.2745964260296625, 0.2903946253430838, 0.6403712394980685], [11.497909458332398, 49.047171836842914, 14.759012035095774, 2.2497615165729252, 0.28982450942581284, 0.6433106551083606], [11.5224932365875, 48.07538047676268, 14.848135785691444, 2.260110806803089, 0.28507263931874816, 0.6446347246372174], [11.536952116161416, 48.55455859546592, 14.484185474254334, 2.2297535036954477, 0.2886809928734285, 0.6438622023639814], [11.534865647476508, 47.80964052006379, 14.653690395988432, 2.3415581501084715, 0.2858422402204499, 0.6363492074892306], [11.509793848270094, 48.60758651303612, 14.586088546986687, 2.2524325933422418, 0.2874333052478539, 0.6349810512230142], [11.512128591194173, 48.86604698323328, 14.520565167485113, 2.2944033404220257, 0.2940700400124874, 0.6364638416648399], [11.549987289751504, 49.25654466674869, 14.440447656608793, 2.261069046610064, 0.29445436274812753, 0.6403234811680302], [11.567305804153758, 48.54227556796309, 14.350887958858925, 2.3375818800207018, 0.2971967630822918, 0.6246889646805935], [11.5446055332526, 48.75675985718331, 14.804552628455266, 2.242087425797007, 0.286805909374131, 0.6425679481731279], [11.57228715675195, 49.20499494043891, 14.377520496955759, 2.2577545291646905, 0.29211901809982277, 0.6396789554955841], [11.562878348514293, 48.700557268811124, 14.308839077661315, 2.2567671465513794, 0.29247522592730285, 0.6353936013637955], [11.527602981080825, 48.81913882996004, 14.453524931555139, 2.2793604104259173, 0.2928949581247128, 0.6386194909824195], [11.552558213466877, 48.273028910832814, 14.551887119009617, 2.2619918526653735, 0.2883152423059079, 0.6390628075978125], [11.524281020718767, 48.680892599404864, 14.638990613537667, 2.250855992358128, 0.28839884467225707, 0.643270780891275], [11.555561075957984, 49.018696745648015, 14.354132722198278, 2.2305240314432213, 0.29062510755480925, 0.6407857751413584], [11.53940394058721, 48.777453854614684, 14.634838095098242, 2.27743506271198, 0.29171553421986945, 0.6401080740781916], [11.55933953027616, 48.681039909203875, 14.527942595884216, 2.2507269262703398, 0.28903554582837837, 0.6439628567211582], [11.537982893569712, 49.0585584531503, 14.266494751828848, 2.264365937512011, 0.2912645300081907, 0.6426566249062808], [11.58211099442562, 48.35170570843178, 14.41023379324505, 2.251336280519089, 0.28989774345057967, 0.639828166948217], [11.565060469881018, 49.11716808939427, 13.924586259890074, 2.2938059417994143, 0.29504218073673133, 0.6350794747984625], [11.57905930264044, 48.57788435640418, 14.440902755680119, 2.36738458743827, 0.29820959161077937, 0.6299810166341122], [11.560601534314891, 48.88309475036643, 14.106154533776525, 2.3757807451048762, 0.30072394782150424, 0.6274166167244907], [11.529114759049653, 49.13523785248733, 14.505933791582729, 2.2362190492002827, 0.2904781879499259, 0.6413658333602528], [11.550807431135556, 49.077037072761364, 14.511466707788331, 2.32847203904831, 0.29460335107298974, 0.6347125267307582], [11.540391380961928, 49.19490623965962, 14.546298427066898, 2.2762772964649076, 0.2927868059982818, 0.6369373637718277], [11.534243368681114, 48.20721669244627, 14.505196234470718, 2.3179373190796984, 0.2915282318147099, 0.6341209654181047], [11.540581436909047, 49.25240010275885, 14.668679006767697, 2.278910397046441, 0.2948117518587949, 0.6348706927194705], [11.57322155397959, 48.958817011244726, 14.313263093401378, 2.280111949283488, 0.29277222707021133, 0.6351114583035788], [11.53982956467457, 48.82365577659358, 14.274381831237648, 2.2689839595150407, 0.2906827659397215, 0.6425239111710277], [11.582809995502547, 48.98794959400845, 14.286096926390263, 2.3091866868809485, 0.2956503393620912, 0.6353184282451089], [11.526538774517277, 48.55411398872702, 14.911323552181665, 2.2364178680067393, 0.285183843322078, 0.6447300252429147], [11.529171246606758, 48.86169595756764, 14.525347677854832, 2.2688045148584695, 0.28914957493130267, 0.6415837684028123], [11.534659393718986, 48.16506494597465, 14.615293186100432, 2.3459240890319144, 0.2910121982976393, 0.6367189802718406], [11.513135961326222, 48.52532234656067, 14.711471651738789, 2.2532816613607682, 0.28746532024659077, 0.6436130571825769], [11.538882171792096, 48.41824299551749, 14.49613702002694, 2.278165464029934, 0.2901356975672657, 0.6426545584341773], [11.571403792342915, 49.38275924630435, 14.279722573772267, 2.23501601912277, 0.29083151893997816, 0.6408299236161028], [11.509582379901564, 49.25513633888458, 14.555311570311531, 2.216040771232242, 0.29001422224902823, 0.64183075236754], [11.560567968591485, 49.00954097911079, 14.155734477269071, 2.2684729039494416, 0.2939530403201988, 0.6379724375093145], [11.519491626782848, 48.48147196363613, 14.747482290228538, 2.2300815851999145, 0.2865699807362411, 0.6445441734052966], [11.566039873643836, 48.53484148186838, 14.244014183138292, 2.2680083112464633, 0.2897433468054905, 0.6417471487213391], [11.524785464224632, 48.8463351587184, 14.822148817425632, 2.2359493331911016, 0.2870214319174601, 0.643844849976499], [11.495490372016365, 48.783647254626715, 14.824162973919426, 2.2466187269919757, 0.2864961568216328, 0.6450354550192896], [11.563631916887669, 49.41037465692574, 14.556773401479937, 2.2691561956881308, 0.29381029038367745, 0.6442984664689495], [11.546584856961712, 49.09114014038333, 14.435220648479651, 2.270407380715894, 0.2922719125923028, 0.6381191380664856], [11.531983370640868, 48.68786193134205, 14.638280455391445, 2.2634979841229885, 0.28878029097107677, 0.6427405258942956], [11.52452979623103, 48.574011981598495, 14.760625550158357, 2.269959147895262, 0.2877952093920485, 0.6437821821130413], [11.538823144521492, 49.334135928749156, 14.571581155666522, 2.2395359329478484, 0.2889701752097663, 0.6436128511033478], [11.537216158207462, 48.622695830671574, 14.744765331006487, 2.240316370836741, 0.2859093060573195, 0.6419784274064259], [11.522893987302538, 49.0973685094173, 14.547074476790556, 2.226636114038929, 0.2862511829761397, 0.6448189816324196], [11.530267392028032, 48.498927815562126, 14.379287679886755, 2.3650372470490133, 0.29529030390174493, 0.6348440205277766], [11.516026757113048, 48.67751287983057, 14.479732655407364, 2.2741711593445095, 0.29006850467212253, 0.641180950036704], [11.51552661822897, 48.72101665684644, 14.665365569750897, 2.2589935395978897, 0.2885854953443386, 0.6415168616278311], [11.656688749513824, 48.96309808166131, 14.113136672295905, 2.303591104469783, 0.29967861838043663, 0.6263253183121161], [11.582289984289583, 48.925965334895096, 14.384451940159071, 2.274675237097992, 0.2920597660166957, 0.6390352357830906], [11.571046444713906, 48.46588617013988, 14.662038472067827, 2.2245622021083427, 0.2879137200204585, 0.6398483724587465], [11.52711936440163, 49.075997063227334, 14.400943112899991, 2.2227391350859165, 0.29028844811621185, 0.6431706309993221], [11.572577659083922, 48.93625801562581, 14.47135677937052, 2.2929625538900478, 0.2941708729325054, 0.6380952354152295], [11.579174332634938, 49.322286537392706, 14.371145081159808, 2.2668838399958853, 0.293041302023715, 0.6388085799186052], [11.541133320405699, 49.035128926073, 14.253309527580976, 2.347133192253952, 0.29984112872149743, 0.6290329288701431], [11.518942917917453, 48.16675309815269, 14.56000213758139, 2.330433341587941, 0.2922439674040972, 0.6369651089340284], [11.55403333831936, 48.9650558619303, 14.437244767898562, 2.2467351272152776, 0.2918797808120088, 0.6394014169304257], [11.48421251491627, 48.838583272977246, 