{"basin_id": 6, "ref_run_idx": 3, "seed": 203, "x_best": [11.496977136457291, 49.11819310237764, 15.090555076499813, 2.080763690681895, 0.2727964650557171, 0.6654604348369678], "best_J": 0.030966337230090877, "P_final": [[11.496977136457291, 49.11819310237764, 15.090555076499813, 2.080763690681895, 0.2727964650557171, 0.6654604348369678], [11.493233359981609, 49.35822633768202, 15.05059279071904, 2.092334921743896, 0.2762530615234, 0.6617778168135989], [11.520156189100609, 49.17350217218987, 15.05433266664161, 2.1014833091858964, 0.27668653534836024, 0.659469913350847], [11.507941273508987, 48.783198791905896, 15.055306421189803, 2.1057719214877255, 0.27359569664812183, 0.6626443164666322], [11.504142788209005, 48.91644383032426, 14.982365988961417, 2.0995587653670054, 0.27492657585136465, 0.660636378581317], [11.508690371026793, 49.02603232929512, 14.874775488401434, 2.097742300208443, 0.2749878013669112, 0.6604715501037596], [11.496659193072, 48.87265196971587, 15.087579789356903, 2.097192733665857, 0.27276767982006944, 0.6635239038051975], [11.511481270590593, 48.905982427024554, 14.977803879743874, 2.107554720891984, 0.27507159986839036, 0.6598021562897761], [11.53218178040135, 48.90203534421116, 14.824934817604786, 2.12009609957662, 0.27788900620395784, 0.6562637812596007], [11.493281880463808, 48.77040588947249, 15.043531651969543, 2.101228968288144, 0.27371340561375224, 0.6610029454062082], [11.496577252455094, 49.00838654712648, 15.024632594224748, 2.1105708675278665, 0.27512868501091836, 0.6619903085991317], [11.538399910998821, 48.939918994404415, 14.775012951568996, 2.1153063265751553, 0.27614564056931806, 0.6581827484895094], [11.499890387248298, 49.25326485916703, 14.939245315771338, 2.0823026110607783, 0.274742720359014, 0.6617446806348016], [11.52999889061604, 48.80699674419847, 14.863665284564755, 2.1286212202967483, 0.27646891485753305, 0.6594730886676053], [11.53182889063695, 49.02348341818625, 14.68753890901063, 2.137922201798294, 0.279131022941052, 0.6552949980947099], [11.500570634871618, 49.23784492195132, 15.046764779465981, 2.0846974732771963, 0.27435742158083015, 0.6640104202003669], [11.521516227293741, 49.56537576916938, 14.824944826594974, 2.1394546651138513, 0.28241749552557516, 0.6570394101133619], [11.503030485879554, 49.07046245287469, 15.007269929710265, 2.082244628721506, 0.27404469312080065, 0.6636465340506731], [11.532851353851104, 48.96066705195302, 15.012365137748251, 2.095397172856682, 0.2744606890874701, 0.6620867158953385], [11.51313246935052, 49.127539683568074, 14.896779852429962, 2.105136423895196, 0.27662685373608853, 0.6592905367210341], [11.530215809889407, 49.516829398584996, 14.847699475885866, 2.1051889628359133, 0.2791809389234504, 0.6585635240082204], [11.50408130693828, 49.120301306714566, 15.078874606963518, 2.0848149231118844, 0.27379195760436537, 0.6638866982165068], [11.50646029214436, 48.88629016863013, 15.023988920582166, 2.09191330437499, 0.27389141539220685, 0.6604884879870686], [11.51344951699416, 49.319153089704386, 14.872758739820334, 2.10034127589394, 0.27801929051266205, 0.6592158735209952], [11.562032982183617, 48.998821147809934, 15.010449462291396, 2.0798629465049636, 0.27352600131170296, 0.6609960950303083], [11.520086143392016, 48.92360807020623, 14.838081716746762, 2.1215025723865026, 0.2764737480512332, 0.6594475758312587], [11.535753078312451, 48.629861544149065, 14.752329445270075, 2.1662883639915163, 0.28064064581558346, 0.6498045772270956], [11.554108296269987, 49.260665072609896, 14.506844923125426, 2.1377961231424902, 0.2818545028577395, 0.6558770855742893], [11.520799793890015, 48.934065855732506, 14.85595257439825, 2.1189201843654173, 0.2763895258800265, 0.659385636112457], [11.517079094264709, 49.10715043781405, 14.897820366583057, 2.1218226330544705, 0.27843980678426933, 0.6567395681295751], [11.472535017241462, 49.20080517115156, 14.979997027845302, 2.0933314524461055, 0.27563820732366306, 0.6623534690977974], [11.530325799693836, 48.82241112887289, 14.64963993364409, 2.210173069510091, 0.2849032144907665, 0.6467907083711971], [11.49842035312744, 49.183826418533926, 15.070969595809933, 2.077198276532079, 0.27396463938935, 0.6647587496516094], [11.513900580333004, 49.15792939369874, 14.831273366683414, 2.111542354404476, 0.2780540806831493, 0.6569339883557465], [11.504963344034811, 49.035610127901165, 15.034727224130542, 2.1138955669165083, 0.27587335494169873, 0.6608135907931144], [11.536147648271704, 49.26876179828713, 14.77164065366168, 2.130760086957683, 0.2801614096113889, 0.6544245518321224], [11.496577252455094, 48.76065186574108, 15.024632594224748, 2.0974739035143393, 0.2735719562704159, 0.6619903085991317], [11.499386364693073, 48.82845837689299, 14.99451390161742, 2.093242528036889, 0.27205583399397126, 0.6636775849208566], [11.50345839596979, 49.10492792774173, 15.043332539544226, 2.0779110311088784, 0.27380906680209705, 0.6634758285227004], [11.527130183871494, 48.66545391669462, 14.81806627543459, 2.1379180724536226, 0.2777970605314317, 0.6547134694940185], [11.548280191413301, 48.78562292206129, 14.984776555858918, 2.12296829229582, 0.2756816108843723, 0.6592259640929449], [11.492156628790344, 48.51689876610066, 15.039250857259528, 2.1225095443098048, 0.2736111036849218, 0.6605898903955938], [11.517595468719547, 48.971146524041636, 14.899485359431065, 2.118551167297681, 0.27727505726353635, 0.6580924344250685], [11.537456231608477, 49.16487649630496, 14.647823929731343, 2.1520989562545916, 0.28334954598912787, 0.6503380485310386], [11.576843170824489, 48.7575604844366, 14.430115881858423, 2.2463652855339857, 0.28952699192533715, 0.6431411260769312], [11.506948274568238, 48.692362275654844, 14.899735633061136, 2.125153416388303, 0.2761788930578181, 0.6580393497643959], [11.507336356443934, 48.96455576155937, 15.046663024630117, 2.083149914221792, 0.27290816066223567, 0.6612477583310354], [11.53160988455833, 48.83420392640605, 14.774134177688403, 2.139456604811642, 0.27892659728146113, 0.6537466757698128], [11.525236816157197, 49.256399898629994, 14.827588181650427, 2.1125407885402314, 0.2781065137402907, 0.6596067834306951], [11.497741779766995, 49.00130546125866, 15.010149396607119, 2.0964778461343174, 0.2747829624437681, 0.6626145372788974], [11.549808708511224, 48.79762766971658, 14.552678678145524, 2.1813602339745204, 0.2835788183439476, 0.6503411623987765], [11.510176724566513, 48.959620277740754, 14.907233360055205, 2.0889347484359457, 0.27386570665103355, 0.6626981409837849], [11.520486986880499, 49.171037404366345, 14.742745776476163, 2.131207165301067, 0.28003173614538396, 0.6557608951691417], [11.501945729007883, 49.20454609341201, 14.897136687608253, 2.1749467783383776, 0.2829426169477691, 0.6515432864773417], [11.502408106954142, 48.988736892023645, 14.972099686014246, 2.083396911057459, 0.27403904627150766, 0.6638222231164017], [11.512983793302505, 49.166105852365796, 14.929686250941883, 2.101649516601875, 0.27637687159872304, 0.659110422615763], [11.482966949810448, 48.93123598552036, 15.162454434801496, 2.0835872518768093, 0.27304732814228805, 0.6623151084839006], [11.507077086790925, 48.44259885342711, 14.98191618683976, 2.1234859306262646, 0.27397260303746446, 0.6593900284159471], [11.482388136739415, 47.90076105574442, 14.762908447049996, 2.2246367589716693, 0.27946122362935805, 0.6493421912295153], [11.539820918681512, 49.38917710791216, 14.751655850974203, 2.0966002184554924, 0.2774852523837268, 0.6607329519286935], [11.504946414122523, 49.163065189483724, 14.915572031310505, 2.083706478304768, 0.27515969593331857, 0.6634546551611], [11.509094632553698, 49.19040400524689, 14.951368484668269, 2.0996450341269304, 0.27549911239810626, 0.6621887901960106], [11.5016059808049, 48.12803553271283, 14.87751140481442, 2.2570920050730354, 0.2835733603163018, 0.6441283319857576], [11.488656558885914, 48.93067683475828, 15.083864392932519, 2.091260810385927, 0.27292615041042356, 0.6657894316098683], [11.572964599642424, 49.42051207595194, 