{"basin_id": 8, "ref_run_idx": 12, "seed": 212, "x_best": [11.496060858538593, 49.30280424880273, 15.152630044551145, 2.0547014037273295, 0.2716141915451308, 0.6664578788986831], "best_J": 0.030963659023285395, "P_final": [[11.496060858538593, 49.30280424880273, 15.152630044551145, 2.0547014037273295, 0.2716141915451308, 0.6664578788986831], [11.509358721096907, 49.032950680806344, 14.974761120789552, 2.0972700705958705, 0.2749148978368217, 0.6654324482434], [11.551992702711088, 50.0979465235242, 15.067684713518382, 2.0226999952637073, 0.2736080591902319, 0.6652040641254262], [11.489153231599218, 49.34371715054565, 15.167832427442274, 2.08625845720697, 0.2728305622437028, 0.6630559119456111], [11.46476789549583, 49.13106457549103, 15.131718164929119, 2.0921469276466507, 0.27447540526144504, 0.6642729584979689], [11.482405855624112, 49.07317172592336, 15.170503409118778, 2.0550948858282476, 0.27266646562692815, 0.6649752832406344], [11.50798662696256, 49.23119956121045, 15.172548268022172, 2.072137721173643, 0.273874024729117, 0.6629383543447882], [11.571440223242407, 49.63649273578745, 15.174400547707585, 2.0011740733706747, 0.2684937577796199, 0.6691191409080779], [11.499554736892515, 49.05551980071341, 15.08911149236838, 2.0851064678294136, 0.2745241586280617, 0.6634805597913874], [11.514619419067706, 48.82868380607436, 14.837784524494484, 2.112881599363705, 0.2734729262432661, 0.6659992151254829], [11.489036120190843, 49.316319779081326, 15.285370599139407, 1.9916247635106274, 0.26593567733112056, 0.675540725700902], [11.49000278362163, 49.341009224698126, 14.875669553685414, 2.064163406724213, 0.27283921337956835, 0.6679083083465067], [11.525751776114378, 49.55352765133178, 15.09785537731287, 1.9972587580360108, 0.27001409097141676, 0.6699459652085235], [11.50892664266485, 49.17143972435323, 15.264004731376236, 2.0110956456988096, 0.26657505928317277, 0.6679421779347589], [11.546651574505816, 49.47945966408667, 15.141989748858169, 2.0297343159360155, 0.2690495777717958, 0.6666704575572574], [11.466256022017149, 48.66645497114496, 15.197954128946083, 2.0903018122787516, 0.27150425365114733, 0.6677402243518957], [11.485400958987173, 49.1046231567509, 15.185364401075523, 2.0891552837214813, 0.27426828569727085, 0.6661085969017759], [11.52802023570506, 49.250989661114794, 15.058569698204975, 2.0631903104643072, 0.27339899791988503, 0.6636214636685605], [11.49534615181597, 48.90770596659662, 15.090208581090762, 2.064888981298649, 0.2697754702986755, 0.670767948447225], [11.51396843209959, 48.68174162907127, 15.026072093383414, 2.074295362593724, 0.2702928948708271, 0.6598963643686699], [11.506893730028203, 48.62393937546003, 15.143510975862531, 2.1022988173700794, 0.27251064146494147, 0.6623734465887869], [11.516673706460526, 48.42182576651038, 14.97114388903271, 2.1180756532440856, 0.27316430142643106, 0.6573249590993381], [11.525138881178371, 49.48406539278759, 15.157613207999226, 2.042860890907232, 0.2730392662711704, 0.6669924522710612], [11.528203065767215, 48.73160000757994, 15.22817081213932, 2.0703684770334343, 0.267848802000177, 0.6619095437394331], [11.482084497694412, 48.94656156042104, 15.044160824061557, 2.032995186353334, 0.26569597364769904, 0.6746373199690451], [11.481977413828991, 48.86763553618312, 15.189945631761882, 2.077959182427027, 0.2696586871023847, 0.6701873691643536], [11.529975007291238, 49.738600559621304, 15.162253339531649, 1.9870667117606615, 0.26836577022607677, 0.6701604540701785], [11.50494859529901, 48.87282399295983, 15.234161690886081, 2.044857097731544, 0.27103647179477997, 0.6644696365749675], [11.538851046195946, 49.89204006981039, 15.120951604108747, 1.994448520438781, 0.27108497255286274, 0.67164117263546], [11.491562971800226, 49.52040773354235, 15.11136868401667, 2.039846171003637, 0.27190656271606467, 0.6674640843052527], [11.526812328509283, 49.24624163119683, 15.10723287874571, 2.009155483534416, 0.26724244743854686, 0.6754545708835328], [11.506143645307711, 48.944194971868846, 15.05339800976566, 2.0418313803069044, 0.26682958764897236, 0.6684870109988111], [11.529456430465556, 49.719119902402824, 15.336062622323901, 1.9832854175880401, 0.26701387974741697, 0.6704834185058735], [11.495540766244458, 48.68435156512121, 14.93904746124197, 2.120950131217698, 0.27509154644761136, 0.6526953243472984], [11.472560038180955, 48.45867224422067, 15.1473117739879, 2.0905390645645108, 0.27033442937811714, 0.6648519661813751], [11.492842783976094, 49.322664184657114, 14.993791960527252, 2.072204140480389, 0.2722872975546922, 0.671211190878573], [11.493516879704302, 48.596837370506364, 15.154963175353439, 2.0546319767766708, 0.2670413072349563, 0.6715970516736406], [11.490635416070218, 49.702470701883485, 15.160888226087048, 2.043937387572934, 0.2711673791371834, 0.6697593884532618], [11.49411859989353, 49.68221248112014, 14.750002072231437, 1.953602413981758, 0.26728450552293836, 0.6740686291874214], [11.49729390036854, 49.60330774953055, 15.26384862234168, 1.98020681250564, 0.26726991591186583, 0.6686465350517566], [11.502079612779566, 49.665212130349296, 15.19234917074942, 2.0155763526539245, 0.2680724715891406, 0.6677422731888507], [11.537430147218162, 48.84181035382326, 14.874258138787587, 2.0586052950029847, 0.2703563303505665, 0.6628823096412744], [11.509041847946964, 49.99466123275913, 15.184247181813085, 2.018047627353555, 0.2713096777361914, 0.6701754475003043], [11.470150546536152, 49.607024183620254, 15.139174029700253, 2.0182519187771075, 0.2700701873962501, 0.670575239653206], [11.481371116717032, 48.79801061264803, 15.089238366280133, 2.0530048302511457, 0.2682444690040885, 0.6684380416275364], [11.473677425380194, 49.23305768591583, 15.224235077404897, 2.0593128677094006, 0.27000015717854153, 0.6664178603391798], [11.509003481192755, 50.01503375343932, 15.013120521653674, 2.0300112609956806, 0.27340404362522275, 0.6735805634354765], [11.48315702535614, 49.29061980033363, 15.197353313369836, 2.0382343423437495, 0.2695311325683655, 0.6682059929499194], [11.52872602218315, 49.70873427843241, 14.86961442266479, 2.03544020310995, 0.2707416116000416, 0.6697902978285063], [11.509605936575033, 49.2971384797777, 15.133079080081298, 2.075165700730261, 0.2741474604638125, 0.6648017806690187], [11.48282257135137, 48.51948596526194, 15.268833202393058, 1.9570256963836368, 0.25817837177731867, 0.6811003742818482], [11.491562858332157, 48.65908336212598, 14.868456483530018, 2.098347459121683, 0.2746698827044298, 0.6577079928809424], [11.529986901176127, 49.16633690950926, 14.975897441484387, 2.0648285977853638, 0.27046051332482585, 0.6650758615795622], [11.45934674341256, 48.75873472990646, 15.416243913653043, 2.0942294533508923, 0.2704657715617096, 0.6653267058587757], [11.590637354150918, 49.14453605611521, 14.801697841933494, 2.07432840993702, 0.2772702790942622, 0.6572876234126191], [11.498348050787325, 48.55346416334041, 14.675475153746492, 2.1370978686699162, 0.2787492530881637, 0.6552067057700961], [11.484672084546144, 48.7099719277542, 15.05719954375795, 2.1018615811372414, 0.2740753206578167, 0.659069479984763], [11.579028935840153, 49.442529575128006, 14.846044974882366, 2.0895579054741313, 0.27841354423596154, 0.6570446252556102], [11.500966712933685, 48.78981397311796, 15.060954084390685, 2.082610425718981, 0.2719093363976269, 0.6660421726545921], [11.508397945632542, 49.57818699760493, 15.448941939135587, 1.9784384174891174, 0.26447349503963447, 0.6805153386578705], [11.451275257083129, 48.788523383174635, 15.46867012683223, 2.022770628913585, 0.266804198918517, 0.670565817559521], [11.51792295560867, 49.061175901515014, 14.796242371155829, 2.068302652500555, 0.2755974318397268, 0.6602692183236614], [11.49340745221475, 49.25282419835616, 15.155620343151817, 2.09995778222749, 0.2749591396146788, 0.6603473227641052], [11.49091130496876, 49.16941289328175, 15.217612015966905, 2.0353618403850264, 0.2650598657471447, 0.6804650830846528], [11.485253883955934, 48.79002370310184, 15.132842294318063, 