{"basin_id": 8, "ref_run_idx": 13, "seed": 213, "x_best": [11.475597255099899, 48.92560278431126, 15.468538107184616, 1.9890661675173782, 0.2613771688725243, 0.678168063916217], "best_J": 0.0309369172604551, "P_final": [[11.475597255099899, 48.92560278431126, 15.468538107184616, 1.9890661675173782, 0.2613771688725243, 0.678168063916217], [11.487092676880577, 49.12310077219594, 15.269878586169803, 1.9943054449809876, 0.2639035345806721, 0.678242868395238], [11.471034085707721, 48.611505350089665, 15.445354806993905, 2.0169465448146715, 0.26164729730672887, 0.6769235888170287], [11.50667177198489, 49.43146264599392, 15.236412696295071, 1.9730359055945939, 0.26484457217458424, 0.6787340574047922], [11.533203710981097, 49.89149216206529, 15.362302980941369, 1.9376657529765466, 0.264606547092087, 0.6780144940664241], [11.49986745865276, 49.37174465832684, 15.201413477418798, 1.9745783400347041, 0.2659565985649323, 0.6769158772820234], [11.472149966666173, 48.84470680924084, 15.855592691765954, 2.0041693707267134, 0.26168731687341257, 0.6791669986941682], [11.45738809892115, 48.568219152713894, 15.613529457668946, 1.99895483972707, 0.26031601734991494, 0.6778310339363096], [11.493863571494227, 49.237456517190566, 15.257462812866049, 1.9964409902469904, 0.26408061116626635, 0.6783364630068158], [11.528721432204827, 49.40442068463686, 15.234964723186666, 1.9696472848671287, 0.26464618779373594, 0.675877678999337], [11.50119129333679, 49.23731000558555, 15.253212900811665, 2.0015641366381187, 0.2646525027582691, 0.6760528486588372], [11.461883760041497, 48.936445710342085, 15.529861551828153, 1.9885483302337803, 0.2602115162821328, 0.6806132946961634], [11.486755191146248, 49.032340669644306, 15.457788747599611, 1.9886003321082237, 0.26123794961283203, 0.6788326065029274], [11.426703700169961, 48.18296273891069, 15.826672494313485, 1.9783660612509182, 0.25337063822785066, 0.6825325476050176], [11.48617713679761, 49.164933063332725, 15.4227514753715, 1.965295457530821, 0.2611309928586818, 0.6861006695203368], [11.514678815675449, 49.62768582229336, 15.151852004701151, 1.9804584916348034, 0.26653910813603354, 0.6773830770822711], [11.468633261845783, 48.97861359451776, 15.488609370124847, 1.9918916498517583, 0.2612356703698723, 0.6793163838782768], [11.480267769552697, 49.408443386378046, 15.37438796027474, 1.9813874378580034, 0.26426621804553724, 0.6782428128213284], [11.49238035165119, 49.441916321862, 15.251411945634116, 1.9826645367423932, 0.26478429679518145, 0.6784532959697769], [11.538169213598295, 49.868510997479646, 14.955757137946522, 1.9985890599092906, 0.27034273804044506, 0.6724389176456816], [11.475201399512724, 48.70352737949639, 15.483061134257063, 1.9939317544537785, 0.2596881375751293, 0.6796691397116016], [11.526705894931533, 49.777375941459816, 15.085448449555338, 1.9786919321534293, 0.2665110105271508, 0.6764395188647344], [11.527365284522249, 50.77821606193649, 15.091042704507355, 1.936751088443975, 0.2677250994944253, 0.6805140862112294], [11.475444696975078, 49.12998807499495, 15.449619637390507, 1.9987688126808965, 0.2626428037652076, 0.6788520647530766], [11.472468371242513, 49.12365569991351, 15.416669752836897, 1.9747864830267396, 0.2626549527653084, 0.6778974636814024], [11.473191746969087, 48.81723401947009, 15.355942121607772, 2.00933820364799, 0.2637825548549602, 0.6759733671765058], [11.532257391727406, 49.61376050136151, 14.968010687128274, 1.983446449107069, 0.26632107178041076, 0.6758412238428227], [11.506658097344651, 49.83622426681793, 15.196349259923252, 1.9782081674853373, 0.2660055248030198, 0.6802053075928947], [11.481397739432657, 48.79622430992157, 15.484966411088674, 1.9970398296803449, 0.26134875826890475, 0.6777374067641228], [11.488079588477083, 49.26920086684738, 15.164660703206824, 1.9923638314258874, 0.26550772921896726, 0.6750787054270201], [11.461970145665726, 48.94194280796208, 15.463620315292854, 2.020482309727079, 0.2632390026725852, 0.6754504839607087], [11.466089293743828, 49.16890326044986, 15.435221892441186, 1.9911844306081032, 0.26209120197307634, 0.6793031758840864], [11.489161124648922, 48.98436556515953, 15.407509473204552, 1.990184489075483, 0.2610603392312806, 0.6786655512875831], [11.455742426287506, 48.84957217743225, 15.49665050025865, 2.0116500952849434, 0.26164936416621376, 0.6768174510127501], [11.46319829772352, 48.927070011278545, 15.51606204602695, 1.9926433015055154, 0.26189455648061033, 0.6772705766189224], [11.54953208017611, 49.670593636720945, 15.211112354969755, 1.965983013752562, 0.2661285826327685, 0.6784017452069658], [11.46985816883633, 49.294765063161094, 15.453043922650426, 1.975738360063168, 0.26122822751167674, 0.6812992513172902], [11.48050900801311, 49.2869454014039, 15.312219815569328, 1.9870923062962007, 0.2642636406618592, 0.6778636258726343], [11.536643884308223, 50.11553554491336, 15.131557350041568, 1.9483392762844642, 0.26687428875546526, 0.6765634576993967], [11.49196147604969, 49.434331336159644, 15.295126776204294, 1.9756525630953712, 0.26278568263659824, 0.6787588807660155], [11.485899867153616, 49.19650700383281, 15.424769243240167, 1.9805416131913578, 0.26244783065055094, 0.6790857484012294], [11.420670850873542, 48.729300928964975, 16.259781738778848, 1.8813892577584186, 0.24795989633674692, 0.7022068667415812], [11.444317558697687, 48.417488844814024, 15.71096005885368, 1.979305764154709, 0.2574212935264973, 0.6810444426557075], [11.476410298482836, 49.339662392890034, 15.417267807311829, 1.9832356576866506, 0.262384586589979, 0.6797356317572123], [11.491873817116256, 49.1222114490591, 15.428845185784695, 1.9908244296336592, 0.26181952236088907, 0.67997515581417], [11.479419382831727, 49.339614359964955, 15.331207031638527, 1.9961011393219632, 0.2648553093429248, 0.676882805348472], [11.410093171579165, 48.3401986779683, 15.640783729657436, 2.034822011464942, 0.2592195752196311, 0.6799571986427444], [11.510584825291778, 49.81524972888897, 14.994454853154759, 1.9848145955637158, 0.26759233309245156, 0.6766419123507158], [11.531198526919628, 49.94865663157362, 15.052575939802919, 1.9681861474523534, 0.26648679329886765, 0.6803814616331829], [11.553147050199092, 50.42086530869778, 15.014111858777326, 1.941724626984389, 0.2686984431332019, 0.6768086013715838], [11.52492573596931, 49.96366867534445, 15.339724628614613, 1.9383862753360663, 0.2636911147407592, 0.677972823155323], [11.490141616516725, 49.43636708506561, 15.421122490637726, 1.9871166023371587, 0.26482751223382633, 0.679357084167433], [11.495497689604854, 48.99252705446282, 15.417130835816868, 1.9927449485932551, 0.26211015132185256, 0.6774067789358064], [11.494925987248823, 48.870602591790416, 15.351187247579793, 2.004767930698385, 0.2635592220460429, 0.6755121101584585], [11.46299930729056, 49.53029859718257, 15.38139579055134, 1.9815626766324579, 0.2625188211187238, 0.6819063036945752], [11.483069946283283, 49.272152150070944, 15.240167014972592, 1.9978025372331074, 0.26557026752592466, 0.6766319266782602], [11.482780825304506, 49.7265852225505, 15.321336095635663, 1.9683093128477145, 0.26360427932693337, 0.6791505692102549], [11.447059071912157, 48.951382867615195, 15.546456120715327, 1.9913823784775089, 0.26103662700431873, 0.6791223775755998], [11.461831125969045, 49.61571164581934, 15.501494716695952, 1.9909623172716173, 0.2659588894129892, 0.6766865400820123], [11.495581409556271, 49.14880367497128, 15.309361289880645, 1.9899930572579005, 0.2646271636179295, 0.6742740262605488], [11.461037121342462, 49.02339573856034, 15.507579278382208, 1.9863097980619162, 0.2608645618193791, 0.6805716790035794], [11.481026949891927, 48.85056771818322, 15.587323943451407, 1.9788454438422731, 0.2599393236494005, 0.6786688895297183], [11.476882442820218, 49.3215501964151, 15.406480939355811, 1.9901469905722933, 0.26250193208887135, 0.677496814966437], [11.465939125694288, 48.419457080890936, 15.635428335505047, 2.0099707477014257, 0.2593204251439083, 0.67796820157514], [11.477084789645298, 