{"basin_id": 3, "ref_run_idx": 12, "seed": 212, "x_best": [11.46662308972216, 48.76858475554353, 15.363354133740495, 2.013236996784244, 0.26337562118771385, 0.6742365489071755], "best_J": 0.030944288072771567, "P_final": [[11.46662308972216, 48.76858475554353, 15.363354133740495, 2.013236996784244, 0.26337562118771385, 0.6742365489071755], [11.502767923139603, 48.320779661828105, 15.434618892702035, 1.999964398049002, 0.25975994241636174, 0.675457618991802], [11.47430474409664, 48.53802668308292, 15.630479139926166, 2.0134907168831253, 0.261769905180251, 0.6709119231356147], [11.496778161252927, 49.30591544728436, 15.45580998604218, 1.9937442090570154, 0.26436554258845907, 0.6725841756020328], [11.470119008952642, 48.95628498843507, 15.27415660721791, 2.0270975535118065, 0.26577421359107484, 0.6721422441169396], [11.46949311124488, 48.585725288095674, 15.378689263895811, 2.0212632437850346, 0.2624949734455085, 0.6728737912864408], [11.461608430932289, 49.32600506929201, 15.578586760825273, 1.9390857127368726, 0.2582117472392309, 0.6843974416470338], [11.465688670237006, 48.415197046064634, 15.43114523536321, 2.0652112716300466, 0.2653944275739982, 0.6706752383542085], [11.485954003032228, 48.723829756781, 15.28254469479477, 2.0093202882347168, 0.26280265321725266, 0.6763274323280051], [11.481368722146687, 48.69707894750888, 15.434777830895413, 2.003335017961784, 0.2630757258036089, 0.6728365179482806], [11.458015000019117, 48.61485898343266, 15.288119476747527, 2.0123773156772407, 0.26138587204148667, 0.6769382678717738], [11.488060151339917, 49.17875785965896, 15.439679173347978, 1.981014077482174, 0.2636555636488913, 0.6760739393051446], [11.437038953903219, 48.85543812898308, 15.354783951855358, 2.062820805793739, 0.2660517847962451, 0.6727954164823744], [11.468821955456987, 49.21953951169271, 15.467747773303858, 1.9773562623810728, 0.2623043747008147, 0.6808185334570762], [11.514183585299868, 49.02687351975781, 15.321855453641717, 2.021199032064378, 0.26436342746081276, 0.6742354925953374], [11.480945118049966, 48.64888128534191, 15.616271216860163, 2.1084639244757177, 0.2721302009609125, 0.6639517969509332], [11.472123029034512, 48.899626423281035, 15.268650114912525, 1.996938752737833, 0.2621844609065696, 0.6766468404939825], [11.451556099595887, 47.201141529183715, 15.342016815004005, 2.2290187089421623, 0.27363450025022673, 0.6526417772707955], [11.453522988672988, 48.35125741408417, 15.468075638697417, 2.0255175652493422, 0.2621401426549584, 0.6800192293342754], [11.444774131851988, 48.920798054749135, 15.34001704713844, 2.045848194121855, 0.2673070954561532, 0.6730516876346815], [11.469553947161991, 47.843855120375956, 15.41459840976319, 2.0641375519663194, 0.26292990240893266, 0.6680227625502095], [11.474115823796215, 48.81427427102295, 15.431412523141688, 1.9731468232697034, 0.2600963939305393, 0.6829142243592153], [11.47252725362493, 48.46073161391471, 15.264996825357757, 2.0219021231140357, 0.2618414866529119, 0.6736745351405966], [11.478453658120758, 48.889308197316545, 15.278558047695181, 2.0030497330424817, 0.2626140029270429, 0.6767388198634519], [11.464746073382715, 47.723876121713694, 15.263524854009113, 2.0845657330101166, 0.2654982467041617, 0.6636421451147331], [11.446197899426977, 48.71765659127746, 15.459625378683832, 2.0243386281134956, 0.2623735298580177, 0.6759211364858362], [11.51245950381187, 48.614055548371, 15.51457570859475, 1.9998366896493402, 0.2619772822117403, 0.6734806059842997], [11.483134009176684, 49.32888646010943, 15.350994771319018, 2.0248293705795626, 0.26794673688086157, 0.66988450509919], [11.495541688334164, 49.15831236562152, 15.39235927968317, 1.9871795697497758, 0.26311856239579706, 0.6792782419085764], [11.486628605164784, 48.638421297840054, 15.361026500139955, 2.0411046851766, 0.2643056692013505, 0.6705422222512872], [11.48209005608119, 48.98601695154912, 15.270689069999408, 2.0092739172942853, 0.26317051866817703, 0.6768212678282651], [11.457912525465108, 48.2689292118836, 15.4979529058744, 2.052418910869246, 0.2642282547262051, 0.6727246535791757], [11.464706258359096, 49.163018203807304, 15.370644820334933, 2.0173722759133406, 0.26650585725724085, 0.6734650463626596], [11.477235714474102, 49.22758298688634, 15.346650131818741, 2.0000554885884543, 0.2632018117088828, 0.6740951809357669], [11.462015792937585, 49.022742634915815, 15.493353009538849, 2.0284703152728945, 0.26719836963837357, 0.6708163943299071], [11.468994458281404, 48.60061644375529, 15.496762373295113, 2.002746439878682, 0.26206302517919533, 0.6752332101964293], [11.441914921931058, 48.978834546780206, 15.516424740991884, 2.0190324979718883, 0.26486564390474515, 0.6716901249105371], [11.473833181985167, 49.01154450868497, 15.270001663046477, 2.0147489212174987, 0.2661140375483454, 0.6721786780875392], [11.48907200415004, 48.68289093022033, 15.346645854806033, 2.0255034798145055, 0.2640987930856225, 0.6745964111274263], [11.472664077511984, 49.11275070371587, 15.448508757749995, 1.9908195943448952, 0.262862799806966, 0.6796486280901948], [11.486745980116316, 48.962485324574224, 15.340333015927087, 2.035095605128059, 0.2668517301913859, 0.6678842776645338], [11.503779169473763, 49.09201135186624, 15.28923310434307, 1.8906435768316585, 0.2563419018338195, 0.6794780950835445], [11.474772251298749, 48.65183838173172, 15.357294729913974, 2.0185963714329023, 0.26269123394325194, 0.672948526240339], [11.479156237359515, 48.36891956665153, 15.25634450054948, 2.0454289625462443, 0.26422835449979143, 0.6712812174936228], [11.466231541264904, 48.60966545737074, 15.429391347229812, 2.0338630018362007, 0.26329215211794943, 0.673141732729876], [11.459763982587077, 48.26881676492941, 15.223227752221396, 2.067388884376112, 0.26611375410658045, 0.6700762815755403], [11.51006981547719, 48.74212837548103, 15.56843606145685, 1.9813935391382216, 0.2597822865937677, 0.6801338583291622], [11.4804558919108, 48.35340541345584, 15.36040658449691, 2.0136938853355915, 0.2604841149027974, 0.6751746735609805], [11.463008265451846, 48.93417107237498, 15.377253753291944, 2.014449202813994, 0.2645331998388293, 0.673140405613988], [11.449555451472255, 48.19461381282713, 15.73104871953567, 2.008286043789776, 0.255652657865788, 0.6805313240500238], [11.426747595433337, 49.32908805429683, 15.386084370726525, 1.9680337136548043, 0.26314020689381357, 0.6751929858592157], [11.485701928970245, 47.866219860754995, 15.314256908414352, 2.0893630340876173, 0.26632236141198395, 0.662763474451096], [11.4697363295889, 48.41636972523435, 15.350469920564137, 2.019601114299754, 0.2634976523473119, 0.6701052916805832], [11.493072776968145, 48.279505601015224, 15.219866590820063, 2.0176758837776996, 0.2620799332490171, 0.6744359236724978], [11.466521808814042, 48.450655007189575, 15.398966071427948, 2.014299372598343, 0.2630603373617553, 0.6730800754185678], [11.457486325154715, 48.7714921236982, 15.420987451111598, 2.0400935877920423, 0.26628825026089625, 0.6693977001661858], [11.506491673835493, 49.73067263682899, 15.775047957295943, 1.9438646500969077, 0.26016355438141836, 0.6869559617834253], [11.483819283636864, 49.10945808649256, 15.45561809001659, 1.9622536139571478, 0.2609575164162069, 0.6764335464588053], [11.456742496242793, 49.823330122091235, 15.660862680024197, 1.9705718973981678, 0.26288462459786316, 0.6845583671484459], [11.479554084839275, 48.44009597558039, 15.330077686850785, 2.064832662739341, 0.26537282253502675, 0.6664604851833437], [11.454845036981453, 49.13581644431545, 15.381155355532957, 1.9974120176740495, 0.2630851917514744, 0.6773169187220548], [11.470138625038173, 49.499042133734164, 15.368856223206102, 1.9991671074995212, 0.26361415516626674, 0.6742876270413245], [11.464256922412275, 48.84196838484159, 15.400849808190866, 2.014965144093367, 0.2625201401033225, 0.6753206945687087], [11.493818561788672, 48.3063279633336, 15.24526725316131, 2.0255273644062934, 0.26371062021046043, 0.6710121551525905], [11.460031237929577, 48.914437388891024, 