{"basin_id": 13, "ref_run_idx": 10, "seed": 210, "x_best": [11.478352839876136, 49.045338381688396, 15.435732922188018, 1.9989538450770408, 0.2637591863320019, 0.6752814171965724], "best_J": 0.030936506178876947, "P_final": [[11.478352839876136, 49.045338381688396, 15.435732922188018, 1.9989538450770408, 0.2637591863320019, 0.6752814171965724], [11.483301987447431, 49.01095778339404, 15.391517428712502, 1.979486495469769, 0.26207480783022696, 0.6761469033187317], [11.4741370505777, 48.41515437082852, 15.452734347145288, 2.0261258849901, 0.26108904627775154, 0.6756348370885273], [11.456985789329147, 48.79695158387018, 15.752921856023015, 1.952573944337395, 0.2566038642971289, 0.6830710900768833], [11.435589216559364, 48.55674058943332, 15.854933590312825, 1.990696580434404, 0.2568970424162885, 0.6813710796327848], [11.45873013749464, 48.4693401884217, 15.446171632847232, 2.0227997862675235, 0.26246813165358013, 0.6740511867752204], [11.40678604959998, 48.097398584324296, 15.828621436254585, 1.9973944579746303, 0.2539720990997497, 0.6819449944256639], [11.441438794851999, 48.52540347932462, 15.632451430666094, 1.983297145362252, 0.2573893771549914, 0.6792850381480654], [11.463066139285441, 48.5212677004233, 15.274226908578736, 2.0483373531718256, 0.2648550776173115, 0.67313042864221], [11.455276648059682, 48.678702506062564, 15.099184124340697, 2.0853742201248853, 0.26930888202217573, 0.6697912693958092], [11.425541890436106, 48.39507767856474, 15.65233468586345, 2.0409293850616703, 0.2618107178086684, 0.6747255149296575], [11.456716943759094, 48.76538359840136, 15.651333842010327, 1.9833761459696, 0.2583600667641013, 0.6804292844679777], [11.46274340642301, 48.671616534984324, 15.36840718003514, 2.0285766285924858, 0.26457146739361287, 0.6734472304175361], [11.401548340455905, 48.66292361959587, 15.440533818467584, 2.022860085367651, 0.2630204003634312, 0.675704843522827], [11.444447014918136, 48.82679546883908, 15.663088920243087, 1.9721081032785326, 0.2581663185123088, 0.6797151594344023], [11.465042867539243, 48.495235914293964, 15.31922938512609, 2.0362697659010722, 0.2644877132007458, 0.6697613444449355], [11.43480909960068, 48.489614517745814, 15.73124860210682, 2.0010222373771733, 0.2580808483276748, 0.679342130676868], [11.456434349419078, 48.90754722767697, 15.313103414596675, 2.0231352937656126, 0.2642780535818197, 0.6743745227243884], [11.45294318245204, 48.744738954719324, 15.618143633912432, 1.9990631741028282, 0.26044050128694063, 0.6777742647217948], [11.45670776886161, 48.860459788861455, 15.46073417171, 1.9896406823748793, 0.2607190452529706, 0.6798942629421924], [11.459132282820118, 48.46494518737459, 15.57436897532889, 2.0137855174431407, 0.25971099995690305, 0.6769607124899043], [11.39871428558067, 47.994445999203194, 16.070315880757974, 2.0235722922096255, 0.25346469848853925, 0.6841253656799117], [11.40942187612948, 47.99618396759734, 15.818373726622479, 1.9971415141817617, 0.2523842281163966, 0.679983539485609], [11.458370071884648, 48.378482874384055, 15.777970022283084, 1.9461827147952548, 0.2526256121494868, 0.6858660545466553], [11.456593337604136, 49.186884236322776, 16.38507398302084, 1.8634993712436232, 0.24834808514175305, 0.6941804456174484], [11.466009016846565, 48.85800018465152, 15.610849646086864, 1.983767872666506, 0.2610777725386872, 0.6775944793975922], [11.45110532013556, 48.446469684222045, 15.769416202490396, 1.9754042803665994, 0.2575059666676043, 0.677749459257595], [11.459377164052636, 48.60989912307102, 15.437443241978782, 2.011998469504123, 0.2615845658939646, 0.6753757390387698], [11.44499037307532, 48.33863257025144, 15.981742464827379, 1.930516098335732, 0.24874357635725144, 0.6913637384050052], [11.443682263104925, 48.42294249491686, 16.235488077084927, 1.91773567601367, 0.250344213015476, 0.6896999488669542], [11.478037292926256, 49.06482406607454, 15.422929595296003, 1.9829948874859264, 0.2633638995201675, 0.6755134520462068], [11.449461604745661, 48.71026617249077, 15.604425502599195, 2.0030458636532202, 0.2602247866024138, 0.6788576587657774], [11.466914082283903, 48.87823438180959, 15.405077660468235, 1.9963632953787576, 0.2623441003186356, 0.6732102089565944], [11.443897765216514, 48.5755327916449, 15.444051794995937, 2.0587485081569747, 0.26284979560954613, 0.6757833833892158], [11.47112837872742, 48.52545553117231, 15.320552125501134, 2.044453891671406, 0.26607546394705217, 0.6729308196583315], [11.432299537086013, 48.749709289193575, 15.643426833600303, 2.008976674969719, 0.26000004917888053, 0.6794973335707442], [11.45071777575377, 48.70970473822865, 15.590720715525093, 2.002579122978544, 0.2600792809373679, 0.6782680767928962], [11.443053347836917, 48.023523496897084, 15.419743144070534, 2.0871551379639195, 0.2647364706972848, 0.6675977943783845], [11.467106733689894, 48.44342825926697, 15.531610254644775, 1.9960426426876088, 0.2586706626265265, 0.679125358169705], [11.431020852608379, 48.371016667412334, 15.690228919296596, 2.0121214649040797, 0.2585389555337206, 0.6811759473241633], [11.492251949442567, 48.939533573598034, 15.150235600065894, 2.0456113098043995, 0.2666147138348702, 0.6711628638860597], [11.436076980606984, 48.33989723906009, 15.638997980267883, 2.003238908990686, 0.2582540104213584, 0.6787667527364919], [11.48349535645045, 48.52574170620878, 15.406788056439485, 2.026670375384282, 0.262531048838512, 0.6737266442471075], [11.466333315159854, 48.73295857430618, 15.512176889888336, 1.9867435992921978, 0.260256669080238, 0.6768248653084264], [11.41248101576453, 49.45524487582341, 16.56408944963358, 1.7951135637542608, 0.23843275450593707, 0.7043806323465135], [11.404023682081617, 48.05875738717461, 15.695836384752402, 2.036940121541137, 0.25932430977095955, 0.6763354505139684], [11.458245318031274, 48.653114336770166, 15.397415913369944, 2.0274115056038626, 0.2633238322822373, 0.6715838436561739], [11.442430755249548, 48.769193218807274, 15.434480426010444, 2.0037531071959953, 0.26143273297863917, 0.6778878235594262], [11.421177810440087, 48.090722421988026, 15.898222107346122, 1.9905192873279172, 0.2532724827208513, 0.6850858726041527], [11.459912180499838, 48.72614326027948, 15.453074670623963, 2.010949646020344, 0.2617760781068255, 0.6760036364657708], [11.46482025775406, 48.5374122121897, 15.36526485442726, 2.0305891870525903, 0.26306445730407196, 0.6730269979930296], [11.446597904964591, 48.338899803668674, 15.665352190686793, 2.0080953551593437, 0.2577578203554633, 0.6789578276010848], [11.44489249504487, 48.613454125897526, 15.748789817735489, 1.9927314079991731, 0.25876041219475765, 0.6786903296937447], [11.49189048103048, 48.206990540528096, 15.372173701340621, 2.006701137908612, 0.26118714062832527, 0.6732349012075183], [11.445273722369322, 48.575663514222114, 15.499230127752277, 2.0213782382309726, 0.260181688247445, 0.6786978076003359], [11.44056918925752, 48.356032460750534, 15.626845304855244, 2.0077377913999213, 0.2591281370125207, 0.678447685570546], [11.459188367183865, 48.672526374925, 15.401363811598543, 2.030593249429587, 0.26297573953110415, 0.6749812129123054], [11.454323192761814, 48.5351918082099, 15.349910400934696, 2.0423792149304276, 0.2645546476082522, 0.6702829161576109], [11.460595094601377, 48.59410678678375, 15.221093460060864, 2.0577458493748426, 0.26516604848302044, 0.671708127264117], [11.434458836182083, 48.598888280990046, 15.461144304338672, 2.0182469930024745, 0.26111306627266206, 0.676816499868077], [11.465573824510654, 48.59452041041019, 15.287629673731981, 2.0555028747855406, 0.26567536066724046, 0.6725501059878923], [11.474828521711476, 48.59695902698677, 15.35623697704283, 2.0007905855306225, 0.2604653473104521, 0.6762534663058327], [11.477994565085705, 48.93964675301035, 15.383295632130617, 2.0133086909155655, 0.26351299092397, 0.6749907586973843], [11.458859313228919, 48.95452598911642, 15.364299605092048, 1.9985749125192729, 0.2632243237321963, 0.6747674458637558], [11.475952457542935, 48.352911495602044, 15.510841756928961, 