{"basin_id": 13, "ref_run_idx": 4, "seed": 204, "x_best": [11.47957896223316, 49.092246618614936, 15.368130973476578, 2.022496280026958, 0.26562995315430027, 0.672965926993452], "best_J": 0.03094269595265882, "P_final": [[11.47957896223316, 49.092246618614936, 15.368130973476578, 2.022496280026958, 0.26562995315430027, 0.672965926993452], [11.388318933172506, 48.065704512273534, 15.525414794973397, 2.0656615456678016, 0.26068965458642235, 0.6734096466161841], [11.489013771320398, 49.03632671738458, 14.744865713740808, 2.117475591562947, 0.276687259911061, 0.6565329746303881], [11.437623909905982, 48.603858899505376, 15.737040533730019, 2.0262501760350213, 0.2616366522745584, 0.6750001996379796], [11.446228409849635, 48.90659100907584, 16.525230703812444, 1.8595942090919952, 0.2441970857945791, 0.7040310538525615], [11.476516086977929, 49.26861354844163, 15.19544654282884, 2.034893807982414, 0.26867693400061077, 0.6719210281080358], [11.508899094403294, 49.478981805661235, 15.418055023835217, 1.9994585459441285, 0.266600632356496, 0.6758151223942231], [11.41312174917868, 48.90261224765127, 15.840909445167282, 1.986132030902034, 0.2581442777550468, 0.6791240162908535], [11.427795831512405, 48.595900230429095, 15.960494885421229, 1.9192615584207304, 0.2519532910549086, 0.6876620712170782], [11.458272957528658, 50.35740981434122, 15.54978226068066, 1.863322168773417, 0.25231777107773073, 0.6959109634302196], [11.464286008051563, 48.84718678181441, 15.053485407703281, 2.100233473582518, 0.27477899914812404, 0.6603365398646867], [11.475974509390262, 49.7833772147833, 15.349916639790951, 2.001782335543394, 0.2681540207653406, 0.6769477620530165], [11.528811431959129, 49.75621274109791, 15.261168465245575, 1.998912077536882, 0.2689372033447276, 0.6736735648761877], [11.456856459591615, 49.44661808589383, 15.712932363591992, 1.9349288286259043, 0.25736994646774775, 0.6935296078213631], [11.484650391053142, 49.05640492492257, 15.455352751492155, 1.9864692328797864, 0.2635175777855493, 0.6766244994849099], [11.468524384058709, 49.00816979827726, 15.396370552391875, 2.035773425812722, 0.26594141738353994, 0.6715652038569874], [11.401678723801009, 49.12509265042406, 15.906960331817873, 1.9052762525899065, 0.24946436516715534, 0.696935119984781], [11.468319554903005, 49.12683336954494, 15.476442299823624, 1.999053043494229, 0.2627082383913139, 0.6765433745072558], [11.480122774547556, 49.11715016405821, 15.325875801604578, 2.025601725106359, 0.26581634332723314, 0.6718426459991493], [11.454220360367458, 49.08289813535198, 15.51097857723904, 1.9858837331238355, 0.2612282095001897, 0.6780259822182975], [11.460395278488473, 48.60870883574566, 15.329567982832545, 2.0841679583048913, 0.26889797096508394, 0.6640800371774529], [11.464579004073892, 48.82349238111453, 15.465881927276882, 2.0204889956790373, 0.2631434726997863, 0.6737764303144719], [11.44664229666084, 48.70263246916682, 15.608753712513224, 2.005767172899017, 0.2590635276685305, 0.6813282251320323], [11.42050810257847, 49.36804885208693, 15.944685672809776, 1.9090408055983068, 0.2516206557200287, 0.697153857716686], [11.384028878162713, 48.72508622788318, 16.04823919782939, 1.9538665823831929, 0.2536905735429994, 0.6871056954080369], [11.44308469995313, 48.93429106399239, 15.684050538571492, 1.954972501983196, 0.256836686068026, 0.6859163590408434], [11.49176383151012, 49.234441573169825, 15.420405006921639, 1.9506323608631286, 0.25859155860439376, 0.6825828916051525], [11.4582047018917, 48.92732868699091, 15.51664954143651, 1.9968503142504122, 0.2614950520378936, 0.6740617353765445], [11.444798706505448, 49.17579264563227, 15.46056043306712, 2.003035704455375, 0.2639804328220327, 0.6778920516062156], [11.459169072825343, 48.87095409434574, 15.404825058427557, 2.0173670471703984, 0.2639071350848198, 0.672496514229605], [11.47429518356906, 48.70500092496522, 15.44286966680403, 2.053097913532628, 0.26699247601942216, 0.6683244455431954], [11.493311389968538, 50.292275654136375, 15.670772406769785, 1.9123405076743192, 0.26155886747807144, 0.6890069500755455], [11.46485776111124, 48.49242062785822, 16.095949417936286, 1.9268614980985774, 0.2521404140714421, 0.689706850717005], [11.479268975256415, 48.834405276251445, 15.36518134655743, 2.0458404062784608, 0.2670781519713798, 0.6683716521883982], [11.418424188161481, 48.73398585290129, 15.973479072594264, 1.9139517184852564, 0.25008981727478574, 0.6929984262598612], [11.466946741561646, 49.10153195858761, 15.346681377659582, 2.0534502871441016, 0.2691880135564085, 0.6664179276827386], [11.495694610921136, 49.50195203132396, 15.460235309674237, 1.9462497467690913, 0.26218248329865224, 0.6784536160062609], [11.460306102790806, 48.98041886378467, 15.788512387395697, 1.9508280882508318, 0.2561985577016335, 0.6861943406038195], [11.459660161904907, 49.31250942205252, 15.152846086082258, 2.037302465133173, 0.26818067369527054, 0.6710019562732568], [11.542321957265962, 49.40371929380566, 15.049417430253898, 2.0687077718189317, 0.27524025884786246, 0.6614857999846065], [11.481321417706024, 49.1979436102479, 15.403659184574126, 1.9932443568834939, 0.2646771465295919, 0.675034210174449], [11.451739693075375, 49.204918000322, 15.676838595999913, 1.9574491286720022, 0.2580703698583682, 0.6838711775157245], [11.454337152736887, 48.78515109074488, 15.275177512325076, 2.021938228823881, 0.2638222134231927, 0.6742373257627801], [11.455284239211418, 48.90115729297677, 15.648464510860792, 1.9684142104045386, 0.2568610210325806, 0.6863040100299999], [11.440830457876583, 48.88681907090987, 15.476643364251238, 2.019914444120294, 0.2635671768730741, 0.6736555740331465], [11.476109228459885, 49.2324060774659, 15.104751169426493, 2.0273899148538908, 0.2689812386181969, 0.6723324108224035], [11.49075475673699, 49.709880788910645, 15.2999093502152, 1.9645294578781134, 0.2647225376958725, 0.6765986006228868], [11.433322009042142, 48.83318108528585, 16.028997705607182, 1.9330981359308832, 0.2523418083913743, 0.689459599007631], [11.467032331538492, 48.94619141685369, 15.262721225618758, 2.0406129664644044, 0.2668635761744533, 0.6700837479478402], [11.477078442528393, 49.027314258086406, 15.145165135239795, 2.040550460392266, 0.2676277875033311, 0.6689304219147149], [11.43624335265077, 48.307427561384706, 15.704304027503257, 2.0291133591277863, 0.25916534306111577, 0.6762643586338761], [11.46159778384231, 48.823025808121066, 15.306222270984058, 2.05557437010761, 0.26816486409862034, 0.6670571788897839], [11.468836330984104, 49.032275905157725, 15.62108871800595, 1.9712642133077531, 0.2585128544178058, 0.6831116574385224], [11.454731341389989, 48.45862820075291, 15.03464107112234, 2.16387681747222, 0.2764463255935139, 0.6533299269326456], [11.464243751599986, 48.74282286805993, 15.347961657304664, 2.0457532129055243, 0.26540738852646567, 0.6730099019119519], [11.459592466607516, 47.50438388595006, 16.733989178935598, 1.866471885714829, 0.23626656134507876, 0.6997550189454717], [11.464333717034341, 50.10947969231196, 15.510344262527441, 1.9244022382275634, 0.2615893783859171, 0.6849311093690966], [11.45893493055947, 48.78716304368013, 15.479890194496777, 2.017930468176181, 0.26411164933769354, 0.6730888936456771], [11.472645620926722, 49.19659901513399, 15.332449907112638, 2.001118557700378, 0.2642854544366131, 0.6789119594938118], [11.48168986575047, 49.27041615218434, 15.315004210171693, 2.0261669460998255, 0.26853937322589827, 0.6709734499601112], [11.49181380005475, 50.05069628198242, 15.635955531636462, 1.864373897500416, 0.2544832948478131, 0.6983551979303719], [11.450381024570868, 48.96004100205529, 15.252666861094966, 2.061796564209972, 0.26930803697771466, 0.6707959738553594], [11.45779301257565, 49.30742750222578, 15.59864336886722, 1.9852788846056337, 0.2615541677156983, 0.6816416498912702], [11.453228759934891, 48.951506960698914, 15.277486154235927, 2.0249894777413058, 0.2647969332312513, 0.673240609099901], [11.466053400061124, 49.32427460787144, 15.487139468607886, 