{"basin_id": 24, "ref_run_idx": 11, "seed": 211, "x_best": [11.563780202915504, 49.00705870698926, 14.446257756188919, 2.2305857008567793, 0.2895883442719228, 0.6425695551713075], "best_J": 0.03127231455783348, "P_final": [[11.563780202915504, 49.00705870698926, 14.446257756188919, 2.2305857008567793, 0.2895883442719228, 0.6425695551713075], [11.588154830858924, 49.58255779208887, 14.424871361242879, 2.2049933233759993, 0.2898788919723614, 0.6450857666349515], [11.583933707391191, 49.0103569843568, 14.372548969733435, 2.2849100634194017, 0.2953970251707672, 0.6340801302571326], [11.582289857863024, 49.385806942795206, 14.314246232336698, 2.249701129665978, 0.2935042765256048, 0.6392176694565913], [11.566412136242347, 48.86747042888724, 14.48204643047914, 2.2691169552946593, 0.29160669710820053, 0.6377648708631882], [11.56336708068567, 49.14090433776613, 14.401827970725941, 2.2454462895617917, 0.29179338059630117, 0.6405133636890907], [11.57376260075861, 49.20087546478605, 14.44939089649836, 2.2356701714489713, 0.29127808413950884, 0.6415774964848545], [11.594150881155207, 48.993114528626194, 14.35185835083529, 2.253883230888337, 0.2924913845699358, 0.6391550123226353], [11.571308844164605, 49.440625874533595, 14.435551015145306, 2.220910212175343, 0.2912700763314153, 0.6422854570356895], [11.609436835647601, 49.230749529246815, 14.196065093036578, 2.3332323013728553, 0.2998631312916171, 0.63107982739383], [11.633139701211425, 49.754009124867096, 14.068132922297428, 2.261031398046575, 0.29823775688555765, 0.6385981556583008], [11.570208117755058, 49.17339342017257, 14.241110374722977, 2.2457077758074417, 0.29225813538385387, 0.6424984703201675], [11.581393930723712, 49.13372748335331, 14.424113350697464, 2.2383982516773653, 0.29147023950100964, 0.6426492181262556], [11.5683261993576, 49.107869508065924, 14.523447087182292, 2.234671406747817, 0.2901615350516833, 0.6407653096498859], [11.62984976916728, 49.41234522604975, 14.032900562107814, 2.325265029274457, 0.30343115685562516, 0.6284854188453339], [11.600729519304553, 49.077445253441674, 14.32260113157869, 2.2724040618192207, 0.2948389341408963, 0.6371234355528205], [11.615198475858664, 48.687852230636736, 14.00024900871379, 2.392647411839453, 0.30361471046085986, 0.6233344234056986], [11.582405160712417, 49.09428979701926, 14.393185472691652, 2.2816328397230383, 0.29497016095418005, 0.6349230780000626], [11.568233098330104, 49.29331670111952, 14.428072161308028, 2.2229291352446454, 0.2906456914824402, 0.6438042675616676], [11.581911134700494, 49.22014315127535, 14.089449506455344, 2.3089137898137007, 0.29812792855330994, 0.6324422076243251], [11.573667331557829, 49.10975608155886, 14.370797826724568, 2.269312771962393, 0.2943970507400923, 0.6388019026511388], [11.680854988255513, 48.77393464243486, 13.689810241043139, 2.427200755118417, 0.3099745132187547, 0.6173414365391546], [11.567048510353322, 49.22058039223355, 14.454813433779817, 2.2293892137802134, 0.2901310626835954, 0.643194271416082], [11.570137821202497, 49.963056701876404, 14.429357155639524, 2.225482143763069, 0.2908761829320288, 0.6429462510915509], [11.574216147317587, 49.04054068019842, 14.393341687084801, 2.268867967784741, 0.2935198893855562, 0.637511138030284], [11.561495817814219, 49.22709243308306, 14.437588104620486, 2.237244300322026, 0.29005701881610335, 0.6422834718968652], [11.574172334403375, 48.99154688678716, 14.416255990962325, 2.2520087278082714, 0.2923728784489007, 0.638642729447305], [11.637261125901732, 49.53076216657802, 13.991724947228626, 2.3683472637413887, 0.30740579475907553, 0.6236318131781636], [11.557152501127396, 49.187904522161986, 14.292248156931297, 2.2210003775224676, 0.28958920671132854, 0.6440613238189031], [11.582787444073983, 49.34895831615204, 14.39440369103261, 2.2398948903753957, 0.2924717671962287, 0.6403052532505834], [11.567600544623406, 49.57904194038822, 14.476772581344466, 2.2054188827366294, 0.2905018223864033, 0.6430439655416414], [11.591720829520002, 49.1012185539501, 14.36265278860156, 2.2834856262018994, 0.2954717863564389, 0.6352501693252101], [11.56104999257987, 49.37890804138892, 14.544716440640059, 2.206924088267142, 0.2888712110420327, 0.643810279258448], [11.63038358099198, 48.82685902173132, 14.00144678950761, 2.40365256676301, 0.3058785754521495, 0.6218182683366683], [11.574396843513169, 49.418281597136605, 14.405524022380297, 2.22463905695992, 0.29165140298222886, 0.6430861230193832], [11.643864601569058, 49.40614346341278, 13.843190983665847, 2.4296222520639614, 0.3099213503012016, 0.6226945263221264], [11.574531877370184, 49.05923402293106, 14.513546264063402, 2.257441413356255, 0.2926211187224467, 0.6383489580353177], [11.567452331760808, 49.094695234200955, 14.478871078706174, 2.222769524579136, 0.2899597939036886, 0.6419751997485277], [11.570113041939285, 49.43636494502496, 14.433092602239583, 2.255971657959388, 0.2934199655792601, 0.6400565256543436], [11.658377253513367, 49.57070853429531, 13.967606064853227, 2.3500760154845075, 0.3071826709716563, 0.6261034524728971], [11.564088779912455, 48.728189570570166, 14.359604708803838, 2.302603015244885, 0.2943215692778615, 0.6351740850073623], [11.585672346256612, 49.28016309573333, 14.300162930740779, 2.240584300103086, 0.29292716197593494, 0.6408284996632296], [11.571293923111254, 49.29412256362105, 14.443354777045169, 2.2290315299476497, 0.29087944695449675, 0.642670835096204], [11.563884909703726, 49.01760430438848, 14.430882766186029, 2.260876402384377, 0.293160976037499, 0.6387718378535532], [11.70193923413022, 49.66272866741369, 13.732612410933385, 2.4317939872393595, 0.3147258495108089, 0.6175290126261501], [11.590317339815831, 49.34126424407343, 14.398519325508305, 2.25824228964479, 0.29405289206315677, 0.6336753062044106], [11.572321592243897, 48.98723408768237, 14.43791503194255, 2.2522056585533186, 0.29082136396675146, 0.641053206718898], [11.588496404660292, 48.91545023346012, 14.396963877469252, 2.260000726886336, 0.29319907976529463, 0.6404459481316214], [11.594941158623921, 49.373235795031455, 14.311303622611872, 2.296549135121529, 0.29678725384132576, 0.6343371850946125], [11.55753538724825, 48.88488836833717, 14.480669944215604, 2.235146021809399, 0.28984215707050703, 0.6431803634231088], [11.566732915229954, 49.36878600838361, 14.226729790955359, 2.2873716402158237, 0.29718749402208133, 0.6369313953068532], [11.598587773882372, 48.76983941258276, 14.163408793226973, 2.3134412160621367, 0.2972176202718527, 0.6335875208655455], [11.564305226913298, 49.345524613299865, 14.404539685599453, 2.276030447727956, 0.2930555599177107, 0.6428197910972964], [11.576684891946408, 49.28415984838834, 14.35482502105762, 2.2654169201575747, 0.2942265007863152, 0.6372905169274297], [11.593102721717784, 48.957978046426476, 14.27686653856013, 2.2660377617757845, 0.2928462777768924, 0.6386802518607837], [11.657201892004991, 49.217525346979784, 13.928194715402306, 2.370377770335498, 0.3069797576905617, 0.6218563934377755], [11.619743590108154, 48.98960986765373, 14.033695169909981, 2.3833640782460512, 0.30352065334994893, 0.6243806399710077], [11.630158439540317, 49.373886950063664, 14.018382762269844, 2.3741912971204173, 0.30476776281295115, 0.6293185548350501], [11.568508366013651, 49.344744806879596, 14.490107349565358, 2.2216950728956877, 0.2905591698383625, 0.6441996858954906], [11.580079571434402, 49.21452159704519, 14.395926448108732, 2.2758390363953342, 0.2942360849847636, 0.6364818087824234], [11.598353976711696, 48.96738516802158, 14.216003191740905, 2.3379530494287133, 0.29921204251399797, 0.631184081812238], [11.586827837754615, 48.985888692816914, 14.356203240654926, 2.268622338561196, 0.2938731668155309, 0.6365320795025211], [11.607786706502194, 49.20001912158343, 14.253745542682697, 2.1992966367751237, 0.28892642507738153, 0.6455043033291146], [11.570210463659842, 49.253519173103975, 14.40949280584248, 2.2412468571791657, 0.29219494831100923, 0.6403916827756129], [11.586682016890373, 49.256483668286734, 