{"basin_id": 3, "ref_run_idx": 10, "seed": 210, "x_best": [11.489615899367935, 48.76080244374562, 15.2108758695969, 2.0474692948948494, 0.26725887860810893, 0.670398649467993], "best_J": 0.0309355946708679, "P_final": [[11.489615899367935, 48.76080244374562, 15.2108758695969, 2.0474692948948494, 0.26725887860810893, 0.670398649467993], [11.479361016820869, 48.804086506354366, 15.438337209212627, 2.0030071597829333, 0.26327392061990545, 0.6761797951464432], [11.464182015684358, 47.91067990198997, 15.722937083433953, 1.984894368625166, 0.2527990835628678, 0.6865770191061084], [11.491165998816587, 49.40809302964199, 15.000178993669977, 2.067864755720977, 0.27432278195659626, 0.664559014698089], [11.46584669468704, 49.3613800649904, 15.229747756916938, 2.0093494273055166, 0.2666329634657668, 0.6737310573799289], [11.524287169460782, 49.968500052216, 15.205348524060396, 1.9822724575165016, 0.2686730481378825, 0.6742812775786731], [11.484730230827068, 49.331152105425524, 15.389532527122283, 1.9868167274595545, 0.26635625498695703, 0.6751169172692234], [11.51053481764776, 49.784759771671666, 15.140461877826116, 1.9989701848234616, 0.26853891513030115, 0.675453845154756], [11.495911017037935, 48.63372348086874, 15.281117939313159, 2.0262846310068925, 0.2641282049147137, 0.6723858920823135], [11.47942613895824, 49.540180540160414, 15.280946280100439, 2.0334222769308647, 0.2703098998916429, 0.6719562297364546], [11.486007178963943, 48.63916263774779, 15.156904040088959, 2.0513075326680483, 0.26635044548686854, 0.6691768128448989], [11.487867308095435, 49.05295191337433, 15.053718604234142, 2.078606110522972, 0.2727377929806217, 0.664736007538001], [11.484006037697911, 49.073188949762155, 15.186315694761525, 2.0278478006706964, 0.2678405221415376, 0.6728750329785025], [11.465719411355323, 48.71186467150038, 15.082391903571162, 2.077277105546584, 0.2702766237965108, 0.6668216206702839], [11.501413609964068, 49.26885195399708, 15.535414150295384, 1.977673189106236, 0.26133510142954886, 0.680545733125304], [11.493645116711738, 48.61331232976693, 15.145760704795405, 2.0455713723885847, 0.2696413407139543, 0.6574171860583855], [11.522881312653483, 49.61269374372681, 14.909221887980669, 2.0328800272264673, 0.2718206380686415, 0.6706195231880729], [11.49756959427708, 48.916751747272016, 15.297107563899838, 2.0211990639117055, 0.2665123134062389, 0.6701651243945957], [11.504341954913201, 48.96658380515519, 15.258785659934757, 2.0477564196088953, 0.26845795066276285, 0.6691004219570276], [11.468641200528799, 49.17664311003917, 15.552989296693505, 2.017977618158484, 0.2654194137203872, 0.6730148414436712], [11.484546958706037, 49.29793620038101, 15.076284331204059, 2.066921150039152, 0.27249757067603864, 0.666334121298525], [11.469595865491828, 49.312128265839185, 15.272356135061544, 2.058335297102766, 0.27058199310430914, 0.6686914434086223], [11.485040098651462, 48.944057179889036, 15.180486133903658, 2.050001556220541, 0.2687523137589061, 0.6703336791367328], [11.44449234368807, 49.28289517104528, 15.656862269027126, 1.9839906417576538, 0.26363306020477095, 0.6769384204762191], [11.536616690638859, 49.65786996734708, 15.026385314677238, 2.0231932266860264, 0.27111851956790606, 0.6699066940948738], [11.465065982888808, 49.42029183146113, 15.244068314637461, 2.027450531465492, 0.27040879162544174, 0.6705826326497148], [11.498033028530166, 49.631029345373975, 15.124517975974811, 2.017842681817457, 0.27045605265622313, 0.6709275984441119], [11.488023338532477, 49.6732743226312, 15.254946271591113, 1.9959369643153284, 0.2661399626364028, 0.6751572328551293], [11.46716748309449, 49.07531185884144, 15.596351661154532, 1.9704928162665083, 0.25983064277059587, 0.684382677509755], [11.52415991010776, 49.69146094313533, 15.048076827119287, 2.0650069351945772, 0.2754325595067733, 0.6632482509252843], [11.473439687229636, 50.22768965556261, 15.287140795232858, 1.957387983629397, 0.26752296564287725, 0.6801240927068698], [11.476206288998435, 48.96695759402796, 15.027833811822974, 2.088444553469193, 0.2735471384651396, 0.6614989995049638], [11.485673330021594, 49.4871644910859, 15.316595980449877, 1.9862789285630404, 0.26345093492964144, 0.6762267485712408], [11.52107923358868, 48.99193270600358, 14.949090645228647, 2.117833796620752, 0.2758563880477769, 0.6609228992987258], [11.484836977498809, 50.26877611397307, 15.440637198043428, 1.9885746715172787, 0.2686263200599866, 0.6738451142980793], [11.472633289098232, 48.45247908436096, 15.317738828182943, 2.077718346254628, 0.2687679969518047, 0.6676915213090753], [11.435715088716917, 49.2283958863668, 15.803205980882032, 1.9856780952891848, 0.26059904116854793, 0.679296500626574], [11.511674092400078, 49.497271992327434, 15.01477999834395, 2.0093882286313844, 0.26691114133102034, 0.6768484781317333], [11.467791716127547, 48.61451811698517, 15.238866946288052, 2.043385509086735, 0.26580691525815725, 0.6734577273258023], [11.478043632569143, 49.73760556056817, 15.23224325651665, 2.031098677071769, 0.2715165994272465, 0.6716675483815652], [11.515702399665543, 49.17733630487025, 15.187405783203468, 2.028485109921589, 0.2673846521203594, 0.6737425747264874], [11.448688996800078, 48.561541933850556, 15.334353269907973, 2.053631647413083, 0.264811488497883, 0.6765418717744629], [11.493717651982694, 49.32523278535476, 15.03696014836109, 2.0233226400884963, 0.2695757089815274, 0.675009697019034], [11.445287659071969, 49.59469956995118, 15.472742864035217, 1.956148052940329, 0.2619202868032129, 0.681306715291549], [11.473907222020728, 49.88654554289921, 15.214304126611802, 2.0098219958218375, 0.27068728808754, 0.6697876561070629], [11.504587872122405, 49.48371817066485, 14.858483016222348, 2.0458280918857437, 0.2723429262114096, 0.6726618364871131], [11.43421290765627, 48.723883392761834, 15.500418178914854, 2.017675618236839, 0.26318941374205407, 0.6751021743910824], [11.504385727563221, 49.679315245541765, 15.378957288352945, 1.9801698212537222, 0.2646449434143655, 0.6758912269083651], [11.538035991141786, 49.51727003439128, 15.213691138385284, 1.9064599807045473, 0.26050192991033283, 0.6798466665616733], [11.470729237941198, 48.868953217363035, 15.118860356499919, 2.0671031154646844, 0.269572582703531, 0.6700135299188319], [11.487191550942182, 49.33237858743892, 15.228182797831009, 2.0297135796487984, 0.2698994658792546, 0.6700177698756646], [11.494194362079536, 48.72356811362373, 15.673328289147825, 1.9519281750274693, 0.25438207470797747, 0.6850703435142103], [11.46845057898458, 49.24579405728199, 15.603684154340717, 1.935244886853335, 0.25779104684527865, 0.6829277602159483], [11.481037201406224, 48.342877178168166, 15.756671830520364, 1.9654522008576467, 0.2535554375248668, 0.6849698734632258], [11.488726692994648, 49.590810647213985, 15.0895059374223, 2.0257165282530005, 0.2704296019195805, 0.6720979825183199], [11.544325513762168, 49.828207843931416, 15.166154292408324, 1.984406414513228, 0.26925812677961447, 0.6706328014284051], [11.480883408871133, 48.96058502409864, 15.19193204791166, 2.07011466996966, 0.26996981130454006, 0.6725018711687519], [11.458623001243602, 48.29066647781521, 15.186899962320675, 2.0732820925350834, 0.26316326438188076, 0.6770676995168929], [11.480830649971963, 49.523801560677164, 15.024376052074027, 2.0174517420768536, 0.26952078228168047, 0.6718020520706144], [11.49118220617103, 48.9715768687117, 15.312006426056161, 2.0147893038531945, 0.2628204090727412, 0.6752358572170655], [11.510007196513971, 49.84428687929118, 15.185546155267621, 2.030795556676649, 0.27250757862921543, 0.6678275555017782], [11.486319686622439, 49.43938818494599, 15.316153642851909, 2.0189950449668417, 0.2677188751064173, 0.6726152797011291], [11.48468270957789, 49.39532339601679, 15.347730219886042, 2.004623846786491, 0.2659480684120687, 0.6728769912985043], [11.516467861794593, 49.811043705755274, 15.111756589390813, 1.9834239414825008, 0.2678574444462393, 0.6749958307231403], [11.441022486042653, 49.37513514542318, 