{"basin_id": 9, "ref_run_idx": 3, "seed": 203, "x_best": [11.473965331908142, 48.68997343976954, 15.274373681262242, 2.056259517438961, 0.26735382344185843, 0.6692361270008715], "best_J": 0.030917973813222154, "P_final": [[11.473965331908142, 48.68997343976954, 15.274373681262242, 2.056259517438961, 0.26735382344185843, 0.6692361270008715], [11.466899861679034, 48.66509309238797, 15.230036153680766, 2.0720913563278165, 0.26877867277828493, 0.6669673714190005], [11.598453371456964, 49.309400294095305, 13.971893079289428, 2.2588426363044083, 0.29662816092944055, 0.6365355715590635], [11.458517675201046, 48.298830670434654, 15.471400588199739, 2.055624615191655, 0.26495910800428946, 0.6725107046333464], [11.454287025506941, 48.6553561035211, 15.360715494544044, 2.071306553326297, 0.2672299781294782, 0.6701222958117541], [11.493049922595862, 48.983348912681556, 15.086030269355717, 2.0765742096035513, 0.27304949204389684, 0.6645562596117609], [11.50921590801055, 48.89874524109093, 15.062130714735858, 2.0292765097869063, 0.2664667639984305, 0.6716195784839264], [11.534237113637422, 48.98454305064527, 14.693457924119341, 2.127153023886497, 0.27869867351714833, 0.6587503659321369], [11.4784395602344, 48.67826988732639, 15.177499492756667, 2.0763431824002, 0.2692969235527371, 0.667213583875343], [11.48648653903424, 48.761486856546426, 15.216753040848237, 2.04733731936062, 0.2676586080028827, 0.6693408669328571], [11.485215256082377, 48.79616204039612, 15.201224493135324, 2.0497551236357427, 0.2682200189950993, 0.6681574752159144], [11.456997732486492, 48.51143049161859, 15.485982954326744, 2.0656996426687084, 0.2658798120390143, 0.6682137159820281], [11.467810404604528, 48.90289745606474, 15.266405541337763, 2.0374612272433663, 0.26661859740611255, 0.6689187887486223], [11.474488799129828, 48.8059986990816, 15.27932944069078, 2.053301420527322, 0.26827787848348916, 0.6666962033777473], [11.465252186366712, 48.82672646484827, 15.526394107923894, 2.0073492165963334, 0.2641431711648275, 0.6748265690925839], [11.476177776520405, 49.258947042770465, 15.360749944230715, 2.0361512631899203, 0.26792383996751545, 0.6737143599325901], [11.49865579730524, 49.17667820653242, 15.085066566757327, 2.064316406659514, 0.27229936086200696, 0.6654383767963448], [11.50185129562944, 48.94496965893327, 15.151706383631383, 2.0493386764543833, 0.2684450711508431, 0.6704481979801499], [11.592443051110699, 49.68709552102028, 14.603024467103852, 1.9704327254981482, 0.26845008382966296, 0.6691492380724942], [11.537425339382574, 48.8987930072701, 15.011108691649964, 2.0719128224195984, 0.27357036435745696, 0.6606696713806539], [11.469009722913835, 48.76599306127959, 15.285454523698796, 2.0343502176129276, 0.26616230026463417, 0.6716058923421515], [11.48375957604002, 49.05198988450247, 15.21098722676707, 2.0297835616304694, 0.26819608154053104, 0.6709768874337461], [11.473707343786868, 48.803836734514704, 15.216326540921848, 2.0642677380275227, 0.2688995675367914, 0.6647317585343617], [11.47045972140967, 48.804727453069084, 15.206137128458392, 2.0630918917462555, 0.2695625990092516, 0.6687815133247332], [11.52047492844607, 49.57797569258479, 15.172849413563128, 2.0049819746165567, 0.26831784306623585, 0.6729000730129652], [11.480872025233646, 48.71150474411873, 15.276516206071634, 2.0671101869977533, 0.26794487040220294, 0.6662941658117398], [11.508806815862211, 48.46267062607854, 14.968748478087106, 2.0682997888073187, 0.2694344508696097, 0.6654885877378633], [11.456819553464245, 48.71646703500562, 15.460647944562872, 2.048009748841701, 0.26619599379526554, 0.6703433736735355], [11.477707201274562, 48.61145456939675, 15.264677210295424, 2.0537355744634262, 0.2667519285819726, 0.6692607412683055], [11.445930045232569, 48.32683371961517, 15.660291035549504, 2.047883969246622, 0.2627040945305802, 0.6709947299615052], [11.491558543811724, 48.58974293072245, 15.134585377470257, 2.0880911792612604, 0.270824745288362, 0.6661105145374459], [11.551473053526534, 49.14041370983023, 14.986850426321645, 2.000034567435998, 0.267095261155372, 0.6685604708958157], [11.491551095253657, 48.79156850884326, 15.270700492519222, 2.038661516147193, 0.267145664549964, 0.6676823518948095], [11.468624453411081, 48.58008537010394, 15.350334094726735, 2.0638201982839797, 0.2663089724160646, 0.6684393958083363], [11.481694201347937, 48.9044039182764, 15.214284688442392, 2.053265903581718, 0.26874320854607503, 0.6698624562889794], [11.483854469224902, 48.571596247961935, 15.27551361826124, 2.0703051764073677, 0.26861695908276656, 0.6667204088908851], [11.465415153921747, 48.38493479379335, 15.324742952123755, 2.0923455146201073, 0.268293661875083, 0.6659810128496341], [11.484167455907157, 48.71391096598596, 15.259608592822545, 2.0526097367867284, 0.26778982228603043, 0.667805158036823], [11.499583932585068, 48.75829099608033, 15.262673189736677, 2.0346461026009974, 0.26615224285864975, 0.669272232401204], [11.510300209885528, 48.570659790210726, 15.023363772273747, 2.097900128299065, 0.27280700400479113, 0.6607315095596707], [11.477881476395334, 49.13839976365068, 15.328660193473253, 2.0148462055666867, 0.26438633188310817, 0.6762993092507716], [11.477466390055111, 48.43244077332046, 15.30361241114662, 2.0617541462349425, 0.26775176376913173, 0.6669289211656612], [11.505892378049957, 48.999497534454434, 14.87643108180821, 2.1228481774565653, 0.27788144444406904, 0.6606195555928376], [11.487099025792867, 48.79382198686558, 15.137819481216088, 2.0640979883819526, 0.26938106460489014, 0.6667796110808007], [11.487289296479062, 48.88588280596039, 15.053538134116849, 2.0828393742180493, 0.2712606295749251, 0.6642983640445755], [11.51798809947331, 48.81738404265575, 14.829134238977183, 2.1206591036914526, 0.27542603491706874, 0.6584830879712869], [11.47873124696909, 48.587803131948974, 15.314776973267888, 2.0677057246513812, 0.2681691708898873, 0.6675757516654939], [11.469556215495176, 48.373810462004336, 15.378075072032498, 2.0388990487112704, 0.26299157129889644, 0.672096015672412], [11.488482449515523, 48.37946767666389, 15.296492347804811, 2.0493033044688826, 0.26581964828892996, 0.6701186678327306], [11.52101835791842, 48.7373990093823, 15.075805302559303, 2.03421702350747, 0.26651306216604476, 0.671314484832457], [11.474408128579482, 48.541375674837006, 15.208351159993292, 2.078934277340808, 0.26916512042014923, 0.664359981216946], [11.56134723240711, 48.31913330853852, 14.574018334538845, 2.18013516632924, 0.281926968715297, 0.647302128377325], [11.463739528271951, 48.791769625972634, 15.295043870638917, 2.0382803375507788, 0.2656276059604467, 0.6727148054008258], [11.452420934098221, 48.52766696802034, 15.556584794487543, 2.0186014582359877, 0.2624658922447558, 0.6757876363923805], [11.479073964079962, 48.6220329864343, 15.297557849929387, 2.0615417045650712, 0.2676226404041518, 0.6669242730259017], [11.464244560809984, 48.732010217101724, 15.287382284948427, 2.057705153225249, 0.26594188598574153, 0.6710984557578845], [11.497824115434007, 49.19941787346971, 15.140676296710039, 2.0487409077772734, 0.2714369250434686, 0.6667928463508737], [11.471747524373274, 48.629518710346396, 15.366510256515669, 2.0475683615246782, 0.2661500079634123, 0.670011979480975], [11.484530314229318, 48.83059340623018, 15.24403049765229, 2.053889980071971, 0.26904715646009614, 0.6657155481626148], [11.473845567973164, 48.87371499564649, 15.35947119895723, 2.0500383910623436, 0.26834121044463083, 0.6703436609081113], [11.482035218408843, 48.75389572461439, 15.29101328003489, 2.042680378036115, 0.26669999389896004, 0.6687704094281106], [11.458726097310752, 48.55226936969004, 15.34277300148783, 2.054012798527938, 0.26610348571626385, 0.671347576874149], [11.478564714720275, 48.92602215985208, 15.251017947360795, 2.0764818004079753, 0.2702053887191715, 0.6665671192856745], [11.515010274548377, 48.884882499679385, 14.872116018138412, 2.133135209343584, 0.27686610456898614, 0.6561296581443817], [11.4463364060472, 48.62602023677801, 