{"basin_id": 18, "ref_run_idx": 8, "seed": 208, "x_best": [11.495484159005336, 48.73413888966181, 15.033241699562526, 2.11108314817779, 0.2740060871045213, 0.6607752885855365], "best_J": 0.030970210941786445, "P_final": [[11.495484159005336, 48.73413888966181, 15.033241699562526, 2.11108314817779, 0.2740060871045213, 0.6607752885855365], [11.49685432517638, 48.59462148551088, 15.058007822272387, 2.112831305932729, 0.27343062916973876, 0.6611258839240062], [11.580527638018639, 49.28275516772111, 14.472805240185956, 2.186792948176233, 0.2866585788339778, 0.6490057953889687], [11.494207352490518, 48.71592040214902, 15.028460592715636, 2.1119400491030142, 0.27394223778218163, 0.6609406505684465], [11.499482980277493, 48.75666755985455, 15.006654939195352, 2.112019426077462, 0.2745092086401348, 0.6605175145616957], [11.498167015654584, 48.62170520617685, 15.058618837440068, 2.112066418669104, 0.2732025154333796, 0.6618297863350782], [11.523299772377388, 49.243073162781776, 14.780830556020309, 2.1152459144189897, 0.278790338581392, 0.6575690837087895], [11.495979813750186, 48.74651643404957, 15.016719149942592, 2.1113058888855156, 0.27404148148406066, 0.6608982069858653], [11.58167447931776, 49.06481351713574, 14.322742642712672, 2.2512599504272446, 0.29279483428779324, 0.6375451049383003], [11.499080775648384, 48.92023796591503, 14.986994615664784, 2.1131168532905953, 0.2751359157576386, 0.6603129946083974], [11.500728323251234, 48.839932781800435, 14.994726015385933, 2.113298154625853, 0.2747706171146672, 0.6603259566818868], [11.492358595971469, 48.732539665543136, 15.03982239524542, 2.113950685133652, 0.27401531490687214, 0.6608447263259093], [11.498185142568179, 48.81747247508725, 15.00475716240631, 2.1122303568323897, 0.274302576916003, 0.6610166656561458], [11.501260992434329, 48.82202821911055, 14.984378011826136, 2.111256145939079, 0.2745833024466337, 0.660894191867127], [11.48885603029152, 48.596874194479575, 15.085541044623822, 2.111835102439545, 0.27299759826034165, 0.661766425023345], [11.505072407056558, 48.83932964774645, 14.908308505331894, 2.129183205707469, 0.2765551524854569, 0.6586058348266633], [11.505762961125846, 48.919360411704005, 14.9737593254695, 2.111603580390371, 0.27547695725549154, 0.6608067063995833], [11.496920668697802, 48.76138051077097, 15.032712288362106, 2.1112137185878552, 0.27413674552673606, 0.6608785622696688], [11.498304778633434, 48.71970524046111, 15.021407650566061, 2.112379960193314, 0.27398819002953473, 0.6611267420515177], [11.494964850490085, 48.76631869096317, 15.047520152271598, 2.1117011397588343, 0.2743155995264295, 0.6614771598664313], [11.485247407390476, 48.58027444826477, 15.105917062481533, 2.1118020655199117, 0.2717802900614701, 0.6640214960986437], [11.499174808617822, 48.75100342043116, 15.023258468876977, 2.1115687994449934, 0.27385211530684106, 0.6603991216112038], [11.495719403075858, 48.636596443791724, 15.020965699501625, 2.1118886828042656, 0.2735026174221979, 0.6614322220094094], [11.52506737258387, 49.102929128756536, 14.82957843361445, 2.1110648289629013, 0.2776474058387067, 0.6570723343165794], [11.495889020704608, 48.762910797789694, 15.021117590506408, 2.1120559224832895, 0.27435469258549894, 0.6608252398715041], [11.50049933411788, 48.789864362331784, 14.965083085980837, 2.111898404723623, 0.2755281365355358, 0.6607170557096133], [11.500982767649013, 48.725300363600674, 15.033079651598682, 2.1135634718883987, 0.27414419872176815, 0.6609316819210318], [11.497396860641333, 48.745346574385216, 15.04922908210184, 2.1117166238298393, 0.27428052679683457, 0.6608727721103077], [11.500753684040214, 48.860016392718784, 15.010348725254774, 2.1117773157149093, 0.2749133738430933, 0.6606749290338518], [11.493802402541693, 48.63271279072142, 15.034841521379443, 2.1133905798665324, 0.2733368474260862, 0.6614267278836812], [11.508764299657479, 48.87682808634325, 14.952374382192804, 2.1132871904898085, 0.2755136585798077, 0.6595620716101782], [11.514308828215416, 49.10315571425325, 14.931776404729934, 2.1122125925685116, 0.27300244765790427, 0.661671288582043], [11.500708090110427, 48.75493732169566, 15.005487221265284, 2.1115200911718306, 0.2743068208048187, 0.6608966841102375], [11.490676900712801, 48.659833686623664, 15.031485654026755, 2.111716187251959, 0.27359267258932707, 0.660986261833332], [11.49691145869684, 48.765233803279955, 15.028321223126984, 2.1113765104418767, 0.2739882796603229, 0.6612837458932451], [11.51160100848326, 48.897140372633196, 14.93429003185209, 2.113986004967743, 0.27590412910721585, 0.6593576042844155], [11.643674584017313, 49.48631513748928, 13.653558395546789, 2.501871979444608, 0.31459567675124556, 0.6166002925890633], [11.49177716342925, 48.75599840746065, 15.042997899805888, 2.1122884340730677, 0.27424213890525195, 0.6606672380215719], [11.49907696548415, 48.786900998806615, 15.009939176069244, 2.111340384547857, 0.27468556835725044, 0.6602543599413058], [11.499041806882722, 48.79395460621072, 15.021073321889146, 2.111380376092219, 0.274368704711525, 0.6607081627041554], [11.503992981593134, 48.80729239563997, 14.986036808342737, 2.111309442899749, 0.27472618660926373, 0.6603128054328535], [11.493066902941065, 48.729496564129924, 15.026659921744978, 2.1122344381039175, 0.27420700125843595, 0.6607201148507166], [11.495070982576967, 48.731279221966, 15.028351154381474, 2.111489771735056, 0.2740168018194048, 0.6609634439122896], [11.536157039147593, 49.21771033927254, 14.773789392206693, 2.119544942684475, 0.2795049595101943, 0.6558880390031772], [11.513663820740694, 48.95774774588988, 14.94273766702097, 2.1135611079291996, 0.27562429972602986, 0.6593753552544463], [11.500394106365919, 48.70119770380601, 15.039665271004028, 2.112500520220336, 0.27407348391317754, 0.6605479628899126], [11.49025646854058, 48.69115871035992, 15.06501905923686, 2.111107950614567, 0.27340465183436197, 0.6619012676544072], [11.49584156924483, 48.80900198460603, 15.03028722910186, 2.1114238381275534, 0.2742797654124568, 0.6604638468212432], [11.528610353355209, 49.28313468662869, 14.847909446809817, 2.1146409412066416, 0.278941668872338, 0.6564675460782937], [11.482167557809019, 48.56250781938577, 15.097373244389127, 2.112708460670564, 0.2724274643131942, 0.6625346171485261], [11.499537374378539, 48.787471442089114, 14.999780435918709, 2.111751486040336, 0.274489346965429, 0.6606400270495142], [11.500211184164131, 48.84276253282766, 15.003848674771971, 2.1113788107978477, 0.27494974032186026, 0.6602827530580903], [11.502329196805755, 48.792623841870885, 14.970505235994024, 2.115927743119885, 0.27508026519686263, 0.6600274600874805], [11.520349448642998, 49.00172714288479, 14.917725887097305, 2.115806990740376, 0.2760942398033353, 0.6592850637004132], [11.499673612917944, 48.76526131731448, 15.030297270138195, 2.1121491353160646, 0.27415348931134187, 0.6607103181073973], [11.510443891812127, 49.16392615892273, 14.848794849225694, 2.126439010520573, 0.27897166020667297, 0.6571961542799134], [11.498071649752927, 48.8289460680471, 14.995578719663637, 2.111756764534421, 0.2744794574798184, 0.660949473971682], [11.500700983645102, 48.843669243106035, 15.018483865749445, 2.111675457428229, 0.2744407141849605, 0.6607476251400887], [11.499473491976545, 48.75220861011222, 15.006536156439322, 2.1129633307162874, 0.2742406658644925, 0.6607699478983694], [11.500283819690274, 48.740759956006556, 15.011506186901556, 2.1121808605225176, 0.2742873865723645, 0.6608372623070187], [11.500932107494936, 48.8542953024269, 14.96300710930489, 2.1143657936182074, 0.27540062294521517, 0.6595091498510887], [11.492160786421447, 48.70856553514941, 15.051499070502306, 2.111865710629005, 0.2735706532857335, 0.6615329770865356], [11.507466153764423, 48.790814164746294, 14.933521274375215, 2.1154956770942777, 0.2754541342830495, 0.6599252955890066], [11.489092061363744, 48.665534020137244, 15.049393657068174, 2.114168815987055, 0.2735604041084883, 0.660962711957885], [11.500130869897276, 48.828797995863084, 