{"basin_id": 2, "ref_run_idx": 12, "seed": 212, "x_best": [11.497082155498, 48.99253147071894, 15.099394736057985, 2.0715157016758607, 0.27157979726501114, 0.6653458723742762], "best_J": 0.030932346669388034, "P_final": [[11.497082155498, 48.99253147071894, 15.099394736057985, 2.0715157016758607, 0.27157979726501114, 0.6653458723742762], [11.496150049584331, 48.97405614441228, 15.093647701578863, 2.072397419265908, 0.2715947874172925, 0.6652091034599159], [11.499136050696151, 49.03936900582189, 15.090184931004007, 2.06812724692779, 0.2715984350133914, 0.6656890803445139], [11.498181403574806, 49.030556073209965, 15.099420928991135, 2.069874660036809, 0.2717084526955594, 0.6653746839412484], [11.496376088011061, 49.013399336086344, 15.100138168766032, 2.069900095572299, 0.2716000667960592, 0.6655189961093744], [11.498226297920047, 49.01194623301006, 15.099095127350557, 2.0705106842509187, 0.2715921191140789, 0.6653724024833373], [11.498552306812961, 49.047276852482234, 15.089098116049232, 2.0684877941804833, 0.2716861714519538, 0.6657039415591742], [11.497788918792118, 48.98652056152212, 15.095601079611365, 2.0712284659475437, 0.271625729510689, 0.6653929192904595], [11.497925095077411, 48.96964106298532, 15.092058343508354, 2.07322636656078, 0.2716124405161856, 0.6652132257357891], [11.50450200461621, 49.13734688321442, 14.947872781450702, 2.090631830683321, 0.2751221853112952, 0.6623803243833319], [11.49717485038894, 49.02746436467732, 15.09549148828303, 2.0692286112795015, 0.27160982946472195, 0.6656064504741425], [11.497948486212382, 48.97435673388482, 15.078913761658944, 2.0727359853900764, 0.2717108042489574, 0.6650875643877872], [11.498090352629035, 48.993433460674225, 15.096748013975962, 2.071690286337133, 0.27158173745043296, 0.6654281684505274], [11.49842667179342, 49.0005960712347, 15.092485442744012, 2.0709070276591697, 0.271633591702238, 0.6653138301842685], [11.49722494615113, 48.99148308369637, 15.096762483530718, 2.072221439726102, 0.2716428237134009, 0.665224474708695], [11.497708127447465, 49.0003396777046, 15.097144496476801, 2.0704004573099755, 0.27161055819452323, 0.6653215027804683], [11.49666109675376, 48.9200780965164, 15.098785041203692, 2.0750881542303077, 0.27158572754666255, 0.6652053977281973], [11.496460436869963, 48.998071901067284, 15.097824401849333, 2.069595801570184, 0.27161521422383544, 0.6654071603284984], [11.498283163000032, 48.99542006711109, 15.095701168302298, 2.0702878374894955, 0.27157772722174844, 0.6654827437642613], [11.497894105465543, 48.95780206015405, 15.094761029113098, 2.0732281018622225, 0.27159083215386726, 0.6651658882163533], [11.49951140668871, 49.035580319234334, 15.09151022791316, 2.067855378439666, 0.2716292401775327, 0.665687581162267], [11.49648296018629, 49.01203434092442, 15.09607919889607, 2.07035013870429, 0.2716327004899812, 0.6655988298527938], [11.496935081898767, 49.00603526986457, 15.100581396649192, 2.0709280309659412, 0.2716154069816397, 0.6654207155457358], [11.500327529852523, 49.002647314768794, 15.086083640420487, 2.070311388674875, 0.27170043615261047, 0.6652770268278032], [11.496621916976531, 48.97905920456008, 15.097700560049587, 2.071748978978938, 0.27159756826965126, 0.6651327082715089], [11.499669682147987, 49.02017946480238, 15.096663557326636, 2.070206207028207, 0.2716577620234959, 0.6653345527997162], [11.496156268755675, 48.97932466813098, 15.098173489822798, 2.0724872211734704, 0.2716172736694023, 0.6652333182114335], [11.496490371168273, 49.01864970787022, 15.094985727389638, 2.0703651456723833, 0.2716362432945675, 0.665509174475267], [11.49689421688644, 48.98835924829454, 15.098850272645581, 2.071663267496083, 0.2715939419498893, 0.6653546225849002], [11.49578433180216, 48.99840877017158, 15.097135589682432, 2.071685486769629, 0.2715860275135028, 0.6654566223391294], [11.499203361779978, 49.05315338268638, 15.080642110133667, 2.067892418744532, 0.27164835976249907, 0.6654767367172244], [11.502267757184557, 49.09183042511346, 15.076156196817905, 2.063557814628324, 0.27171921099707547, 0.6661485145643237], [11.498155809042014, 48.976274889402276, 15.097365800865553, 2.072240473959914, 0.2715874276368675, 0.6653639134583034], [11.495095993476392, 48.971403468952836, 15.091800272522269, 2.0738780178045935, 0.27166247417960254, 0.6652528118310983], [11.499359044580464, 49.027179029646646, 15.096240686053097, 2.0684912444375483, 0.27158393634363764, 0.6656923284907625], [11.49568109859749, 48.97568589263727, 15.097549593616483, 2.0722219353794076, 0.2715823457726017, 0.6652941335822798], [11.499024835559503, 48.97047231192132, 15.084912671586897, 2.0719179225171906, 0.2716033107896632, 0.6653645356839952], [11.496205477592495, 48.991122991878804, 15.091264753208955, 2.0711519447562923, 0.2715930980483339, 0.6653609249164245], [11.502425662418542, 49.06121427775681, 15.081929228481215, 2.067030914780068, 0.27169567559037333, 0.6657093092345121], [11.498355175107587, 49.009801654674675, 15.090436555231367, 2.0705032331556263, 0.2716250006187941, 0.6652912792179246], [11.496256761136218, 49.08001958366509, 15.091487192246614, 2.0674057855563635, 0.27163872441485903, 0.6653927460896616], [11.497199791944443, 49.0020208291617, 15.092605057012427, 2.071194073488485, 0.27161606194316634, 0.6654356330531809], [11.496402703717543, 49.00127221905885, 15.10060662437954, 2.070189491558525, 0.27158542111346357, 0.6653399595750742], [11.495975048975273, 48.960905533288916, 15.094128253128687, 2.073763040288652, 0.27163986696317544, 0.6651137221796363], [11.497134972725423, 49.015007266520854, 15.095878800901172, 2.070145108173395, 0.27159335391351247, 0.6654848390544346], [11.49858197749498, 49.00462475647819, 15.085227515452974, 2.070609165776484, 0.2717183660052089, 0.6654014771748366], [11.49847472937591, 49.02859013663075, 15.08897205965731, 2.068769716015682, 0.271636009241124, 0.6655158160080237], [11.496518732637806, 48.98484660760167, 15.103435370007933, 2.0718707856959107, 0.27157607817082474, 0.6652974688332018], [11.495843243316083, 48.99852433204387, 15.098555111748873, 2.0717919364341526, 0.27157981416897803, 0.6653877673844688], [11.498520201540044, 49.02373551995976, 15.09585659833851, 2.069966188454432, 0.2716301994878801, 0.665524801775809], [11.497140425777205, 49.00071077318198, 15.087346961614205, 2.069844568287503, 0.2715826766175905, 0.6658569929444222], [11.497504853278311, 48.98632966548489, 15.098538902564723, 2.072198634975188, 0.271594520656289, 0.6652507130343978], [11.497638120986467, 48.99279932350542, 15.096950389800556, 2.071446686136782, 0.27166596795543263, 0.6655116628068282], [11.495535727641109, 48.990315655466055, 15.095903788207313, 2.072460610542173, 0.2715926319393188, 0.6652691781631738], [11.49632807864774, 49.002112437259974, 15.097932486939332, 2.0714812885487985, 0.27161393591018035, 0.66538721018923], [11.497605740244381, 48.987996098870575, 15.095417267387544, 2.0722224106303644, 0.27158609590733535, 0.665317201393338], [11.498754924600574, 49.01213194883637, 15.086201762755064, 2.069784464878677, 0.27169837373503203, 0.6655113554147374], [11.4974720423908, 49.003693389064225, 15.095610698855353, 2.0716603957297766, 0.27157360954935333, 0.6655094578881858], [11.49762758444118, 49.00325401831313, 15.097689249674518, 2.0710358578300845, 0.27158807013269015, 0.6654677019834442], [11.497310696928299, 48.988134584985666, 15.095765638796593, 2.071656294584263, 0.271605447671679, 0.6653096294201841], [11.495174649685755, 48.97367415443277, 15.097332799403585, 2.0737897721029728, 0.271587021608678, 0.6652790943445408], [11.501073031638796, 49.04329111469441, 15.07745373686652, 2.06935263982498, 0.2717170288210184, 0.6655270895769079], [11.497495919189435, 48.997322709027735, 15.087359512784515, 2.0703673982165705, 0.2715862314659976, 0.6652499959307459], [11.713356079661661, 48.999187628289256, 13.986565932587789, 2.246582489404074, 0.2933768976726111, 0.64307916143929], [11.497522565970645, 48.98582274131767, 15.100497982783631, 