{"basin_id": 6, "ref_run_idx": 10, "seed": 210, "x_best": [11.497061141950777, 48.97450354298468, 15.124491009717092, 2.0852269880816627, 0.27217889292393255, 0.664228206535567], "best_J": 0.0309667643930396, "P_final": [[11.497061141950777, 48.97450354298468, 15.124491009717092, 2.0852269880816627, 0.27217889292393255, 0.664228206535567], [11.57314130211558, 48.93603357798584, 14.59610332423718, 2.1523129437248727, 0.2812550529439241, 0.6565558417661705], [11.502813263082485, 49.38094570822194, 15.077986038551646, 2.0782609925271793, 0.2746074306849788, 0.6653177924170832], [11.59146723160786, 48.51579154295634, 14.211628048354502, 2.3086731310930744, 0.29774476300214087, 0.6260504228735958], [11.617556898250024, 49.052713419136836, 14.311630715059067, 2.2350454144653438, 0.29069159114789517, 0.6387897774583686], [11.531583806609357, 48.50031272216199, 14.775187114279083, 2.2164321055264136, 0.2826294220176458, 0.6493661003440528], [11.460482502497017, 48.17592461844227, 15.228074568970932, 2.1164659893696034, 0.2697146550821411, 0.664945398988564], [11.527910448296794, 48.13734875718281, 14.330527706717504, 2.3177727650429776, 0.29246743059620495, 0.6323803917007275], [11.550654369883684, 49.02514017151916, 14.78413226479969, 2.1736430431856664, 0.28314944004538717, 0.6484847579923053], [11.44235400225532, 47.629350183738765, 15.071280527803504, 2.270551138312796, 0.2812605471693758, 0.6457381524358738], [11.509852977939678, 48.14416983288447, 14.88040049595922, 2.199194746151038, 0.2778641013534745, 0.6546545854929217], [11.514879043259562, 48.820898899330835, 14.81556516917536, 2.1763441967434414, 0.2799476900344243, 0.6524686094470461], [11.48403067001478, 48.64739159874656, 14.92514376866946, 2.1780480803976143, 0.2792189946499327, 0.6561877850741129], [11.535676789251943, 48.475743329882555, 15.1402935306401, 2.136533594286009, 0.27351789503880847, 0.6597551435014523], [11.459054021134037, 48.66883671469293, 15.147063754162199, 2.098834903064826, 0.27128732824765317, 0.6635332476137374], [11.531796665973289, 48.77039690814264, 14.808747811841416, 2.1884618660626765, 0.281605878731238, 0.652746872795747], [11.51140696500172, 49.07314217508854, 14.876514872791471, 2.080938631002506, 0.272838735766248, 0.6619321581997775], [11.489568488433012, 48.69019787340571, 14.944195241267682, 2.1259895940141065, 0.27436681209405084, 0.6592891278592282], [11.569197091086986, 49.388539770313024, 14.772836297852132, 2.1136529619057853, 0.2808144825299249, 0.6517520797101677], [11.438171868940264, 48.323296037798464, 15.33246736659224, 2.2068655672740425, 0.2753554788657491, 0.6561926310116262], [11.443404105372496, 48.42667835338839, 15.320670995330403, 2.0891851454190267, 0.2677831484416669, 0.6676125126549217], [11.478381140669551, 48.829715444230224, 15.26153710474682, 2.0782243614566545, 0.2713032779831256, 0.6631473962969233], [11.477673527746225, 48.64448207585549, 15.094716431035229, 2.0966942662671784, 0.2704330915073721, 0.6650677554959045], [11.507928468041342, 48.86238869649561, 15.01967262519545, 2.1180221302037543, 0.27485852963052304, 0.6626651043071573], [11.537849539336904, 49.07986669676444, 14.666580332302349, 2.1178719603496137, 0.2771754551431029, 0.6559143874039209], [11.543153358495836, 48.79428535358518, 14.991909116527014, 2.0846368267885858, 0.2732428529212259, 0.6599648186622097], [11.513455976355964, 48.64865048098117, 14.797538865324297, 2.2270078246884335, 0.2831391528445993, 0.6496847359862766], [11.554289528322556, 47.92739479016621, 14.317603304842514, 2.3255202413235083, 0.2933993491280001, 0.6345567726045979], [11.545093396430826, 48.818386649152124, 14.430993582230347, 2.1987882326465074, 0.28293420883372944, 0.6529543753536456], [11.557460688802745, 47.77209617507103, 14.354387217580204, 2.384168186159044, 0.2957588175934406, 0.6294190023365089], [11.485396382322964, 48.65782829757389, 14.913798567199365, 2.178737924212681, 0.27954596272652266, 0.651591151506537], [11.546815259834432, 48.87483068500378, 14.952621503864638, 2.137528403870892, 0.2800575637100016, 0.6536839711369529], [11.473308584786892, 48.135163046489566, 14.874797560659184, 2.183007760452085, 0.27679919650265633, 0.6542770599274972], [11.503980085500402, 47.89265945648712, 14.831593428255045, 2.2138259345130518, 0.280147656396118, 0.6484240611091371], [11.532429570152297, 49.14352557829238, 14.848737304586928, 2.096392737609119, 0.2751811699137516, 0.6636171713714367], [11.499591937513987, 47.660468579026855, 14.784473228791548, 2.3517475193521573, 0.2893221619496854, 0.6375433051374156], [11.545955323836303, 48.282478503750475, 14.478942170795852, 2.332539142109559, 0.29295671525924855, 0.633276289555235], [11.449045610276832, 48.228676357609025, 15.222144514625437, 2.1067590427976968, 0.2709626439554494, 0.6613714792835413], [11.529589564429623, 48.82105624220724, 14.69362385846182, 2.1456033417637514, 0.28015937528495743, 0.6547988584755775], [11.480624818702854, 48.40249907969153, 15.148287855401367, 2.162791695203793, 0.2760565585182339, 0.658776745769609], [11.48294570411231, 48.691467414373804, 15.078848390963309, 2.103188400742021, 0.2724559511562017, 0.6634963391120254], [11.491842356037552, 48.79448886842621, 14.820298327086224, 2.151103725802054, 0.27923552900861787, 0.6526325755593794], [11.483968004503469, 47.99700407308156, 15.24949788650799, 2.1441426746643732, 0.2700378234690023, 0.6610651397507226], [11.456143071993175, 47.797799883529805, 15.3575964147874, 2.0965648560287593, 0.2645419704125938, 0.6708141796056795], [11.547852269060378, 48.94013928427759, 14.629992091832158, 2.1649476136426578, 0.28152528742589444, 0.6478341450506795], [11.511690211222648, 48.577973399854486, 14.877724996422884, 2.143260777254468, 0.27656137875964193, 0.65542585296417], [11.505560574784218, 49.10072171851089, 14.991078025306589, 2.0867757387967756, 0.2745335839370514, 0.6610023681612616], [11.43210356179136, 48.452091503499425, 15.163069855607077, 2.143415139432211, 0.27294809742364146, 0.6610121044334148], [11.517505723702541, 48.05946933975289, 14.584436218463615, 2.2835269595407417, 0.28504290858683723, 0.6424274725345893], [11.525699324377287, 48.67924588602883, 14.748716423835695, 2.158924873907025, 0.28043422534083107, 0.6547639172229038], [11.533112179550072, 49.02740562495348, 14.772047752423063, 2.120954348164434, 0.27838434176444943, 0.6582741446252519], [11.51013009462979, 49.30346587514159, 14.939505247640845, 2.1110374742794518, 0.27894369019201926, 0.6571272748188765], [11.502533990809102, 48.67622807704582, 14.62027252620207, 2.24564931809734, 0.28709596907671076, 0.6452851970355747], [11.527980891000295, 48.575438253879106, 14.954171934776598, 2.1135411223953398, 0.27576078782325225, 0.6575654726489637], [11.531846480340036, 49.08323991803097, 14.882203413777853, 2.1025095690678133, 0.2755095891322792, 0.6606899846896259], [11.427466234379457, 48.66028113604428, 15.391473485017743, 2.0907075499184, 0.2695788304357007, 0.6625457639275995], [11.519060820025981, 48.908097425157834, 15.006812347171305, 2.1086736074259287, 0.27550524565861667, 0.6595061103411184], [11.462332574425961, 48.482995730615706, 14.875477404933601, 2.182827291198008, 0.27977329105352566, 0.6555549028109061], [11.502827625813175, 48.846042939902084, 14.967174137511734, 2.093851919588088, 0.2713880519817963, 0.6664189503691684], [11.557215789567307, 49.385741010495146, 14.635976509375393, 2.235464269462077, 0.29201048057122037, 0.6393163301095127], [11.544898979549057, 48.57257766290522, 14.737583507311715, 2.159920858663299, 0.27963292147790914, 0.6501463540595137], [11.481658655079661, 47.97960503599818, 15.054588096495024, 2.2481416027395986, 0.280970135185349, 0.650190752365381], [11.525561628969914, 48.358144468761836, 14.710879869785389, 2.299305039229741, 0.2891327970523403, 0.6426894933893061], [11.547537293376442, 48.9176196498666, 14.313842820786943, 2.2690270718634804, 0.29178366508588244, 0.6385446325193469], [11.549753131752407, 49.04893409011671, 