{"basin_id": 20, "ref_run_idx": 1, "seed": 201, "x_best": [11.50522358214921, 48.56530562812472, 14.810604260398081, 2.1674979827955956, 0.27879930378634055, 0.6532367563310458], "best_J": 0.031104330454643416, "P_final": [[11.50522358214921, 48.56530562812472, 14.810604260398081, 2.1674979827955956, 0.27879930378634055, 0.6532367563310458], [11.57402135061214, 49.043255983602855, 14.348343805845078, 2.2511482928588253, 0.29202163463647585, 0.6405357657044973], [11.514174288669698, 49.19993893799719, 14.680474586781386, 2.1692319969248763, 0.2858311759464183, 0.6389076233367224], [11.523394252687758, 49.86814317901332, 14.878525882014056, 2.134126756367833, 0.28500075285055615, 0.6537087740577676], [11.547545477612541, 48.71803733515842, 14.567375972465031, 2.2231937477149177, 0.28880078399720704, 0.6437630876966466], [11.59364948956804, 49.822297830047425, 14.19309020818386, 2.3569041419909453, 0.3062316574801667, 0.6256067803335278], [11.541124552373974, 49.390225167612826, 14.696368744146431, 2.1621315554040805, 0.2840031015228165, 0.6485887465564757], [11.576432347201346, 48.79467570991512, 14.373296074485957, 2.320353152208149, 0.29543875694665683, 0.6377457942163733], [11.492265181935691, 48.38100800896677, 14.865107686412047, 2.1381821101559515, 0.2740597438880484, 0.6573171392972009], [11.573461480066339, 48.906603834471895, 14.676273729350552, 2.184399931669346, 0.28393575530870074, 0.6473432837722167], [11.47064549304475, 48.0219130348466, 14.903606641283506, 2.2428150815528887, 0.2828158337009713, 0.639917429199355], [11.532628337538881, 48.84708971709126, 14.5110166005938, 2.2074976301277056, 0.28504766604933846, 0.6478440887354036], [11.542983637447216, 48.859061575163004, 14.45965976916625, 2.238061109632576, 0.2888541248821526, 0.640592897473842], [11.586845138251146, 48.957485487731375, 14.410468189065803, 2.204308160357992, 0.28832664980181566, 0.6464845833198651], [11.523184732211009, 48.65774338631933, 14.61417005562872, 2.201258108817157, 0.2843558891952835, 0.6477156332483397], [11.519101122847635, 49.01693011047142, 14.542648158054138, 2.263382555162648, 0.2913459952065477, 0.6434380923803193], [11.551916739039715, 48.861852420381766, 14.45880737311833, 2.2599335471014768, 0.291974432149944, 0.6377696928314546], [11.541593200225526, 48.61866862568824, 14.515095261130503, 2.281568415362179, 0.29039329440090766, 0.6379189884104407], [11.516158652874692, 48.44432464550047, 14.614608973944685, 2.265885053446513, 0.28986768590868806, 0.6418725747059496], [11.547681582958658, 48.74649506568479, 14.713966380514622, 2.2082307667509893, 0.2837907179579207, 0.6477506022040409], [11.54406604470863, 49.21061303633447, 14.65423405599891, 2.17206664621829, 0.28637276326004296, 0.645206187872118], [11.595470022443395, 48.85403509885798, 14.621973874466248, 2.1301635629063096, 0.2795179375475183, 0.6556212523069637], [11.550203604258083, 48.84219692305283, 14.614252352988958, 2.2146252216041202, 0.28481402144660894, 0.6452533346489172], [11.56568726493348, 48.65883459707395, 14.504341945292463, 2.2012041005286687, 0.28596796242468925, 0.6446436913954563], [11.49923496177818, 48.43542093491064, 14.87517021493752, 2.153568822801882, 0.27668337507799945, 0.654337839966081], [11.528876147770973, 48.290235156089764, 14.9254037627413, 2.1424305605984872, 0.2745321423272728, 0.6574126479706086], [11.56968417384503, 48.3396455156783, 14.637465113737344, 2.1989922461973004, 0.28387229957673266, 0.6473557952312308], [11.54444496815143, 48.93846506472162, 14.415889552371496, 2.2661339691513467, 0.29197572152821755, 0.6408479654474409], [11.51212920854961, 48.54218784786756, 14.708811128310288, 2.2169429367873987, 0.28444208754310285, 0.6441503889388603], [11.513197749737566, 48.12827345938754, 14.789885821233531, 2.2258268211392735, 0.28259341645994407, 0.6484029311463827], [11.591649249710672, 48.48953057765986, 14.310029726358401, 2.233178889174531, 0.28870735259699004, 0.6386037751557906], [11.512193438810689, 48.615146676551035, 14.516886600213935, 2.304904665986625, 0.2917509494026935, 0.6386282252912254], [11.472816062028036, 48.590216532678326, 14.968063026537921, 2.1308826149710725, 0.274566780717527, 0.656874212418497], [11.578737704984706, 48.65900933596389, 14.710183972604925, 2.107498100556589, 0.2779692493463648, 0.6542236034513468], [11.579384134907958, 48.83293358304193, 14.342135324744032, 2.2553486702985364, 0.28970405851235137, 0.6432957320468897], [11.585342486338256, 49.15365214262484, 14.66222755081644, 2.108887418844803, 0.2800867893262116, 0.650952862960995], [11.527774326411242, 48.45436335109815, 14.724788127976502, 2.1967244572910607, 0.27996635849726376, 0.6506014010895549], [11.55762213403457, 49.50586646189111, 14.615271659187336, 2.215821047751219, 0.29241214019111483, 0.6448383595377641], [11.55251371155544, 48.56382765815397, 14.72792462538898, 2.2280300826162613, 0.2860015521906747, 0.6443934110451336], [11.527313432082794, 47.98442949602891, 14.436426414817108, 2.3034770398446134, 0.29085100399882163, 0.6378188388211901], [11.533715031525015, 48.714167941988116, 14.480853689768594, 2.2277151941102105, 0.2878763052538414, 0.6414144369785826], [11.543153775545063, 48.67526558315661, 14.589362648262432, 2.2183003244399364, 0.2857425271666923, 0.6457753181807941], [11.601109817200271, 49.24847466686954, 14.353654079334497, 2.2583250555131285, 0.2929347088979429, 0.6361799565943155], [11.491406529053767, 48.30238770180671, 14.784434459915602, 2.2190101967600047, 0.28151655234621376, 0.6493125255219869], [11.534760484713932, 49.07265054818144, 14.674863290357676, 2.1817553949107613, 0.28584250423590485, 0.6450229766281718], [11.565087104416286, 48.37045354290442, 14.316797198433811, 2.302300671838068, 0.2952102289235079, 0.6391693273707022], [11.565151107934106, 48.76070470992974, 14.75939835431279, 2.1701235708502207, 0.28314606589460645, 0.644377482383866], [11.546034207020364, 48.879538018767875, 14.513452706752332, 2.2270937313327104, 0.28883759542141174, 0.6417050566012963], [11.557814203364872, 48.68487960937164, 14.494913358057225, 2.3152025229534985, 0.2935961898714385, 0.6372988101991861], [11.5454451302354, 48.44362024314044, 14.460288257365992, 2.288907199656798, 0.29069102046406453, 0.6394073291075046], [11.615415829133605, 49.427170327451584, 14.183618254694856, 2.2749629717466258, 0.2966767013597829, 0.6338363892172512], [11.5706766688476, 48.67817590599317, 14.35172840481794, 2.2682703270825106, 0.2921528874452975, 0.6385279555338507], [11.55849472401867, 48.534631854882136, 14.269752573289797, 2.3139271138259976, 0.2921473418062204, 0.6381783617015274], [11.54449832266247, 49.081049833597234, 14.505094723711471, 2.217322490858605, 0.2881122107608666, 0.6423270474633787], [11.52630445363012, 48.86613662073049, 14.64276224186666, 2.2241549499712483, 0.2850583072339684, 0.6467461386383415], [11.517585262142616, 49.35382704501413, 14.611726014627894, 2.1994029055445217, 0.2860428331055107, 0.6441379861439231], [11.584869174469748, 48.711194328451484, 14.312122469829859, 2.2129796035545115, 0.28912017567749554, 0.6397364816409947], [11.546747329735007, 48.83561243617589, 14.511015187711623, 2.271749319031896, 0.2917103020984392, 0.6397186139501136], [11.547009407226772, 49.00222381234681, 14.664443891382657, 2.188168847290043, 0.28531619546283715, 0.6463343068550006], [11.53590562146455, 49.07474476602324, 14.332981982768151, 2.276511393347512, 0.29263263558858005, 0.639046443320955], [11.597384827983864, 48.58472672927524, 14.6545459044095, 2.1961297798942843, 0.28573834644680485, 0.6447548911406131], [11.559629056049452, 48.96590245603019, 14.604456376907681, 2.228084196062557, 0.28814151500814916, 0.6446397291116198], [11.58465389113039, 48.2562319483232, 14.50876418680136, 2.3195854277736183, 0.2925438600922181, 0.638029156129185], [11.55822492857279, 48.79211771642945, 14.364494153537924, 2.2290838367645787, 0.2879219538914276, 0.64078928330948], [11.558514235674327, 48.51082193774541, 14.649499021748788, 