{"basin_id": 23, "ref_run_idx": 3, "seed": 203, "x_best": [11.553021701603392, 49.18928354809233, 14.674416847996598, 2.097700332714425, 0.27752672381723326, 0.6577796561118163], "best_J": 0.0311522444009738, "P_final": [[11.553021701603392, 49.18928354809233, 14.674416847996598, 2.097700332714425, 0.27752672381723326, 0.6577796561118163], [11.544800772085642, 49.07635955459436, 14.664155714504428, 2.1656109616808465, 0.28238791988036577, 0.6549609099900525], [11.538018962342301, 49.607351673802754, 14.652737392015169, 2.062208270634406, 0.27648177191443085, 0.6638881979439802], [11.569426364163425, 49.970227837401886, 14.3355544119493, 2.1800837659680394, 0.2906947073763852, 0.6492925438255869], [11.54689329814267, 49.04429667877277, 14.3880471431095, 2.1422455825650477, 0.28231611058561507, 0.6532339129913407], [11.576100350627943, 49.866013142222464, 14.398127043690817, 2.1514853634224016, 0.2881792841341914, 0.6531858306864172], [11.560670518693945, 50.19215187872963, 14.582432309719778, 2.1184058528274683, 0.28618767199258077, 0.6541229353109095], [11.530168372981791, 48.83879445836372, 14.770437186798015, 2.0472327177693086, 0.27092379968406566, 0.665516880698538], [11.530034679937494, 48.44558617348959, 14.443764975298405, 2.2961411846584134, 0.2902718583937455, 0.6371403166991624], [11.575526261102812, 49.043405037358674, 14.555503785833777, 2.2033607443043395, 0.28827464120020224, 0.6464507436696518], [11.543887804050192, 49.05184416019309, 14.700328854538956, 2.095335543273709, 0.2760886766499753, 0.6603414824635166], [11.576834518113607, 49.489952798934276, 14.682974846889284, 2.108302590307593, 0.28087430964738463, 0.6541207814406289], [11.585675218161747, 48.82298154113579, 14.585611193426274, 2.1343317413549086, 0.28033827460558325, 0.652216076139611], [11.582927651035083, 49.307533839759, 14.603350937661105, 2.111380226822296, 0.28078962689648373, 0.6556311988422984], [11.524666400157676, 48.32159430972768, 14.761514301353428, 2.2079473941103887, 0.283256842697668, 0.6489022764386334], [11.57768303631344, 49.839172562224554, 14.42778378629074, 2.2225842691983346, 0.29283990287273703, 0.6438934935319676], [11.556470528077966, 50.0662333670734, 14.507474550846895, 2.065514718586758, 0.2815454650008526, 0.6602885806239466], [11.569160189540769, 47.518038817475, 14.508439363503122, 2.253074520681701, 0.2827807539029225, 0.64058304771697], [11.54427402485602, 48.664928685876774, 14.715989361258021, 2.137514601149132, 0.278951030814887, 0.6535969938951443], [11.572199172371501, 49.78766102999498, 14.594810062527234, 2.126301176537719, 0.2826605496906232, 0.6541494154380326], [11.590568646790897, 50.27670390466173, 14.358861353536362, 2.1271612920274223, 0.288057437724989, 0.6549585952717768], [11.505956523466166, 48.557244971309984, 14.638090694682512, 2.2091141039535276, 0.28048053678550233, 0.6522608009390397], [11.581159556378017, 49.56545852402939, 14.543151015853747, 2.1239216874656526, 0.28326507411032953, 0.6502361522279226], [11.573957036044263, 49.599428841655616, 14.625866497078878, 2.20946843837501, 0.28972230457433834, 0.6450643692656792], [11.548587256312937, 49.60201617240804, 14.692390887040393, 2.078845321997775, 0.276911152376614, 0.6619362480144798], [11.57340233354007, 50.09174223921645, 14.423888633818494, 2.133053732853318, 0.28641840257322765, 0.6564862054538063], [11.532405420170457, 49.095350545698594, 14.78844892677168, 2.115293174956541, 0.27593391916808296, 0.6563502446296177], [11.549844912655939, 49.56642378189543, 14.645924114356989, 2.131835510100619, 0.2827646342722234, 0.6522085073214043], [11.528885408181726, 48.60968727877947, 14.770208499318136, 2.072357006471564, 0.27169372970881556, 0.6619090857445198], [11.567344915995436, 49.860548456403144, 14.735306493921438, 2.1396825069198346, 0.2874184647625899, 0.6520528582496261], [11.531809041100844, 48.274147776110645, 14.304054087262978, 2.238581658181971, 0.28545549693727934, 0.644068155469444], [11.529191891159806, 49.91033313252346, 14.749492604241782, 2.051098309709926, 0.2769401180862403, 0.6647868190922354], [11.637963228615162, 49.07227171977091, 13.765396581059871, 2.433773036233245, 0.3076557813722053, 0.6283090731999804], [11.577411469285927, 50.096110158267784, 14.553580718275132, 2.117407849180402, 0.2873964739354824, 0.6492742043761434], [11.567653233433518, 49.121432038930145, 14.556331273132649, 2.1560010071719264, 0.28347659933783687, 0.6485914175227806], [11.545911298910253, 50.16848725521348, 14.425996906889937, 2.157612795614304, 0.2883213847994934, 0.6471868943144619], [11.490462066788115, 47.64938797205757, 14.579662704638775, 2.323109215603895, 0.2855702373078126, 0.640415915813942], [11.53284987784868, 48.19335518786273, 14.761926455522058, 2.139572776837492, 0.27523723521371024, 0.6558961458347978], [11.549557223661738, 48.71766451471345, 14.717673640268057, 2.0719362446130867, 0.27319522752425146, 0.66226707403302], [11.498007596429902, 49.298780273290205, 14.79728116062103, 2.0334482443660358, 0.2721490915478153, 0.6628122344563441], [11.561090965685088, 48.17982910577133, 14.524033327598284, 2.297423748944435, 0.2893836522886701, 0.6368231227647854], [11.569021486259018, 49.25111900075237, 14.64230255193353, 2.1286944550162734, 0.2806936808712919, 0.6559890298168823], [11.50317285726799, 47.45379136438722, 14.79183878000194, 2.221520748802015, 0.27777144616598276, 0.6467169998932232], [11.552011918273147, 49.444761474435374, 14.63001500965634, 2.1157043054921765, 0.2833923105328972, 0.6531130141721998], [11.556471637691207, 48.8352103596041, 14.713162275680611, 2.1991665615178277, 0.28565529462093825, 0.6452412651615662], [11.565995745425706, 48.6031178428424, 14.622965171351535, 2.169229109727689, 0.28153339603277466, 0.6484974786430069], [11.624211043843275, 49.570030287475795, 14.357651953629468, 2.3015530940620677, 0.30188916023714174, 0.6299041471274756], [11.538447529511513, 48.82103733972783, 14.695040227047485, 2.1829842408462246, 0.28223170557139726, 0.6487404509984505], [11.542601241167285, 50.360091783212475, 14.748294511287693, 2.0142248108882286, 0.2778983473801939, 0.66539371922493], [11.555667224546092, 49.4725782806078, 14.481179807367473, 2.141907722143352, 0.28352720231752204, 0.6495864557007592], [11.549969250913495, 49.481847567460335, 14.675959207492085, 2.121123848406623, 0.2818462406232901, 0.6526616921637168], [11.52958733206112, 49.428456218314, 14.727799125525692, 2.082199895845699, 0.2752368160177809, 0.6585075910039349], [11.531813962947378, 49.194889735809056, 14.649153640016982, 2.1845627920929944, 0.28454478171984593, 0.649792767625245], [11.560152274871616, 48.71613675919817, 14.65641788891821, 2.0915142027679723, 0.27615889305921876, 0.6578874293905567], [11.578026674889042, 49.740018523219156, 14.35033966458816, 2.249080819494653, 0.29684022511875696, 0.6428014739659298], [11.458995048338327, 47.32433834460431, 14.9005468316125, 2.238587535727955, 0.27898079800015596, 0.645047317541039], [11.555667322610013, 48.5915794394313, 14.71633200945853, 2.204338316000751, 0.2837577357166607, 0.6464430871729485], [11.523348429383267, 49.11190603689362, 14.452428490364824, 2.237967817572565, 0.2902592151126468, 0.6440723099520016], [11.559069408341156, 48.53804364601949, 14.33878245530151, 2.303549523592846, 0.29386459250496405, 0.6344456329695631], [11.567630909509987, 49.37962688204008, 14.526264938533467, 2.2356777748872676, 0.2912648270278539, 0.645597525803789], [11.500693038403185, 48.524294001809864, 14.771409068040946, 2.2049114784002155, 0.28369802954271345, 0.6464531858648371], [11.580009288541216, 49.620801063236364, 14.454314207128945, 2.145831396414335, 0.28530313473204183, 0.6524956867205488], [11.593375504580946, 50.8415486896477, 14.508733389826743, 2.063680065081619, 0.28508277245695185, 0.65343313674321], [11.566861114878717, 47.74021309345888, 14.641390689029134, 2.310683506181259, 0.29006245759412724, 0.6350866361552139], [11.59501724804648, 48.70647469015435, 14.159063110056552, 