{"basin_id": 7, "ref_run_idx": 12, "seed": 212, "x_best": [11.52533132089913, 48.84928574444807, 14.917661523035651, 2.13819983938173, 0.27770119483957273, 0.6559054691559141], "best_J": 0.03107445437786872, "P_final": [[11.52533132089913, 48.84928574444807, 14.917661523035651, 2.13819983938173, 0.27770119483957273, 0.6559054691559141], [11.572573320616211, 48.96273310696306, 14.57099391470383, 2.2019431541358028, 0.28793535399877834, 0.6437918482183913], [11.6097491483108, 49.8944153699245, 14.458455965523143, 2.087581708156912, 0.2829558355464117, 0.6553741827874575], [11.544732054703687, 48.65188060343071, 14.654438024118235, 2.241812546354213, 0.28918593237956336, 0.6408819353789251], [11.537816658889007, 49.03658464473881, 14.67939460481765, 2.1942782171313997, 0.2841589664630405, 0.6470625369745008], [11.554755889324591, 49.093942371749115, 14.471860990813408, 2.1917528197396754, 0.28865671822988986, 0.6447942730573218], [11.586968639884068, 49.43932117822763, 14.474641955045389, 2.170990859134214, 0.28785222574321245, 0.6483871360310857], [11.54378917397636, 49.102862697277196, 14.5715702435992, 2.2640932048830686, 0.2919846534493067, 0.6427711871768299], [11.537654693766145, 49.428155181305634, 14.501252345250977, 2.1743490225192277, 0.28536991557974783, 0.6580110726266343], [11.565788700388895, 49.409141353671224, 14.586834241727429, 2.2085370260475274, 0.28852720120165576, 0.6481103759168136], [11.574337515837472, 48.7316539536626, 14.408394717258913, 2.2512778159275935, 0.2880616285596434, 0.6401258491419166], [11.583262970565926, 48.861891155889936, 14.432281331189753, 2.209259327089112, 0.2864523375235806, 0.6457754407779904], [11.55237243787369, 49.039938200071994, 14.667291189378302, 2.185390411780041, 0.28514252300223686, 0.6503153278057893], [11.526182751920842, 48.943293257348195, 14.71392515162658, 2.184117539888876, 0.283984591798741, 0.6486884047224294], [11.570147941742809, 49.03319321281972, 14.641864951782587, 2.1928345556699513, 0.2847896585672811, 0.6491324996398302], [11.581743625042066, 48.95760023850133, 14.559573259132572, 2.198085895114492, 0.2861664745821562, 0.6440578728801971], [11.511703212379476, 48.36596959442309, 14.741985051660075, 2.2261805489342197, 0.2824898965775776, 0.6508375588167638], [11.581387191998967, 50.365261825674935, 14.438005953333668, 2.11683416808429, 0.28808669809374154, 0.6508498891743547], [11.552559578221334, 48.90991407765884, 14.612295854876578, 2.223899102958913, 0.2862162409233545, 0.6434994855834032], [11.536955939628472, 49.380767358607386, 14.788258252473973, 2.181538892615068, 0.2871991100320075, 0.6499659654241435], [11.545996911288336, 49.10954510486594, 14.762078158438559, 2.2010748997774443, 0.2857887923231367, 0.6480675452550725], [11.599191633833408, 48.9337417626226, 14.318413641615027, 2.262806068025837, 0.2936325915110424, 0.6389552319145454], [11.555513575289167, 49.416765437351025, 14.599490874505884, 2.168193212448299, 0.28445755016905794, 0.6532692123546697], [11.60007597890063, 49.63637189827545, 14.471445627933981, 2.167171693261704, 0.2886313115816068, 0.6479898911319493], [11.569275329998364, 49.02145965337308, 14.560650763216712, 2.199792569174598, 0.28672261894452516, 0.6416909411760046], [11.563816234400228, 49.31497974855824, 14.622746805170548, 2.1777607301517112, 0.2846874154192358, 0.6503684290853678], [11.506054237732794, 49.043139902058556, 14.818895592755515, 2.1614927468110006, 0.28226852506055655, 0.655883805274181], [11.562866801759574, 49.34340830037659, 14.548722423648032, 2.193584498250995, 0.28747886617346574, 0.6468549987685408], [11.494595643164276, 49.38465093473023, 14.535927614839563, 2.166204928429517, 0.28498107433073583, 0.6554105288859126], [11.550525966920913, 49.45290383337331, 14.587621263943406, 2.174663773359211, 0.28635350817535976, 0.6510094200003225], [11.558173695599084, 49.77892619627673, 14.570196335131666, 2.1306819795690273, 0.28438750029193977, 0.6545043301845821], [11.553152021147644, 49.337230775562595, 14.705942994647733, 2.1688823452015904, 0.2837796083419064, 0.6493637581388632], [11.57069710877712, 49.075648646044236, 14.530506263942865, 2.1963748609071727, 0.28613999985581623, 0.6452398558804654], [11.536796711771746, 49.155438212099114, 14.671867225932536, 2.164395455106314, 0.2831886874323755, 0.6510873902516197], [11.619993698550724, 49.95249615297833, 14.33299665172406, 2.1214902196932055, 0.2887688870501429, 0.650533360733386], [11.582259874184187, 47.974700020838306, 14.529788425262907, 2.244443922843634, 0.2868979832951856, 0.6367714584446866], [11.541027620986648, 49.70700951358929, 14.610412030473437, 2.1626456057884793, 0.28702284814395645, 0.6507460608711869], [11.582461326868497, 50.182950534713335, 14.379371406383797, 2.167510291613532, 0.2903797619366157, 0.6492120331433242], [11.536117621964339, 49.508911260732425, 14.633789799696494, 2.1599508556350977, 0.2846276990464708, 0.6532982463431011], [11.535692361886207, 49.223541308620696, 14.63015465335585, 2.1950968646542552, 0.28611966723905013, 0.6482376040225654], [11.536483468335488, 48.870312452935686, 14.600261188031919, 2.3349360358593376, 0.29632716950154275, 0.6219381624116973], [11.569837227703013, 49.27034948771151, 14.470344091638728, 2.1499348727385486, 0.28518336821535184, 0.6497451512516411], [11.557071730192137, 50.11508188667227, 14.562862877341201, 2.141860176748877, 0.28717934974512166, 0.6572991309701095], [11.51890639638464, 48.99509969591926, 14.785457392101616, 2.188290096926145, 0.2834121831230812, 0.6532895209799688], [11.578365710898801, 49.215192547419385, 14.484105619145089, 2.1663117415623088, 0.2867450637696742, 0.6473095239086083], [11.543333426037487, 48.89502055305079, 14.462073808066645, 2.1879678859175975, 0.28503588351437636, 0.6511009337774626], [11.572387648249737, 50.044893236897764, 14.514971816618788, 2.1397565777117973, 0.2860976939724145, 0.6525884331917974], [11.56316855144148, 49.84042540996917, 14.499848725866736, 2.1385629804356814, 0.28583324718608977, 0.6534221944281398], [11.528003227935672, 48.87579564847588, 14.743831752893708, 2.1988530583055965, 0.28338792443257727, 0.6502681285535419], [11.525657698724475, 49.05665798473708, 14.732227295722467, 2.1709812912126294, 0.2823856774365698, 0.6556321354719568], [11.561664896512575, 49.36431452392955, 14.556541439751253, 2.2379424798605383, 0.28924079987524437, 0.6483699997846162], [11.523842088472827, 49.42433117315913, 14.750661926730395, 2.181612181935178, 0.2826744650959591, 0.6499494750470639], [11.548647153411068, 49.023375624703775, 14.67139485659079, 2.181945674140466, 0.28484477214483267, 0.6523930541706651], [11.541260014110247, 49.34595845122217, 14.55395562280372, 2.173753262809686, 0.2846030484604385, 0.6508805693619445], [11.580649733391546, 48.43863011415934, 14.71591368646295, 2.22044235760593, 0.28475818483257226, 0.6467470586701286], [11.570320635634333, 49.17224685648359, 14.51196180285537, 2.1949735697801813, 0.287578027399387, 0.6437700134348424], [11.582129770199524, 49.57246445369497, 14.37389470324958, 2.1863404204780803, 0.28906006096067927, 0.643301751845728], [11.497522835788185, 49.13841848363208, 14.585974202375397, 2.198250482026658, 0.2851556718387327, 0.645949776314822], [11.54197875497979, 49.05037302950285, 14.732293629782502, 2.1922802049164734, 0.2839637894292359, 0.6463996755768865], [11.590360127860071, 50.360647427183395, 14.356630602206044, 2.183487935931807, 0.29321373765263636, 0.6440943155180167], [11.558169190970949, 49.02015669678534, 14.610874853958803, 2.1723132683446544, 0.2833091718545942, 0.6524607833601097], [11.518814622457997, 49.01801483913838, 14.612130655267281, 2.1612294107785623, 0.2833296827565969, 0.6543528325797532], [11.545072600420903, 49.32096947494305, 14.75585772293056, 2.197348359354361, 0.28540122027350673, 0.6501975079740577], [11.628763237393619, 49.297453696630136, 14.334552131127962, 2.2065250838220023, 0.28920896388648026, 0.6444059017475793], [11.58350022679403, 48.82956993521933, 