{"basin_id": 23, "ref_run_idx": 12, "seed": 212, "x_best": [11.46966516995112, 48.58121170716672, 15.38148058340093, 2.0418424156335027, 0.26542696274237737, 0.6707805894718537], "best_J": 0.030934169362864018, "P_final": [[11.46966516995112, 48.58121170716672, 15.38148058340093, 2.0418424156335027, 0.26542696274237737, 0.6707805894718537], [11.460604839987443, 48.545991820321234, 15.219276207810955, 2.077683058910922, 0.26831475506032737, 0.6680859532313269], [11.476793747118704, 49.18673137960121, 15.346640417146606, 2.0292770080049607, 0.26724513500621855, 0.6737879122234306], [11.496778855246513, 49.11648205510528, 15.080303981100151, 2.1020754584498875, 0.2748547368372418, 0.6661084921988221], [11.483724356186771, 49.083149214813204, 15.006139472130549, 2.117366365280222, 0.27609005522548724, 0.6609665287259845], [11.483524632576946, 48.77311698503176, 15.182477833869866, 2.0817135978818606, 0.2704432163014075, 0.6655682291692843], [11.487921449008809, 48.65296212575465, 15.227689955942704, 2.079149292464591, 0.26984285410528586, 0.6669343880452685], [11.472626219515778, 48.29190364655752, 15.172842388666254, 2.101359400420936, 0.27046160458857316, 0.6641008825912834], [11.461608572007306, 48.303571621757946, 15.294018725363287, 2.0714373677617366, 0.26697240438619774, 0.6686245408141795], [11.474029795024261, 49.02438310078347, 15.208215114042043, 2.0693450541976475, 0.26933691343472915, 0.6677309496821736], [11.503380063016474, 49.81684703612054, 15.32911952538364, 1.989826859887294, 0.26930061103268405, 0.6702330324886782], [11.458555864135755, 48.64124516299289, 14.847231428078436, 2.1372399563782913, 0.2748935551461503, 0.6617218767667061], [11.500359825962985, 48.86610153293789, 15.102375687505285, 2.113605648539816, 0.27489705404822173, 0.6617584297233765], [11.494917179242435, 48.49225349313202, 15.061199839975048, 2.1183880147528265, 0.2736246271991584, 0.6608447486755409], [11.49725553403486, 48.671513525177964, 15.0341366801451, 2.0979175962116474, 0.2720954842635992, 0.6616199467186196], [11.539091539738076, 49.145663129342495, 14.90628885012532, 2.147026970008118, 0.2801480789792509, 0.6556456205260318], [11.518115046511921, 48.5737956851496, 14.820568929227976, 2.165575131818664, 0.27816095935019786, 0.6537028686313013], [11.48631310591145, 48.778874833119524, 15.076222217904856, 2.1397172875867247, 0.27594030841508027, 0.6588902183428342], [11.514256593160862, 49.706509508597364, 14.774869512725019, 2.2529509799709575, 0.2907333315705817, 0.6440127459277443], [11.485858974505007, 48.45275344954841, 15.208665364756992, 2.096718607842028, 0.27094303156464433, 0.6627405065785431], [11.504427501296249, 48.77947132071734, 14.994146675764163, 2.084402238835927, 0.27174174330297424, 0.6645526856532249], [11.497380549943978, 49.68029082940088, 15.185503814929593, 2.0419323606513347, 0.2720702954484073, 0.6696421135400812], [11.475492397953108, 49.2228185140005, 15.374768069903627, 1.986830345176819, 0.26228145506127154, 0.6783736492054139], [11.466990558331876, 48.97734678064022, 15.3595673921266, 2.0187584654798094, 0.26768502889482776, 0.674765905068247], [11.502400248410007, 48.3727595288368, 15.10299039148814, 2.0936795174279466, 0.2709032882866316, 0.6616349945747448], [11.485118057612127, 48.90818776901771, 15.212566156946798, 2.05979530970022, 0.2692732693335419, 0.6635413887956192], [11.478074645328345, 48.58027874306555, 15.02661552357736, 2.078651820640579, 0.26891371653275276, 0.6681537054732839], [11.577302787651996, 50.13317394538319, 14.550243239933893, 2.245384972235066, 0.29511493020628554, 0.6449134243188746], [11.51685358372687, 48.960522892251795, 14.898823309480612, 2.1344762587502206, 0.27787202626135665, 0.6573995032107425], [11.47840896107445, 49.217867747882295, 15.243386289802345, 2.0519761101939205, 0.26945665986530176, 0.6690882297699643], [11.475671022933058, 48.256087384257164, 15.217012497105816, 2.086980444586805, 0.26797368355283, 0.6659158074937297], [11.489027651226253, 48.577122403381104, 15.145184078676978, 2.058630726580456, 0.2670153679632912, 0.6653661065838934], [11.5108394731182, 49.02487551607681, 14.96845555156425, 2.0913251150496284, 0.27445279292504654, 0.6622156572792075], [11.518706877945357, 48.91280891241022, 15.00072263249185, 2.073218496954107, 0.27316953100123714, 0.6604268360374288], [11.494434594324341, 48.621415361831666, 15.128676841670444, 2.098585108684578, 0.27031354443638034, 0.6615799727413769], [11.477899523385942, 48.59958166126209, 15.234369667943643, 2.076161373408179, 0.2690642400425715, 0.6666819940114191], [11.47601562112613, 48.12307457409737, 15.232717177564036, 2.0827185030840245, 0.26740905226107914, 0.6659293306040382], [11.489528676954276, 48.72311371885467, 15.001716373620884, 2.0907166509545743, 0.2717324410324004, 0.6636856704706102], [11.48474226367613, 48.82921300773351, 15.136946204899749, 2.098075718794923, 0.2726533822718374, 0.6648401169291311], [11.469378760825633, 48.484193789041385, 15.325601463880446, 2.059027873027542, 0.2667376279359589, 0.6692097191870835], [11.468208476460932, 48.330117803000924, 15.272046305181652, 2.091955034521312, 0.26902204502051263, 0.6658684001566493], [11.455442271918049, 48.490629110789584, 15.302471795075771, 2.1090282503795943, 0.27098409084840613, 0.6649921310179121], [11.477343477330217, 49.47873860431851, 15.401759298570864, 2.001425098524884, 0.265452783333476, 0.6751430805573084], [11.544152057802265, 48.384544872367044, 14.593412536358832, 2.2538778490149163, 0.28669138757924867, 0.6430339022512184], [11.544466653867046, 49.337805171329954, 14.69860750246449, 2.182092037122879, 0.28514438707522355, 0.6507524324773205], [11.58371091462562, 49.60545825854671, 14.245152512577734, 2.305608540913898, 0.3026781838387842, 0.6332954238311931], [11.598981623110962, 50.33575579315377, 14.352127124930178, 2.1948895334655028, 0.2946433978869739, 0.642122156762906], [11.475767296484962, 48.55293536430166, 15.174608914665336, 2.097683770295283, 0.27072162164210334, 0.665344703730257], [11.573249067120017, 49.30106464248984, 14.808763182474623, 2.1441858208420728, 0.28157310215312564, 0.6561747408571328], [11.487740207286517, 49.56954583260842, 14.812396740268273, 2.115788755605971, 0.2783488292678928, 0.659133683254598], [11.51517946540832, 48.841406833141846, 15.105462142300908, 2.068286950271429, 0.2702369785914574, 0.6663908162716105], [11.525607531005782, 49.487772644105405, 15.057243001689192, 2.048748594679245, 0.27290180975266215, 0.6657203008175265], [11.57792900456775, 48.89328928040893, 14.565736856277768, 2.1960477107449154, 0.283872196245242, 0.6480634069912943], [11.4407835092885, 48.57850963783347, 15.455028417452223, 2.034934760652935, 0.26337918399454935, 0.673727018409986], [11.513369739710445, 49.35150962295968, 15.347600931690922, 2.0150906951550684, 0.2682229530538098, 0.6717482110180097], [11.495307022182427, 48.48051819100484, 15.27773468151022, 2.0702345874023615, 0.2681858136215455, 0.6684088260527027], [11.461790453877635, 48.18998073727471, 15.153015234935282, 2.0752875354706584, 0.26696998121222015, 0.6658263309361859], [11.484192457801203, 49.55399106963787, 15.24855080086265, 2.015095448772743, 0.26819240951857465, 0.6734776873252369], [11.48026610929149, 48.45227858490441, 15.252842675016092, 2.0358186506675833, 0.26514442448872344, 0.6717202787433105], [11.500871719150856, 48.46585252299439, 15.006610375247307, 2.1260047826542445, 0.2745756670939863, 0.6563377164106483], [11.495890431232233, 48.86759015187509, 15.095423534298831, 2.091284597783453, 0.2724995531561444, 0.6657836622916447], [11.43785557625332, 48.667090070096776, 15.43664776207884, 2.0344911916602486, 0.2626109313792997, 0.6793073591565276], [11.529054372735567, 50.20828327965347, 14.675140639973026, 2.1380679036183423, 0.2866918144704664, 0.6552201103969321], [11.489295750836144, 48.524542770834806, 15.223310894337935, 2.085633158543556, 0.2699464254022805, 0.6629633259038579], [11.527671813104885, 49.4676842390965, 