{"basin_id": 3, "ref_run_idx": 1, "seed": 201, "x_best": [11.508683645202497, 48.930998009595534, 15.006446960293612, 2.0872816334177333, 0.2733183522771568, 0.6626248949661019], "best_J": 0.030953641316493315, "P_final": [[11.508683645202497, 48.930998009595534, 15.006446960293612, 2.0872816334177333, 0.2733183522771568, 0.6626248949661019], [11.533982417437251, 49.209815819957655, 15.110788396089122, 2.0609790621810884, 0.2718251437753716, 0.6658601175067879], [11.47347572942566, 48.445909374731116, 15.08407450261799, 2.1820655111332834, 0.2757532805992225, 0.6519525330313928], [11.510448943359231, 48.890218205693294, 14.851311137629668, 2.109245986212722, 0.27646271087896285, 0.6576465293953322], [11.496651597631852, 48.88714656260537, 15.032729001023721, 2.0694299754854395, 0.27008661841873843, 0.6675386825876617], [11.477088249398541, 48.420705852430814, 15.20740027502139, 2.0390142322074993, 0.2639891192515023, 0.6692532309949679], [11.499798990654453, 49.20242988583131, 14.994663211509357, 2.0707209887597435, 0.273138411120935, 0.6652666032379054], [11.491578564063788, 48.535500106026525, 15.083688585948924, 2.1041798581038345, 0.2731633509312705, 0.6610956871777118], [11.501378270750823, 49.10268405645066, 15.248982549015558, 2.0671032083099536, 0.27053699800898057, 0.6654440771993443], [11.488452896426834, 48.87046945566223, 15.085784928757656, 2.084169882365255, 0.2721750418455488, 0.663384219861309], [11.414511516216495, 47.94312805023302, 15.6861364154109, 2.099680837390312, 0.264525812658084, 0.6678501816267605], [11.478736500525166, 49.3032743353954, 15.338891272102222, 2.022987287176923, 0.2673194488156428, 0.6723068842008605], [11.509254898200409, 49.44905076310948, 15.175902815294021, 2.055957654409032, 0.2726161402669633, 0.6659542345523111], [11.481264207287706, 48.523874567256904, 15.069883466919434, 2.131901548656189, 0.2747512250744608, 0.6574516878147747], [11.497385087879145, 49.12918456821674, 15.220163080717384, 2.045856619923273, 0.26910136645797667, 0.6717944664738229], [11.506755768765034, 49.16002226972418, 15.061041080683536, 2.049348001658597, 0.2700914785315169, 0.6676325698122147], [11.487615089093923, 49.26527217677631, 15.118125050797344, 2.1448175432109684, 0.2750009227874217, 0.6599976947883379], [11.516355830616218, 48.70922311841896, 14.950695313569522, 2.1018283250534, 0.2731068865365055, 0.6635702176559694], [11.548949623183267, 49.40413880373688, 14.877864386662248, 2.078884689392771, 0.27637949188791683, 0.6622763650509014], [11.492354327616738, 48.319956047857765, 14.968798413228903, 2.143478038670521, 0.2751612359130894, 0.6565195214259153], [11.48001422056907, 48.91455343923594, 14.939980852031724, 2.1201651813497473, 0.2765040720802012, 0.6559480695430674], [11.427748377527825, 48.8038524831997, 15.716810787453015, 1.9679745228059045, 0.2544445895372009, 0.690876750574555], [11.498961631978107, 48.958110312793515, 15.182383472363334, 2.076934789573035, 0.2730471572062206, 0.6624637614033769], [11.560504473720998, 49.33076406857117, 15.127747353524759, 1.9826061780348285, 0.2671984661273701, 0.671853666127427], [11.498589262513292, 48.58982318711479, 15.069319376612034, 2.052644582580304, 0.26891245059885927, 0.6658307893740825], [11.490286585272827, 48.74015192856072, 15.218434785383538, 2.050578911993763, 0.26661090643527574, 0.673209828259387], [11.488523548005325, 48.97291387403546, 15.214038339845587, 2.0662690960583388, 0.2707966528133928, 0.6654196444403087], [11.517832974722207, 49.22198690426376, 14.936309333394084, 2.0637368984834197, 0.27220978029834864, 0.6668870268640196], [11.52103925523765, 49.375881676234364, 14.94813736002233, 2.053131226429962, 0.2736785654369153, 0.6629478848115281], [11.506588258284541, 48.7403212135381, 15.00016573549622, 2.0992924097295145, 0.2747867470469681, 0.6580497509770583], [11.48817351239517, 48.987594221204795, 15.113882991265228, 2.0688789199165414, 0.2710169554250374, 0.6691811954095112], [11.487507415995408, 49.1604063586942, 14.964876572907151, 2.0560551915054774, 0.2711490652599469, 0.6685605153365995], [11.563929263654398, 50.08595600688655, 15.510270998705472, 1.9500612297341133, 0.26548204482742654, 0.6767547926573332], [11.535247570420406, 48.5732877404573, 15.165525092382948, 2.122565554029712, 0.27461300649518294, 0.6593445766025752], [11.534621729306284, 49.624682894503586, 14.839607499666815, 2.048299631281529, 0.2736792498041296, 0.6678560952302378], [11.525958160553518, 49.177765614998194, 14.970887799891345, 2.062137514727262, 0.2722644579157045, 0.6661119699396872], [11.509528811585957, 48.99729330715052, 14.821345285889793, 2.104071198226002, 0.27496886987206853, 0.6618116206998278], [11.510136789475693, 48.4371766632246, 14.914329471215426, 2.1237972331817674, 0.2744428606818156, 0.6580684193833898], [11.467492718457025, 49.24506133478007, 15.746356075979481, 2.0002556403917775, 0.26017979998358115, 0.6809808670966304], [11.54048395431565, 49.69978905326785, 14.98209917914505, 2.0721973157212803, 0.2758830442407951, 0.665498032182697], [11.53272926924058, 48.60012688594919, 15.275009470154084, 2.052680332281663, 0.26750180611889485, 0.6669402617308208], [11.501195140753131, 49.872123991712996, 15.22106264237656, 2.029198170578758, 0.2717557210312394, 0.6688072838100677], [11.508143187285217, 49.098516328016125, 15.07342664688383, 2.062176169635135, 0.271139707485194, 0.6637251264840791], [11.510313045358462, 48.942880581069325, 15.034660362673836, 2.093033378015623, 0.27383614098651216, 0.6621102997193894], [11.530824334726686, 48.67301266406481, 14.927737506643561, 2.100725638676386, 0.274001267842829, 0.6597668822781892], [11.514333977886054, 48.850128289482114, 15.154961176632414, 2.0704861278280258, 0.2724902718004105, 0.6625125704947512], [11.482962583542177, 49.41589268809768, 15.327719582274282, 2.0465591811749313, 0.270835647215472, 0.6684109782402659], [11.549527712519229, 49.4762121577396, 14.800900637738593, 2.0690575998453578, 0.2761447645270624, 0.6665358101457264], [11.494738812658175, 49.558160355932046, 15.318131928759707, 2.0252310204736386, 0.269687737568378, 0.6716259102022208], [11.512688155218646, 49.161008469625465, 15.077558888133776, 2.0494681141542777, 0.2700859071441073, 0.6705876573164351], [11.521250883403638, 49.152946175799826, 14.93854507242528, 2.0836005525819763, 0.27394935356520533, 0.6625808312755743], [11.531988302855364, 49.08480612918018, 14.916475776096886, 2.0687412511884697, 0.27280043331070003, 0.6656328457508199], [11.516201107709618, 49.30357921632151, 14.966284115473577, 2.049220917759854, 0.2723261585269829, 0.6661204271874585], [11.471744508104566, 48.54021119317349, 15.144404215089091, 2.0739528087666153, 0.26963342450227024, 0.6644206550291619], [11.49070272774304, 49.030985528405644, 15.208277657906525, 2.089800185960605, 0.2726097805432192, 0.6634107205040788], [11.57999789765356, 49.83320420781382, 14.69045685909518, 1.9704163468267077, 0.2705291390085963, 0.6723364630771611], [11.501413988893004, 47.83343389596891, 15.254628344615357, 2.0926380658177406, 0.267509172358136, 0.6641982592015543], [11.532276881978424, 48.54579627350864, 14.950890320326206, 2.103207577890282, 0.2739169493353424, 0.6547661146071668], [11.510312754763508, 48.68500949164569, 14.932734494103794, 2.0924136480059525, 0.2739174288441174, 0.6612094220201484], [11.50140109235153, 48.6120272681835, 14.994111618783766, 2.0933881724039796, 0.27146431886249833, 0.6635576993270719], [11.504510308927902, 49.048233519192934, 14.99715072269327, 2.0793690047997804, 0.27267243293038423, 0.661714687135167], [11.490801346238278, 49.16137510116089, 15.243928539386477, 2.0594455481678735, 0.2707498499267646, 0.6684131355557258], [11.497393832379043, 49.27820563265798, 15.173908263042799, 2.075202753969717, 0.27341135256506155, 0.6645350841873009], [11.494573805168521, 49.61265745362865, 15.322837173751475, 2.0165942281711335, 0.26805704152309, 0.6758010767992004], [11.520588700350194, 48.886729185846754, 14.989713990372252, 