{"basin_id": 3, "ref_run_idx": 9, "seed": 209, "x_best": [11.457416114375846, 49.01465359808531, 15.553010734065028, 1.9866625146757428, 0.2614461524436317, 0.6786980078287759], "best_J": 0.03095463269370262, "P_final": [[11.457416114375846, 49.01465359808531, 15.553010734065028, 1.9866625146757428, 0.2614461524436317, 0.6786980078287759], [11.47296319673244, 49.018464214333605, 15.40832707315274, 1.9730608185224716, 0.26007852546601806, 0.6790871380960156], [11.455786355172064, 49.56176411109247, 15.457840099517199, 1.979556498569172, 0.2632138552963797, 0.6785620817640157], [11.456178705953775, 48.983352414615545, 15.637896568885477, 1.9953860101027217, 0.26052764323677763, 0.6778799787077231], [11.466386925461688, 48.81460655788013, 15.629920481787673, 1.9665546411095758, 0.257995803238745, 0.6812122492561178], [11.44676841479797, 49.08275488224532, 15.658126808026244, 1.9751690624970433, 0.2611927031742361, 0.6791612593956076], [11.469336465142634, 48.76005965380542, 15.533850052788196, 2.0033295028215448, 0.2609347372298778, 0.6788252799279025], [11.488464516576432, 49.1879960441238, 15.510966550394652, 1.983007318558915, 0.26291288615676267, 0.6760987371918158], [11.472644265043312, 48.72442935783242, 15.548338696080407, 1.9868794600073276, 0.26020332317615885, 0.679384067979166], [11.48469359459863, 49.26315198823432, 15.26209981307788, 1.9951876087439777, 0.26529594374910626, 0.6725509445426977], [11.445365697193136, 48.90907512376134, 15.56573020069905, 1.9889941998192577, 0.2603340564482498, 0.6805160501909545], [11.460202551338938, 48.953903470346795, 15.60857966352175, 1.9943338241094053, 0.2613761735456958, 0.6783704864042593], [11.43848657994967, 48.83324885454569, 15.552528763153564, 2.001626687652867, 0.2622047975916149, 0.6754310503389169], [11.433163422552251, 48.83992220438234, 15.607833612975128, 1.9956355999833444, 0.2607973868635282, 0.6760508805195117], [11.450620799986748, 49.066134589867154, 15.746847580101017, 1.9719140788163732, 0.25875104595627724, 0.6825116722943266], [11.474065924683673, 49.34012522718077, 15.354846375611864, 1.9601952603145596, 0.2615225020463974, 0.6791704336884636], [11.436939568668969, 48.76132015157406, 15.716090243958782, 1.9664947691079702, 0.25623881916641117, 0.6824040242575813], [11.459282666176566, 48.83355854769083, 15.450982324654388, 2.0001395564549473, 0.2613622667632294, 0.6789185110633568], [11.50584720521352, 50.11827324837449, 15.229331708471458, 1.980462196944244, 0.2677105972173417, 0.6753113303021089], [11.495065277937323, 49.229683512691366, 15.570705931693102, 1.953712353540622, 0.25979816321304666, 0.6836041193371831], [11.451344517485792, 49.069155726224416, 15.611623266326077, 1.9593578120170119, 0.25797452258604314, 0.6827415215286641], [11.44824446343163, 48.878856656165375, 15.628263907447755, 1.9719228908095114, 0.258399669528491, 0.6816194503314796], [11.445894714940913, 48.65101390053474, 15.598684851340494, 1.9800763141323956, 0.2589134270025413, 0.6783993233210849], [11.463174287925776, 48.893634112089664, 15.642196590935985, 1.9584765263510189, 0.25835995016517915, 0.6808201962811641], [11.435059398315206, 48.76368242968276, 15.709110145510452, 1.9827966412617124, 0.25872401931520383, 0.6791221011091623], [11.472226598642717, 49.27532188970721, 15.332099277632473, 1.9720620732470127, 0.26160418723223483, 0.680072997560155], [11.44960856855547, 48.71119084546442, 15.64729049425853, 1.995101420536697, 0.2602770272586344, 0.6791825889691164], [11.452991763185214, 49.019691664670255, 15.492320718036018, 1.9780082308127065, 0.26013421675708664, 0.6803374876531274], [11.45474455882681, 49.4234393552662, 15.438502838668589, 1.9537009864477926, 0.2604331929101385, 0.6827099353306466], [11.471070028818788, 48.93754652520927, 15.563016815724502, 1.961712824315451, 0.2584977339345658, 0.6828672834035806], [11.451386167867044, 48.695088491085635, 15.683188490129432, 1.9913267478537466, 0.25971782557089745, 0.6780580239944897], [11.460867337863569, 49.024732329528646, 15.59966736852195, 1.9777525107434224, 0.2603777107345292, 0.6792427108944399], [11.468169471318967, 48.59390071728569, 15.655859330711529, 1.9883688594155293, 0.2600134924577624, 0.6796590440241119], [11.477440037529098, 49.11402630879292, 15.491451136976092, 1.9603323381172393, 0.2603160733894966, 0.6784616151762669], [11.470829450886788, 48.745778472785766, 15.55234473177263, 1.9807364682401396, 0.2591474880045447, 0.6810870529738582], [11.467895665000386, 49.160535684154304, 15.608315424344227, 1.9751396001740482, 0.2611138577365137, 0.6821792487585014], [11.443810347631342, 49.270302213013466, 15.627363761231102, 1.9598611622777704, 0.2590219407350325, 0.681914168352489], [11.468686363490098, 49.22339451152508, 15.339282815060946, 2.009341374532366, 0.26418844159931654, 0.6775772406386876], [11.451928025634126, 48.918352724629734, 15.674390347080397, 1.9757863149763726, 0.25913857729601136, 0.6808439069549285], [11.490541028096839, 49.13860724502676, 15.565626743012945, 1.9606007432901003, 0.25995278488398293, 0.6799605248453259], [11.541544546055455, 49.9485631445876, 14.638209188724561, 2.013146840561827, 0.2738907454921912, 0.6599370427560034], [11.457820352409195, 48.83934254155989, 15.664758993913097, 2.0018116669223978, 0.2611218084425043, 0.6788937468718818], [11.464725646306423, 49.13683314593086, 15.585439457153623, 1.96979437646232, 0.2594427493719035, 0.6811374885406646], [11.457623058785392, 49.167080489820556, 15.548581115447277, 1.9575766143913704, 0.2598184678863156, 0.6803915421173355], [11.389900764786278, 48.07729503793435, 15.578186360661816, 2.0008182962818037, 0.2607830819578444, 0.6790934949284667], [11.459540733254434, 48.79229678956416, 15.69987641369187, 1.967294207494609, 0.2575870654447064, 0.6801789226785692], [11.442411983668343, 48.886567073841164, 15.701137131582552, 1.9601083928370988, 0.2564138220059528, 0.6824334354618318], [11.485577049847207, 49.14403409305451, 15.577866642769495, 1.9653239631773953, 0.2602224386245028, 0.6818125735857384], [11.439353950568067, 48.88727997382909, 15.753811224735687, 1.9769490510823025, 0.2589614572012659, 0.6824963102007172], [11.444749695351765, 48.93318339903228, 15.920477684613322, 1.9328645978704464, 0.2549614024605328, 0.6829116958731855], [11.44331151372065, 48.95178130864326, 15.658833977757467, 1.9622949521504809, 0.2580376647940467, 0.6835522851712182], [11.456520878844643, 48.820814841306735, 15.714112028579459, 1.9689238615057627, 0.2580852228579832, 0.6812805903493041], [11.478608530075402, 48.78574880525212, 15.715561440412262, 1.9716239569570306, 0.2591353203817639, 0.6777832469956417], [11.446630218962113, 48.66216423715827, 15.617545052441693, 1.9756401215541242, 0.2588754321593033, 0.6783342190626129], [11.45613929671068, 49.23218302772097, 15.52521695871941, 1.9717286748255047, 0.26175589480722095, 0.6777115693814921], [11.458766078869706, 49.05016131772767, 15.60578297620461, 1.9741717020053076, 0.25985753458795435, 0.6802560830303085], [11.452127236975304, 48.74414024735429, 15.465512167806974, 2.0011430642508317, 0.26125650177314336, 0.6796316282622366], [11.458897811633205, 49.220564962924264, 15.56168425674473, 1.9758455163297584, 0.26133902884606186, 0.6785496747446149], [11.430647287590011, 49.13368966471378, 15.716078992619495, 1.954228912010709, 0.2563218541100325, 0.6865999385267237], [11.43673994843801, 49.233525143409494, 15.589455666766924, 1.978647928329794, 0.2612107658464688, 0.6807807013014069], [11.460152539728162, 48.63659656039868, 15.585161239177415, 1.9756291596294213, 0.2588667453228402, 0.6778668399479667], [11.46008412465305, 49.45393682479885, 15.527397805966254, 1.9599099650523308, 0.2599649548936085, 0.6804563065195975], [11.468389385476408, 49.207638824589246, 15.41157651362546, 1.977876753494269, 0.2619744973780326, 0.677857288204398], [11.44618096043848, 48.870014719187914, 15.564748480465601, 1.982976183049901, 0.25919183010111485, 0.680342677946715], [11.45364135721217, 48.85257390162796, 