{"basin_id": 13, "ref_run_idx": 2, "seed": 202, "x_best": [11.467907142524364, 48.83477001979163, 15.416272776573782, 2.0271432489358356, 0.2649723897937209, 0.672674768734331], "best_J": 0.03092147047039965, "P_final": [[11.467907142524364, 48.83477001979163, 15.416272776573782, 2.0271432489358356, 0.2649723897937209, 0.672674768734331], [11.475929439439481, 49.1945963716656, 15.446986446556922, 2.015485064830124, 0.2659767363554546, 0.6725525240986486], [11.462401841268845, 48.97717410994041, 15.547765044698552, 1.9884676733882332, 0.26122083527933154, 0.6776229898856363], [11.454018751959454, 49.0410851990512, 15.592580927958723, 2.004031374412269, 0.262276678411749, 0.6776139475058323], [11.49498973028303, 49.37742531723097, 15.501210908920985, 1.954333833793563, 0.2605372664347723, 0.6799591426244718], [11.471610610354231, 49.20785843103269, 15.596113877478858, 1.98740917913706, 0.2629687534047297, 0.6770181825935886], [11.445848792605034, 49.16598622559328, 15.458480598987201, 2.008888875994943, 0.26338452330268053, 0.6772472557655684], [11.476172000902768, 48.94488387002534, 15.425818272293606, 2.0212582655861495, 0.26361044092756314, 0.673614391974952], [11.468826225345511, 49.09616647313564, 15.428399731713998, 2.018832412881266, 0.2644305858333226, 0.6728105615686789], [11.467208919361335, 48.84079027058469, 15.385004709842233, 2.0324805916029107, 0.2657251097792459, 0.6712333923282674], [11.468196777822884, 48.805749659864404, 15.411060605597019, 2.0197314671703337, 0.26325709729892177, 0.6738581675627487], [11.470042095071303, 48.92160737793057, 15.47239137768306, 2.0179016362037827, 0.2637700816136611, 0.6735878360352546], [11.449694134942968, 49.48980642654746, 15.603975557274683, 1.9580060639364485, 0.26093543873868524, 0.6769394200405885], [11.49372003915679, 49.16053972790639, 15.460612560528261, 1.989424375926591, 0.261728171306869, 0.6768629688717978], [11.481795457070465, 49.12746905039705, 15.362413101968016, 2.013109032441312, 0.26563870760874536, 0.6749554501563593], [11.454291108491194, 48.99102245882227, 15.44381084726554, 2.0157208865873497, 0.26417318240013643, 0.6736286006857136], [11.473421700976179, 49.35506231635626, 15.45278923614418, 1.964830997610375, 0.26174339348936765, 0.6811160097704996], [11.485496907751893, 48.75838579296915, 15.283862583857836, 2.0375524668797773, 0.26577468468804666, 0.6707264196249835], [11.486394339982784, 49.48190605107453, 15.421676803361455, 1.9835489570654246, 0.26452475324046765, 0.6744491229932948], [11.448856606207318, 48.82977187222598, 15.535472108970497, 2.0125071245135504, 0.262316685009781, 0.676287039080081], [11.488761426370056, 49.30474729094304, 15.442601224233941, 1.9758016826109053, 0.2623894026674952, 0.6758221701962344], [11.459807831683266, 49.00237600170642, 15.339927206787229, 2.044131964084467, 0.26801580760556887, 0.6708047304309428], [11.464915113995863, 48.96922441911824, 15.547622907684731, 2.000161021105655, 0.2624727581698556, 0.6774012611877008], [11.492239897641484, 49.35332323810041, 14.899231333887768, 2.1772621077232324, 0.2831357255841525, 0.6522764897150324], [11.466546840626945, 48.81508534631249, 15.377576944114379, 2.024461613678604, 0.2634759810735953, 0.6743783266910441], [11.448601155609659, 48.75066803349182, 15.491504593001103, 2.011347383933569, 0.26207922549475426, 0.6740056336470112], [11.468821802234464, 49.08854694731039, 15.463231315992973, 1.9976002495781147, 0.2633447727568471, 0.6773930582046261], [11.456709329453533, 49.15370836580353, 15.567810366283844, 2.001374555382177, 0.2635010302598341, 0.6756424635937768], [11.483999819515887, 48.984344903017735, 15.456376783659186, 2.0037234030832596, 0.2634503615362075, 0.674774164674255], [11.442543867930954, 48.94424405653015, 15.582755224764504, 2.035691960563018, 0.26235193844195204, 0.672055408369564], [11.478724526723452, 49.09561906695161, 15.292881686461486, 1.9979385007067436, 0.26406445767570913, 0.6770922662017103], [11.47125146889845, 48.78645433039686, 15.278778624108408, 2.0319283646037034, 0.26505922481979793, 0.674073628861723], [11.44432079737755, 49.031004728280905, 15.53834071008117, 1.9951046762887632, 0.2628594000692106, 0.6768405424327605], [11.471141874172732, 49.01123179825109, 15.552205277152739, 1.9856030138396832, 0.26116595912288293, 0.677762266693577], [11.492811836021946, 49.292464490230245, 15.271254961574044, 2.023535377704305, 0.26892754790080464, 0.6709255397657317], [11.454882028965477, 48.75171696690283, 15.35978073149988, 2.0497084847114997, 0.2665845419295447, 0.6712654723966779], [11.473017669324113, 48.792247980125715, 15.557668014771535, 2.0033194758898976, 0.2619626193824826, 0.6765512753734317], [11.466190727218939, 48.70559678127703, 15.317816679527274, 2.0385342913251963, 0.26550608118929686, 0.6710757538068185], [11.484966826605204, 49.36232817452848, 15.24633859629764, 1.9758436379641968, 0.26263500064693973, 0.6793884498502744], [11.457776253910009, 48.78782128329744, 15.525660836088708, 2.0210870553954194, 0.2632679507591972, 0.6743722033704961], [11.44370067632753, 49.164568483920995, 15.440703365795516, 2.021263181440375, 0.2656211590005196, 0.6758523804013332], [11.46880991743461, 48.95203026852352, 15.510057735274412, 2.0068189477374982, 0.2631190121582567, 0.6748253733618208], [11.436730634296085, 50.25631672213822, 15.7709932235828, 1.9017076948686957, 0.25892795266819874, 0.6920677777623048], [11.449606781477392, 48.99457281090517, 15.607237383927007, 2.0183758930293427, 0.2647317003209068, 0.6741093957746254], [11.5577633660956, 49.83076511441868, 14.981570641688876, 1.988832784399738, 0.2698479902378536, 0.6714732377782795], [11.445663245827769, 48.79199003370071, 15.618936000956205, 2.0027218130598072, 0.2614398199972301, 0.6751314212441485], [11.469502091831036, 48.844462167125975, 15.384039137951014, 2.037232495502394, 0.2657180149679201, 0.6711470977664067], [11.48193866893056, 49.12574257798964, 15.295511280775303, 2.0201225802232954, 0.2656564038502013, 0.6727014079304974], [11.500071008932064, 49.37889518002118, 15.192151571838156, 2.0080889664197863, 0.26678970891445314, 0.6755405144780452], [11.47335994681153, 49.130635350831774, 15.37442843714961, 2.0359864211851675, 0.2684936931717316, 0.6699988274040124], [11.456314655457414, 48.620943421728946, 15.399447679110624, 2.0463104281058815, 0.2656097354351571, 0.6717944211225388], [11.463026134588706, 48.967900875479856, 15.506153827723622, 1.9986098517522863, 0.2633453353228088, 0.6767359010646365], [11.501445607211563, 49.456449292126884, 15.174364530487267, 2.0194059298578506, 0.26901831547725996, 0.6719271448090376], [11.465982001909698, 48.85372468910814, 15.49510985559999, 1.9843422963769513, 0.2606153466212103, 0.6771841968944411], [11.450018295500467, 48.999847480704624, 15.488695504414409, 2.014442308644076, 0.2633265280529605, 0.676269529823462], [11.441878385276784, 48.77229226472556, 15.612775812325038, 1.9941032945939106, 0.2608767235568677, 0.6774779886967464], [11.460921306916248, 49.092857667617125, 15.394644769789783, 2.007401120105561, 0.26361039374051737, 0.6774042435969853], [11.481126384279923, 48.64391555736567, 15.305254336755263, 2.0210688783231276, 0.26418046622857216, 0.6735339204380233], [11.454955573772738, 48.65400839870347, 15.241124660391229, 2.045091664591912, 0.2664307915653954, 0.6702769787689083], [11.466509397753683, 49.124621129341065, 15.373562967536099, 2.0022540054985454, 0.2641998945813841, 0.6750232090895556], [11.418446442980633, 48.873685237365, 16.1046934795001, 1.9504457518781744, 0.2512263481109172, 0.6894613791808581], [11.465136672233793, 49.07265958198921, 15.550817349351801, 1.980996346230314, 0.2629352608630711, 0.6743470247442116], [11.482852031040144, 48.762402356940896, 15.343121455295648, 2.036413622573149, 0.266253757396288, 0.6700744445437752], [11.453001469151562, 48.86386367866844, 15.43847341144619, 2.017904290616189, 0.2636249550769986, 0.6737979782273992], [11.429115259035141, 48.663806051755785, 15.818771600865048, 