{"basin_id": 8, "ref_run_idx": 5, "seed": 205, "x_best": [11.467567784196927, 48.940491777797064, 15.548990789134916, 1.9716477008764122, 0.2593618242819583, 0.6804218422328564], "best_J": 0.030955997291274562, "P_final": [[11.467567784196927, 48.940491777797064, 15.548990789134916, 1.9716477008764122, 0.2593618242819583, 0.6804218422328564], [11.421144034894992, 48.080524256764186, 15.719867982827358, 2.007507985484716, 0.2586308271477687, 0.6806777962629557], [11.453328809505729, 49.00546199726147, 15.772570181488158, 1.9703149697134685, 0.25828638987105473, 0.6843599374514053], [11.426773377191449, 48.95166881936334, 15.416950190182687, 1.999708917233494, 0.2610665154157105, 0.6765607335175865], [11.436690811660158, 48.49671274655231, 15.551948205377743, 2.0198829712700297, 0.2610825620571991, 0.6766060141396822], [11.459488681944812, 48.634487764569734, 15.51249577791198, 2.024411335674016, 0.2619661905327597, 0.6744792875906048], [11.456636039038383, 48.793579898604996, 15.648613667601918, 1.9948622574639947, 0.2598484031584678, 0.6796052427139524], [11.434363331023444, 48.45449496248816, 15.590228128589688, 2.0023160878005637, 0.26011628534399583, 0.6774619236363392], [11.483927047340684, 49.040771044966554, 15.448799659346099, 1.9715940225757207, 0.2604404252904245, 0.6796035648593385], [11.452597833311719, 48.64880283255066, 15.468253757263746, 2.00218193111365, 0.2601900954407443, 0.6759911693563326], [11.472043337865022, 48.77660049349386, 15.517546401830483, 1.9999981668126992, 0.25965870233629995, 0.6764774537367977], [11.459843755555642, 48.66627868888898, 15.38582059137554, 2.0185510458323095, 0.2621812854688711, 0.6748581759298674], [11.429792175719568, 48.47674490886524, 15.55623044393838, 2.008516748239172, 0.2596196205671217, 0.6773273906315342], [11.428450019504313, 48.740231161663125, 15.747182433238189, 1.9832874913120742, 0.2582041991545526, 0.6809512791385698], [11.435889150385423, 48.695472986477945, 15.334902444989424, 2.0281976599874567, 0.2626993817279481, 0.6731365277754079], [11.455948938411446, 48.66838534061092, 15.545185863994, 2.0280944233195157, 0.26352687430491056, 0.6763588185767305], [11.4638157060967, 48.718197017992104, 15.649230897893563, 1.980646962401023, 0.25731318592099817, 0.6823915749006922], [11.521004495018657, 51.011273685852686, 14.837784524494484, 1.9675612603452064, 0.2730885749031628, 0.672242719106609], [11.43886759302923, 48.640975181053086, 15.647635794231276, 2.0127030459520854, 0.25937785675783764, 0.6786901520661753], [11.444898902916403, 49.044868042481, 15.300756169660081, 2.0269323708784506, 0.2664256173711877, 0.672748449623672], [11.407412568401565, 48.62908423484639, 15.68286751867647, 1.9809094018786206, 0.25667147974318133, 0.6849079287740836], [11.437530418559158, 48.4998876581176, 15.646977581736303, 2.024483385512344, 0.2605184355315834, 0.6755776225175716], [11.433875156825529, 48.72568161368277, 15.472016648012763, 2.001368333611826, 0.26274216578215437, 0.6745080382592998], [11.44677476354939, 48.07467721544607, 15.641101672598323, 1.9981936304012098, 0.257942507263856, 0.6756116209750371], [11.391147054215335, 48.90894851868741, 15.768846723700154, 1.9701066184225575, 0.25397399627416994, 0.6888588177355598], [11.442599890823452, 48.6102088446342, 15.557003321917392, 1.9812549594264275, 0.2591893442660753, 0.6794330636498342], [11.39872482259768, 48.029748985061296, 15.461330128746942, 2.0675054208179318, 0.2614643312692953, 0.6773768655378631], [11.445256070806996, 48.628662342616074, 15.518545907059016, 2.0283336072853655, 0.2618221749159322, 0.6752388936657563], [11.473909195901648, 48.47920745459925, 15.559059747264634, 2.028237306510794, 0.2616477690140878, 0.6753647565107939], [11.436550477741859, 48.65993795560321, 15.582296653992326, 2.0032515887777804, 0.2597717836174304, 0.6785048912627881], [11.425341459113211, 48.96831731107466, 15.554423954930774, 1.941741774693722, 0.2548922916386339, 0.6864899319513392], [11.423575447446016, 48.62851026263743, 15.71146594125776, 1.9901990720839757, 0.2573372578783678, 0.6828012259076681], [11.451108336535025, 48.68301467059412, 15.660739957542534, 2.023397062097388, 0.2621155674750202, 0.6731454983267257], [11.468455337547988, 49.39029082468198, 15.402105028699175, 1.9829148406259818, 0.2657657800982633, 0.6760143548261814], [11.452187895426611, 48.38223843803346, 15.700518369144321, 2.0072816131860076, 0.25833418492896726, 0.6808901943068503], [11.445617462061872, 48.28106789399374, 15.365867778161865, 2.082230007182726, 0.26781198195673545, 0.6687376966374133], [11.448614760039284, 48.48580108482337, 15.530134991680853, 1.9881315525366172, 0.2577106852316591, 0.6829721467851705], [11.411656400377268, 48.24846193622883, 15.55948933149825, 2.058416462985883, 0.26215769928639243, 0.673402363906549], [11.442942278923038, 48.87428402320857, 15.431573870463945, 2.064017402974471, 0.2663384357237541, 0.6739932238593667], [11.413490298047416, 48.42484170168808, 15.734638847854235, 1.9524841202633847, 0.2528309384375292, 0.688966381271161], [11.458425281249983, 48.562100355397625, 15.511284012638411, 2.0083821023718365, 0.2610491601855197, 0.6799958472327827], [11.408765268164464, 48.89606874478365, 15.579384144787046, 1.9497091847657184, 0.25688672812224683, 0.6834002420991401], [11.390225558625334, 48.296492207502986, 15.959447351681696, 1.9576616647237046, 0.2535403373779852, 0.6846223219677867], [11.431990946367446, 48.13640988629676, 15.763941654360382, 2.017324417004039, 0.25613523098452184, 0.6795688448870139], [11.439219533639465, 48.44738837867888, 15.67426175424793, 2.028395125392216, 0.2615431829368571, 0.6752201133386804], [11.440510534825334, 48.841370755068475, 15.507365636084, 2.0037135098047805, 0.2602245605164, 0.6769707120880541], [11.438072399420802, 48.55439746851865, 15.666692642811592, 2.0048928748117922, 0.2597463529196299, 0.6735473835915091], [11.37162926643659, 48.59915086792922, 16.187905773562775, 1.9582247562977955, 0.2529844436822641, 0.6904138122199862], [11.476371283910666, 48.32138619551585, 15.441833172206533, 2.0115183462500625, 0.260164609819563, 0.6797461527458559], [11.460722751815764, 49.17954912433597, 15.328103957394378, 1.9814484582725982, 0.2637844322332042, 0.6782806699332076], [11.43440558032647, 48.51932016400293, 15.604592888653043, 2.01945405399211, 0.2606842105327007, 0.6769576812762295], [11.438055826287087, 49.15181896206271, 15.538825402710442, 1.9856638186526232, 0.2609885412981595, 0.6808249790504657], [11.462613808108175, 48.458095567750156, 15.392896697446288, 2.0117369285730082, 0.2594575234720796, 0.68113096080551], [11.47333792494296, 49.10470238385055, 15.25904926470248, 2.050553685542255, 0.2694740531340983, 0.6736283430316841], [11.436798287140139, 48.9262047472206, 15.603557188776447, 2.0209050042886827, 0.26222221824149705, 0.6782867939892167], [11.42641060963551, 49.124035603044454, 15.313866458327825, 2.0490410676086683, 0.2670472213987041, 0.671792040866335], [11.481439186974024, 49.47806019121148, 15.528484549914642, 2.009879158096504, 0.2644984260178631, 0.676048058914661], [11.45901947096735, 48.505384744225054, 15.727027469118283, 2.0151233902755354, 0.2589977781639776, 0.6769233039659356], [11.463019493862054, 48.70055885266941, 15.621426672683, 1.9833746621512582, 0.2597042710155013, 0.6804121340662372], [11.451109981287019, 48.5028433449186, 15.515776050341975, 2.007613265007967, 0.25872259918764373, 0.6806935481323904], [11.484520795509765, 48.45762996029034, 15.293563277422235, 2.084237609813613, 0.270957462008684, 0.6618893903376455], [11.42184933797533, 48.559835828515695, 15.577463522114845, 2.0351299571800494, 0.26399795926536135, 0.6702806406621554], [11.428537952210366, 48.327739102055176, 15.502060726609155, 2.0405612765368617, 0.26332180221508816, 0.6718793098172603], [11.43318226715495, 48.74015382361982, 15.566783861438568, 2.0324477645564296, 0.2647309572888688, 0.673652883483724], [11.452775310302751, 49.24708009065443, 15.307071265959522, 