{"basin_id": 3, "ref_run_idx": 4, "seed": 204, "x_best": [11.473758344649456, 49.29764365996211, 15.51385255838358, 1.969931308354576, 0.2612186904199825, 0.6805381090668794], "best_J": 0.030969682109971235, "P_final": [[11.473758344649456, 49.29764365996211, 15.51385255838358, 1.969931308354576, 0.2612186904199825, 0.6805381090668794], [11.498795571774481, 49.5976675051566, 15.00486411601062, 1.9753984761535468, 0.2673199281437716, 0.6729869727077404], [11.482787421405144, 49.92067026619602, 15.42792277597012, 1.9533502259218947, 0.2650518625022646, 0.6798573787741904], [11.438595980409714, 48.797327133055525, 15.693346575908269, 2.00626825379811, 0.26049151226337464, 0.675842740464971], [11.466506278891956, 49.685229955052776, 15.504914719087575, 1.9647737936168423, 0.26224303535188387, 0.679132698541867], [11.50443586484486, 49.8099709120108, 15.282355667266245, 2.008068599081419, 0.2669048829552748, 0.6766282266625269], [11.433906061218561, 50.76807450851437, 16.002664385666886, 1.8317258281490434, 0.25051355503774614, 0.7034421448239966], [11.508922595511615, 49.186673052778914, 15.02509325089558, 2.0403074830230543, 0.26759285991845666, 0.6703116122707521], [11.49148261667319, 49.49837763596664, 15.237808333286315, 1.9965408198363006, 0.26589285709504007, 0.675410659743001], [11.444190676777101, 49.34388242759956, 15.415010823586124, 1.989503397513634, 0.26332424795380205, 0.6813907488899291], [11.388463327270914, 48.35021864998673, 15.652103920959338, 2.0709649207320133, 0.26264870534686513, 0.6813192540848935], [11.538916787031381, 49.83878698279054, 15.351431239857465, 1.920971647837516, 0.2613148928460176, 0.6821595286076004], [11.466252096226304, 49.61514944135203, 15.11209804272646, 1.9976552185067917, 0.2676919284655797, 0.673978474955655], [11.484154290245254, 49.0771608517714, 15.474072499039325, 1.9933967222426325, 0.2636025915433755, 0.6806348930849041], [11.514138516717031, 48.83440024628909, 15.033790709028978, 2.0343020860911976, 0.26921572011295136, 0.6683092317765092], [11.503356653792887, 49.239165990675566, 15.111310600277648, 2.0101184184437932, 0.26635516790603, 0.6728761376642903], [11.522300880130175, 48.44306022072771, 15.448646120620541, 1.9838149146959623, 0.25978098938693306, 0.6806265983306994], [11.477012949034753, 49.54261450255824, 15.559698549154126, 1.9423726657827698, 0.2604535845807476, 0.6830025615198768], [11.478048699510204, 49.365349819887896, 15.492309864525701, 1.940217305154078, 0.2590980417084787, 0.6842009131129889], [11.546621486455694, 49.083610602719546, 15.29449523594063, 2.0317103830473613, 0.2688614874276572, 0.6672570470308584], [11.469582568950154, 49.717504573508585, 15.62082862286368, 1.952447164901763, 0.2602241646166042, 0.6841183938328711], [11.449329029132105, 49.0622695677438, 15.321150251538713, 2.0255214897301363, 0.26570659912406247, 0.6784577061287321], [11.477612337913468, 49.62535365929115, 15.516046625630562, 1.9822681677650724, 0.26432363406618103, 0.6785279941879316], [11.50537600182173, 49.66186386440781, 15.04134905277164, 2.0047261169802293, 0.2687572351090326, 0.673003271838543], [11.463495970530412, 49.06890462828259, 15.705047706434621, 2.028353698052628, 0.264828927044437, 0.6758349675806193], [11.493939151396539, 49.56560866120173, 15.399814648191601, 2.00003279666392, 0.2664032816377009, 0.6745686954256255], [11.4511511602749, 49.25172010092427, 15.322260146871008, 2.0411088622381333, 0.26708600420008083, 0.6752653603350683], [11.478246508623043, 48.23915667415315, 15.320232966227994, 2.0657065071857867, 0.26338583450301767, 0.6668479526222694], [11.498948110371343, 49.60653429056459, 15.268087847101826, 2.024553811289715, 0.26927304166773436, 0.674065352773112], [11.48484346300093, 48.93575843570733, 15.337047990487187, 1.9679064989567936, 0.2587687440177003, 0.6809084860434633], [11.499618405276175, 48.45302045259454, 15.860652486316539, 1.9743931988483374, 0.25834131607616434, 0.6799210137189285], [11.499679185646249, 48.97711133792455, 15.27358664630734, 2.023970368818375, 0.2657544327557713, 0.6750324376816493], [11.488976472971093, 49.12247640074453, 15.161755495055978, 2.0484298461399275, 0.26912021314158335, 0.6724337690999758], [11.441637563176798, 49.264852237074514, 16.033383839697393, 1.9243540854945242, 0.25509970502644996, 0.677854063137145], [11.475367814282096, 48.885653996515096, 15.307828811035792, 1.9902124816389417, 0.26409079080954156, 0.6755162974928887], [11.473104167626495, 49.305304409361916, 15.353419951828943, 2.0452126552105425, 0.2686618671111781, 0.6699966520843595], [11.522662583101981, 49.902570351467304, 15.268903020182313, 1.9311786412581473, 0.26283239798738256, 0.6829908218394901], [11.389367879766652, 49.148746662337494, 15.36277101874803, 2.0176877650346543, 0.26602639706279907, 0.6751898229349774], [11.49708523307055, 47.840236347900685, 15.032053077655402, 2.070727496445527, 0.2661209707056702, 0.6712746573551249], [11.481824235277115, 49.33799409034889, 15.277796785014058, 1.9913083268025182, 0.2649654718996691, 0.6785112420993565], [11.495936057948708, 48.73237084783029, 15.180903610285045, 2.021560618492675, 0.26498623505706953, 0.6722119133253237], [11.443060402332746, 49.00303981411355, 15.298582449135123, 2.023240472172839, 0.26614391384464453, 0.67284248289512], [11.466562123306463, 48.86288429805605, 15.44025376355498, 1.962070395622309, 0.25837950061572157, 0.6818926360141863], [11.465797790180462, 50.1616622189386, 15.44344308122847, 2.0075051599306315, 0.2707534760606688, 0.6741544921223893], [11.491931472110473, 49.32949073564724, 15.054188753059538, 2.0551452849979843, 0.27181001418705025, 0.669564001969372], [11.477860922379922, 49.65807006239521, 15.317870569876995, 1.9385951715858458, 0.2623075511278873, 0.6782680616009745], [11.470300621616909, 50.9299188963532, 15.106789007769649, 2.005287214007783, 0.2753214100202699, 0.6763081076760428], [11.515100325067515, 49.33336669310519, 15.162377258212947, 1.9952127116198497, 0.26461016483551614, 0.6772645266721166], [11.480581661650547, 48.304719920391534, 15.689075367149773, 1.9923549094446469, 0.25884248818373545, 0.6780110219722661], [11.486839490772192, 50.1530288750055, 15.163339633870162, 1.9977056644353814, 0.27058099104676986, 0.6760931904496296], [11.479895477229574, 48.35758378208454, 15.5820685699154, 1.955137230738364, 0.25253421212170934, 0.6853052089350687], [11.474861229708656, 49.48228121112088, 15.306451734948325, 2.0044159226981364, 0.26641481709988873, 0.6778898231522608], [11.471760133010461, 48.860534938411526, 15.259203586137506, 2.0110625973030545, 0.26495800226107374, 0.6746775004153377], [11.471888622206537, 49.44232031341801, 15.46491333152423, 1.9743158843539168, 0.26311413527623945, 0.6800226788326301], [11.512751132194103, 48.9624970966481, 15.209320496540322, 2.0194256951168077, 0.26599901074746374, 0.67420095240081], [11.461451696994478, 48.807257400414265, 15.469205855989557, 2.0317757330891766, 0.26645110898041663, 0.6672213046473339], [11.4647914951666, 49.18561530074874, 15.593957123954617, 1.9620859715088106, 0.26317278474954126, 0.682724024618524], [11.49539849210073, 49.23004878747944, 15.197455304596936, 2.002067204555186, 0.2664825531286823, 0.6773443085112834], [11.480123197850343, 49.334087711742704, 15.296097136649683, 2.0015455793553034, 0.26500654946030755, 0.6768448032175919], [11.471076962992568, 49.163916263894365, 15.369347011988019, 1.9861911091122972, 0.26268672452025055, 0.6783610512572726], [11.496858985559705, 48.85779691882348, 15.681756471678256, 1.9819144866819949, 0.25746469006189165, 0.6843853752589196], [11.485436536338828, 49.13696598893814, 15.475605135495256, 1.998238103110109, 0.26334871202530624, 0.6744261131242443], [11.468986346971667, 49.43578540263123, 15.954988514042753, 1.928532303609469, 0.2575039750802227, 0.6825005896565163], [11.471383027680346, 48.33139617374549, 15.260593494776362, 2.0978181343897884, 0.2667680903450727, 0.6709646198004878], [11.483073050684288, 49.364122789853624, 