{"basin_id": 13, "ref_run_idx": 7, "seed": 207, "x_best": [11.48434697360523, 49.12022488293691, 15.29639126262446, 2.0285593923609113, 0.2676119289546147, 0.670287879181517], "best_J": 0.03093762750761898, "P_final": [[11.48434697360523, 49.12022488293691, 15.29639126262446, 2.0285593923609113, 0.2676119289546147, 0.670287879181517], [11.476006004187143, 48.946266266798396, 15.262586918273367, 2.048341864360778, 0.2683513580010177, 0.6679190518971034], [11.470768314542314, 48.97404336827571, 15.361376457298961, 2.0449323988541366, 0.26762011547287007, 0.6684068862102112], [11.461393652121675, 48.543436585152435, 15.379691733971152, 2.0584786432741495, 0.26523679752554535, 0.6693950470182244], [11.469342769686136, 48.68205134455606, 15.267755828206287, 2.035485152293788, 0.2651257276945983, 0.6714085169545502], [11.477074642166793, 48.64475083286188, 15.616845961747513, 2.003797334401867, 0.26228899214025353, 0.6731494533139887], [11.469440954991578, 48.57895087688569, 15.32097001235575, 2.08090374184232, 0.2686309120603564, 0.6657773638124813], [11.489744658464307, 49.00768213742273, 15.232288785328723, 2.0335997497699845, 0.26875873072250356, 0.6703281928875452], [11.472590069743845, 48.667409750831396, 15.334601120554394, 2.0092848227589575, 0.2649030145397272, 0.6706911870379229], [11.511916032209923, 49.627199839118816, 15.057974397736885, 2.041676402914007, 0.27288095446727473, 0.6677524368503562], [11.480229780962588, 48.994583511250354, 15.368506353402404, 2.038352963544204, 0.26778417378732855, 0.6694606537470154], [11.492686013747226, 49.28098022122443, 15.073683197418744, 2.0376133922725055, 0.2698843242210843, 0.6680792575089403], [11.498489732393336, 48.86133676216004, 14.965311600050141, 2.0838567334485525, 0.27180205386088707, 0.6621853422416064], [11.513410441939145, 49.73333914272105, 14.791854809215158, 2.0781806231151907, 0.27737915992076, 0.6582036134462914], [11.549068225815079, 49.87682502638049, 14.850052787981149, 2.0736610748559943, 0.2777408826799707, 0.661792945658727], [11.473590904878172, 48.95897073491119, 15.23725963305784, 2.0667077713027866, 0.26890656437289756, 0.6690576928923205], [11.482152718153701, 49.386640517748546, 15.209105515387101, 2.069736476191744, 0.2711258076032413, 0.6689337154196329], [11.4513051660702, 47.88045408273889, 15.317584602360698, 2.1011642734594926, 0.264452235376963, 0.6663994924137139], [11.475777150003811, 48.83678372527121, 15.57090423792062, 2.0036196856843413, 0.2633178521354114, 0.6728737806667688], [11.48024680156317, 48.7887293320903, 15.28437848681836, 2.035458350186104, 0.26750669802729804, 0.6660624698664863], [11.504320573856102, 49.38127562135453, 15.045453982409892, 2.046087089411248, 0.2724628604215313, 0.6645974490232167], [11.483115724408933, 49.25965931077914, 15.16525957291963, 2.025799810858062, 0.26962012673096897, 0.6711569071933179], [11.539789015217863, 49.50977688070976, 14.663792274819574, 2.057011024414887, 0.2751482870431766, 0.6623594490785504], [11.462549077582592, 49.3275859012893, 15.458358841191204, 2.0089273277992254, 0.2647053858339066, 0.6765308663009977], [11.505493747311183, 49.15924488011268, 15.053368694179074, 2.0400480476380136, 0.27082051325919765, 0.6662723728045513], [11.460846440806288, 48.82627721698373, 15.361554846514336, 2.050610907198271, 0.2680119205522597, 0.6692247994301503], [11.498710353094877, 49.859262902931135, 14.944486529300502, 2.0629416780741034, 0.27665842087073217, 0.6633111414110362], [11.484794153597656, 48.961998355323885, 15.43344805043005, 2.035893335801732, 0.26570654469486776, 0.6753413983058761], [11.46568894802939, 49.05119422302438, 15.360269871440469, 2.0436912398456575, 0.26702065586900986, 0.6693678574371916], [11.306758418528405, 47.54652948081273, 16.18569785443466, 1.9682520410947604, 0.24794632114074963, 0.6859782359479796], [11.532968620956797, 49.097208353717676, 14.92682783282676, 2.061721100031533, 0.27150471428931644, 0.6667510478692078], [11.500891514154008, 48.72230872574083, 15.004274198956841, 2.0736150636024897, 0.27179435950539266, 0.6673750678231547], [11.507465173145167, 49.644801418693326, 15.054451071376599, 2.064593042351646, 0.27508681080507774, 0.664620568658522], [11.461936298481577, 49.015752415064846, 15.385863461864748, 2.0314109259995616, 0.26686522548440367, 0.6702474917933032], [11.435856543432067, 48.47707715496111, 15.524959187043965, 2.0451681681952474, 0.26481197208673596, 0.6698289660159765], [11.471575274498392, 48.15775165763545, 15.313429036605124, 2.0593525508420107, 0.2652281957023191, 0.6680031331198965], [11.379499070621065, 48.126321454072844, 15.95008520713571, 2.0665018325078197, 0.26098526778803594, 0.6767638801426005], [11.468417829215358, 48.495586393596824, 15.353654526999275, 2.039358927933059, 0.26629221279015214, 0.6708515609351788], [11.518109279001207, 49.23951726921057, 15.171320334367834, 2.038180061924169, 0.26923594184417365, 0.6691413728591088], [11.477155930587928, 48.94201806843579, 15.338505401567526, 2.0440988947479046, 0.2668736217435228, 0.6731992529573738], [11.479342512702095, 48.630219713969005, 15.085108136392927, 2.0683950193070157, 0.26690110912677734, 0.6694067734559717], [11.476975686635146, 48.548007289495345, 15.371903575579168, 2.0373649999890064, 0.2634861780009276, 0.6711465785751547], [11.47404933491073, 49.11933140381697, 15.170519000862992, 2.0504696648922773, 0.2687355964593347, 0.6700155779176542], [11.501207938850127, 49.66116846866114, 15.092420010711113, 2.0390571462284623, 0.27299738437921156, 0.6662414146123149], [11.480210558822312, 49.286380456519446, 15.313147644600857, 2.0203892469678832, 0.26767854348870157, 0.6734774266956524], [11.477501542957487, 49.04349395018556, 15.277371408274936, 2.053459808576778, 0.269504675011762, 0.6678507512025935], [11.491349784544783, 48.970052406692744, 15.016175824822499, 2.0624742987854776, 0.2714380509609633, 0.6665609368224771], [11.428437476975295, 48.88161520692953, 15.448229996457213, 2.019935630128004, 0.26336305062116966, 0.6761417638439174], [11.482405045375979, 48.84392141622678, 15.38099559412206, 2.0312580103434232, 0.26579397609493766, 0.6704834099376586], [11.488849499392964, 48.91736205746138, 15.095949169858573, 2.0310361871054208, 0.2665544572599321, 0.6709936870601062], [11.492604071125898, 49.27224843851551, 15.205109860074987, 2.058752315482189, 0.27084847418626257, 0.66655373618305], [11.48319546795448, 48.51128958020081, 15.35199667815713, 2.074054637780714, 0.2670264711303092, 0.668135095535677], [11.478303943695721, 49.060588993338484, 15.256993044835665, 2.0397072111224945, 0.2689076561084823, 0.6687499213862315], [11.426703531635374, 48.88084117527547, 15.683039905081941, 2.0461553470220357, 0.2641715910427633, 0.6741206635627663], [11.480712758149515, 49.73549202077387, 15.283074082636753, 2.0408210352074927, 0.2679448590704286, 0.671842930160456], [11.483899793612807, 49.16934162037517, 15.15933447481887, 2.0639939586830427, 0.26951731321436173, 0.6707282731304148], [11.477975185108843, 49.151035624145095, 15.25805693580716, 2.0422060548376066, 0.2679493436295544, 0.6724369046312973], [11.45574153866248, 48.59557711865304, 15.433702517846474, 2.044622845454789, 0.26575361418646115, 0.6680690077418292], [11.46662734753271, 49.08621974926658, 15.224783331273835, 2.0693919420306193, 0.27184589375681717, 0.6651822329719428], [11.508638168401774, 49.683442348372864, 14.957037833379058, 2.0659537258404663, 0.27419873199364553, 0.6657558882351613], [11.493839241767208, 49.43195803347336, 14.982395578948436, 2.0685352923615454, 0.27301789379429836, 0.668132508201562], [11.432995402101534, 49.41403757270364, 15.56866507638532, 2.0172178220227406, 0.26397304731536375, 0.6821285366889784], [11.479129501844094, 49.21359196592732, 15.36955212018326, 2.018352644373606, 0.2657399562871748, 0.6769975866355724], [11.428422536472805, 48.519691247079486, 16.000238063023687, 1.9517024952960653, 0.25109994350386816, 0.6872087612702551], [11.502891904384546, 49.489416344775314, 