{"basin_id": 6, "ref_run_idx": 1, "seed": 201, "x_best": [11.479394854562203, 48.7408412108917, 15.218374270956463, 2.079715309008741, 0.2702371917561597, 0.6661994346886869], "best_J": 0.0309445751694998, "P_final": [[11.479394854562203, 48.7408412108917, 15.218374270956463, 2.079715309008741, 0.2702371917561597, 0.6661994346886869], [11.502003560718098, 48.77630144547342, 15.11644779302082, 2.083198879458929, 0.2721809394916272, 0.6642353725666159], [11.51976880358113, 48.75940754839571, 15.08375396974331, 2.078436984680761, 0.27086862283512, 0.6663060122214332], [11.514949345711726, 48.653163529361784, 14.688192508045226, 2.2003547004819914, 0.2836771619721746, 0.6480389688748736], [11.508000081587417, 48.53925169847437, 15.046187641166357, 2.126778336685309, 0.2743244845606637, 0.6597269789167083], [11.521710957082238, 49.580835665879114, 14.72850425476088, 2.112214813909738, 0.2794338052350489, 0.6622119871298059], [11.488725214300732, 49.652235494633366, 15.093070597970458, 2.095654106441483, 0.2791514619462538, 0.6596346660202054], [11.579231242229646, 48.84799770308224, 14.433160851279638, 2.1625960469634804, 0.28681114999153073, 0.6432826828620835], [11.504283175036653, 48.7628459937782, 15.056076018205585, 2.0975988978725404, 0.2729785110343913, 0.6593170516496248], [11.518722241740905, 48.73714823056322, 14.851145108020905, 2.145572724918377, 0.2777527416984762, 0.6570998092469175], [11.582848399582026, 49.393208635554856, 14.491790309962765, 2.2503193570798383, 0.2955990789416717, 0.6352113008070505], [11.51057153999688, 49.06474344089826, 14.920245688579627, 2.1177050090020817, 0.2763085786054298, 0.6601912246365353], [11.46465743818943, 48.4077160807742, 15.240707308559344, 2.098741726102291, 0.26875433930445114, 0.6671338392968083], [11.499968932386947, 48.7415343933618, 15.03144244375652, 2.1149267579265714, 0.27405288831650687, 0.6624500717773999], [11.50407397894791, 48.941266562380754, 15.087091492018432, 2.090740025462621, 0.2732187739720191, 0.664571344649753], [11.519242022689388, 48.76533977435555, 14.808212692206173, 2.121945681353711, 0.2763704460589005, 0.6598252486013503], [11.511033317100503, 48.526970205122964, 14.6745940533843, 2.1731509220946643, 0.2800798827944859, 0.6518598907035884], [11.507306051331188, 48.587220565123936, 15.102589226081065, 2.088882916194167, 0.27079047063015005, 0.6644974345284553], [11.556252244098925, 48.786958942567125, 14.558969224448774, 2.234121951456539, 0.28968195663007335, 0.6381578739070081], [11.511760535530119, 48.42258881074528, 14.731060807991252, 2.280620395726606, 0.28855285933490915, 0.6407271357041903], [11.490798564535751, 48.52467567261473, 15.096915159601984, 2.110486345639038, 0.27238838704315604, 0.6618746662985816], [11.524908454806507, 48.78544646874148, 14.972561242804154, 2.103642270657234, 0.27391916488683454, 0.662517269206957], [11.508885527286274, 49.04277795856431, 14.930239519501942, 2.116083290697718, 0.2764633198633522, 0.6610261657734514], [11.526926086105549, 49.33420503837623, 14.81808661199808, 2.1061789935782604, 0.2779461048072319, 0.6597138836492871], [11.594829999312134, 49.938399626987724, 14.226449221515365, 2.1641097027806113, 0.29215430013158133, 0.6453377437408961], [11.55998894820535, 48.96933913616947, 14.57356134773941, 2.203851272858636, 0.2868897450346902, 0.6461746336155596], [11.546089652676883, 48.611161932300064, 14.67824147034783, 2.1700312666316006, 0.2806745691730987, 0.6512190242428492], [11.496214174598729, 48.67765362022501, 15.058884663561306, 2.0964597222864674, 0.27217441749415694, 0.663885571115827], [11.499039119810323, 48.9492535549616, 15.085838921577308, 2.08538686113268, 0.27094575711792296, 0.6656109296655035], [11.522014212629188, 49.18293389207349, 14.915507154760773, 2.0884579539864454, 0.27459852012878805, 0.6641700037468748], [11.502575556620387, 48.82703434707331, 15.124041631766831, 2.087145168570558, 0.2713470493808724, 0.6680606636151237], [11.552256443224225, 48.36328360176858, 14.362620441928636, 2.393633574987988, 0.2990970508270832, 0.6217822782339388], [11.498679853375442, 48.84562181715032, 15.002636658615257, 2.106359564193671, 0.27349418803766024, 0.6637448232850942], [11.491645357995926, 49.16243194971913, 15.04538480125418, 2.094327794181498, 0.2737170229012278, 0.6645626067302447], [11.501182007657425, 48.92987970466743, 15.022599020584712, 2.0925484722553676, 0.27299639821786154, 0.6641375378230403], [11.534538903701149, 48.60379504249233, 14.850986970284781, 2.1356652379604673, 0.2779121798885157, 0.6568709966071499], [11.621350193561188, 49.846968077321876, 14.085852060607406, 2.294214595518962, 0.30320819237591684, 0.6347057369503387], [11.523472562693609, 49.26179068505721, 14.90732333779883, 2.0985954757817367, 0.27557995491015436, 0.6633397525262419], [11.525740393403265, 48.98308724263903, 14.854714387667599, 2.1325143535348174, 0.2777905219481147, 0.6582532599777083], [11.55224443796568, 49.42081639617779, 14.55910573992218, 2.1407212510271663, 0.2824445280335406, 0.6573935164652878], [11.556174673546424, 48.83940505976718, 14.536728197123464, 2.1852777486134283, 0.2854372070293533, 0.6486172813521023], [11.532437308621647, 49.43711173753181, 14.77163325350779, 2.2784965135982436, 0.2910958666366733, 0.6438759085316527], [11.562174053556543, 49.02249737866481, 14.667676203433418, 2.1258373721885064, 0.2781641835727176, 0.6566955076478186], [11.527715742090631, 49.0613719803812, 14.928782398203944, 2.0975749493074227, 0.27534144769004365, 0.660257126200168], [11.471726600026884, 48.836558238625045, 14.986998530870926, 2.0986550087417477, 0.27364043580253855, 0.6623816435681092], [11.470948317319397, 48.65217184583177, 15.167807072713416, 2.1070347558435043, 0.27128164647099384, 0.666075831354933], [11.499048498733687, 48.833975852676396, 14.871334885207323, 2.082836394531257, 0.2716497171232787, 0.6662587058485092], [11.557533255484094, 49.01031690233697, 14.60843523352687, 2.1792890498769997, 0.28602705545691354, 0.6477106271692679], [11.500424213987133, 48.64149755939403, 14.874151426952354, 2.177948965141808, 0.27816226522807497, 0.6545414457849896], [11.525104224687064, 49.96430186291798, 14.835949825958718, 2.0967344478520675, 0.2826003335542805, 0.663239348639134], [11.481950983760806, 48.548141759340304, 15.196974615905765, 2.078239068178617, 0.26843074489290714, 0.6670222854603097], [11.5011539313722, 48.69397108733866, 15.044545436719247, 2.100692327841242, 0.2718010500074576, 0.6635467977443543], [11.538463417209838, 48.62583377906287, 14.989172490566766, 2.090482115409499, 0.2730860380117943, 0.6617096633845984], [11.481978114960548, 48.83366741912274, 15.085586939243381, 2.1002733294715807, 0.27323417793785043, 0.6619312437917019], [11.496219646527196, 49.01466185979394, 15.02708104903272, 2.0801297666682212, 0.27292553451255575, 0.6642839384402565], [11.547522549473367, 49.263420251362824, 14.694748823581437, 2.1220535690424334, 0.2821728693790428, 0.6563150176937069], [11.452585231223903, 48.453224167924816, 15.298381369527355, 2.089182468642286, 0.26886878229551137, 0.66712891541479], [11.455523543337385, 48.4738818554699, 15.253123475617977, 2.1080481993571056, 0.27008359180809155, 0.6646238299390339], [11.522891329436645, 48.97160730383757, 14.939706769965252, 2.0834227572680604, 0.27305819256470903, 0.6627168091231957], [11.537709032466108, 49.13185354505987, 14.42806551230728, 2.216653220406293, 0.28918122815425884, 0.6453754567961921], [11.523628821452775, 49.25014926922844, 14.800396513287447, 2.112503599961271, 0.27873501089109504, 0.6589289538634507], [11.593384941260036, 49.88032614575543, 14.409205506391269, 2.112906504711572, 0.2839986475050072, 0.6560749315028379], [11.527323544694587, 48.8173690252949, 15.043263645858456, 2.099252705364299, 0.27341574000556357, 0.6606889836629342], [11.545537311604576, 49.3101857019071, 14.75439143734183, 2.145145698244939, 0.2828079628831006, 0.6518031239185624], [11.553481408315466, 49.333777857099236, 14.576095675037058, 