{"basin_id": 1, "ref_run_idx": 11, "seed": 211, "x_best": [11.491283172999609, 49.15260900708625, 15.201735234902548, 2.0271394939803598, 0.26846018907254565, 0.6699015247521464], "best_J": 0.03094862086546532, "P_final": [[11.491283172999609, 49.15260900708625, 15.201735234902548, 2.0271394939803598, 0.26846018907254565, 0.6699015247521464], [11.487490099181468, 48.22597705873603, 14.770972882312591, 2.1909237294213355, 0.27950640231772117, 0.6523520116923027], [11.49329189002786, 48.233857534242375, 15.41821388540248, 2.031088706834652, 0.2610841802558412, 0.6736590821566043], [11.45727304987729, 48.74347046104285, 15.339195715058125, 2.04901854736603, 0.26758002792917956, 0.6675992016065809], [11.509872591939267, 49.26988721120778, 15.0880162336611, 2.0554441453276957, 0.2726586863379667, 0.6614266844523119], [11.466558121285226, 49.39429859972991, 15.29123783277436, 2.077028639990317, 0.27077382701322844, 0.66755811764087], [11.455450302932086, 47.76264639084655, 15.295833409163533, 2.0371866875344358, 0.2627355090307503, 0.6686996864521144], [11.470115071813634, 48.38159072910052, 15.23554302091556, 2.0885230733121554, 0.26747334358325076, 0.6679306572198818], [11.551051120507182, 49.062908844404916, 15.014529449222996, 2.0301266824470305, 0.26987089556542254, 0.6645686343060293], [11.438153692745354, 48.77646978282304, 15.26344079359036, 2.0302799545318178, 0.2651203424256139, 0.673365675277175], [11.477276523663013, 49.352572766813076, 15.235550681132342, 2.0210004771936694, 0.2675220599144266, 0.6690306394122233], [11.481366059163918, 48.754924481724466, 15.101396002913278, 2.115245795995951, 0.2729327017418119, 0.6638043842257815], [11.490273329958491, 48.697703888271135, 14.86654002659832, 2.1770666232365348, 0.2823943803184872, 0.6450452131636566], [11.44980191902075, 48.020358811453484, 15.085171119649514, 2.134044298408628, 0.2719436729386293, 0.6579088916097886], [11.486760550406698, 48.20582939928294, 15.13077356268379, 2.0814687542129984, 0.2671310874674946, 0.6653555393498276], [11.488187822167363, 48.95545973511206, 15.224669245881207, 2.0086132521651487, 0.26450574329343446, 0.6722141100766805], [11.492519768608249, 48.95150204370412, 15.173974259118767, 2.0418945762177136, 0.2690341744576962, 0.6647336981144737], [11.48887633299227, 48.87250482763467, 15.127660718352468, 2.070004983870287, 0.27076628806053044, 0.6628609566346012], [11.521935459564633, 49.4560751571799, 14.879023517786605, 2.0201216708240035, 0.2700874450611848, 0.668304408788527], [11.503747958416719, 49.32255676885005, 15.140991351100073, 2.021111330898557, 0.2705747800324794, 0.6687553631245903], [11.471156934822746, 48.54312035359698, 15.078039363841807, 2.0811450972543515, 0.268515133646309, 0.666850411153312], [11.486828277606557, 49.11912421355001, 15.158478842352977, 2.0269303562977123, 0.2682708813098556, 0.6701114931887703], [11.474957896686302, 48.448416675963664, 15.20300546030017, 2.0396961309012975, 0.2652839102864942, 0.6732457473291583], [11.55633086182696, 48.272803912169074, 14.671015944678544, 2.155397645535426, 0.27807301196460055, 0.6561988190532738], [11.469333800306025, 48.17233513001161, 15.283621721512525, 2.0555497448371507, 0.2648242314913652, 0.6741623335189594], [11.401729065990004, 47.915369122446414, 15.57411408896662, 2.06423303734675, 0.2622682436696493, 0.6663612645939392], [11.520288585140566, 48.8408671504155, 15.200265059414425, 2.122559322985757, 0.2775187982739465, 0.6544602412237301], [11.484499959470098, 48.493256976668654, 15.119060062371782, 2.1320310166626157, 0.2722109096645, 0.6619166480103046], [11.552497506138621, 48.19011250251409, 14.61060428694516, 2.1641781045805972, 0.279131233664075, 0.6483993324419264], [11.469900176234875, 48.23754782729539, 15.252516315816957, 2.026803156191568, 0.2608295865029395, 0.6758512874392263], [11.51440076618976, 48.24191603926106, 15.18997298284341, 2.08467912420921, 0.270160678641039, 0.6631053442297018], [11.490080367730737, 49.20393796499185, 15.155500870726375, 2.045307771618532, 0.26982405906263257, 0.6675311745088591], [11.471848277721685, 48.876072909333665, 15.19546345951342, 2.0462870056446603, 0.2688638166077485, 0.6683478258471274], [11.50378867905471, 48.694233010805554, 15.150315606157134, 2.154057662342662, 0.2756523327569677, 0.6593540719098565], [11.52678509675956, 49.42810770008487, 15.225487710692914, 1.9962014408048028, 0.2657750627256738, 0.673743196525035], [11.516872701353835, 48.29393887752951, 14.977928804728805, 2.199352223783715, 0.2786605717609678, 0.6473673785677078], [11.488774891020801, 49.41770279306963, 15.18496063257641, 1.9984318107149348, 0.2677936497522152, 0.669802225760795], [11.502634314016579, 47.4872257769306, 15.192391345637908, 2.0619887688012173, 0.26137460753191505, 0.6715594667880475], [11.544271298334248, 49.41675691850321, 14.739728167106934, 2.1218750598792555, 0.28147941566205126, 0.6555088399677291], [11.484103294008102, 49.135826930310074, 14.94092295321497, 2.0668002388480406, 0.27205193776846837, 0.6653424577354412], [11.497057486573096, 48.59803691316475, 15.138578884471501, 2.0751212776934183, 0.2686666811019915, 0.6694206322385273], [11.48027500133778, 48.87890404035514, 15.055327684253525, 2.0599302307814558, 0.2693091947965254, 0.6657004184097693], [11.483716722230103, 49.08075823020582, 15.095379932099847, 2.0722768910360094, 0.2722474105902748, 0.6664506500264957], [11.473529088156768, 48.99998879229137, 15.33103542823538, 2.021830233585634, 0.26645399454106333, 0.6743814100369766], [11.50493744130168, 48.94567938931454, 15.05543736499655, 2.0482711840430117, 0.2700332171173226, 0.6685190805709403], [11.516687829784512, 48.69830600309966, 14.905700797530047, 2.0888110911581674, 0.27492170972512536, 0.6601066572003501], [11.50496224655311, 49.37276106777779, 15.22371033277328, 2.0032791839207147, 0.2659231363016035, 0.6753724059993269], [11.473789593211466, 49.000451377071485, 15.060120721858333, 2.052279182145962, 0.2695461071857806, 0.6690871184284475], [11.495865214510477, 48.85517901425057, 14.955642317231936, 2.0679570845517232, 0.2711442701432457, 0.6638213179709563], [11.503352831672164, 49.39866437109154, 14.96608309916365, 2.010161990521646, 0.2680957219656968, 0.6736568874199067], [11.473828578511258, 46.33253493785578, 15.866089241366373, 2.1231577968543487, 0.26130124058862664, 0.655976835536261], [11.515916251092595, 48.613523578074506, 14.973803082761886, 2.1018703004658548, 0.27339774121327953, 0.6604832263598649], [11.491271971314996, 49.192619407159725, 14.989903611282081, 2.0466619214004242, 0.2702035012651332, 0.6673493853076207], [11.485588863043082, 48.58936254746613, 15.081916465012576, 2.0835854208747357, 0.26913613066255854, 0.6655906095964864], [11.476094283458991, 48.98560998949744, 15.272385518522055, 2.031257896760919, 0.2651378795403707, 0.6720345815908126], [11.497562271754125, 49.25263843760258, 15.0445721661839, 2.0469700584419392, 0.2714038830793405, 0.6681884047867279], [11.513445374209654, 49.153951010775295, 15.15118219489294, 2.024132009412969, 0.2681996037858225, 0.6708802207391363], [11.456022905942334, 47.978683757306534, 15.196312476135398, 2.1084515460218545, 0.2697685151318028, 0.6645314930772404], [11.483938608879503, 48.525300489592475, 15.213718510354612, 2.0466112341670715, 0.26674693593862525, 0.6692152859647229], [11.457209406728522, 48.021722412240294, 15.283475932099812, 2.0829438405075975, 0.2651842768647623, 0.6674584747940341], [11.51976064021337, 48.248294522046095, 15.072088900889018, 2.070208342747085, 0.2684272066365326, 0.6679638544052315], [11.50120120069801, 48.061949011574434, 15.067990765504218, 2.097410960936709, 0.26638996815587, 0.6715588938987078], [11.47288819839204, 49.206499079807486, 15.130529551090211, 2.068375506226835, 0.27314541791487895, 0.6654006942715514], [11.479287057423479, 48.689849540645056, 14.857289830246103, 2.184750913853535, 0.28039396452066434, 0.6537878331894663], [11.481762257449253, 48.43066537252429, 15.1913577809114, 