{"basin_id": 8, "ref_run_idx": 2, "seed": 202, "x_best": [11.486013954210595, 48.705939148721484, 15.217278125895731, 2.072070890353881, 0.2691743051107438, 0.6662392921900726], "best_J": 0.030934962875636164, "P_final": [[11.486013954210595, 48.705939148721484, 15.217278125895731, 2.072070890353881, 0.2691743051107438, 0.6662392921900726], [11.477610008704398, 49.71236689715314, 15.16663547481762, 2.044393686295812, 0.27283490746146216, 0.6667130751386611], [11.4806503212897, 48.553092894824985, 15.419083382557393, 2.08201110373643, 0.2684196246751269, 0.666025806149798], [11.537666349353737, 49.30729224467263, 14.93312323456864, 2.0482478385654352, 0.27451793434834393, 0.6640593671650713], [11.484611647667155, 49.26656690910118, 15.335751327083386, 2.047956743870651, 0.2696722154767836, 0.6692803208703172], [11.45569223031579, 49.05257313110383, 15.282222904521888, 2.0526595091447755, 0.26793275073653133, 0.6685459312136213], [11.470208349273255, 48.45574550544424, 15.067860936514302, 2.0738594761657128, 0.2668950677129307, 0.6685756566836781], [11.487862239619027, 48.93338136450819, 15.156214916564087, 2.0817914858454447, 0.27050924986380726, 0.668620320536987], [11.47949918342138, 48.80531561145728, 15.321937199655942, 2.0543414189590523, 0.26755009436159916, 0.6705562691520041], [11.519232967014633, 48.61249597418366, 15.138912768630533, 2.072781417105925, 0.2705295000351889, 0.6642387697529382], [11.507044561353855, 49.126547934310814, 15.035412960112685, 2.0794231134743253, 0.27242241135522954, 0.6693300578511283], [11.465631732803967, 48.77658906854179, 15.380569281843332, 2.052740272702616, 0.2680625669846347, 0.6690507442087493], [11.478624795385006, 48.84319999233845, 15.210956588399785, 2.054615534459132, 0.27082802297390096, 0.6649264132310957], [11.46458100482424, 48.623983229755396, 15.356909826231254, 2.0394930626386256, 0.26732395455976776, 0.6680811554349414], [11.512632737576764, 48.91172194782881, 15.347167718230475, 2.030848580414725, 0.2682383476817524, 0.6666435475311595], [11.488910062855512, 48.664351020118666, 15.2488095075741, 2.049649755412657, 0.26597140940622155, 0.6683055557588073], [11.474230358305704, 48.84897017107886, 15.367524072034076, 2.0509637074524014, 0.26821394273980376, 0.6670812213350416], [11.50423076332285, 48.752967885379725, 15.147929513973091, 2.0511572677600776, 0.2675285516727814, 0.6686067778018795], [11.583999372149316, 50.76245937347464, 14.597433784252331, 2.0307624835053595, 0.28305859173145187, 0.6618880164939838], [11.499832227683244, 48.86769577759862, 15.078556877222141, 2.0814822092250886, 0.2706890880901015, 0.6670500878596961], [11.521115830056818, 49.49583769056579, 14.906204189985178, 2.0525263485560217, 0.27386406026636406, 0.6651887238146392], [11.485882647632726, 48.63173084596529, 15.103738199437126, 2.0672715386574567, 0.26903240970966275, 0.6664620259645752], [11.444231350804646, 48.284419842960844, 15.310144887135671, 2.1054703560487464, 0.2682743269857008, 0.6668855314799293], [11.577981291708012, 49.32126302839148, 14.556254005574957, 2.084993618187439, 0.2832361047722688, 0.6510921532946344], [11.487858262520477, 48.86178899318214, 15.237094109365454, 2.0636521864042296, 0.2696963901230708, 0.6669955340288424], [11.477766443973927, 48.79271623109173, 15.237578249905816, 2.10359020796223, 0.26985280783852594, 0.6669215793584463], [11.478803581931835, 48.801914974150286, 15.107803790168196, 2.0646270315689748, 0.2700370264993648, 0.6656464078616643], [11.495528203279232, 48.40660938218223, 15.058353639170363, 2.087945485919934, 0.2693745296710282, 0.6644678685007211], [11.697213257750493, 52.34520399485486, 13.974235249128908, 2.011345757881056, 0.2931335431197763, 0.6483003720021935], [11.43327084338847, 48.559036599777286, 15.324088929216357, 2.0864821170180083, 0.26831161628858863, 0.6664312295228761], [11.455478726768744, 48.52850075811783, 15.24543318891343, 2.0871070270701417, 0.26874369341202714, 0.6661584888746129], [11.445252472593202, 48.73266192825171, 15.43939039799051, 2.0718851405722623, 0.2669371992809675, 0.6693722121569888], [11.486280463509265, 48.88996233213539, 15.286923891393048, 2.054097561567615, 0.26913898314712376, 0.6678447245600642], [11.49058281963701, 48.39353808050436, 15.264330524751532, 2.0887387475526857, 0.2682343832135055, 0.6647226811518915], [11.481015965467789, 48.35767996523579, 15.530030810219785, 2.044012865003656, 0.261864982210305, 0.6732373131512193], [11.433873522322818, 48.796885797355834, 15.681931788451163, 2.001835968016395, 0.2589510088057785, 0.6735253748824004], [11.486409609375741, 49.281316382771784, 15.1788454763936, 2.046392417638093, 0.2707199093408829, 0.6658834513458636], [11.553673445690087, 50.25510096717816, 14.635547903315897, 2.0624130927031072, 0.2809890950740002, 0.6595837089409101], [11.465861575017898, 49.2880949490979, 15.288217896759743, 2.0501916660700643, 0.2691983359036104, 0.672257501190132], [11.480227880611352, 48.70638706612408, 15.148274121609706, 2.0721198840399415, 0.2705592643477249, 0.6653259461475093], [11.49208235679268, 48.7156246577209, 15.19856746501277, 2.076823868591095, 0.2695010074420185, 0.666715777078071], [11.492321306411364, 48.68066747594293, 15.211514680286967, 2.0813796445561796, 0.26973423032549304, 0.6651530895504344], [11.484849050067488, 48.39995317823499, 15.307047077452669, 2.0963386593410864, 0.2695274849871716, 0.6642673770693], [11.44251597812617, 48.46897664243753, 15.275540076616588, 2.0999024605025562, 0.2693268051230496, 0.6668522583934186], [11.546738613891684, 50.712933895202895, 14.916901733214115, 1.9803371976649495, 0.27312408548245326, 0.6738348930221354], [11.492473613444076, 48.53553162055491, 15.3241777098519, 2.0506781727445027, 0.26745337796836655, 0.6687922094149983], [11.497468216401922, 48.972621973049755, 15.103433637152877, 2.0540965796391015, 0.27063989153956497, 0.6671353288677274], [11.471220617783782, 48.551554181277574, 15.3043856506981, 2.1105938405391953, 0.27288422327310363, 0.6611087613569472], [11.51583789723633, 48.575321114226256, 15.197983612059817, 2.067082363972177, 0.2690587655828925, 0.6657795893566204], [11.475145854709075, 48.85743608834036, 15.281529955010805, 2.0668107778819054, 0.26877844429794784, 0.6663824028396313], [11.438176459455413, 48.66948643385184, 15.753442834779765, 2.0411325104142364, 0.26252310479055463, 0.6729064725541616], [11.48503079618544, 48.83044566653162, 15.189167006292248, 2.0693469071125348, 0.2688390673737791, 0.6666835688242989], [11.522401534175408, 49.13435442623288, 15.022491166791399, 2.038808035988294, 0.2718902994734281, 0.667211775149043], [11.486320608013768, 48.34181451485428, 15.222874781358225, 2.083071699662751, 0.26730522560246095, 0.6645768232110791], [11.470929365513935, 49.15169509238767, 15.216877529457662, 2.0518208584143935, 0.2702484695554606, 0.6696402539482414], [11.489164859825069, 48.81697346679297, 15.338316894230536, 2.051167160457714, 0.2681036718442962, 0.6682004921959338], [11.456235265115037, 48.7760740335337, 15.332390559538618, 2.0840409820882067, 0.268075272864645, 0.6697237885618046], [11.54913201570942, 49.191969635726664, 15.44776618926741, 2.0036868479679177, 0.26663636103813804, 0.6727474885112551], [11.514996640539362, 49.22495061695858, 15.237112941394074, 2.0286196052986485, 0.26946205938119083, 0.6682461210293931], [11.493088904275572, 48.43301394346769, 15.166957387055703, 2.0880262275565697, 0.2682997529404332, 0.664074498734624], [11.498034788599254, 48.62413632186072, 15.29276442070295, 2.071541708781409, 0.2687554487261036, 0.6668763791430935], [11.489502522527983, 48.84397960754106, 15.163669455381136, 2.0762420458975006, 0.2693978498106647, 0.6688738059741214], [11.489089565582836, 49.26897889326756, 15.25417880761547, 2.0308548186933235, 0.26927146607984265, 0.6699482515246235], [11.514208332357311, 49.062689651618925, 15.0456483500633, 2.0618070149955643, 0.2704781665335057, 0.6677813212098276], [11.488340814919091, 49.80020728232565, 15.24983775402812, 