{"basin_id": 13, "ref_run_idx": 15, "seed": 215, "x_best": [11.452120116645522, 48.51583721786974, 15.621455840055223, 1.998644980858605, 0.25922105758851277, 0.67932788168758], "best_J": 0.030958144586856133, "P_final": [[11.452120116645522, 48.51583721786974, 15.621455840055223, 1.998644980858605, 0.25922105758851277, 0.67932788168758], [11.473525718085247, 49.15294194621216, 15.435449214239002, 2.037654292666672, 0.268875369560384, 0.6682059944542168], [11.456655628831234, 48.68301891345443, 15.60335443950114, 2.0128390813481407, 0.26225945550054386, 0.674728562298412], [11.413656051189886, 48.53750800298766, 15.745452101585608, 1.9792462120680843, 0.255557629241471, 0.6809277932659996], [11.397961349490828, 48.029877935583485, 16.204995692174403, 1.9114120242437722, 0.24458894773508855, 0.6945135922354457], [11.421225879238731, 47.28941818874665, 16.461855433882786, 1.9255634470740564, 0.24199257185194603, 0.695303581321475], [11.409605167529396, 48.657478662048135, 15.876113450797309, 1.9727214754804274, 0.25552261667782117, 0.6877447246545209], [11.443722099437945, 48.520397377343606, 15.846901248496499, 1.9928342374892178, 0.25935417672479366, 0.6758415746038816], [11.440054322240904, 48.45205239425967, 15.744511620708183, 1.9504132131283853, 0.25501083168739025, 0.6839402239170216], [11.501035695018633, 48.68626590687883, 15.288008028242327, 2.0020223424241124, 0.2625593116048368, 0.6750972875514272], [11.42728879774058, 48.525819340225134, 15.478041802864482, 2.029234684764835, 0.2629738724507062, 0.6762780697893362], [11.474406791793664, 48.7468366966763, 15.770252764638057, 1.973558305938461, 0.25667855994212424, 0.6850289077181093], [11.36717636716864, 47.45829052374251, 16.098783340219917, 1.9980286486733099, 0.24984960622642996, 0.6846345283048687], [11.478013778803104, 48.566332029300646, 15.864910810014559, 1.9454403042603532, 0.25407695143825854, 0.6889412479663937], [11.38386462481416, 47.33333258817007, 16.68088076846388, 1.922980215522122, 0.24104457802053833, 0.6893748716494099], [11.395829663236544, 48.21497787639782, 15.943331609411924, 1.9777695276505505, 0.2530137383829478, 0.6845509099547881], [11.42164682938545, 48.377039096009334, 16.2054671241757, 1.9496265779580961, 0.2510198200593242, 0.686057973269892], [11.43819664240197, 48.5566722336781, 15.953439325812207, 1.986793423734508, 0.25900215091447926, 0.6771453554002238], [11.443446778307175, 48.71599090070827, 15.97137295784161, 1.9542889801537755, 0.254606043513881, 0.6847542747108384], [11.438807043227946, 47.67474732030787, 15.963300163743416, 1.9619548550344277, 0.24702543065839425, 0.6878887763252842], [11.47824254001309, 47.989315579711665, 15.548116928288266, 1.985933846864683, 0.25706437874582144, 0.6753305088193793], [11.375186968718255, 49.800106048277186, 16.340700987175037, 1.838016748043688, 0.24579598298543023, 0.7005063045376394], [11.423220824282659, 48.28969350396409, 15.865630904795886, 1.9652650961319076, 0.25421974511227124, 0.6812637353633113], [11.368086681074686, 46.88732733765907, 16.70374618609672, 1.9222738727718238, 0.23442748263190114, 0.7012404443288834], [11.44103827593424, 48.77762877497753, 15.528375331014812, 1.9877722057879508, 0.2610638339925479, 0.6794459968952259], [11.421617298994727, 48.415583629698745, 15.889682503208736, 1.9572193680264285, 0.2523558475672184, 0.6878962233369813], [11.448970824937444, 48.526034441716114, 15.63135658724115, 1.9816087188388782, 0.2590302171458972, 0.6798735138899726], [11.379394056257942, 48.304223176905396, 16.14397220732429, 1.9724239343638093, 0.24810896190131354, 0.6931021092851457], [11.45931428542084, 48.261468867419296, 15.686240461114668, 1.9772677806312542, 0.25557683364020445, 0.680791876716999], [11.403503776483086, 48.469272999529935, 16.05155079112236, 1.8985756083960033, 0.24409733888199522, 0.7007225875886547], [11.455860368156419, 48.93301088249365, 15.727023095695104, 1.9742751489732953, 0.26003486344888305, 0.675680793744313], [11.48455383352607, 48.30505893234185, 15.838523885677478, 2.0020954530970605, 0.2592147411415, 0.6748093076103385], [11.353333365484293, 48.363387551301166, 16.014267225003362, 1.977181983737474, 0.25421828921868606, 0.6815682409212415], [11.40411168207709, 48.419588749165825, 15.923359211893994, 1.9838349833236117, 0.2561507941948618, 0.6858493395814335], [11.416222879672315, 48.54389484438573, 15.686451482095823, 2.0292723576619633, 0.2632550023920091, 0.6740217817983299], [11.452908818894766, 47.827472575073294, 15.655349222589873, 1.996939401471986, 0.25388146057672456, 0.6804365550253273], [11.474144310620979, 48.416205657507945, 15.495686050000627, 2.021905626439153, 0.263610975282238, 0.6730980201688262], [11.423381660018206, 47.40551445398583, 16.36311688530372, 1.8961376890492092, 0.23980537059175852, 0.6918683495360735], [11.431297355309741, 47.971462998872205, 15.578232026889804, 2.0091674035201903, 0.25948989707356507, 0.6763907958058129], [11.45146620253553, 49.53863545581569, 15.112230695743204, 2.049640809272276, 0.2715588563674723, 0.6648733724479733], [11.41295279554863, 48.466987716232076, 15.921214049506245, 1.9838856038683763, 0.2558268516730621, 0.6808305704583961], [11.392965075229897, 47.66381311146819, 16.151212716364554, 1.9833291922664156, 0.25060948540274736, 0.6822579023120684], [11.405695135852655, 47.79437715972659, 16.11545124345335, 1.922053662655056, 0.24672866513687908, 0.6901925439166995], [11.480579060065548, 49.465513397895904, 15.549252442637432, 1.9608128189998533, 0.26027837523331304, 0.6757080778079217], [11.365334928426217, 47.66657412766589, 16.1175805632379, 1.9721651028735478, 0.24898489858949102, 0.686013885858465], [11.449873702426256, 48.38837630653126, 15.543931448719674, 2.015195464882532, 0.258754418217278, 0.678797107588178], [11.42584183590952, 48.551728719510336, 15.772527879066468, 1.99350178443071, 0.25500563908102974, 0.6839370531420932], [11.409297157069307, 48.29176872553288, 16.27596065728596, 1.9401171711650786, 0.24851329372998326, 0.6881438326584982], [11.48247722425991, 48.66345707224775, 15.645356765835254, 2.0045399502874495, 0.26058291220318336, 0.6791403018316258], [11.450075504448364, 48.44064026727778, 15.871442335685435, 1.9801640566539476, 0.2555768133590151, 0.6806929088093486], [11.388148310235954, 47.85316512253572, 16.383502463624612, 1.9576059644660824, 0.24817585014330001, 0.6826735191292801], [11.464241136689541, 48.551193294649295, 15.686873968008015, 1.983201671019272, 0.2581224388223318, 0.6793889016010974], [11.451585399056404, 48.30321656900105, 15.890923139456026, 1.9530595448295331, 0.25396859876937783, 0.6845515065313005], [11.388316265001734, 48.08360448271391, 16.477340605269482, 1.91027412667312, 0.2435175119727786, 0.6910522653189569], [11.43869404425907, 48.23285118830022, 16.091226440771127, 1.9431951527548588, 0.24921047067527805, 0.6865882981025735], [11.426332172925392, 48.217092079510586, 15.756014684780991, 2.011329916348886, 0.25704720763609806, 0.6816576870111078], [11.430073505635248, 48.038481554187115, 15.910885932049133, 1.9753073030633244, 0.2533125946486681, 0.6870845808907059], [11.431574047487008, 48.20747141432977, 15.996114178740278, 1.981894141047073, 0.2536106306646948, 0.6807764561303618], [11.486309464098248, 47.35233719058449, 15.524680191383897, 2.0035943320822014, 0.25331045978356026, 0.6767227216153944], [11.459230439077635, 48.277358964957635, 15.852223901611877, 1.942659066684175, 0.2522355705597847, 0.6824039701688931], [11.383396938572078, 48.25456045139874, 16.488442817964312, 1.930971679894231, 0.245062254926753, 0.6968125076109345], [11.454251897785667, 47.77169708109569, 15.698271839079288, 1.9827436027160297, 0.2525719889931612, 0.6824595951140277], [11.34296060635246, 47.77660223782578, 16.796953779943237, 1.9226871853090808, 0.24189596527453042, 0.6931776066490957], [11.40380250167915, 47.82641133474687, 15.82982686971045, 2.018439347238298, 0.25654097570440676, 0.6787799199653045], [11.423208667018217, 48.2624500591992, 