{"basin_id": 5, "ref_run_idx": 11, "seed": 211, "x_best": [11.57961885742437, 49.33876892084436, 14.49058150718298, 2.1837410723533024, 0.28772585611278734, 0.6468033250700838], "best_J": 0.031231569273704875, "P_final": [[11.57961885742437, 49.33876892084436, 14.49058150718298, 2.1837410723533024, 0.28772585611278734, 0.6468033250700838], [11.591337112147206, 49.39133175727289, 14.365307250002902, 2.1773452926425154, 0.2881615002746313, 0.6468259869768654], [11.581695460366934, 49.180286761007366, 14.478726600095792, 2.1896668927021183, 0.2868518929854109, 0.6483488773792911], [11.58693726333612, 49.2604975129797, 14.444116307208327, 2.1795114484347664, 0.28672813122590346, 0.6472939231893525], [11.583050002905663, 49.427927047481845, 14.491800471002824, 2.187866309222849, 0.2884725712433248, 0.6456807730586285], [11.591777569611768, 49.61899560974951, 14.410922331839382, 2.193763216383509, 0.2901174491283731, 0.6443632570244385], [11.581036178662934, 49.33048537412867, 14.455675869951293, 2.1774391946048137, 0.28720922862020665, 0.647954906654599], [11.595404932967346, 49.30619213297578, 14.483443710306615, 2.1855713297445605, 0.2876962495484753, 0.646072332542773], [11.590213821156377, 49.39826105024141, 14.504292165918388, 2.1827351327999636, 0.28825460917292833, 0.6466578773794412], [11.582870311421955, 49.489963585897925, 14.463572921595494, 2.184645648628483, 0.28851987655353495, 0.6471336630435058], [11.579868158744997, 49.458085796107994, 14.479932432920814, 2.1811404406915713, 0.28784351225937876, 0.6480599927160626], [11.595870079682804, 49.549508953418126, 14.250218225139545, 2.1869731273207753, 0.2905097074208724, 0.6453480975131659], [11.6156364431056, 49.68707710640792, 14.007786119829525, 2.275537120120067, 0.2999989140106017, 0.635597434714427], [11.58770372459606, 49.29879680398753, 14.373722758469938, 2.216764802621127, 0.2911807215126324, 0.6433005383745853], [11.581172408623196, 49.336743146349555, 14.490804226215618, 2.18032971091854, 0.28682924379196983, 0.6488734810602429], [11.6146169990278, 49.89754411837394, 14.235426668198043, 2.195417218671096, 0.29170527453406647, 0.6432910131352358], [11.584819221569258, 49.33277300208414, 14.459698927664904, 2.1837655056429366, 0.28762786950853086, 0.6479435900753449], [11.586066404513003, 49.34920130398278, 14.465689515416921, 2.179715207303776, 0.2880106468880631, 0.6474332815706099], [11.584602301817377, 49.381010539330454, 14.484464416671736, 2.182347115791731, 0.28792581095975917, 0.6463244298458961], [11.581497353851665, 49.31028283456555, 14.492620049954448, 2.1851771474133512, 0.2874964894068142, 0.6470154619895467], [11.58201597426218, 49.42658054982644, 14.415868054146642, 2.183217231137817, 0.28798479524613996, 0.647382385200366], [11.581448386720831, 49.31261435384829, 14.440078159226472, 2.1996656432573163, 0.2890241576270984, 0.6452323063002432], [11.586077849557396, 49.40822142470185, 14.433454562532521, 2.185647197317824, 0.2886650619757126, 0.645347349697477], [11.584354719011888, 49.52979670888843, 14.429813352518535, 2.1831321546548024, 0.28872490966276865, 0.645967106110106], [11.58062981812437, 49.205090362962736, 14.509524537210744, 2.188366376045498, 0.2870841042183709, 0.6470000167535875], [11.5799825771866, 49.64433573496679, 14.4751655211859, 2.1823528366732887, 0.2877768287867388, 0.6481744218106007], [11.58148840001096, 49.24300465815662, 14.442421104488368, 2.185681639498817, 0.2879141328352639, 0.6450503285662327], [11.583713362369787, 49.42619186533261, 14.40739386165311, 2.1854153796085143, 0.2882945228710194, 0.646639998893291], [11.583339985972684, 49.569345570300335, 14.450897750593404, 2.177591873072931, 0.28889431386470105, 0.6475980659260667], [11.579546292482373, 49.34517914446295, 14.437955735051165, 2.17812372327573, 0.2872613434060893, 0.6477343655410348], [11.597311516760321, 49.326604022933964, 14.404666436286362, 2.2034837592429417, 0.2902019072261602, 0.6443260206510097], [11.630124476806344, 49.7411585098161, 14.211767469608732, 2.2011288603947876, 0.29288384750313357, 0.6404360673412177], [11.580081346392364, 49.31346350682181, 14.50486907634631, 2.180066206751511, 0.28680173243575224, 0.648017516068866], [11.581429654717349, 49.29758933577999, 14.452217267230079, 2.181315994463959, 0.28777196526453563, 0.6468513530508794], [11.584245730881507, 49.529243802671104, 14.449105694768788, 2.184983738090118, 0.28864321539915, 0.6469838450190336], [11.585656675338097, 49.2688332315635, 14.421435756237894, 2.1860747988044027, 0.28795518093643124, 0.6463274643527747], [11.584167419873319, 49.02201124151021, 14.412465755931288, 2.2090937539740354, 0.28870372105574105, 0.64331048412671], [11.581301079896146, 49.463684433358885, 14.444152660890733, 2.182625952334145, 0.28857070168580573, 0.646589265798543], [11.618005417043609, 49.646332061570995, 14.25466267373807, 2.187759135615422, 0.29127900180367117, 0.6454661870545683], [11.617960138341159, 49.478989659690626, 14.206255989485214, 2.291769778472064, 0.2981368113154952, 0.6346971411200367], [11.6405375747963, 50.14596955182767, 14.054390004978593, 2.24077869095335, 0.30043520577102417, 0.6327217318113363], [11.581297327062158, 49.31798966209106, 14.458785576532335, 2.185122751890463, 0.2875037231827512, 0.6467877330848918], [11.598417745618415, 49.78187010288466, 14.270745165973487, 2.2619124392391776, 0.29744596730407, 0.6390940835628424], [11.581641198315165, 49.44064594416111, 14.491598036464922, 2.1899602535137594, 0.2884774954667933, 0.6461221122407037], [11.590321119887127, 49.647615702630254, 14.419769050580221, 2.1841193261317673, 0.29007803802902277, 0.6442581138000636], [11.592482124804018, 49.4230365025204, 14.353818899099588, 2.205010378695432, 0.2902484610523932, 0.6433223677628788], [11.581858676926903, 49.442596136371144, 14.458178941783698, 2.181782945161469, 0.28811828584135957, 0.6472605098765314], [11.587758280055318, 49.40160406176214, 14.36081545903477, 2.203105816245574, 0.28966398027010287, 0.6450040598466477], [11.58008363748335, 49.56138160338095, 14.493010737405767, 2.1843230148262816, 0.28897658098885837, 0.6475999337633331], [11.589308339389875, 49.78538303570153, 14.469638606827665, 2.1808418920769412, 0.2888231778703994, 0.6490759519642235], [11.58243550483793, 49.25288853121945, 14.492232176267672, 2.185470362776845, 0.28775412352619034, 0.6449222608788997], [11.581991132898144, 49.42592769077358, 14.459992190995745, 2.1802653196567303, 0.28719187027211235, 0.648400889862452], [11.598254020301509, 49.97680040481302, 14.243389362967383, 2.2312136550172115, 0.29588599830964174, 0.6427391085845179], [11.609750933664644, 49.84123416985559, 14.198420410917612, 2.232947548408462, 0.296225770800798, 0.6395332665515738], [11.591718726839721, 49.50810861931415, 14.438216388528016, 2.1833728197428237, 0.2888491985726986, 0.6466414446808877], [11.582747694925974, 49.34983524167953, 14.473244362457452, 2.187773593391947, 0.2880898211273697, 0.6464603523200145], [11.583416994368871, 49.276973369068415, 14.49342464900763, 2.1841560153370443, 0.28728884259861637, 0.6478982872472916], [11.582234214526677, 49.44975370529091, 14.493409144067794, 2.178327928706216, 0.2871961639340425, 0.6480740627523888], [11.581284803316922, 49.37001923002016, 14.435016800739215, 2.177458607279873, 0.2876717425550648, 0.6471427498505635], [11.700427675814286, 48.907036828068925, 13.693540404889026, 2.508572499773008, 0.314496821443577, 0.6092066524725702], [11.585127461887332, 49.24441629961458, 14.470032027696446, 2.211527891501161, 0.29019745908308314, 0.6435419552390006], [11.59449126124512, 49.37126549959536, 14.40390372309624, 2.203042889905333, 0.29112674528479826, 0.6437227264875472], [11.581973123899449, 49.289755705417576, 14.394205549308792, 2.1904875002491413, 0.28793672210005, 0.6460070171145964], [11.580431706270415, 49.36744398680225, 14.448315539842362, 2.18119638841809, 0.2872529057854032, 0.6480740767927717], [11.580178925896432, 49.52196525550372, 14.43755768208551, 