{"basin_id": 11, "ref_run_idx": 8, "seed": 208, "x_best": [11.506389476051968, 48.9290200992571, 15.144563001242835, 2.0672951683894696, 0.2701721275955656, 0.6676589550826775], "best_J": 0.030990023663566457, "P_final": [[11.506389476051968, 48.9290200992571, 15.144563001242835, 2.0672951683894696, 0.2701721275955656, 0.6676589550826775], [11.513738313617155, 49.17751301089505, 14.894234552559722, 2.1617879702429876, 0.2803222705107625, 0.6565074808194513], [11.559570283842486, 49.476498516939216, 14.589382517729788, 2.1241089734079686, 0.27914744117164964, 0.6561147047604271], [11.487125148909817, 48.934692140269135, 15.070827004284332, 2.112966869831246, 0.2768446585822564, 0.6573675080589902], [11.536950303046044, 49.80290071360598, 14.689061596724873, 2.098733497197087, 0.2804174219613993, 0.6602828841911957], [11.489024487165253, 48.93633423527848, 14.996761994959027, 2.1728705509441, 0.2800949574501253, 0.6548596771506859], [11.486698126694868, 48.69145295471923, 15.011397725868736, 2.1423981638438696, 0.2745376362503838, 0.6605120327382534], [11.523840064172527, 48.795781083980756, 14.928078892486594, 2.063342925370534, 0.2713717127460951, 0.6664985635012557], [11.503646487664444, 48.86825673385044, 15.11138634720154, 2.1113387889957997, 0.2749721597995961, 0.661432010890222], [11.493214500390685, 49.12062457189313, 14.973944398973787, 2.1153092405337617, 0.2756524563972364, 0.6610812297362867], [11.531946708184716, 49.11578074947105, 14.822820919331132, 2.1269924038277086, 0.2779507536830799, 0.6545655824792905], [11.503399230749087, 48.83488153748175, 14.833061286717633, 2.1607940019015723, 0.2791441764499063, 0.6521288923646021], [11.574188032675245, 49.47092101823043, 14.815045806978622, 2.1555418297035107, 0.2824819374495624, 0.6558624403314036], [11.534609757525802, 48.94292304609009, 14.94585414670019, 2.1033400658248613, 0.27587144504539696, 0.6569171875918542], [11.52112578766243, 49.052181699128454, 14.909375587910473, 2.126691372911103, 0.27885943775402083, 0.6538869112005582], [11.492853509464164, 48.72048808672418, 15.305275102945444, 2.0065062973638472, 0.26369965711157206, 0.675270960191556], [11.530964484522087, 48.89571435874223, 14.787092239792441, 2.1443203487059543, 0.27874039668115635, 0.6558906309883543], [11.467093993703363, 48.78910864873066, 15.178065818264365, 2.113764189578878, 0.2720842332359744, 0.6640357899609841], [11.581476551557987, 49.405125742808565, 14.639571627698544, 2.135357888602948, 0.2817479502626141, 0.6520731595549273], [11.54395792482588, 48.90852278730801, 14.692278866942663, 2.071590149852992, 0.27288355615604565, 0.6654413703656155], [11.511127819834506, 48.78649608111415, 15.003164061903544, 2.058077081207518, 0.26753073968183966, 0.6684237218970492], [11.499692004039415, 48.80289449474484, 15.158745297230794, 2.183190867602333, 0.2812409277277442, 0.6555784435224815], [11.570003464560346, 49.08282143939768, 14.881897952640633, 2.1261435639936086, 0.277394744067123, 0.6616327546388677], [11.585749509618855, 50.58363238181644, 14.561879641615777, 2.102441376768088, 0.2871403757207319, 0.6577225648279537], [11.588766921900604, 49.97395762844024, 14.675020597942881, 2.056425692961925, 0.2770491047857691, 0.6589010269957045], [11.530541088871225, 48.953891615013944, 14.713922335800294, 2.128353515509212, 0.27868480117655087, 0.6580191231964767], [11.535386312810816, 49.471647411452004, 14.568085424161907, 2.1301926973635017, 0.2812913817390309, 0.6588232077532491], [11.477555222319193, 48.66681296402172, 15.061240834091038, 2.096406333610055, 0.27139803849578653, 0.6661088596271235], [11.46425263074458, 48.75483903706937, 15.01618317135632, 2.1547192159445294, 0.27571373054567627, 0.6604678056490438], [11.500215778457912, 49.13198113153303, 14.773442442807788, 2.1525195209200803, 0.28051846435051714, 0.656129817701877], [11.492200547415772, 48.96497553456673, 14.95018893130698, 2.1430145949203894, 0.2771661147740626, 0.6617366114362184], [11.555166072920676, 49.24925552104607, 14.80614003932703, 2.1220353146709523, 0.27950258424135127, 0.6558579250358292], [11.474475399781149, 48.79647536571954, 15.069388353364886, 2.0497044074102737, 0.26853445214555965, 0.6711342508772966], [11.481040178903909, 48.89136137137072, 14.824418506538823, 2.0728072366337815, 0.2702417582813891, 0.6687588500197208], [11.488716257522066, 48.9613225636763, 15.065133202271188, 2.090814056771584, 0.2711589304248238, 0.6676453435816779], [11.526948296641974, 49.467586917143144, 14.764970421435047, 2.051770468087745, 0.2741637990689708, 0.6632843640049735], [11.534337069440442, 48.93827902401526, 15.012695587267238, 2.0789269474742245, 0.2732869781877822, 0.6628116863424993], [11.545640951038225, 49.12225882296379, 14.694660589863757, 2.1380982609307697, 0.27998815201106475, 0.655913834189255], [11.549287868990671, 48.93571794391423, 14.740899724975481, 2.1429389259205864, 0.2789378595211729, 0.6516928300179623], [11.509690217927453, 48.92463251802258, 14.655307692882042, 2.127596778690279, 0.27686466948635174, 0.6572169628537842], [11.493499104271038, 48.67692069006865, 14.77817332400478, 2.099528570938392, 0.27206542070879947, 0.6635680167914211], [11.505915465682705, 48.89747568091434, 15.002061653750776, 2.124274324835087, 0.2771289555466299, 0.6575680133886179], [11.507854971694634, 48.99300614856393, 14.98299116901709, 2.0827946006402605, 0.2720509422922854, 0.6685880629702021], [11.498709828763523, 49.132889181878674, 14.95221322999528, 2.0826038462565846, 0.27384794756580033, 0.6647101832377047], [11.497822215821992, 48.621229634898086, 15.017222366230177, 2.085641316994944, 0.2707151165271244, 0.6642600668735875], [11.502601783020816, 48.75020822545079, 15.045941458045712, 2.1203241306070066, 0.27538211390913986, 0.6592971947639295], [11.522479385689255, 48.645623303166325, 14.789855798450962, 2.129082203804486, 0.27614707747701367, 0.6571881728388534], [11.499910860158867, 49.24150560767147, 14.625250170792695, 2.1581990366427894, 0.28235023988982155, 0.6550908351737271], [11.493812476789655, 48.68532791579237, 14.933860749783479, 2.127565703144881, 0.27400971571979016, 0.6585891006845049], [11.522555333513507, 49.179384901534505, 14.814061597514963, 2.0762143652877563, 0.2750590947362624, 0.6583821803643117], [11.538344053845302, 48.99440895110399, 15.014578146659602, 2.097585553397011, 0.2748856465412653, 0.6586534572770827], [11.545941656595694, 49.30153212454726, 15.028038114046025, 1.9749094408484131, 0.265091704875918, 0.6721690952780929], [11.641884321779726, 50.47687783412847, 14.238931692165515, 2.1196082168239823, 0.29191747238295546, 0.651522118911344], [11.47281751296656, 48.98103498590314, 14.998187450084641, 2.0998708244094106, 0.27398181611476347, 0.6634556970130722], [11.502825640563374, 49.45168660123162, 14.992387020039834, 2.122886118147417, 0.2794080498909059, 0.6583106482300473], [11.510439339362998, 48.919422590018954, 14.853514616506798, 2.1592447063954827, 0.28074152677553443, 0.650737726455747], [11.572555350513715, 49.99907758244881, 14.602721934054902, 2.064391381336329, 0.27886403658361086, 0.6633384311965012], [11.505598339312584, 49.505953439976, 14.839145734436043, 2.143614733117679, 0.28092956196518915, 0.6551539525623706], [11.506814048775437, 48.69918296337473, 14.985761188840542, 2.1424436002453398, 0.2757475715298791, 0.6574345257607271], [11.524636575461665, 49.2204244992069, 14.82406913805741, 2.085166231385648, 0.27750066970847725, 0.6570582110421497], [11.464719005223238, 48.910648566045545, 15.068134021717519, 2.152394239566055, 0.27639637571563236, 0.6599259906107388], [11.523391594442167, 49.23720412299593, 14.743233853283517, 2.1125227717326034, 0.27804613779244236, 0.6605311459072098], [11.51804712141265, 49.502252533114635, 14.630915778697808, 2.1704338557153173, 0.28537704387990265, 0.6551512161563152], [11.475589326838698, 48.735735151064524, 15.066425491136702, 2.0900118199764166, 0.2719617284120761, 0.6675943903521792], [11.50087171715099, 49.36635283548504, 