{"basin_id": 14, "ref_run_idx": 11, "seed": 211, "x_best": [11.468448712495482, 48.96791589229259, 15.374568907621072, 2.0190464091166, 0.26468863041453794, 0.6740274437957272], "best_J": 0.03091896001930158, "P_final": [[11.468448712495482, 48.96791589229259, 15.374568907621072, 2.0190464091166, 0.26468863041453794, 0.6740274437957272], [11.49060230113295, 49.33995302457514, 15.19005099409486, 2.0000816578931424, 0.2660516242452583, 0.6729707565424059], [11.489223562463218, 48.19470181031749, 15.353142591946016, 2.0361264177309812, 0.2634061203284222, 0.6718622934893399], [11.47426251089917, 48.85046983897405, 15.395657908366788, 2.0251201097388525, 0.2658239696776387, 0.6725393596773428], [11.452684746987877, 48.803197785797146, 15.275289709931295, 2.0651879134905684, 0.2693375314771472, 0.6656908293082879], [11.447843400120023, 48.908860064837185, 15.460750848822288, 2.0366674001839815, 0.26470047394407353, 0.6734195410352083], [11.470829085357476, 48.8413376048519, 15.397576950938012, 2.0363663251081885, 0.26572381267391587, 0.6732297263489722], [11.530093668028686, 49.47694512479767, 15.203371662622748, 1.9827263843378968, 0.26715416172789064, 0.6737050607003257], [11.474919824998166, 48.88559948000508, 15.449426393694894, 2.037844151429165, 0.2649830015330983, 0.6736619848986471], [11.473586158174724, 48.83648158351192, 15.436365115167936, 2.0264532520947003, 0.2648037741796718, 0.6747588113538988], [11.487686727856078, 49.364063601986786, 15.149122561026816, 2.000874819302966, 0.2674532446836592, 0.6718528679811482], [11.468144564964891, 48.79464334103436, 15.344248728316867, 2.0236284169386827, 0.2642367832861581, 0.6754818987008635], [11.48177544794693, 49.10008721967193, 15.250631815276735, 2.0316576706116307, 0.26737811968805636, 0.6698918880830339], [11.464032882031404, 48.79278589043116, 15.405543250349954, 2.036992708287466, 0.2647221895407898, 0.6738911135403091], [11.47303462582489, 48.93247413631175, 15.337579109191728, 2.033786138578276, 0.266070792538939, 0.6695198935195789], [11.47174693650408, 48.947414943997146, 15.37912250860649, 2.0259471758583274, 0.2660180405586824, 0.674399875288896], [11.478682041285657, 48.90620748924303, 15.350504935504617, 2.005834690841993, 0.2637252566151244, 0.674803629278094], [11.482786482147024, 48.95026971350731, 15.414171752507627, 2.059443827856042, 0.2677700979866979, 0.670591588067002], [11.47947072544673, 48.8974383761141, 15.345597006535316, 2.008624803811303, 0.2650360678193906, 0.6720466712414429], [11.463521955811732, 48.9438741781762, 15.439472585750522, 2.022036111735431, 0.26481946101337017, 0.6734741549904801], [11.452643885137936, 48.6108729330843, 15.404058020283069, 2.02476247843356, 0.26418720828690506, 0.6711333079038129], [11.474418647974403, 49.153656477518574, 15.341541841614582, 2.0267011765039435, 0.26665400951845125, 0.6757264358585785], [11.485647034617454, 48.47790769206001, 15.38111448181057, 2.063679764646369, 0.26647312478860175, 0.6683513671704147], [11.452807068756707, 48.816426709535826, 15.392633136381608, 2.022531752093697, 0.2635090348373075, 0.673104833074468], [11.484298401706006, 48.815977477079144, 15.32415336721609, 2.0391404687800527, 0.2649038428892115, 0.6705676973479237], [11.467049289176177, 48.779038507545906, 15.469523377400627, 2.0042244782118277, 0.2612244554952165, 0.6760458081206341], [11.4610587975501, 49.0731599591032, 15.346982661181444, 2.0294012356457554, 0.26574394335130436, 0.6720399713512798], [11.478590016071289, 48.84116858228933, 15.302261812033258, 2.048196298517808, 0.2663271078041927, 0.6721751175721177], [11.497637257040893, 49.323915655781576, 15.298382313286956, 2.0477687487568863, 0.2691447790971643, 0.6676950105123642], [11.47593027517974, 49.01618054173762, 15.388684549560075, 2.030615032939998, 0.2658183111023901, 0.6730930003773788], [11.460580257911653, 49.19727232249126, 15.400998525219848, 2.017012478241551, 0.26521113894047804, 0.6745209094062286], [11.458739981079786, 48.68748023740544, 15.432843539071792, 2.022338346643599, 0.26379602028942506, 0.675269655498211], [11.476287728061877, 49.07137655505303, 15.317821902221665, 2.0623632503492035, 0.2697363811550574, 0.6685502383183906], [11.478468937781855, 49.04177158718527, 15.358839982917175, 2.053005734820259, 0.26810492338008196, 0.6708247202766785], [11.474861558428406, 48.7695786973303, 15.287162090558738, 2.0119663223014186, 0.26394584587264214, 0.6736613853558001], [11.46836566889213, 48.416051464765815, 15.415248299675666, 2.0443052902743815, 0.26428127816410074, 0.6661314058122981], [11.512775751737033, 49.14913121705211, 15.125646899965032, 2.021759205732199, 0.2690187819783223, 0.6695210872671181], [11.456062845100343, 48.99122210590339, 15.405113598278236, 2.009971292597706, 0.26418324275431215, 0.6727990720096864], [11.459929793259146, 48.606577419209266, 15.291392081598508, 2.094869992613611, 0.2694639573243561, 0.6658915727436765], [11.46044565619637, 48.89237791148264, 15.420360003462921, 2.0223005836580645, 0.2645997526017566, 0.6741234995607156], [11.458749279699855, 48.86002236345418, 15.280224030930198, 2.046760365203908, 0.2672565792370373, 0.6680947144016481], [11.414405968040409, 48.349086258063245, 15.517138480842677, 2.069761669174646, 0.26271573256039726, 0.6745254176293886], [11.4532833389878, 48.38126299272598, 15.421927191551006, 2.0267293566548963, 0.26166554752646376, 0.668705875348458], [11.48101361118225, 49.0969070998908, 15.351613693325204, 2.0389483016407173, 0.2680244379832897, 0.6687665866598725], [11.508435875112454, 49.146771708008, 15.270951376624371, 2.059783066725661, 0.270341370778461, 0.6666109778617884], [11.459907356429117, 48.64661335590654, 15.426619198938049, 2.023620270485104, 0.2631787722393791, 0.6731603973825484], [11.4536465353121, 48.97290449088536, 15.45408734208276, 2.03517417643351, 0.2660244531433736, 0.6731405636110576], [11.486776304543, 49.18858411412533, 15.259290670343834, 2.0249254594481867, 0.2671138006686355, 0.6693123932519466], [11.466091439432352, 48.95232973901175, 15.405694525569254, 2.026881293556076, 0.2657880764933544, 0.6738911313278635], [11.458040561334125, 48.96665673279616, 15.383535728126894, 2.011620072782421, 0.26346031313319596, 0.6776644332660828], [11.456111007716661, 48.936895881123945, 15.401745949622642, 2.016908661121705, 0.2641507746837435, 0.6761750642068673], [11.48042788985906, 48.94810243521119, 15.360738178202785, 2.043244993979438, 0.2672619669263252, 0.6703160802619159], [11.48291618073116, 48.97952821934364, 15.477373599931802, 2.01167136055739, 0.2646835049002278, 0.6717896423737703], [11.469017031770562, 49.25052165795999, 15.425125676288822, 2.0070699104274845, 0.26399245761266155, 0.6759474307776859], [11.483179456978581, 48.83678406885899, 15.34140606487214, 2.0036964773637713, 0.2639830831677097, 0.6754978087012735], [11.467836451852246, 48.728460420606744, 15.300140394226558, 2.043777993810634, 0.26544229258582824, 0.6735064998368168], [11.484042719857266, 48.99099313598246, 15.33030781634922, 2.0127638245302073, 0.2651675745080474, 0.6721582427149698], [11.453294495342705, 49.01845942427078, 15.485753403670122, 2.0560136523257104, 0.26796727410977667, 0.6690516363365504], [11.432223049718113, 48.57575290123263, 15.287520813981073, 1.9779149413196024, 0.2593062051954955, 0.6792630824767273], [11.477655830876227, 49.232894559290386, 15.254137575059682, 2.0386419092330983, 0.2683773635079759, 0.6713611324455595], [11.46271245063691, 48.91352732424171, 15.453411626345627, 2.0303571857226492, 0.26551585552231216, 0.6731856384509242], [11.470390584507282, 48.92300284298415, 15.242186066560917, 2.0192492706038427, 0.2645527639715213, 0.6740082617033343], [11.482487921283663, 48.98726090778399, 15.331313456115975, 2.0447867701558478, 0.26774426476966506, 0.6697387992005183], [11.47174371430163, 49.00275814105681, 15.30396399208801, 2.0160933428338774, 0.26585352898803744, 0.6732139289543515], [11.465400467134321, 48.97657359219664, 15.410855002755401, 2.0145932024346385,