{"basin_id": 21, "ref_run_idx": 8, "seed": 208, "x_best": [11.677433751909385, 49.950871162494295, 13.908908110545756, 2.3107448345759085, 0.3056136730334126, 0.6276268906066839], "best_J": 0.03187207608658747, "P_final": [[11.677433751909385, 49.950871162494295, 13.908908110545756, 2.3107448345759085, 0.3056136730334126, 0.6276268906066839], [11.677438344314586, 49.9774700234368, 13.894497305571159, 2.313210441874099, 0.305830684082257, 0.6273492931097346], [11.779862503287166, 49.85359871924448, 13.377872630000594, 2.5671548873744183, 0.32783623869416056, 0.5951607037789448], [11.677626696138182, 49.991055218125794, 13.908670262089764, 2.3104197456405973, 0.3056760409908837, 0.6279661205687357], [11.677426167719824, 49.98876267452951, 13.898633271000257, 2.3210234253727196, 0.306636167463449, 0.6263457463409715], [11.677658801841398, 49.928909487961725, 13.900200146503408, 2.3147842486405494, 0.3057834894554142, 0.626543247506613], [11.677399369934678, 49.967620154470595, 13.912336854508142, 2.3109604498056058, 0.3054481581317339, 0.6278466127231281], [11.677604807314324, 50.0094666119615, 13.897904616711402, 2.3222760558130195, 0.30663079273008526, 0.6267882384839742], [11.677601546018995, 49.9369897799892, 13.88363487621318, 2.328130987754758, 0.3070781474169382, 0.6261175623083506], [11.677584708825297, 49.97628965376779, 13.912942093444418, 2.3168549848791082, 0.30588536715031917, 0.627553494762126], [11.677488424837305, 49.9989207303836, 13.901789698324272, 2.3105092051807365, 0.3057592791000675, 0.6277356844878448], [11.677432001017582, 49.96504763684428, 13.900484035989287, 2.311469931756439, 0.3055398497895081, 0.6274787998042809], [11.677636316070728, 49.97018072651371, 13.900425366243837, 2.3113335806983297, 0.30552918819481956, 0.6277068810973168], [11.679261829328409, 49.965754099906626, 13.873915094461514, 2.3161729397636472, 0.3063946317185448, 0.6260390993608885], [11.677330520317824, 49.999221755599216, 13.903107421218218, 2.311110675042542, 0.30554245559832705, 0.6281298762416754], [11.67769956618867, 49.89152083367376, 13.90007597010869, 2.3131268118326127, 0.3055185435241377, 0.6274110853061553], [11.677476560210053, 50.01352872046453, 13.883822636997154, 2.310907440763323, 0.3056829090282021, 0.6262603314313753], [11.677755390577062, 50.00149960418844, 13.892656950901374, 2.3117981570636856, 0.3061085871031869, 0.6276371689970065], [11.67751688452518, 49.99029348773043, 13.901113875926923, 2.312118183888696, 0.30572822029023844, 0.6273971424559626], [11.67735355603551, 49.86066257410401, 13.922281611615116, 2.3144583419976423, 0.3051842480456703, 0.6280240541475995], [11.677591254642117, 49.99797553168974, 13.909406160786656, 2.3105572899762796, 0.30561276869677206, 0.6277485214738783], [11.677788633520287, 49.874885928727835, 13.898869485033616, 2.31826420910009, 0.3055055939761059, 0.6266545373584811], [11.677422276290455, 49.92346106465549, 13.908013196604744, 2.314815995219296, 0.30564585332121635, 0.6278506221969791], [11.677644901705506, 49.95595440529278, 13.910809792060364, 2.310525794284347, 0.3056929819928731, 0.6275052829410374], [11.677416824029235, 49.93187585807513, 13.906226939982227, 2.3154518531408095, 0.3056319718165468, 0.6275148548873007], [11.677799681608045, 49.977795593890946, 13.90641707166477, 2.311345194581824, 0.30584310894270544, 0.6269280996029315], [11.687498261959902, 50.00427990223912, 13.869229293117485, 2.3107880094102122, 0.30597565309228253, 0.6275353680213637], [11.677738069010626, 49.97884549285108, 13.906624500534466, 2.310881788870558, 0.30567560730532123, 0.6275614821970128], [11.677759137483875, 49.915984817437625, 13.896595254330306, 2.311466034857332, 0.3056405182438817, 0.6278034498953945], [11.678590942239786, 49.89820139840272, 13.884029081842899, 2.3230473593519387, 0.30631519574706756, 0.625774589915131], [11.677469100550015, 49.95721499820209, 13.900994534411499, 2.311433164660772, 0.3055710029347715, 0.6277301551992063], [11.677862365911473, 50.05010780251904, 13.916223210886123, 2.311501537728, 0.305994135649479, 0.6274647955306599], [11.677764203913336, 50.00231179493064, 13.90629820602838, 2.310773413359813, 0.30570325075727406, 0.6280587079735471], [11.677372534267157, 49.96640249701313, 13.902846273879558, 2.3110897948331357, 0.30556463742823664, 0.6276550690548361], [11.6778737996263, 49.912329982725744, 13.902635730351408, 2.3152684082310637, 0.30568085689907887, 0.6269607685431301], [11.677708625512732, 49.96683787824743, 13.901273108960105, 2.3107676196710316, 0.3058147152584654, 0.6266482626723026], [11.678010770541993, 49.93280212849303, 13.9194316847489, 2.3139798954501565, 0.3054232992827574, 0.6268785953927406], [11.677483346390453, 49.95766997375233, 13.90976106941761, 2.3148684594199818, 0.3055515581217109, 0.6272066527206178], [11.677717995778403, 49.896648043124486, 13.914704980032404, 2.3119017690310466, 0.3049194502544025, 0.6280790197480723], [11.677556845997707, 49.983671832632275, 13.885439066568946, 2.3113274282540797, 0.3057223904885841, 0.6277236511337878], [11.677538146282261, 49.96940400459689, 13.90734751941508, 2.3122129996818406, 0.3056413386941484, 0.6274433886955239], [11.67755129392693, 49.94676325188083, 13.903095049882264, 2.3117864618742994, 0.3053410690317672, 0.6284694062486404], [11.677430166070648, 50.01115365481065, 13.905083734160774, 2.311245565569932, 0.3057113690327561, 0.6278608526847194], [11.67739789532869, 50.007650605434094, 13.896492258810625, 2.3104380298544043, 0.305640141248544, 0.6279794000015825], [11.67772227100499, 50.011489672166014, 13.9082777100808, 2.311184659614661, 0.3058507281652565, 0.6278778834727891], [11.677488436559923, 49.928599542873236, 13.910499935043008, 2.3117115977120486, 0.305417511935535, 0.6273655834577938], [11.677354752250372, 49.96490252038054, 13.903425434651403, 2.311255657899385, 0.3056669329660938, 0.6279070476478843], [11.6775459351019, 50.00612819623606, 13.904641960844762, 2.3104768372031574, 0.30577309309139994, 0.627759744732619], [11.677660337505115, 49.995316509289005, 13.89380832244095, 2.314120071370175, 0.30618886349073987, 0.6274645053927838], [11.677570749501745, 49.95525469681237, 13.90415011923499, 2.312180336178916, 0.3056790165687963, 0.6274898177340557], [11.677705945146156, 49.992080155714966, 13.90570262147956, 2.3105621174842916, 0.3057853335931996, 0.6274990710901419], [11.677403672064267, 49.957777143838705, 13.899467259294232, 2.3106978377357357, 0.30559110779721865, 0.6280021961737782], [11.67755174968971, 49.91708426756568, 13.900734142714969, 2.3109549069164683, 0.3054825926226265, 0.6274444518426914], [11.677725823651398, 49.967852873698824, 13.904084665730911, 2.3121752264112803, 0.30564116949092096, 0.6278852107349896], [11.67781349283312, 50.0030612089724, 13.90806793533186, 2.3129910214013334, 0.3060375531410318, 0.6272582508693436], [11.677446103850473, 49.95428665566984, 13.90618829583304, 2.3108461577684185, 0.30578248628282745, 0.6274207373632962], [11.677426219459816, 49.96858669907167, 13.905526293496585, 2.3110276647491372, 0.3054759699863396, 0.6278387802501425], [11.677589836437548, 49.95132977371743, 13.916218672148034, 2.310986498366978, 0.3054831821907864, 0.6275480144780268], [11.677734134401078, 49.94517756415457, 13.891290893250845, 2.31070947506295, 0.30550194839802325, 0.6275148380362243], [11.677706005552368, 49.979418506962396, 13.908013196604744, 2.3106488795944973, 0.30564585332121635, 0.6280056039230314], [11.677515068637327, 49.96793732621831, 13.900645681402983, 2.3106720858800758, 0.30556931342204807, 0.6275019444181644], [11.677505843754554, 50.05337782006978, 13.890957520196345, 2.312424384929672, 0.30647023347913227, 0.6264241220298215], [11.677419028826824, 49.925082513116294, 13.912102240405023, 2.3120209903324707, 0.30533892117985595, 0.6278681002512685], [11.67797213414012, 49.95537537572109, 13.90053222328698, 2.3126802382743805, 0.3058525335003486, 0.6273063310237917], [11.67738803279984, 49.96396214391917, 13.912075174617978,