{"basin_id": 4, "ref_run_idx": 14, "seed": 214, "x_best": [11.480203126916072, 48.799261821202116, 15.287616113362162, 2.042897218192339, 0.26686651056459654, 0.6703665338777911], "best_J": 0.030912081074816695, "P_final": [[11.480203126916072, 48.799261821202116, 15.287616113362162, 2.042897218192339, 0.26686651056459654, 0.6703665338777911], [11.484680018562154, 48.93494615672252, 15.278896538514946, 2.0421180221860133, 0.2665518669728439, 0.6729469936389394], [11.492100279677288, 48.88510572951512, 15.06086705346302, 2.0884008569532675, 0.27138749035340165, 0.6631770220838047], [11.474311024720357, 48.873229939380465, 15.360822883895102, 2.0226000438944642, 0.2644374742343556, 0.6744126866733354], [11.480377438677115, 48.91707061570894, 15.337607339608322, 2.0220976835778828, 0.26449226283747396, 0.6744427057984161], [11.473880155732958, 48.39893930961941, 15.253186544878876, 2.0803132045660604, 0.2696017501526653, 0.6597999158631996], [11.463674426099207, 48.678252243468506, 15.302710198609823, 2.0611195867894754, 0.26775742314240614, 0.6687762171778624], [11.536540119671587, 49.67990006316919, 14.931931723909488, 2.0902543651456718, 0.27773146864226217, 0.6606191987515013], [11.538906878174663, 50.23702448660533, 14.640029429327836, 2.141010073125712, 0.2843181531966969, 0.6558401211107696], [11.480914057279984, 48.85072928874711, 15.233350634354187, 2.0522589295831875, 0.268466862912673, 0.6686076068201305], [11.468182468398853, 48.531245296622814, 15.318897774588303, 2.0482320954003725, 0.26559795233559613, 0.6701616662611102], [11.481943694472617, 48.7313398538617, 15.075482109316248, 2.0879768647237915, 0.2720021437858743, 0.6630785784097413], [11.487389214917233, 48.9919103260338, 15.2927954845211, 2.018521305167617, 0.2659168699926687, 0.6725907585254008], [11.483377157576635, 48.83207004929387, 15.290962973209751, 2.034464662061218, 0.26704343451372, 0.6695345865156769], [11.472834221058267, 48.93624558586951, 15.359584299559481, 2.0243788925579125, 0.26520127454530157, 0.6728894294278975], [11.4828606928517, 49.011269231763194, 15.071107088878954, 2.0670673624057136, 0.2711510819454904, 0.6666374178192416], [11.484759389504879, 49.26075641430422, 15.37094837545316, 1.9869086309663588, 0.26364724874337264, 0.6782218162447128], [11.472740922002176, 48.75492157169495, 15.336764672140252, 2.038087719818032, 0.2654283948279585, 0.671993657300639], [11.574005479211563, 49.91670546364549, 14.275783004181742, 2.190347689702925, 0.29157936550300356, 0.6428030834899674], [11.467893811798461, 48.62340750209272, 15.34046706495639, 2.0535775061511217, 0.266146317466333, 0.6682606320304108], [11.480470261396398, 48.565114195017465, 15.213681365730915, 2.064477304797511, 0.26771808495010835, 0.6678822207859018], [11.471137674048158, 48.95789684213612, 15.364569884121675, 2.027277120406279, 0.2657164199292238, 0.6734340037107021], [11.496066585608377, 49.34784741168205, 15.177665806715073, 2.00122297522163, 0.26693052618667623, 0.6729508322302398], [11.4738130060642, 48.83517017682548, 15.300129136316619, 2.0499352066707153, 0.2670544899259305, 0.6707664034392226], [11.470294965121397, 48.905996806451384, 15.304049890003206, 2.038667298620752, 0.266295773947866, 0.6710576713075204], [11.485143798765087, 48.68675793193507, 15.266295050904839, 2.042286448706586, 0.26664883762122954, 0.6680615318535875], [11.482482407705648, 48.97758547692695, 15.290136020044132, 2.0346447282748787, 0.26635010827413563, 0.671236812465178], [11.496479500319913, 49.1909994859503, 15.28051528750348, 2.014426583812618, 0.26740283356845224, 0.6725035363750477], [11.466227782990869, 48.90965520614517, 15.387127843444697, 2.017217465432565, 0.26437934182372996, 0.6758853510592617], [11.46230375066648, 48.80155607763362, 15.42399237353456, 2.0355894005947475, 0.26512655515544026, 0.6728865271583047], [11.467717505691096, 48.68573162198783, 15.339179626899758, 2.0423635894184975, 0.26528128189534406, 0.6720278554909004], [11.49879886772945, 48.878880614569105, 15.24644696345956, 2.0209263347553437, 0.26455759704431836, 0.6742873068903716], [11.534926412725031, 49.43427413816046, 15.016892161846108, 2.062853323105004, 0.2749407324908971, 0.6650316527067691], [11.504719491582604, 49.215346709776654, 15.238359365389092, 2.023763872216776, 0.2682384300974271, 0.6706753705787442], [11.47034122863762, 48.60331184649874, 15.388272979127176, 2.036034052600121, 0.2639730349045503, 0.6718241747216205], [11.511050829934387, 49.106479407057144, 14.910235066325736, 2.0822132248312246, 0.27458293426180497, 0.6613673203858191], [11.49398316136632, 49.235216123173636, 15.313353690343991, 1.9989773124762804, 0.26454028310488875, 0.676003825926763], [11.500759104966132, 49.41051573355083, 14.79352342954256, 2.0942334016218647, 0.27866764925005105, 0.6596688701243117], [11.50865539393295, 48.8251205874508, 15.469114474379975, 1.967497961509665, 0.2580615677426947, 0.680608344342421], [11.47878643447421, 48.95984235342499, 15.41553136079947, 2.02347350015146, 0.26528164814022914, 0.674185511888939], [11.457919775938775, 48.66286409763314, 15.5139789325169, 2.00974697748008, 0.2618827562914876, 0.6760562266320419], [11.47887188867069, 48.79156104863173, 15.287654708379037, 2.060328803658361, 0.2679514455005734, 0.668289432677198], [11.486476850885275, 49.04342308372618, 15.311595354045945, 2.0112695348685383, 0.2653472604130277, 0.6743801312704684], [11.493057182640817, 48.90564749707447, 15.240270806191743, 2.0292951154947536, 0.2665541684847691, 0.6689849235382279], [11.481917941997349, 49.11305874810387, 15.18506582188417, 2.038595315582122, 0.26856350612602686, 0.6701988545204071], [11.483788349300461, 48.884504044446125, 15.33115731254863, 2.0308276219383212, 0.266112535849248, 0.6720408136559836], [11.485361672217298, 48.928753286722184, 15.330697378706228, 2.027345093916033, 0.2657979989899401, 0.6719077383183428], [11.482388148916371, 49.03285229774315, 15.327409702761441, 2.014204656535163, 0.2658805571542456, 0.6732475706078872], [11.49558111694013, 48.647698973015174, 15.281674247905544, 2.0396714891182857, 0.2658010212451779, 0.6716153995706834], [11.46599602688033, 48.648243398190104, 15.341527776724499, 2.0447584906152088, 0.26521945712245326, 0.6715457685317394], [11.49127211342822, 49.0358155589086, 15.335746470119053, 2.0142288293063078, 0.2650217623160763, 0.6736661581323944], [11.469430146925262, 48.8037864241592, 15.278553936088308, 2.044434968023747, 0.2663564158166814, 0.6711483847513081], [11.502374290689977, 49.18616370850078, 15.187824413897896, 2.0208238374143153, 0.26787420760266323, 0.6711767398401275], [11.53553078128623, 49.89801810788602, 14.924018841931044, 2.004057990766028, 0.2707273847350354, 0.6719221930192886], [11.556242710792061, 49.16676234733593, 14.63404915202589, 2.1188729064221805, 0.28041004776932954, 0.6533681676679792], [11.515770167806611, 48.588483458873405, 15.14872281717657, 2.030327664717763, 0.2656452123284101, 0.6707463843949629], [11.504124654732824, 48.87298940260097, 15.130985736715145, 2.0524949435760727, 0.2683230912666591, 0.6708978272245238], [11.482001449222546, 49.04344794024814, 15.198545976165795, 2.0441438296452232, 0.26881091650568995, 0.6689808841100864], [11.499052773246868, 49.67566288613315, 14.9825862187794, 2.0750934531835563, 0.2753583271896194, 0.6650722577491517], [11.490089095195204, 48.97876946453965, 15.249879378184227, 2.0298403870445063, 0.26726680637773587, 0.6709665217455641], [11.467865955163854, 48.66816419419133, 15.354446940941731, 2.039384217548808, 0.2650112435158632, 0.6722767070060199], [11.461226178083336, 48.532101397498764, 15.439513540205727, 2.0310985947072284, 0.2626153065244072, 0.6735671711439813], [11.463995784928354, 48.68741979401918, 15.383495481099583, 2.0628951612944535, 0.26524363725097755, 0.6714949708788555], [11.47954958391619, 48.73577091032762, 15.27866676656098, 2.0498252475474845, 0.26746302090422497, 0.6694754110567529], [11.488882408472195, 48.94188952847585, 15.319528432950197, 