{"basin_id": 2, "ref_run_idx": 3, "seed": 203, "x_best": [11.529473380218803, 49.143871617145095, 14.873615560832407, 2.095871249965059, 0.2762020494472767, 0.6603443676349794], "best_J": 0.030995982899030113, "P_final": [[11.529473380218803, 49.143871617145095, 14.873615560832407, 2.095871249965059, 0.2762020494472767, 0.6603443676349794], [11.561184968079198, 48.99308241287542, 14.726542977849554, 2.0757525955424625, 0.27596068554363046, 0.6597296189910397], [11.49420519233297, 48.35121147503252, 15.064628065310783, 2.1372338251687144, 0.273778141759931, 0.657889480528839], [11.545514679909639, 48.84463004152442, 14.724872712453688, 2.1181692495886546, 0.2785723648235331, 0.6547337876418909], [11.55289137780867, 49.2373178950318, 14.716492952460548, 2.1361159967283943, 0.28108784672114023, 0.655575689548106], [11.614092010874312, 49.55904255547513, 14.214489621463528, 2.2440994535565157, 0.29683628073808227, 0.6344103954517748], [11.612964039882897, 49.30282997666917, 14.158918035085668, 2.2689009979310777, 0.29518352118260804, 0.6408766082022838], [11.51192195111427, 48.925578486815425, 15.095847626739745, 2.0972333685333395, 0.27294941014003626, 0.6615361562667271], [11.642449902366641, 49.17729646199329, 14.150657074987318, 2.2355578173435653, 0.29279181610820254, 0.633194949190048], [11.507904381305986, 49.427989887829085, 14.829525294619812, 2.1515777234745093, 0.282857495718367, 0.6560811505542221], [11.518047675914577, 48.638446475410966, 15.015457489679552, 2.0963252950897324, 0.2729252695881449, 0.6595012477919472], [11.540630195629744, 49.18840689867449, 14.70936818496481, 2.1323974041653577, 0.2810481909407232, 0.6535841049855817], [11.549415171173465, 49.239071626129444, 14.85093399944663, 2.082880551956805, 0.2746221663665967, 0.6609235793812452], [11.52704085861227, 48.975125129407985, 14.935233864232737, 2.0882207974708993, 0.2750920521244764, 0.6610573106960785], [11.530359384360457, 49.559362583954815, 14.880563155944396, 2.0764235583365815, 0.2770484129646754, 0.6609662983415473], [11.553870704590404, 49.285380447947965, 14.728514944277894, 2.1183268979266803, 0.2794182348703783, 0.6563587561259733], [11.560697976051694, 49.845930016479784, 14.28816321695021, 2.1697992762523612, 0.29108954889011907, 0.6454048596034312], [11.56782666867363, 49.92818266220409, 14.64076578630435, 2.184304265200539, 0.2890154672372874, 0.6490263289494158], [11.549536155748797, 49.02284666685415, 14.782398453195617, 2.113955843207184, 0.2789336943499806, 0.6554707859496949], [11.610619102129563, 50.099337640703084, 14.280370082916052, 2.1687970334027926, 0.2912146156355726, 0.6453577119442844], [11.6111396874609, 49.52317851585813, 14.416541063166175, 2.2509977977695295, 0.29429652025328923, 0.6405506184842239], [11.539709045261269, 48.877220269372586, 14.44858922113091, 2.152922868980102, 0.2814139986613201, 0.650444623382122], [11.531378499229778, 48.94289995671341, 14.972453446325964, 2.08405986219535, 0.2741076981713589, 0.6613710626507043], [11.521167685144247, 48.83401822542215, 15.025174979228256, 2.0764379946085834, 0.27350721534381345, 0.6615347051117536], [11.5334221872096, 48.57557784993322, 14.97168951154329, 2.09241865748504, 0.27286779217360146, 0.6647110511054484], [11.532245078664015, 48.91923891407685, 14.94893992922567, 2.1129170853308494, 0.27565033229007435, 0.655891276742819], [11.510808670960696, 49.32626362268125, 14.989328728352177, 2.0978478943059, 0.27535462253403337, 0.6618013897591283], [11.553022857239359, 49.076171348406554, 14.80848664841672, 2.1107608033100593, 0.2785335631887399, 0.6567961641905934], [11.557730058146467, 49.46437008399854, 14.698144943800672, 2.1102956751332007, 0.28002081029536136, 0.6562749551100101], [11.552149916410114, 48.981813287436104, 14.540255706934598, 2.24980913773118, 0.2892013020858334, 0.6441927449581923], [11.540204823101114, 48.423324274689634, 15.038528179749457, 2.118614387873141, 0.2721295201233903, 0.6610465723386074], [11.556191871915251, 49.159276544394864, 14.802923492088425, 2.1005406671860247, 0.27814334101032984, 0.6537739524063655], [11.571056877605251, 50.12359150896938, 14.310652477316125, 2.285059679837096, 0.30013699672284744, 0.6300676146105448], [11.5942099256942, 49.84801104449775, 14.500433020453459, 2.1965165165030083, 0.29251793396956854, 0.6418814508070398], [11.564314417247122, 48.98478105461602, 14.771387041294526, 2.0939358812230866, 0.2762670658724612, 0.6584231694796416], [11.533856119013977, 49.0001691804146, 14.650007478797413, 2.154775419846537, 0.2811231055391106, 0.6538829916339042], [11.611113736969822, 50.186107319499065, 14.29099931107587, 2.2694241392252774, 0.3004882984659091, 0.635375534530997], [11.526995115447335, 49.26027838523954, 15.02535137615304, 2.0688647443090264, 0.2716411486647812, 0.6616589858357387], [11.539688409641826, 48.88050662017363, 14.872957418894313, 2.1062632541867106, 0.2759253852112261, 0.6573871748766562], [11.61557984401942, 49.49139703931564, 14.182513656125348, 2.2875810288823986, 0.29791472957224924, 0.638737217154232], [11.529149200084888, 49.17182282828461, 14.900658144323108, 2.1233246433294295, 0.27719399901028785, 0.6571167233016504], [11.55880168508321, 49.15087516376902, 14.738022600387154, 2.121156156109154, 0.28087500304241714, 0.656124841916689], [11.618774575059433, 49.2830390063439, 13.96436875701487, 2.319911290803564, 0.3015040835693609, 0.6319328317225142], [11.544455958736718, 48.87833043082859, 14.850042043170012, 2.159573962809337, 0.27914637979903467, 0.6539805399936041], [11.567970642871682, 48.90547407823072, 14.465271329589179, 2.2131263394949734, 0.2890434129417852, 0.6402456389575552], [11.551393734551858, 49.037502674212135, 14.746546499570531, 2.174726470365202, 0.28384631605317473, 0.6490370401916028], [11.526776024873922, 49.498551254994666, 14.720505203580645, 2.122412960868853, 0.2815774275511459, 0.6570177969437743], [11.573965500503824, 48.89225934066109, 14.577810433013335, 2.180791136288006, 0.2842357372406562, 0.6474675261519394], [11.535373737511817, 49.570097073826254, 14.698866343367225, 2.2186594144733247, 0.28791384230426403, 0.646920475861605], [11.62171044566464, 49.6930614133169, 14.035588916871367, 2.26295849446892, 0.29866467064692814, 0.633683240624232], [11.558899162327654, 49.39424446907389, 14.729874958538856, 2.0894450518203582, 0.2782591041022427, 0.6600620220394713], [11.588279605008639, 50.21906331043298, 14.065431644501539, 2.20231632815813, 0.2937256819529553, 0.6430824020871374], [11.5172027079245, 49.20788879589948, 14.916716323343792, 2.118930957573514, 0.279175908258554, 0.6558119109606613], [11.614347298792465, 49.445515068629696, 14.358858426214727, 2.2358027867241264, 0.2918690089380225, 0.6453355892130505], [11.543845871512294, 48.76142284119383, 14.89793305449428, 2.0938525370550893, 0.2743988401283322, 0.6590440811067948], [11.549785322071271, 49.162135442987385, 14.964733937767456, 2.0788198725380416, 0.27364781092639706, 0.6638309686204888], [11.557481483201578, 48.84389305515877, 14.805320523558423, 2.137566551051523, 0.278937376577755, 0.6568502782927629], [11.597333480024638, 49.851250546340744, 14.219858796193462, 2.2649610376555103, 0.3002567552799356, 0.6328738252476273], [11.522537227140964, 49.09738033980059, 14.980032529875375, 2.076221320545419, 0.27377651131343766, 0.6592663059462169], [11.638222903934738, 49.95037993101699, 14.230985974151508, 2.233577604832762, 0.29540762997633596, 0.6387410680177127], [11.508623293344975, 49.33058291287708, 14.649461189593389, 2.2134490099844846, 0.2885115594482035, 0.6474420264446745], [11.54139385240113, 49.25285742277889, 14.77732227065866, 2.1330283551231926, 0.2811113132517204, 0.6554978249528185], [11.602035100949246, 48.762479716030136, 14.276126463493426, 2.2808235324926938, 0.2948726713974955, 0.6333593313542355], [11.562286943324262, 48.82261448482352, 14.795529949339244, 2.1095187596320977, 0.27665727360563896, 0.6572565944506946], [11.543969694686083, 49.14836634035379, 14.710087434992278, 