{"basin_id": 2, "ref_run_idx": 4, "seed": 204, "x_best": [11.504684040760509, 49.149087041304256, 15.04111798258922, 2.0662359594435924, 0.2721907784447233, 0.6652821685003298], "best_J": 0.03094299079209456, "P_final": [[11.504684040760509, 49.149087041304256, 15.04111798258922, 2.0662359594435924, 0.2721907784447233, 0.6652821685003298], [11.496328530263057, 48.743505342674645, 15.110136413477175, 2.106716138906094, 0.2738668302827152, 0.6591424126754684], [11.533923881732159, 49.0207887123453, 14.7899017503557, 2.155013814304487, 0.28223801034781915, 0.6530672432066216], [11.520930386170724, 49.18865706796744, 14.884067548280633, 2.085023181852758, 0.27484519442349953, 0.6620562613350929], [11.4958987100881, 49.141750583750415, 15.042393728615219, 2.0715026807960437, 0.2725591254776846, 0.6649378393002855], [11.53324914698651, 49.05366881967491, 14.858591291066388, 2.109415348111721, 0.2760070983565748, 0.6587390274296786], [11.51985129499757, 48.99689311050244, 14.885453808225785, 2.1212971747686953, 0.27751858488697984, 0.6582378157906816], [11.510813858700052, 48.99534697428133, 14.9517116852686, 2.0960232806951455, 0.27517674690145955, 0.6596687045180439], [11.560758500497206, 49.14018653133355, 14.555940482055208, 2.2075483215369998, 0.28868108683396754, 0.6441337637410219], [11.514260005452051, 49.11920599237322, 14.915324863143532, 2.101764244601931, 0.2762037618671812, 0.6595067471704518], [11.534830718194799, 49.507495749917084, 14.853943422048864, 2.09966491338735, 0.27752667540312265, 0.659419517675971], [11.547101140576556, 49.2697269052509, 14.821000571260603, 2.065048766826177, 0.2756303155294051, 0.6597048614163344], [11.622161567163996, 50.27061098364676, 14.09704119192924, 2.2784752638210595, 0.3013753588229358, 0.6383541886103385], [11.557543082934213, 49.267691968598406, 14.548429857065294, 2.147159339723862, 0.28505903788374065, 0.652077231839964], [11.534150786977872, 49.31412428156212, 14.784182054098492, 2.105030457965855, 0.2775387047012273, 0.6600207397766016], [11.589078440518419, 49.628380861414925, 14.406975852043367, 2.1667429990976292, 0.28780486323236815, 0.6498101058207517], [11.497728405337345, 48.89031808786865, 14.965002281691978, 2.107208921416075, 0.2747827043805386, 0.6601826944973072], [11.540683731363414, 49.083132134695795, 14.923544009582145, 2.10286982036026, 0.27608725768023185, 0.659942866266853], [11.561832293767173, 50.01032598195135, 14.74522747516825, 2.1041211885553643, 0.28367711282879554, 0.6561974113941822], [11.558290569914842, 49.55466348968776, 14.726593410021156, 2.1155148307734803, 0.28243838780295, 0.6556891139311052], [11.55741272823221, 49.8678852237503, 14.590730426653288, 2.1407319247866936, 0.2884760078704375, 0.6506212326560479], [11.630549886987803, 49.11821215730665, 14.305627354037156, 2.283146195544215, 0.2957125883590809, 0.6394979672573269], [11.51570979957865, 49.46419005519556, 14.750890585576087, 2.0574997144957186, 0.2729695754938317, 0.6688489000656048], [11.571465907920711, 49.47919515518835, 14.524243513345755, 2.1568688641272895, 0.28584416839013554, 0.6534217064508422], [11.538613950207171, 49.30246166515421, 14.744873853207586, 2.1337776660820498, 0.28126568701998783, 0.6545610105408193], [11.520545615981705, 49.381091550792185, 14.860002086066736, 2.11377249244831, 0.2789332917320825, 0.657255750026784], [11.511464217961073, 49.081084585552695, 14.964161727051163, 2.0913472061790235, 0.27470537102664533, 0.6604821368317912], [11.523592239214434, 49.22466156727165, 14.986385916528466, 2.092263157933895, 0.2751602308292149, 0.6613449422770784], [11.542479494314586, 49.522257686555726, 14.569296970393383, 2.1459656139928542, 0.2837242108060821, 0.6548477890666288], [11.524691485218014, 49.098787173581115, 14.9281436445759, 2.0928530908639056, 0.2755108175302531, 0.65841815220247], [11.48689307319243, 48.961521916318226, 15.083991127374457, 2.0798146344950856, 0.2716570504552441, 0.6668806581367192], [11.606646282856305, 50.079878033212445, 14.408575202835983, 2.208317123153154, 0.29467505063146227, 0.6418945109906432], [11.51228056615755, 48.97064070825946, 14.90832733221659, 2.10025742082603, 0.27560522993355707, 0.6575167495344237], [11.499834003480387, 49.01134125462756, 14.972173881049253, 2.0879025817083736, 0.2740210588570578, 0.6629434657594764], [11.542485127396223, 49.49639407279024, 14.899346440578556, 2.1319806349636354, 0.2811759409864648, 0.6538721702826089], [11.532751014991447, 49.05291339054496, 14.736962841456814, 2.110919188682224, 0.2774764437742519, 0.6578292752631644], [11.534398564341817, 49.47310305431775, 14.831068538991548, 2.104238754064228, 0.27854974005638483, 0.6589005606045534], [11.554524325596075, 49.471978920671255, 14.642726107028345, 2.1519259066173264, 0.28453086561243446, 0.6502812728162208], [11.630151774120291, 50.02095434961012, 13.99682287445568, 2.2980057173975523, 0.301811706321637, 0.634425189192333], [11.524885332221638, 49.1191844013461, 14.726964990347529, 2.160277530420638, 0.28209472071819497, 0.6519260030077012], [11.535998111832512, 49.05534360141702, 14.694098021163517, 2.1894523026416413, 0.28496076183923397, 0.6483901354956065], [11.620430483991596, 49.762640537651315, 14.156030978395473, 2.2266338750157018, 0.29670973883305984, 0.6381348305379424], [11.521386953600771, 49.31325164385864, 14.922492670335227, 2.0721967409390625, 0.2731311699852961, 0.6646239390278059], [11.524498063388046, 49.09960267030391, 14.796295134516646, 2.112021985976875, 0.2764958606122043, 0.6643659117527657], [11.539961958790515, 49.38861132758399, 14.872731614623241, 2.0537592224433117, 0.2747770721726718, 0.6623813683350429], [11.589025611612332, 49.74988940009121, 14.382481013544275, 2.2368342579916494, 0.29474055650248604, 0.641954349560926], [11.591479461102782, 49.69418088629873, 14.226727846601861, 2.2319638211562243, 0.29397048791635605, 0.6412093935689819], [11.524779936849335, 49.00914951002743, 14.97624315712117, 2.074189188222784, 0.27208346798138006, 0.665018230154503], [11.510399921048675, 49.05886374352741, 14.835825228264833, 2.139415087509883, 0.27974039960635283, 0.6570113489792004], [11.664790427422385, 50.80898636853416, 13.803465442440261, 2.2498213555241544, 0.3092825235164031, 0.6307497737234989], [11.55738735971527, 49.263911357690276, 14.610617029810406, 2.1777486018099017, 0.2860507031656792, 0.6478778346753052], [11.511397800316262, 49.106306290744406, 15.001826273076226, 2.0819003000789578, 0.2747070068616567, 0.6584839852010891], [11.511986121365684, 49.282967597562305, 15.01618742452238, 2.0915123443502757, 0.2762405006016765, 0.660319779029464], [11.554648259696119, 49.380033652958396, 14.616525904233777, 2.1548503745143766, 0.2844145346701347, 0.6507812005341437], [11.53889598653309, 49.41935627963372, 14.688663386752665, 2.140088127492951, 0.28103152492773426, 0.6547915983710445], [11.519777269106404, 48.54187138555399, 14.976114588913033, 2.1134845781161897, 0.2728459011515035, 0.6637689413899375], [11.561408497215886, 49.843287072015464, 14.506013602924032, 2.183960367966089, 0.2909865158761464, 0.6466226480544883], [11.510730502245003, 49.130219531105794, 14.961689614143538, 2.088669250995903, 0.2751029337773324, 0.663329911279608], [11.566348029535472, 50.34823443492208, 14.451305879337639, 2.1384826336593243, 0.2893280635310639, 0.6520742468324234], [11.571315674655102, 49.79726645468697, 14.730290130427953, 2.0802525416330404, 0.27972731535215395, 0.6595076225882033], [11.500772313572165, 49.05439275889345, 14.919452612365713, 2.119498108558743, 0.2763813382696453, 0.659824701898634], [11.604842944055216, 49.40728561843687, 14.23035063266864, 2.2792604091593063, 0.29806285163828944, 0.6338456504010738], [11.51826858345325, 49.474288200654314, 14.859171997859665, 2.0956253560116984, 0.2783645241480285, 0.662670650636496], [11.532640311775273, 49.26074020693483, 14.742126269662634, 2.100091838965929, 0.2774376145481432, 0.6607371890578394], [11.511178342560434, 49.22920690357452, 14.837837228700481, 