{"basin_id": 22, "ref_run_idx": 7, "seed": 207, "x_best": [11.476987747918105, 48.92080354727779, 15.289854081774251, 2.0386495246386622, 0.2666725495833118, 0.6709146056644031], "best_J": 0.030916715803711692, "P_final": [[11.476987747918105, 48.92080354727779, 15.289854081774251, 2.0386495246386622, 0.2666725495833118, 0.6709146056644031], [11.506884561189045, 49.24987365657145, 14.984950442776903, 2.079202390980397, 0.27519536616394663, 0.6617281535472211], [11.508826183097169, 49.13951941525624, 15.082346848026623, 2.0622813351082305, 0.2718793940461362, 0.6654699806079092], [11.47176432113452, 48.73916371680083, 15.217023800678236, 2.103263789864877, 0.2722080850592981, 0.6640907967651769], [11.493065367778911, 49.318019663002275, 14.976499003810245, 2.0718282774454577, 0.27331264390932375, 0.6661457332424205], [11.467330172545523, 48.70151866206474, 15.219245032098017, 2.0682343110869397, 0.2684179062825905, 0.6681412173064857], [11.678892697422292, 50.76980762170864, 13.798640406787047, 2.353376750788896, 0.31298382506300526, 0.6343229465955521], [11.480715557317653, 48.97680889081703, 15.17380081286848, 2.0631014919448423, 0.2698958396438483, 0.6670573056989139], [11.491520960223475, 48.79388629589311, 15.157375256161654, 2.05187246471318, 0.267585256393336, 0.6683036431608715], [11.539430533554278, 49.63551610730834, 14.884406000138775, 2.0576443931845, 0.2766203630619016, 0.6634800109110789], [11.512674647737946, 49.15209763688979, 15.102381757216603, 2.0351499532606607, 0.2697067888870375, 0.6683954465568646], [11.526546942520612, 49.70833072230223, 15.012286922106393, 2.0156860277406654, 0.2715838311150598, 0.6699655276292343], [11.495223058833883, 48.84371481693997, 15.12081063778669, 2.09927874264572, 0.27276466210753697, 0.6629242798299247], [11.483598279655705, 48.63120870349009, 15.257437669679192, 2.043292141592279, 0.26619913045950333, 0.6697009332560886], [11.51515868940799, 49.43904163251621, 14.928051243660377, 2.069167345580957, 0.2743420653032663, 0.6656591843433877], [11.464648918427585, 49.185773427708526, 15.301264773566967, 2.0521298666596373, 0.26782936367357474, 0.6720943441287082], [11.516676045625594, 49.27136692544521, 15.118543480816681, 2.0471273952801075, 0.2720422842210852, 0.6667294842719338], [11.491990991296195, 48.634667193180476, 15.218602903029254, 2.069771490677929, 0.26824276495136956, 0.6670089398339287], [11.49991299542565, 49.07804670127896, 15.106189115073537, 2.083161159666315, 0.2735433520816317, 0.6605843492156219], [11.497417095761593, 49.39513012976241, 15.06515230113195, 2.049875347002512, 0.27139036153117185, 0.6689966157133402], [11.464750178136983, 48.98256690740467, 15.291315907753429, 2.0224117417123915, 0.2656410836974606, 0.6727352069033691], [11.486473025917453, 48.839189756566405, 15.225241826767794, 2.0526963749710383, 0.2682784854231684, 0.6681789348019423], [11.49852257529962, 48.773959826662484, 15.019668037462537, 2.0915070331329875, 0.27243392642968, 0.6621455777232428], [11.512479821588565, 49.43963563723596, 14.800466166911878, 2.131744748310877, 0.28092371511655956, 0.6580611737948877], [11.541438521370901, 49.18638988435433, 14.904548604435412, 2.071684502594327, 0.2747646657517212, 0.6622745487552467], [11.56428852110062, 49.764899742034125, 14.681066643950349, 2.1380080282853027, 0.28503233595983923, 0.6493618933707581], [11.472311627405027, 48.60352931658112, 15.25326450473827, 2.049677722402591, 0.2659960278407903, 0.6691497329277544], [11.50145027302362, 49.15307600993273, 15.191749026183354, 2.0114430987608602, 0.26603861620502756, 0.6734454133401301], [11.52495396370387, 49.169940530490805, 14.848413650798808, 2.1381616833302703, 0.27974120894214405, 0.6555459723767296], [11.52152955991868, 49.214536486586866, 15.125858741418174, 2.0331281085005473, 0.26939121428639634, 0.6691908702007783], [11.47309254566827, 48.85290745696352, 15.275522178145296, 2.049573093266206, 0.2676763661974101, 0.6698000149865218], [11.531273972675656, 49.39003548591983, 14.824390085832961, 2.0963272696254736, 0.27722036343946216, 0.6601871488130401], [11.481362493993334, 48.711184882758715, 15.320381141999123, 2.020896864950572, 0.2634868173260411, 0.6745759155413095], [11.475151331134569, 48.45272058197483, 15.272156747157313, 2.0633213533826398, 0.26847371040999934, 0.6679603195658991], [11.52999767097845, 49.541473482016535, 14.96219155206318, 2.0820329308092984, 0.2763370253984674, 0.6603825811900631], [11.512629222851078, 49.17604355861336, 15.035317088081802, 2.0285589536990165, 0.2692667981200148, 0.6689313650783827], [11.472701064816183, 48.926161096286194, 15.275319020309135, 2.0425686882073366, 0.26674402799544705, 0.6702498465402403], [11.491905066755915, 48.98801722188591, 15.203928373137549, 2.035404163199925, 0.2673285939765898, 0.6700130850141851], [11.552820822875917, 49.5622258844477, 14.910058229076153, 2.060238417399493, 0.27673885522431446, 0.6614023037868204], [11.512185484817099, 48.957465894981055, 15.137887307081883, 2.0735179000838784, 0.2716064799854885, 0.6658129337311924], [11.557672051824795, 49.420609141584116, 14.628628025020014, 2.151702087492953, 0.2846707917503401, 0.6524126777116621], [11.466841700497515, 48.685013363435246, 15.328265689963267, 2.0709289279841636, 0.2684485498492824, 0.6677775104338516], [11.47012628480572, 48.78022389345766, 15.31739667333342, 2.053084055554356, 0.26681394142071607, 0.6706472311142792], [11.500725368403646, 49.254442121614744, 15.094557718866795, 2.0635032660838046, 0.2719634060026254, 0.664133671027394], [11.49193352045762, 49.04094917932887, 15.092292870285704, 2.069247863005529, 0.27117950632725546, 0.6664103568368493], [11.504925667279608, 49.0926398757897, 15.059401873297148, 2.087825621167125, 0.2745559298172311, 0.6631754066046923], [11.458756421519281, 48.90046641380887, 15.304440165313688, 2.0451739691202673, 0.26627493488641185, 0.6712396535276763], [11.484686155846969, 49.060808590112416, 15.187806099435871, 2.03541422039084, 0.26788987800408276, 0.6705418119758697], [11.473095089000834, 48.94561855073584, 15.318047848430716, 2.0279095823764983, 0.2655825374556825, 0.6720173473209015], [11.540535566881404, 49.28458698188053, 14.81111305366648, 2.0754381046306993, 0.2771302583317898, 0.6591146024505986], [11.507946076644439, 49.35987214527217, 15.148685546923264, 2.025846154706453, 0.2696530884501876, 0.6696155164087996], [11.505435064171493, 48.89107434324627, 15.211096770561108, 2.061896248867886, 0.2696957610612574, 0.6673447924488459], [11.537316729658404, 50.49769146967373, 15.062943689405108, 1.9737159188488453, 0.27223449541086364, 0.6748553463369689], [11.55261710007846, 49.42757700787366, 14.837124037230936, 2.048733266884757, 0.27496769409354005, 0.6647469210083967], [11.503865155645332, 48.779402433064384, 15.025601296818477, 2.092976343125293, 0.27221785036279, 0.6630697221813293], [11.49913554888501, 49.00502646070091, 15.067339370226001, 2.07700431605215, 0.2717646467007971, 0.6654723947077169], [11.509000568945886, 49.34918348220618, 15.131778108413137, 2.039414139694493, 0.26985611336910104, 0.6718972900061875], [11.500391255329365, 49.18934052247146, 15.132275514191848, 2.034292293131626, 0.2691812211530372, 0.6692447528327626], [11.51483363224007, 50.04205160016594, 14.978541726426396, 2.043817829460804, 0.2754213050257618, 0.667100146760937], [11.617987869230937, 50.596479324450065, 14.851147947632843, 2.0353523868973604, 0.28066327965783633, 0.6578880745959907], [11.465926645499804, 48.56444046373952, 15.323136880667843, 2.041788203114109, 0.2640470397325688, 0.6725878225627917], [11.473823290882198, 48.81748793491245, 15.225131473856264, 2.0641166430458795, 0.26865403351949274, 0.667952453031653], [11.486905165799659, 48.7554899071381, 15.151846762524645, 2.079995304907631, 0.2707907044539207, 0.6644220063326345], [11.475549901491247, 48.723400223881754, 15.23247824652151, 2.0666053348492324, 0.2687065654076251, 0.6677431127258815], [11.5274137390885, 49.433059240415574, 14.95479537602092, 