{"basin_id": 14, "ref_run_idx": 9, "seed": 209, "x_best": [11.478400023664705, 48.92899886248401, 15.411071284802738, 1.9958943390213812, 0.2620458071725798, 0.6769952853757663], "best_J": 0.03093979881587987, "P_final": [[11.478400023664705, 48.92899886248401, 15.411071284802738, 1.9958943390213812, 0.2620458071725798, 0.6769952853757663], [11.452676142677287, 48.45582730719958, 15.52738522447182, 2.0437140823985884, 0.26348324398780804, 0.6698431986003683], [11.492888417400474, 48.43023682424038, 15.178260875803417, 2.0415381447528023, 0.2658438383057327, 0.6714342015978282], [11.467447141293487, 48.69040279437929, 15.636622934295877, 1.9928794955136433, 0.2593735721473522, 0.6785343450190817], [11.480228749971534, 48.100772254194496, 15.589991026974529, 2.0791595767186664, 0.2649749821148905, 0.6634460448345908], [11.414599720453975, 47.98472882608967, 15.528557691817518, 2.0951105579081593, 0.26605329303472924, 0.6681262251885098], [11.467590526229564, 47.55198591199244, 15.565485358160121, 2.0781175248639574, 0.2600524155018587, 0.672464270363684], [11.462981718443338, 48.47976290465455, 15.352433048871106, 2.031090130877138, 0.26369881222885044, 0.6744190910766295], [11.45451762721472, 48.3416348003522, 15.378135425016982, 2.025712523663099, 0.2633442258431322, 0.6713763139463581], [11.48442317150646, 49.495720190058, 15.408682030810583, 1.9981105873473732, 0.26465267701922196, 0.6802231182717354], [11.480922921134788, 48.52617055342227, 15.367266245973289, 2.056165718485068, 0.26627837656080877, 0.6705186444852781], [11.41228169896452, 48.314483028475564, 15.578083544084745, 2.0580093174713836, 0.261490681345143, 0.6752821242764506], [11.442609617916277, 47.71486742145651, 15.583214899251116, 2.0539157789247366, 0.26162615685344454, 0.6682572145277057], [11.44531316094655, 49.54551541485729, 15.799860539247705, 1.954070815326295, 0.26376085138418387, 0.6768352738230164], [11.488392244599089, 49.0254903385913, 15.089168364670352, 2.0290097449275124, 0.26596369373015943, 0.6721882812497616], [11.428451031422519, 47.88611478780423, 15.483012930478532, 2.087566035629171, 0.2627122945040217, 0.6749653619756543], [11.47733322987124, 48.53049631044665, 15.332063997786555, 2.034859840642761, 0.26462757581534346, 0.6712069875394914], [11.45846938964157, 48.11815243813965, 15.507727622428463, 2.0443320805588745, 0.26342251201540795, 0.670754057584654], [11.483379503494488, 48.60208437895686, 15.397667597466656, 2.016471692882374, 0.26299612650421716, 0.6716226037679598], [11.491020164690172, 48.395341113724854, 15.397999236073534, 2.034088420039336, 0.26261630161384697, 0.6713797504266047], [11.449718678110404, 47.85020614074799, 15.52130060723266, 2.087694843022262, 0.26491330741880104, 0.6626660563544028], [11.406586847989367, 47.46051960313611, 15.277271315473984, 2.117799533265517, 0.26537083543807116, 0.6706475593598361], [11.499931529665302, 49.00622484040283, 15.334743238176546, 2.067008750233286, 0.2685080636201352, 0.6699531914876903], [11.442445095150962, 48.26290160276667, 15.37203368136834, 2.077508261085555, 0.2660911443548256, 0.6699592712002336], [11.400614039247623, 47.2223263037889, 15.499009056646667, 2.166484660578964, 0.2670983148106344, 0.6647933546481827], [11.457786340995678, 48.421542837697885, 15.258962741782142, 2.060270353832076, 0.26611624882710705, 0.6718106835099715], [11.419326652302752, 48.71694586466287, 15.351733949832147, 2.063902991998202, 0.2656750945094346, 0.6675063245066625], [11.421116738313268, 48.052492815579434, 15.408248811345453, 2.072701329188134, 0.2630107200506445, 0.6713596793827481], [11.466652766192869, 48.46427367297708, 15.486642519412813, 2.0388555408786284, 0.2640938344271537, 0.672560628460648], [11.467939783794806, 48.07554532407889, 15.4937608053332, 2.0858208989489477, 0.26662937248388163, 0.6643746308382342], [11.489470602634494, 49.184093929384495, 15.346760399549746, 2.075581267385024, 0.2721190825287232, 0.6631950089995254], [11.434906115603228, 49.04008125164098, 15.288713100890948, 2.0430132480082324, 0.2664288318929609, 0.6713538051439508], [11.448080125560443, 47.98364849874528, 15.453721311222669, 2.078715500569155, 0.26507576617686374, 0.6697051832570469], [11.454809127255263, 48.06392712492874, 15.312647440037553, 2.1380541201823324, 0.26895766891961753, 0.664590451901768], [11.455986220094829, 48.529697135589984, 15.511920048764006, 2.074556496415783, 0.26615873330022044, 0.6707770997818202], [11.456599361755718, 48.99227785006136, 15.717665922530157, 2.0205219870833284, 0.26454885992213206, 0.6728615457261081], [11.457249333031083, 48.56756338126895, 15.585699467502135, 2.02613572405059, 0.26274815431283466, 0.6752080510306132], [11.465182252061428, 48.323401608686915, 15.471015790749522, 2.0406423629579504, 0.2629517177610004, 0.6721933175808636], [11.51259028198419, 49.356217768082544, 15.259343428095445, 1.9571191708392424, 0.26336719150263643, 0.6778825097612868], [11.439708134346931, 47.95277933880949, 15.539063157451517, 2.0843186776709324, 0.2642387400469252, 0.6671994149173595], [11.442509640080779, 47.977435795248674, 15.571388259753316, 2.0824287166994195, 0.26493295990128884, 0.6679068323480605], [11.445787005342758, 48.2212404528432, 15.402288645998354, 2.0773543057668595, 0.26622316174632066, 0.6691949672961273], [11.428393575586451, 48.16573430137092, 15.545489964840796, 2.0470310097615414, 0.2620457750509676, 0.6746681883005129], [11.472154380716757, 48.27350396614884, 15.468201499970712, 2.04245323635272, 0.26399671231629984, 0.6700582301628831], [11.437719744336757, 47.954950369481466, 15.41563637115519, 2.0489318892583603, 0.2608578496404362, 0.6745259066615135], [11.422247483009578, 47.90029251380263, 15.31064120640879, 2.113769458196207, 0.26893159556536544, 0.6617932912144888], [11.433673455284078, 49.243829680315635, 15.528886202687085, 1.986362833047235, 0.26047397956500334, 0.6813824098558223], [11.411992877528004, 47.97162021905616, 15.448397147389759, 2.027122248467363, 0.25954588496985165, 0.6745426916151019], [11.492328454941605, 48.43694492270196, 15.385997853439513, 2.0074944654650837, 0.2611364191436111, 0.6761750338260896], [11.441792680146937, 48.4676025257309, 15.470543299913139, 2.029247609304245, 0.26097870831400943, 0.6753850313745254], [11.463545566051822, 48.150741384654275, 15.597747489875855, 2.0764282117907435, 0.26366575875719256, 0.667361526612461], [11.439008460314298, 48.41195831134411, 15.381600877600047, 2.067638293070448, 0.2657325790316331, 0.6695950156281659], [11.428727024326088, 48.17650159829924, 15.459779315071156, 2.0599691341058612, 0.26328128621374364, 0.6721851752936778], [11.452649712482673, 48.926311684496234, 15.475095904048455, 2.0166639837345577, 0.26323749476619057, 0.676870528761914], [11.408697617955887, 47.99496445421168, 15.550942970490901, 2.092998101073787, 0.26304049323592293, 0.6688095616655778], [11.431845796899848, 48.177798143665456, 15.627844278974173, 2.0735073228374143, 0.2642119265799254, 0.6690306307427876], [11.403335203698207, 49.47693222924446, 15.634231917270755, 1.9424608192837347, 0.2595085889570752, 0.6876546747674477], [11.408879552859881, 49.22347549686628, 15.911024547614625, 2.007805772225931, 0.26178648000491295, 0.6767958191066583], [11.467430714972782, 48.47811520708174, 15.37844185496154, 2.0481479335998127, 0.2644246068307122, 0.6757309924200618], [11.451219050506891, 48.36337720211233, 15.43162735898922, 2.1057614578044737, 0.2686017811325647, 0.6635253248667035], [11.423933162711837, 47.66908187921416, 15.560607709939168, 2.0775355452006212, 0.26107225262353134, 0.6705986706478413], [11.522695072421492, 48.95479596402605, 15.321806649139457, 2.017219833029084, 0.2651897135924204, 0.6721084080631897], [11.457007736922035, 48.25171595938407, 15.635737084917444, 2.019789691028724, 0.26140325184143853, 0.6741549528439567], [11.435700805866391, 47.866834370201005, 15.420314804377544, 2.098262260144238, 0.2646450383233237, 0.6712255478798802], [11.474024916160442, 49.32875028272594, 