{"basin_id": 10, "ref_run_idx": 14, "seed": 214, "x_best": [11.539296474962587, 48.99545938048706, 14.598862211479327, 2.2159984818846397, 0.28717211587578845, 0.645344629913345], "best_J": 0.03121396668415932, "P_final": [[11.539296474962587, 48.99545938048706, 14.598862211479327, 2.2159984818846397, 0.28717211587578845, 0.645344629913345], [11.54005762758599, 48.56101901340168, 14.655215064438979, 2.231985062017516, 0.28691071582120153, 0.6410712851523988], [11.575727592918811, 47.95255576398275, 14.364957653641781, 2.403140008681463, 0.2979248591796136, 0.6233357037450102], [11.545300824728006, 48.58966225812963, 14.576953282487796, 2.2628246465419646, 0.29055548532819847, 0.6405475122331937], [11.537107205109786, 49.004281962182084, 14.594445475272089, 2.2399444688831283, 0.28951775837806654, 0.6445624305855473], [11.52784471351362, 48.78857389834446, 14.650117210243774, 2.2398777130373295, 0.2867776080855576, 0.645227834277437], [11.594692505271206, 49.48652332068252, 14.091233303941385, 2.329256019541102, 0.30361366601238676, 0.627930856873669], [11.540174758940159, 48.75856666467644, 14.565729933895417, 2.2157962997834173, 0.2869288779857686, 0.6447995397182302], [11.54821612970077, 49.115744690173216, 14.5649170485499, 2.2167151991216563, 0.2886207940460051, 0.6427784072197843], [11.540823865647248, 48.81152579617467, 14.580816238462495, 2.2339422881525564, 0.28722069909147346, 0.6434165147561056], [11.538266976686597, 49.025249413930716, 14.607072341467441, 2.211155247786337, 0.28708391045731885, 0.6452062648863821], [11.70188695937477, 48.82984706958106, 14.03730363516754, 2.4622960131615224, 0.30988067394283164, 0.6147725384634123], [11.54922918349121, 49.115246362617704, 14.53910340407984, 2.223829753356575, 0.2888971903544538, 0.6437699254216401], [11.554863377828122, 48.409530009943985, 14.40064716871925, 2.268144260672378, 0.2910544682211086, 0.6385029687605766], [11.536354087992907, 48.92196427390294, 14.590638338309523, 2.236880679165182, 0.2868157073125563, 0.6452324746361215], [11.571092862372039, 49.24752282520694, 14.405210783132327, 2.237476335006067, 0.2913432382804906, 0.6416642547122055], [11.54959267006473, 49.143766591184736, 14.53912887953182, 2.2172006107901563, 0.2885744242572745, 0.6447485873207964], [11.53625972730421, 48.92623679531022, 14.560221781631897, 2.218017128591578, 0.28692445470922895, 0.6446365172375543], [11.54144954021272, 49.03381091571904, 14.61491725717945, 2.213749359735808, 0.2869708074940949, 0.6452913136154017], [11.527546079485806, 48.31346558995572, 14.51524530640643, 2.248971680610046, 0.28707974145784343, 0.6424040390101691], [11.564656795325256, 49.273459658549896, 14.392226358064148, 2.3078733112520116, 0.2950570364645313, 0.6393647267160515], [11.53750172603565, 48.90765674893288, 14.607309918622981, 2.2183134131738984, 0.2869360646035009, 0.6448825109641961], [11.548621581949067, 48.96882340897428, 14.56641132870469, 2.2223776539584894, 0.28808146978310206, 0.6443155019800887], [11.552120097836724, 48.87349257729331, 14.548889354930054, 2.2265759770266103, 0.28689310116011874, 0.645131339017068], [11.541761999289323, 48.90271587057446, 14.562323289588734, 2.2250700523793174, 0.2879743667666209, 0.6444142284750461], [11.536237993382086, 48.916280561619004, 14.611068082821816, 2.2622138451438594, 0.2895553687398767, 0.6414745450181057], [11.537860648785125, 48.66555530879049, 14.607443127418065, 2.259542233651575, 0.2883435426133446, 0.6386057298130223], [11.54261676290684, 49.05994377964164, 14.555935625294012, 2.2155032111242825, 0.2876941969016776, 0.6446925889305347], [11.53780777937532, 49.05225314924778, 14.655021582132603, 2.218059530942432, 0.2875844052750894, 0.643298283896078], [11.544441367998264, 49.07137548843168, 14.534113576672485, 2.2309111907334778, 0.28867080500698206, 0.6447162065597092], [11.536866020501872, 48.92369442519715, 14.612678417896928, 2.2253612300763015, 0.28761324806118316, 0.6447444011179421], [11.55278583683858, 48.92530766464384, 14.5218635983276, 2.244267694304546, 0.28954947307196516, 0.6438354729282273], [11.535189693025817, 48.73103573180563, 14.749379198071487, 2.2354092403436043, 0.2871153100931708, 0.6443741873233411], [11.53490180485254, 49.0160458151809, 14.629721603771188, 2.214701950921691, 0.287053625709032, 0.6451705170212386], [11.551979891440814, 48.669430803352434, 14.533125678275416, 2.2648613428752156, 0.28951300875896563, 0.6440141801037284], [11.537122352372947, 48.78087176185253, 14.597274847037863, 2.2327253421088926, 0.28726641752695686, 0.6439236048417163], [11.556273521440437, 48.96304833552586, 14.417345013764974, 2.2522550632207827, 0.2902665456395564, 0.6407422868409663], [11.536634921362062, 49.03000814189506, 14.566668362948686, 2.2198903206814675, 0.2874662845217275, 0.6453246243636808], [11.529069508482003, 48.64658679046276, 14.584306520859492, 2.3063958402212124, 0.29040102575242, 0.6357575351045748], [11.542389797788603, 48.91589991632782, 14.552690200403438, 2.234192875147073, 0.289322416237606, 0.6450356202227417], [11.564211565555706, 48.64893091868517, 14.416118743894012, 2.400672290323278, 0.29780133478851867, 0.6243715730665983], [11.518102163121819, 48.78556347549608, 14.687978533782399, 2.2185047380585865, 0.28506157833474294, 0.6441172711578014], [11.552803731252338, 48.89533025069599, 14.412994790213055, 2.2265340562879885, 0.2885450628212092, 0.6431924316829187], [11.534896090484459, 48.824024036181456, 14.559895232037645, 2.2195794890842353, 0.2866009613617808, 0.6442119953240084], [11.529729320942156, 48.30205118801129, 14.688293512630509, 2.2363842221050496, 0.2848075568504124, 0.6434528946786073], [11.547796964953307, 48.949494444657496, 14.515598256273542, 2.2279564499336253, 0.2883580257053192, 0.6433432667638626], [11.539319801642133, 48.728412516760756, 14.593470108370672, 2.2250032659418824, 0.2867051405680902, 0.6443410037778453], [11.529200165095778, 48.5299835765967, 14.6204239615171, 2.2114372065185375, 0.2851291123162088, 0.6450993773301511], [11.530982236939272, 48.88173925285961, 14.590821386733973, 2.211968197331828, 0.2858169225211482, 0.6454025038723944], [11.581546323173477, 49.24027164509084, 14.44079070985118, 2.2474483309970967, 0.2923283169403329, 0.6406217451077533], [11.544512372201606, 48.94159537423167, 14.61548992280492, 2.215428944539501, 0.28699350184686356, 0.6445202725616098], [11.544477963327074, 49.02604870609357, 14.532915814407694, 2.210964216275447, 0.28773948671233895, 0.6444509078410446], [11.544391026544664, 49.00480385330356, 14.586433260760277, 2.2190842352891966, 0.28718513216885583, 0.6454867256755032], [11.543742775884294, 48.924746064220344, 14.657905654839963, 2.225390593969194, 0.28675087406665356, 0.644125071315022], [11.537275538970237, 49.109281988092526, 14.560776236031039, 2.221282528927169, 0.28863203299353696, 0.6452576726832261], [11.54937974091653, 49.03181905870115, 14.491788956869117, 2.2156053733225356, 0.28820553321608405, 0.6453682296026119], [11.516599210558361, 48.823700172220356, 14.438801077388513, 2.2943111290499294, 0.29172742198686574, 0.6397578577387729], [11.54499278095067, 49.07057113713224, 14.63117959038953, 2.2113243448608317, 0.2873795936066448, 0.6454404271963189], [11.544381932426266, 49.04587673237471, 14.621506545258434, 2.223058036517623, 0.28866664121536395, 0.6435211453969614], [11.541797735984817, 48.95000032227526, 14.566357751632825, 2.2155970773897136, 0.28682688297694464, 0.6453409645213813], [11.54937201353901, 48.79096733128742, 14.503634220241228, 2.216513301773599, 0.28698307834763637, 0.645170368488757], [11.551441032676856, 48.969460556943666, 14.598248732908266, 2.233157973593543, 0.28744547076927723, 0.6449316357977061], [11.533689178237097, 48.66030078811812, 14.609207579749299, 2.2273332860339146, 0.28602926408731266, 0.6444244469185152], [11.54414434279525, 48.719798361609094, 14.549329954894793, 2.427325876153572, 0.30398461139862964, 0.6216384246507559], [11.55072207353005, 48.96710026807191, 