{"basin_id": 7, "ref_run_idx": 13, "seed": 213, "x_best": [11.52698403485415, 49.62095392562752, 14.905428849110343, 2.048886428252822, 0.27449004859403703, 0.6654226738807051], "best_J": 0.03101145863010677, "P_final": [[11.52698403485415, 49.62095392562752, 14.905428849110343, 2.048886428252822, 0.27449004859403703, 0.6654226738807051], [11.564206432578338, 50.293847821368225, 14.472548194969114, 2.102744133164361, 0.28448795609174654, 0.6569744188423965], [11.46813129030678, 48.77747075300163, 14.940677745910705, 2.054792000238666, 0.2676127471244507, 0.6738811635676836], [11.551942356555632, 50.87475783943652, 14.444616959241136, 2.1619556300834444, 0.2922648461037959, 0.6487992386521207], [11.582580145373369, 50.062873124382456, 14.511917669770947, 2.0644418081181835, 0.2842620882890555, 0.6550898006533903], [11.556254495580013, 49.83212411034847, 14.319799433022066, 2.150631061437008, 0.2871316512616364, 0.6536235755128339], [11.539378768519386, 49.56415511364285, 14.551307415601652, 2.1596042497849868, 0.2872463213264249, 0.648528305595605], [11.565705419902077, 50.112143186596704, 14.707618234203446, 2.0942144772550852, 0.2818344661234121, 0.6615009302854704], [11.563841018741162, 49.61638032416439, 14.644722478482423, 2.1162916186023923, 0.2814953809421341, 0.6501041282546858], [11.567909917944874, 50.182950534713335, 14.379371406383797, 2.167510291613532, 0.2903797619366157, 0.6456859549686107], [11.560594555804853, 49.71175573399708, 14.773940600395086, 2.1595382314518528, 0.28502289396748853, 0.6473063029409672], [11.527404868691661, 49.592377039872936, 14.821807858927126, 2.0256536945346864, 0.2740317454979539, 0.6654726975388995], [11.535896665356693, 49.79223849144074, 14.802779077863088, 2.020601359958346, 0.271057392627957, 0.6694402536473522], [11.530607938316312, 49.6813831985865, 14.623838488413325, 2.1223552535989407, 0.283340144075167, 0.6563332785389622], [11.50012474868249, 49.273747890367034, 14.63712172688768, 2.111835730420419, 0.28005655579664057, 0.6594314461620944], [11.502880639476858, 49.25369118602408, 14.889037994338311, 2.058303184350539, 0.2746733301649744, 0.6653433385825005], [11.520698826506967, 49.80565275370197, 14.429000300337092, 2.144214983596847, 0.28555977790296694, 0.6583203180089043], [11.510794663101162, 49.65312208889484, 14.559459229938941, 2.1455669389182073, 0.28198025196869536, 0.6574925965929823], [11.549303568078113, 49.54481413269563, 14.8512078668547, 2.0629270543070026, 0.2754193159994181, 0.6613389743720589], [11.552973272382518, 50.398316250847984, 14.638468665257234, 2.0834191367951975, 0.2810269109187838, 0.6589609758611935], [11.487366631884665, 49.38251642538193, 14.94725594944133, 2.0648788092696444, 0.2727802786391132, 0.6629248495893839], [11.542969909957213, 49.408694738994875, 14.22165346375734, 2.2137542725849118, 0.2935556394025629, 0.6373805940805828], [11.536791745709968, 49.344845710049384, 14.566300009280289, 2.1813210497249744, 0.28897284727722905, 0.6447741723119779], [11.552574384041469, 49.26270577530593, 14.741622165194395, 2.077744665388718, 0.27544137191481366, 0.6647805789479996], [11.527317014237143, 49.85290502733326, 14.812587090372755, 2.121002882936087, 0.2816928142580039, 0.6536913341676577], [11.510378776927706, 49.39032408900587, 14.89033603530674, 2.1336428988918206, 0.2787220276062915, 0.6584527479543637], [11.492921107333311, 49.630838173827875, 14.618197434498915, 2.1742795675912445, 0.28721344399524373, 0.6529269087474066], [11.58687041483001, 49.73078905225845, 14.417487920359157, 2.1124178553005613, 0.28412365551703084, 0.6558844158103312], [11.522685224657186, 48.91313530441817, 14.879550166507924, 2.0877829703563187, 0.27331616292298394, 0.6628852589834506], [11.527482848246688, 49.66165979284036, 14.658845474270803, 2.104917673792204, 0.27990527257734227, 0.6583288059037439], [11.529419646027737, 49.73532752683654, 14.574335805119516, 2.1960735980551958, 0.28763937130423545, 0.6467829117641511], [11.544664892247676, 49.20506584766776, 14.745695634808513, 2.225949355268363, 0.2926491472380234, 0.6426954227817648], [11.58402352698853, 49.5899080035449, 14.990807244788195, 2.082061652393965, 0.27750360625871795, 0.6617716998942367], [11.533209847078334, 50.31228910861993, 14.935488637084898, 2.0256534776217436, 0.2723043662698173, 0.6737858807249858], [11.681670645065854, 50.52138751196786, 14.197720491195016, 2.086093264727505, 0.2882832522561763, 0.6503241382736853], [11.542070499906151, 49.55528964514422, 14.595787795118216, 2.242901696852703, 0.29005811368009277, 0.6451992680678993], [11.533071467575915, 49.581209412778115, 14.846449777049221, 2.0800104121138387, 0.2757923642751189, 0.6621443219390273], [11.547977152076417, 49.61870588902642, 14.569085968028967, 2.188069742239319, 0.2875098734630377, 0.655406243499302], [11.55598967884477, 49.86571581234944, 14.58501279526577, 2.0907861134767463, 0.2788071952597784, 0.6624008898882888], [11.553186845882175, 49.689342395952686, 14.570854732268138, 2.21039124603797, 0.28868969701259134, 0.6432026726822938], [11.57509949868001, 49.709086123386086, 14.137216586257628, 2.2090257613504374, 0.29116325935800436, 0.6434747072907817], [11.5039066628586, 49.66001789381757, 14.939001157824753, 2.0859655443754708, 0.27669153205641644, 0.6646925161093505], [11.5292438511735, 49.496806623652425, 14.770590223592079, 2.157271390904159, 0.2814117770813045, 0.6576653270432168], [11.530017907105844, 49.783786770282816, 14.616782906426744, 2.1145385263952163, 0.2805688024943896, 0.6577573374899339], [11.50413443579547, 49.67692479987306, 14.561568375086072, 2.153755695435093, 0.2844750922444207, 0.6552139080274726], [11.507925949526987, 49.91944197246256, 14.753160029108141, 2.181274939804268, 0.2870054544371735, 0.6535987127188939], [11.529795637143678, 50.35469237353742, 14.578641387893251, 2.08120790693062, 0.28060834740770796, 0.6599117251733656], [11.53912154229683, 49.95138188028853, 14.53628852427016, 2.113349012047958, 0.28513941692257555, 0.6540779886677189], [11.551422012446382, 49.127965183119954, 14.643259416423943, 2.233633328349295, 0.28915283035667233, 0.6431023072679438], [11.53030624905037, 49.38530861040357, 14.633208278311956, 2.114708560561302, 0.28103752786761693, 0.660255194460308], [11.561300486336366, 49.465134622426184, 14.956628632270194, 2.0028958548462876, 0.26947105059313775, 0.6687574868865072], [11.502282504495081, 48.82078605528598, 14.865828729612225, 2.2067909620016617, 0.2812419366574514, 0.6512017446391855], [11.483401155955203, 49.631094463658734, 15.014853925369422, 2.0687810084126093, 0.27449892098430123, 0.663838440548611], [11.482105880757185, 49.36842958274017, 14.82714030482555, 2.1135019759647458, 0.279755010067779, 0.6597478189429177], [11.535515121971736, 49.45404636346577, 14.427558012102407, 2.1529929063254447, 0.28486018764611293, 0.6517159332898449], [11.59218376548665, 49.229819660849685, 14.316508102462167, 2.307667974783727, 0.298080548331343, 0.626288234018595], [11.460369588304765, 48.9973324549642, 14.800374212071485, 2.2559994645255315, 0.2887763560759601, 0.6456880617733619], [11.53697414008319, 49.27277058652408, 14.627356538851766, 2.193024639314071, 0.28395394064815865, 0.6508427094216487], [11.532086902025673, 49.30133335329987, 14.60095789694512, 2.1703801990536067, 0.2859364119557525, 0.6441508173843384], [11.538145936800353, 49.98570004837953, 14.74392577213958, 2.064257473791458, 0.2791608329740863, 0.6619579397067858], [11.53009511511192, 49.63780371440943, 14.708643459140516, 2.069932383807513, 0.2769975158054326, 0.6650016593807099], [11.531117584657023, 49.75539063818212, 14.662463665040487, 2.126513681640226, 0.28270878607480987, 0.6548426721100898], [11.531240746658694, 50.112886205252266, 14.659090744882102, 2.0869095766638477, 0.2812103604641172, 0.6632539766195683], [11.55772797395747, 49.651945164840534, 14.597518834109415, 2.1054662758577356, 0.2798059932076841, 0.66039281414303], [11.506641119453727, 49.283383676247816, 14.675092319449753, 