{"basin_id": 6, "ref_run_idx": 9, "seed": 209, "x_best": [11.500345053728488, 49.00631475943667, 15.054941123772496, 2.083047652830767, 0.27295757764934925, 0.6647156692633936], "best_J": 0.03095444425073483, "P_final": [[11.500345053728488, 49.00631475943667, 15.054941123772496, 2.083047652830767, 0.27295757764934925, 0.6647156692633936], [11.533905206509646, 49.3406968128678, 14.832456527100916, 2.089774747691232, 0.27702306909564506, 0.6605417431634195], [11.536655110113971, 49.587729763794044, 14.806579368626487, 2.080930318846513, 0.27773791220480637, 0.6610974515038543], [11.507558438762702, 49.284822135315196, 15.025384661752883, 2.0854656535930465, 0.27491172236121986, 0.6619241555680415], [11.528231483897596, 49.204233438309025, 14.995083553015187, 2.093531930078133, 0.2751236412016492, 0.6625967012959673], [11.518416627653925, 49.302471103666385, 14.987368416883472, 2.086164534176329, 0.27534113519377895, 0.6610093845398974], [11.53209831495649, 49.4607210007385, 14.837062041898236, 2.094692864981958, 0.27735208022379826, 0.6592630290934032], [11.517405845755999, 49.45955918612747, 14.970698386987637, 2.079640156838802, 0.2754429244162678, 0.6625970361749279], [11.492667733290656, 48.876456334884544, 15.085730812359769, 2.109025155927247, 0.273797220280724, 0.6599136087642926], [11.51546374389291, 49.34958145976597, 14.940824067148426, 2.1021747878181873, 0.27655971375547006, 0.6624324781651733], [11.581019200281336, 47.493932075407066, 14.369330308616021, 2.287728492616718, 0.2902120817179882, 0.6336529210905695], [11.555406151838488, 48.52245272271427, 14.621615458622047, 2.2920942262501165, 0.28997135652119427, 0.6400460754765063], [11.509866531298057, 48.83204293961224, 15.051497385861609, 2.079809961078261, 0.27146154828156543, 0.6654865036290947], [11.525379774136704, 49.210029335335186, 14.891531043658206, 2.090913897493652, 0.27555971408129565, 0.6618978010440623], [11.509396225182874, 49.09668585964037, 15.06990075625826, 2.0807462039434057, 0.2737345741081543, 0.6637296137174181], [11.495768375216121, 48.915973959815744, 15.14805436714023, 2.094684002095175, 0.2706693725956026, 0.6673689074810187], [11.549411655327303, 49.65921915860802, 14.753752967908714, 2.126175611382001, 0.28124495580177494, 0.6574490750728147], [11.516273181622259, 49.19270201987749, 14.973839683471784, 2.0842630902521697, 0.27428473610093773, 0.6644917129892617], [11.518569081292013, 49.07756543131229, 14.94966852534304, 2.0939344651377687, 0.2751930452843076, 0.6618547175637937], [11.539069850221447, 49.50804561128046, 14.80427246987273, 2.0941385994088733, 0.2786224892871685, 0.6575523720942363], [11.518387036793074, 49.007136576046065, 14.924824985924625, 2.102740887646778, 0.2750504793179423, 0.6610809959214706], [11.550292324955894, 49.07950526684289, 14.615718461523455, 2.1736841333152195, 0.2828199382192386, 0.6511148480940865], [11.524568791074488, 49.07575559707001, 14.951484060585454, 2.0890922074142164, 0.2757955721193883, 0.6611319094016602], [11.541203720002787, 49.508132012344916, 14.758404519489039, 2.093898729536398, 0.278413684158452, 0.6595887994558846], [11.53257618006481, 49.530877526333185, 14.842140347262584, 2.0905011541029017, 0.2778973227456765, 0.6588544559250145], [11.499361033075362, 49.24705989477794, 14.947396235121214, 2.1019181531070728, 0.2766164602279406, 0.6607127696023791], [11.546093398089537, 49.36666471529493, 14.700451298745437, 2.1267242357898692, 0.2808298195492513, 0.6549903812268102], [11.538168258649325, 49.49683760774668, 14.748517695219455, 2.087065036205456, 0.27790565627032965, 0.6599166791045993], [11.534313292346331, 49.424582935466134, 14.83827778147062, 2.0806723210015687, 0.27634349816709636, 0.6611545388510038], [11.565145749450673, 49.32716417870662, 14.51327733780474, 2.150249664464318, 0.2845540417514795, 0.6533480335239423], [11.515767343780581, 49.244430713598334, 14.966692090497663, 2.0871091222773464, 0.2753990485281046, 0.6618438818527813], [11.504784439334953, 49.090137689695396, 14.934511257003688, 2.088423013313673, 0.27478033260952484, 0.6634911698346694], [11.527255954695496, 49.47835271932749, 14.85602598294192, 2.0854628252980714, 0.27773619122971166, 0.6616310177731449], [11.537316983592298, 49.380354860783406, 14.850649682361889, 2.101694513884025, 0.27896881812627755, 0.6566823011399104], [11.534010738643872, 49.34562475297385, 14.84957776300506, 2.079540774111791, 0.2763801603966331, 0.6608647969934416], [11.528522324630057, 49.401698890823376, 14.87169893409016, 2.0988146539069112, 0.2768072564661246, 0.6596015146360232], [11.533973584406917, 49.19649485367733, 14.880342966976242, 2.0834209959260934, 0.27503360758452383, 0.6640192001191597], [11.525058965541133, 49.34453149743443, 14.830958027525366, 2.0991193524267895, 0.2773210806112046, 0.6609374939814902], [11.49276889634732, 48.93611461933784, 15.065952990640294, 2.097848745014252, 0.2739179535394529, 0.6618201582146471], [11.523982206127227, 49.382787643450435, 14.83317898960649, 2.0943819327939526, 0.2775586938026976, 0.6605066372062636], [11.49173219080832, 49.01268069084566, 15.112486326122456, 2.0848231588235646, 0.27158228343023627, 0.6652317416990066], [11.51010545687256, 49.16464175579917, 15.032067888094518, 2.0837663355551683, 0.27465445123167653, 0.6629158078922688], [11.551181586464752, 49.41003249172925, 14.64340535338165, 2.106772310499472, 0.27946285465840837, 0.6578941689527427], [11.530213599494077, 49.13652576588552, 14.881494286055611, 2.0772418539416613, 0.27489925916575164, 0.6631700354448631], [11.508992473662381, 48.90477626768055, 14.967316387240665, 2.1035849287011907, 0.2749365083303504, 0.6607199222931361], [11.522037427127716, 49.20879889459502, 14.89392346603147, 2.0868193659870293, 0.27495251066377063, 0.6628854691987649], [11.504494171386655, 49.031125835673954, 14.919340517813986, 2.089436300988385, 0.2739412918127642, 0.6633716031380973], [11.507900875087676, 49.295524662366255, 15.050718344691926, 2.0802295873916488, 0.2747371329797677, 0.6622498964939667], [11.516121530628975, 49.239219089553565, 14.961598528062392, 2.085121275658745, 0.27544015978659175, 0.6624517398056954], [11.51560118248565, 49.08558120055211, 14.974688705750308, 2.0851897835392825, 0.2745429373010095, 0.6621811258309822], [11.520734089414777, 48.94300921744676, 14.941018007096384, 2.1240873596251073, 0.2770706871247094, 0.657444866618759], [11.54438516009027, 49.54628571306882, 14.824997032083052, 2.0841425124997564, 0.2780171508264784, 0.6601306150130066], [11.49463443971017, 48.92138837735531, 15.069920440892986, 2.0775291061099943, 0.2724498772798224, 0.6644736785511279], [11.516204297360693, 49.12309139457973, 15.035414228750872, 2.0822595058174835, 0.2736298552927081, 0.6623307162412224], [11.519313337046132, 49.1498849927892, 14.98165000432837, 2.087333235295909, 0.2737069951105589, 0.6626529049899768], [11.53287158109406, 49.10891483798487, 14.831045599942568, 2.1119757728202337, 0.2761025628847037, 0.6598452381462939], [11.532489899292823, 49.184564214097065, 14.91361691256138, 2.080961396587244, 0.27537275015465296, 0.6606558919123359], [11.52193119456447, 49.51564826391918, 14.75414221017742, 2.1093919559749255, 0.2800994632613825, 0.6568394289907324], [11.544580512594896, 49.27361897119405, 14.501598293471737, 2.215361881996094, 0.28793831951815874, 0.6497102609695691], [11.508881105178798, 49.20415524889483, 15.026220650749345, 2.0834599239966214, 0.27337421401525347, 0.6635347975041392], [11.532982842187396, 49.49422980715276, 14.821286245158309, 2.089872445593692, 0.27810924404615794, 0.6598870778242062], [11.546700973845311, 49.6696429995189, 14.75529827488792, 2.087180862000916, 0.2789172050329054, 0.6592205993506857], [11.510796499017172, 49.137963365839326, 14.991661598999656, 2.0899246987397615, 0.2748274702448333, 0.663590966005085], [11.542825665072108, 49.16083112778117, 14.745822768499409, 2.1255390920982338, 0.27881343182000623, 0.6574392737276588], [11.532583110001317, 49.18173602323561, 