{"basin_id": 20, "ref_run_idx": 12, "seed": 212, "x_best": [11.49447612087087, 48.899865264255624, 15.229695325527096, 2.0415202004695434, 0.2678642127871906, 0.6683508035183399], "best_J": 0.03093345959226707, "P_final": [[11.49447612087087, 48.899865264255624, 15.229695325527096, 2.0415202004695434, 0.2678642127871906, 0.6683508035183399], [11.5049710382012, 48.73495364559774, 15.094826782923704, 2.0721573130473234, 0.27025337793151305, 0.665638921485654], [11.62132258938942, 49.21650519782667, 14.621048602419899, 2.140394759190306, 0.28333915441888546, 0.6533866541580267], [11.535833426863805, 48.64085813687647, 14.60748061052912, 2.193411965410113, 0.28319963563556394, 0.6507195751598249], [11.50875037992427, 48.816232427104104, 15.028790868670894, 2.0604269092036676, 0.2703086541675779, 0.6659154048142466], [11.478241924570707, 49.13039580419468, 15.15930967695612, 2.009162463343863, 0.26655926821639764, 0.6749405268985198], [11.500143641226467, 48.85359074094781, 15.1324151974656, 2.066192418586546, 0.26966100252862263, 0.6663976415069475], [11.527928779390487, 48.96367810227576, 14.88420068355497, 2.1103143734343375, 0.2772009112834696, 0.6577626582190073], [11.504506081295801, 48.98930999242648, 15.075481817756307, 2.0579162903694943, 0.27077837513175385, 0.6664002624972475], [11.498849931177121, 49.075279953221425, 15.16583548243959, 2.022939160200281, 0.2673476764948609, 0.669708268766844], [11.565980658389858, 48.8872465230192, 14.169613920719103, 2.3675686573462587, 0.30024918337031214, 0.6278909714940384], [11.582474809437482, 48.37582756004068, 14.34921736156044, 2.252503586196264, 0.2901386697998744, 0.6361179949268287], [11.45537676103195, 48.56282148269258, 15.304329606891596, 2.0475388652087045, 0.26559597118278633, 0.6694900884550864], [11.615017148349823, 49.2738502959678, 14.424209399218059, 2.2441838930565994, 0.2937258618222009, 0.6402329398579358], [11.5163916923373, 49.14387057219007, 14.989206334182553, 2.071892979955777, 0.2737913850030136, 0.6634013157062683], [11.53154375600969, 48.767905009475655, 14.83141318319495, 2.116483267259816, 0.2769922724087094, 0.6593655301207575], [11.519103983773874, 48.0254502143349, 14.819274723854194, 2.120084368594683, 0.27275831723240873, 0.6620059964979996], [11.503825582389041, 48.982770724811715, 15.118027489843055, 2.0580940467554347, 0.27051653779669294, 0.6661748976793646], [11.533346778361908, 48.829247348641054, 14.676712764835694, 2.143514150272487, 0.2794059372275077, 0.6552023549635202], [11.508131265886696, 49.19114280958471, 15.076671228370373, 2.0431210339951895, 0.2715568885286693, 0.6664664592453081], [11.516978180855313, 48.783743889356245, 15.084244697520404, 2.077738776719554, 0.2731422654046587, 0.6616454512098272], [11.7244930374742, 50.684772408646175, 13.713100185963253, 2.334287895825285, 0.31283504461641115, 0.6247298931183576], [11.514443990393222, 49.123268903990166, 15.086874269143722, 2.063117981319296, 0.27212297159228327, 0.66574350814362], [11.524008707229608, 48.09128297620037, 14.72721054820104, 2.224172148624627, 0.2824546734783544, 0.6444469984953349], [11.51489649352242, 48.84019502377055, 15.011637380859522, 2.1032927969671817, 0.2738926302525369, 0.6617855931747885], [11.541396430863717, 49.10908645874099, 14.576679332055445, 2.213884053161616, 0.28698784644275754, 0.6495871408776623], [11.510288923913457, 49.22032513887507, 15.246302429035293, 2.0129180154053126, 0.26676378603178924, 0.672232942082401], [11.522365014495193, 49.02497657608402, 14.748815073177198, 2.1305351571303994, 0.27935684431803554, 0.6557944849457442], [11.522556303030994, 49.15797546510973, 15.046443731949223, 2.1531218745331473, 0.27802890714225376, 0.6567720937416639], [11.501329408510147, 49.14430690180586, 15.078711022103366, 2.040131471161459, 0.26980609345217027, 0.6682904919350322], [11.495292704181596, 49.12894044942598, 15.160436029041794, 2.065105457945993, 0.2711823757931866, 0.6667921997391737], [11.502558968063468, 49.06120908326845, 15.08827564059132, 2.0649376797160026, 0.2709525042698031, 0.6652834883023919], [11.519885484292269, 49.023596210064795, 15.152741863225865, 2.048207988295327, 0.2700808193504414, 0.6677521684666017], [11.491549824746809, 49.21153855458427, 15.14509782368223, 2.055743763281527, 0.26985020387112346, 0.6669536812306729], [11.50644708076977, 48.829847620649645, 14.86124997334571, 2.134054811619733, 0.27728571575380384, 0.6569080154628697], [11.52268547693699, 48.283496707461815, 14.703196802385511, 2.2333896199553678, 0.2831315599259711, 0.6485883929106689], [11.502832671620778, 49.15875253820316, 14.984725067490317, 2.039738796588424, 0.2703845079108457, 0.6687883364044234], [11.552751159347745, 49.21141788906087, 14.628241080453725, 2.1748293922387605, 0.2842254552211356, 0.6519181793258431], [11.510684819220318, 49.28844123287251, 15.066982926696259, 2.0300439348568076, 0.26996366326122057, 0.668711704997265], [11.50764512751242, 48.01406209185157, 14.749228555202178, 2.2120403149455616, 0.2804975050111197, 0.6502462015876298], [11.552817109719253, 49.50684027875726, 14.691368620716823, 2.1665766391377463, 0.2840658735665185, 0.6525935394953954], [11.579515574693842, 49.31862422349642, 14.513756910554552, 2.235369769825877, 0.2901968881290087, 0.6470310321474537], [11.505660192879928, 48.68441144206302, 15.031249099452982, 2.0579661046677256, 0.2683682470708283, 0.6661689553513142], [11.525766625946973, 48.99081110920673, 14.87237051572294, 2.1159257161642806, 0.27739764191902266, 0.6582822260491652], [11.568660249300109, 49.57036340513717, 14.35480850620344, 2.235074385202069, 0.2948678057104399, 0.6347543288918056], [11.582461256230173, 50.32218792749964, 14.342789888844086, 2.1212496608777474, 0.28643359328777934, 0.6536150999536126], [11.497946792585669, 48.66086985168464, 15.051033498163958, 2.0520087697192104, 0.2676127839869337, 0.6688613493082959], [11.4887762560389, 48.69028206667922, 15.166128455207462, 2.049769409950032, 0.26792533337411256, 0.6676787454680091], [11.454312527035013, 48.34280837922044, 15.085381477966639, 2.0818427154602297, 0.2679922619256819, 0.6677457134740478], [11.500631925297299, 49.37520549443469, 15.174223852374274, 2.0052346015814275, 0.2676172858210752, 0.671319337216041], [11.540521577439005, 49.48537294279373, 14.551138501252648, 2.1301945380542002, 0.2816647231584308, 0.660531383216478], [11.54621091198464, 50.05663364296912, 14.804944716640188, 2.0884224903285293, 0.28205220409210696, 0.6594687434509454], [11.642014329351102, 49.78155117977407, 14.220377385391586, 2.2601534170581505, 0.30145300086634974, 0.6256477096807732], [11.491332108203132, 48.93338378365295, 15.240811086160416, 2.0353971176475514, 0.26664892360985193, 0.6702395383241517], [11.504087717958948, 48.86529994045502, 15.195091383741632, 2.0333954772844343, 0.26679344862679344, 0.6701628854082561], [11.48571005367592, 47.979764865218286, 14.80598401870849, 2.1596300777347155, 0.2746115932695682, 0.6535151878978093], [11.537428911911206, 49.17772619249227, 15.0050457275609, 2.097585028635682, 0.2755616258112654, 0.6599850649534776], [11.508085058868343, 49.09153823317432, 15.04580353690743, 2.0607854110473536, 0.2706071555172701, 0.666237856091587], [11.518400053536173, 48.99252795725709, 14.841622841979278, 2.130646836869424, 0.27826956564620714, 0.6564343172189262], [11.526787636491216, 48.70713085139366, 14.715068123485898, 2.163440320578954, 0.2810820709419496, 0.6515588615650022], [11.507407437211938, 48.23291211383517, 14.706542533165138, 2.17772621391893, 0.2775733648042404, 0.6549383892244622], [11.510140132891557, 49.13776974742566, 14.961129958801376, 2.0898462532798114, 0.2757498822648491, 0.6584741068746762], [11.530093602845627, 49.22796121967495, 14.701404611238907, 2.16493184672766, 0.28330703227487847, 0.6517658400410083], [11.511770167811344, 48.95921573784149, 14.869823997348366, 2.127660807855747, 0.2768129355832097, 0.6590819557733848], [11.503605343911547, 48.98279119726846, 15.108968468359668, 