{"basin_id": 8, "ref_run_idx": 15, "seed": 215, "x_best": [11.482702601550459, 48.96314628128122, 15.36853568710719, 2.011741418488539, 0.2642168646784162, 0.6734597196890469], "best_J": 0.030930973977040643, "P_final": [[11.482702601550459, 48.96314628128122, 15.36853568710719, 2.011741418488539, 0.2642168646784162, 0.6734597196890469], [11.460053410366541, 49.186130962877, 15.435957319611587, 1.9876678815111284, 0.2627536099961242, 0.6764315943376324], [11.479241184633347, 48.89945172795399, 15.340114546613256, 1.9877742671632515, 0.2635399530523432, 0.6745802227447996], [11.472883016652686, 49.687769318669865, 15.4469090390301, 1.970383994502533, 0.2649301897499934, 0.6767786262764092], [11.514073993628415, 49.28405636788279, 14.86109139957803, 2.007513520567209, 0.2665409294054457, 0.6711811876329743], [11.59062151524188, 50.31158641005284, 14.63906408649613, 2.030175931066557, 0.2820936074777229, 0.6626237986388519], [11.489317134483361, 49.41338826342644, 15.356048419307504, 1.9867178823407101, 0.2653471743808406, 0.6748925530370302], [11.593772209528277, 51.19965919258686, 14.706618944307989, 1.9584288626348905, 0.27490370855194446, 0.6730539243580526], [11.471436657019074, 49.38499224558201, 15.318836566633347, 1.999530283887541, 0.2666726770895923, 0.6727229046005506], [11.473476273220012, 49.25143284972945, 15.566775882676058, 1.9942145069615476, 0.26222834357615477, 0.6780323758745127], [11.498744283697008, 49.831915376834594, 15.21218588347904, 1.9912555865065917, 0.2669559857495358, 0.6752065185758757], [11.500027325758031, 49.25905808417459, 15.302097330450662, 2.004590801921095, 0.2658238371991293, 0.6725068691828816], [11.474380487731155, 49.2061571846985, 15.347680293897753, 1.984331733807444, 0.26213847793563233, 0.6768483727877982], [11.52731174047672, 50.06799138006359, 15.33352351600261, 1.9942447818012368, 0.26975204795729696, 0.6696573955928007], [11.477756387393233, 48.82451949671255, 15.559396611532234, 2.011143493381881, 0.26217762683104495, 0.6769244504675102], [11.455287997842282, 48.995878149971446, 15.70147696851637, 1.9996411282088051, 0.26182391969236013, 0.6772082757035329], [11.468406013355189, 49.23594165014503, 15.418626049240677, 2.007352951417192, 0.2665012924727053, 0.673170053339095], [11.626956280263173, 50.94064385222106, 14.851402048131565, 1.9202895483526783, 0.2705754199042785, 0.6794310382749628], [11.502752122590204, 49.793434840576516, 15.27063693636272, 1.9564250140467327, 0.2634612618270738, 0.6810452954711282], [11.560712103485768, 50.00120680159375, 15.13263461382459, 1.9853445167154251, 0.2720608747712321, 0.6720610958642984], [11.50176963481267, 49.80463624615801, 15.180654807585787, 2.013338462206786, 0.26846984709042077, 0.6707592326141141], [11.544982217797594, 49.745601130655075, 15.077812185472261, 1.9588013880970385, 0.2655477310148628, 0.6750689544804047], [11.477856777192834, 49.100605098336345, 15.410194739660751, 1.9889623743793294, 0.26347122203868795, 0.6757847888537317], [11.517456335640198, 50.00693023549564, 15.08238435559551, 1.9767948645840743, 0.26866987460973085, 0.675946486362588], [11.490205396815973, 49.354530296423334, 15.39951197423399, 1.9993919054112073, 0.26445046603404976, 0.6767985373638903], [11.485131276986136, 49.14219140895762, 15.388058834424935, 1.9893385086076139, 0.26434011427017595, 0.6747148999719503], [11.471736421823824, 49.01595999434303, 15.3178581944511, 2.005887686251253, 0.263324243806862, 0.6773077074928452], [11.491966305285867, 49.483139764558075, 15.143953398007728, 1.9915871708580135, 0.2661828889304214, 0.6733486838706785], [11.464159962979995, 49.20564359237187, 15.446440852491746, 1.9965491366753483, 0.26352513764568863, 0.6759471388345256], [11.500682333696034, 49.280906399789814, 15.326301527841647, 1.9984962702195053, 0.26508604763356863, 0.6756218838266987], [11.491435391166126, 49.36512227934952, 15.508335003412304, 1.9861267655578392, 0.2642684272170277, 0.6779633745441639], [11.471500568916666, 49.492989765511176, 15.531360025106514, 1.9931828542049557, 0.2637664625755553, 0.6767737265205644], [11.501327365466839, 49.846251722766546, 15.294936842295618, 1.9630728322352773, 0.2646401016258589, 0.6776387620173102], [11.58956987398665, 50.155636757008594, 14.924578915944057, 1.9913670978241382, 0.27505118086276126, 0.6630939862718984], [11.510756749276279, 49.715807718558246, 15.11056083056649, 1.9650398422795499, 0.26605346854610806, 0.6756680329728099], [11.46274646869703, 49.11100644041681, 15.594218481799839, 2.0032680742965616, 0.26327994611461275, 0.6746049298796697], [11.443402203317413, 48.77402899472598, 15.602567922505347, 1.9831708766286735, 0.26009564536225915, 0.6772557662975252], [11.54077383824292, 49.737005345933824, 15.157188997733323, 1.9689429309454192, 0.2656969533382958, 0.6753844225761291], [11.467365908130619, 48.64382997951189, 15.536396913742157, 2.004544865421117, 0.26183491608647547, 0.676987122092424], [11.523601337533101, 49.631860457059496, 15.153739337676852, 1.9920404692005538, 0.26928359132798985, 0.6714852233822464], [11.523158839443376, 50.24001908062763, 15.20883035708446, 1.9268226948512872, 0.26424581746922554, 0.6821282951534049], [11.46162788467409, 48.94016634268944, 15.557336065016475, 2.0054500513455986, 0.2615540934716776, 0.678242075343756], [11.497435514031547, 49.40134245287906, 15.242990563074033, 1.9886224045142642, 0.2654059172762432, 0.6760490030763786], [11.45374424264916, 48.6172049976227, 15.538672737204815, 2.055004715462604, 0.26095480052746334, 0.6762581155695179], [11.484272293594115, 49.33698583338553, 15.419416555355795, 1.9960945309814964, 0.26518923526990834, 0.6749852468774802], [11.437780560712064, 48.54560953983267, 15.64854843852903, 2.0193122091041995, 0.2611790300163818, 0.6769541668843282], [11.477976038946014, 48.747326240314116, 15.439158669157509, 2.0100698347234687, 0.26437654501538804, 0.6748688732197384], [11.484348100284002, 49.28513059782416, 15.423918597652964, 1.991076106226626, 0.26411910945413863, 0.6760166201026822], [11.493733913931283, 48.91583355515815, 15.280230732250436, 2.015048883087867, 0.26500144697399064, 0.6720778638224205], [11.507653090538264, 49.78213344484677, 15.3001774414194, 1.9801733855374024, 0.2662999933394597, 0.6744000374437528], [11.527424328572927, 50.03569464558996, 15.16775878920536, 1.9779208535752786, 0.2693778082126327, 0.6730906827140919], [11.478705448242115, 49.337368585954394, 15.453176282257505, 1.9725081047340485, 0.26235094116987107, 0.6761116643543027], [11.525182701949028, 49.36569777101437, 15.170977297324756, 1.9860962881456121, 0.2671982807215838, 0.6700006815997259], [11.444035950980702, 49.02036700273075, 15.610357602419016, 2.0054743257300442, 0.26282944802961594, 0.6752233316752204], [11.491039401578911, 49.263932379346976, 15.365763929711745, 1.994967882436353, 0.26634973922839933, 0.6721441886314925], [11.458860144520864, 48.250006335321636, 15.487800264807595, 2.0136521557543934, 0.2603797894378511, 0.6754105623532894], [11.505639839407186, 50.496465540338434, 14.983800463774742, 2.155573903764444, 0.28726339007325147, 0.6610628980536621], [11.507371061327325, 49.66766240761519, 15.091028796606373, 1.9704131149775626, 0.2666990580119537, 0.6728042248644744], [11.529590290586198, 49.900882742597474, 14.983895625627124, 1.9639696729823735, 0.2678589006880484, 0.6731812372646439], [11.491631974894194, 49.179414248035165, 15.442394094710712, 2.0076009164541935, 0.2655563550647636, 0.6720038155101926], [11.486620887687412, 49.269233423345426, 15.326095020507704, 1.9736344076060945, 0.2623795741481391, 0.6801382958411724], [11.506429867174024, 49.18783946640437, 15.377917639379937, 1.97731865519971, 0.2624681807876127, 0.6768994112160323], [11.51254360942043, 48.48540232333836, 15.4181060997727, 2.0062324715831155, 0.2634821389260617, 0.6739430238061425], [11.469087616806211, 48.915599591869395, 15.42752788266402, 1.9851915603217314, 0.2600761002633842, 0.6781456432156896], [11.50898067334134, 49.329999883192905, 