{"basin_id": 16, "ref_run_idx": 2, "seed": 202, "x_best": [11.539632859670814, 49.434482117798694, 14.845489052299175, 2.080788253257463, 0.2767548954587442, 0.6611446109318798], "best_J": 0.031018241236136834, "P_final": [[11.539632859670814, 49.434482117798694, 14.845489052299175, 2.080788253257463, 0.2767548954587442, 0.6611446109318798], [11.539770746150165, 49.42747741664731, 14.843938015752197, 2.0807514890703174, 0.27670876220439566, 0.6612761681111602], [11.539853754484467, 49.44831046205192, 14.848792314805646, 2.080921634957377, 0.27687659822153793, 0.6613159103607561], [11.539687102574078, 49.40180621157468, 14.8439457853265, 2.0827621539441896, 0.27682975142113725, 0.6606949763297995], [11.539982829457326, 49.46576894661606, 14.831160957972033, 2.082155529276845, 0.27704720767549096, 0.6610024267334595], [11.540568636886338, 49.48508835154197, 14.849602459186272, 2.0785388461673833, 0.2767908735633822, 0.6613863274912178], [11.539975731348177, 49.41967629386136, 14.841809009545333, 2.0818114717245635, 0.27688995490772933, 0.6609137623499249], [11.539639834222891, 49.45509502567556, 14.834839157324344, 2.0797758923242857, 0.27683771703298976, 0.6611582390995263], [11.539739724380949, 49.39905409701627, 14.837304398520008, 2.084575590745125, 0.2768972295864099, 0.6608864589765195], [11.540027797097796, 49.41514582331902, 14.846520730291711, 2.0821583445540615, 0.2767825741797827, 0.6608422669430142], [11.53970468452042, 49.35111138055488, 14.849100359610524, 2.0842427036366917, 0.2767163275089257, 0.660251760058645], [11.539816580630395, 49.41376100288813, 14.850183099524429, 2.081568157884732, 0.27674881350470143, 0.6609034064306679], [11.539862884925448, 49.442086462295016, 14.850026408874061, 2.080358135815226, 0.2767488328522259, 0.6610607085355114], [11.5396821171142, 49.431442574768006, 14.850311275788588, 2.0810055893042176, 0.27675417376307776, 0.6608830761390584], [11.539742091940745, 49.39665442425297, 14.841910017351745, 2.082178671783229, 0.27685138910793106, 0.6604351963555696], [11.539772278366486, 49.414601650228505, 14.844425885239083, 2.0826635046041817, 0.27682847991586595, 0.6608455695944914], [11.539636383096905, 49.40877022222887, 14.837187002568715, 2.0826666609258044, 0.27682987347574595, 0.6612441693254218], [11.539634618509625, 49.386876847789, 14.827196308426043, 2.0827017244817045, 0.27690806566143666, 0.6610131276600507], [11.540586931639453, 49.58413762964517, 14.833706626261451, 2.0820891358001736, 0.2778032230411119, 0.6605474185155997], [11.540012426456904, 49.371756266270395, 14.826404910273052, 2.0886061412560353, 0.27724173909127753, 0.6599458840829717], [11.539723325685136, 49.406853825082116, 14.83399028865724, 2.0830144840022164, 0.2768626155430218, 0.6607477659734713], [11.580638228079685, 49.5556889909315, 14.459921524548246, 2.17163020516538, 0.28885633684992923, 0.646689968493206], [11.591787820941677, 49.80152523547923, 14.246901280624058, 2.1953409934696793, 0.29214962278329154, 0.6429845266745815], [11.539999463442307, 49.407168068423026, 14.83334530381503, 2.083936446607497, 0.27691438093127146, 0.6607857810285862], [11.539772641261212, 49.41514709875335, 14.844114404416013, 2.0811314800274454, 0.2768121508552806, 0.6608733076225344], [11.539664779120676, 49.4525572847524, 14.847630927036183, 2.079930643571407, 0.27698374996535485, 0.6612304353193932], [11.540566664153097, 49.42903694557952, 14.845350521605635, 2.0804433290566697, 0.2767619119612607, 0.6609429424272291], [11.53981595564689, 49.402645220778425, 14.849987675493747, 2.082390253895023, 0.2767359739445308, 0.6607379651065518], [11.539637589286937, 49.41510575116867, 14.846490326583204, 2.080424766516395, 0.27673995507287863, 0.6607585644805134], [11.540046024381056, 49.39890340121158, 14.846958281282351, 2.084044774116776, 0.27690372901410826, 0.6604717716963303], [11.540242211902047, 49.52677105120083, 14.830107136655913, 2.078930339290459, 0.2772876639898195, 0.6611119546679686], [11.53995919506101, 49.36936285323673, 14.835253138182143, 2.081824964776343, 0.27676539577627857, 0.6605970038526866], [11.539795614327696, 49.42384252741025, 14.846317512128387, 2.0808299789764257, 0.2767526100851688, 0.6608820261505716], [11.539756419491875, 49.45291495185836, 14.838497349718933, 2.080274450713797, 0.27673568172998164, 0.6615658905340946], [11.539649395218227, 49.397875208440546, 14.844284176187294, 2.0833192509351, 0.27690136888743155, 0.6606219834844145], [11.540626661252098, 49.466612519498675, 14.84074105768558, 2.078469524574025, 0.27675805204230264, 0.6610955381817846], [11.540020722416317, 49.448868280541426, 14.851539591592083, 2.0797885138099286, 0.27677081326409314, 0.6616187333051923], [11.54310391846666, 49.37987697995635, 14.774398994417343, 2.1104784812242947, 0.27955235464168593, 0.6575375016215728], [11.540341375707609, 49.444835111053614, 14.846002471906111, 2.0828984419876493, 0.2768741702322549, 0.6608603747566427], [11.539995968931953, 49.4793835379926, 14.837609524415347, 2.0806098153795016, 0.2769683829592398, 0.6612381226184317], [11.540199299325067, 49.347257694900534, 14.845151762694051, 2.0860675629357766, 0.2769367294064417, 0.6603887424735588], [11.727625720455165, 51.70194158590625, 13.576831214563088, 2.3091060495703575, 0.31564686417948024, 0.6242191524579972], [11.539775684021436, 49.38832027148859, 14.850374711419377, 2.0823813409309193, 0.2767412166960457, 0.6607530856303597], [11.545232213430033, 49.44032889519233, 14.783657925209917, 2.1018479139690176, 0.2788750826695306, 0.6583746040206593], [11.539752928582256, 49.467251509417736, 14.846320559679969, 2.079412447932433, 0.2767488289971151, 0.6610721041734131], [11.540083331835167, 49.50532232910457, 14.844688800506495, 2.0781888280926983, 0.27676596516689334, 0.661655295420615], [11.551829161965273, 49.35195810257326, 14.76341862970295, 2.1040659519386438, 0.27883308822258757, 0.6579201129326384], [11.539772936767628, 49.448348778197136, 14.851766966875479, 2.0799522920535463, 0.27673697576418, 0.6611619425328603], [11.539862410679348, 49.383156731326864, 14.842452933894615, 2.082964282511665, 0.2768164001460801, 0.6605480888426128], [11.53969043465656, 49.426764490005944, 14.836212276150812, 2.0817603432623004, 0.27679346639157343, 0.6609656280474685], [11.602004736727299, 50.13038007405266, 14.41528780172067, 2.1583775972663766, 0.2896890590473669, 0.6485033092078252], [11.54011163972621, 49.43122126675972, 14.844976804090855, 2.0819101282293886, 0.2767646156836376, 0.6609359206758064], [11.539636512960781, 49.371287159995504, 14.835813963085664, 2.0836731714095063, 0.2767438890416424, 0.6608940159575076], [11.54006096524693, 49.396948796783335, 14.852434106073714, 2.082612611980549, 0.2767613481982956, 0.6609715789831874], [11.539771181387083, 49.43209476343155, 14.843579788256394, 2.080527618158768, 0.2767341976731177, 0.6610650897730018], [11.539819557895822, 49.44363204870404, 14.855358818189295, 2.0802803083499146, 0.27686172667211423, 0.661160619295212], [11.539734946262403, 49.45393070830481, 14.843778667951128, 2.0789763582346135, 0.2767678026412358, 0.661163721657815], [11.539701597651714, 49.38433927762677, 14.837994441088428, 2.0817935722673893, 0.27672021175789335, 0.6608758903351089], [11.539882000973162, 49.42895396072646, 14.841239939329547, 2.08123036205805, 0.2768342158827023, 0.6610941001910758], [11.638701144929342, 50.02508428565851, 14.131245912474991, 2.1920094598506514, 0.29564862267004166, 0.6388988688924228], [11.539760198878671, 49.490639954897375, 14.850553282963295, 2.0787416120524065, 0.2767433451805208, 0.6616266325839864], [11.539796556006767, 49.50881343974975, 14.851856448004588, 2.078215688524562, 0.2769678841202435, 0.6610899551814249], [11.539979456381902, 49.37007642824165, 14.839556589326556, 2.0825384934949907, 0.2767302527236357, 0.6607937535384838], [11.5401370974744, 49.4509846777081, 14.825531742290632, 2.0819096093595317, 0.2768713604557373, 0.6611788795214089], [11.710026488815158, 50.59401897972891, 