{"basin_id": 5, "ref_run_idx": 13, "seed": 213, "x_best": [11.579559942144325, 49.41524295840042, 14.494447378601608, 2.1753508720768013, 0.28695042712836955, 0.6480972945969945], "best_J": 0.03122312841236876, "P_final": [[11.579559942144325, 49.41524295840042, 14.494447378601608, 2.1753508720768013, 0.28695042712836955, 0.6480972945969945], [11.58127461218845, 49.38762881473324, 14.479564231965284, 2.1881989386301606, 0.2881929571005883, 0.6462101047168143], [11.581807015814576, 49.41610297334939, 14.39413853612245, 2.1818302065515236, 0.2875668418224724, 0.6476358558418513], [11.582364519207593, 49.55607631852723, 14.445217153554845, 2.1819817218693345, 0.2889735905926913, 0.6454370177260904], [11.611919247421794, 49.8000865261796, 14.22181886120727, 2.207543608459244, 0.29398591495128634, 0.6404018241257553], [11.585248801937285, 49.29839348043502, 14.491896884665811, 2.184176579502591, 0.28755797454842524, 0.6456054071674588], [11.579899983814254, 49.431765761104295, 14.426368927499649, 2.1752589745304016, 0.28714883227317484, 0.6480846873194757], [11.580263754074958, 49.43924993798507, 14.498913103917271, 2.1749290199522355, 0.2871585285815021, 0.6479850756243148], [11.659627511239458, 49.98681834405067, 14.05783191892952, 2.2665154916158725, 0.3010756470489539, 0.635559169155825], [11.580501036073878, 49.38880178003711, 14.499994217550388, 2.1797746178845485, 0.2874880094140873, 0.6468620980841231], [11.579664845789408, 49.329215510733505, 14.493152626704049, 2.1782517614722954, 0.2872150286225385, 0.6472064284882665], [11.580695367877237, 49.41356203381048, 14.502776653022044, 2.1838526521801853, 0.288367649526994, 0.6470011700277164], [11.585825944704252, 49.38226366871128, 14.487111694293647, 2.175216546008594, 0.2868529149484398, 0.6477903854681366], [11.581173401013714, 49.377073438487166, 14.494722230742743, 2.1768040549070684, 0.28702799652942673, 0.647780519386204], [11.580846438743613, 49.42166799108239, 14.462060808078943, 2.1874941825722383, 0.288821728531759, 0.6455527374974926], [11.582826244434477, 49.32092386589485, 14.492327242775637, 2.180680638178645, 0.28748991062656226, 0.6472763686789957], [11.583436308513107, 49.470809898617496, 14.482816344945459, 2.1790568882837005, 0.2877659631798779, 0.6479583410314274], [11.582422811558542, 49.380885648129556, 14.486431879565686, 2.1786621469938763, 0.28720572664529836, 0.6475007403174513], [11.579882015533558, 49.408329345829664, 14.500311705267881, 2.1823409330757326, 0.2875562470706661, 0.6467847607206538], [11.580197611405048, 49.27020654224595, 14.507647142349924, 2.181984640039045, 0.2869427723311613, 0.6470724928501795], [11.580178300871754, 49.48167826320108, 14.465373407255894, 2.177780768317124, 0.28781773485515216, 0.6470114609388301], [11.5799192642517, 49.46745089374949, 14.46611420618825, 2.1900390717769787, 0.2887430964879578, 0.6468851749552502], [11.619845473089958, 49.39951960145805, 13.970281673402559, 2.2672214757028804, 0.2983995212190339, 0.6305755496046235], [11.579998245166891, 49.372818861925985, 14.467193592155546, 2.1842364695156364, 0.2878177964600682, 0.6467235311982181], [11.579690367194537, 49.27895189932127, 14.48746171972797, 2.184158103494231, 0.2873461042611728, 0.6469513414506788], [11.57977843774047, 49.28588714677482, 14.5343720415102, 2.176866973120023, 0.2865010417167556, 0.6480138167079442], [11.602217257695749, 49.608437122147336, 14.319650239135587, 2.2231495313048737, 0.29296648645731654, 0.6418980283598404], [11.587590699918081, 49.53354165272352, 14.436475580442083, 2.1798844393259698, 0.28858750856304044, 0.6476361507507691], [11.5905518076066, 49.508038643742054, 14.406804629713417, 2.186408046664598, 0.28888474491443183, 0.6460232863000352], [11.579980401832996, 49.47318548785074, 14.469604186168278, 2.176021580986575, 0.28738785471828254, 0.6475485830897615], [11.579879852682463, 49.29616147048878, 14.509566169581467, 2.177297980726275, 0.28665897623299924, 0.6471827294736617], [11.627534702514758, 49.49120460530005, 14.482149811551842, 2.1758359089289145, 0.287610015264162, 0.6472361842234157], [11.580153623665566, 49.46920471184934, 14.481998871448504, 2.178727802048924, 0.28793473418298277, 0.6468904823895709], [11.58160612336025, 49.27487216157985, 14.449388330749686, 2.1922817225072966, 0.2886544528819682, 0.6460929970972704], [11.580240290663989, 49.43442146129132, 14.500948557630634, 2.1809773494456266, 0.2874597129180786, 0.6468384263623768], [11.58104573180744, 49.2975943221529, 14.492565419136055, 2.1868739877264107, 0.2875137510085622, 0.6460890731320464], [11.579646055513521, 49.44565696206766, 14.497673810690774, 2.1781917253115473, 0.2877744891258771, 0.6466796542290502], [11.582540846994412, 49.66787873450422, 14.390375680516188, 2.183920110052132, 0.2896466203930399, 0.6454486345978229], [11.589363430939358, 49.49660242103254, 14.27573277413743, 2.2321470928153575, 0.2941371873388943, 0.6384601455885911], [11.58074762143118, 49.34515448859497, 14.499868158640679, 2.1841112387963877, 0.2877745106339421, 0.6473281404965764], [11.5803402515111, 49.3371800731618, 14.497425949392799, 2.1799294460726957, 0.2871977896329229, 0.646873040101899], [11.57981435669591, 49.39836525420079, 14.513353736212169, 2.1786397182035016, 0.28728406188191813, 0.6478083905857903], [11.580037668447117, 49.31363449720577, 14.51650542071925, 2.1757547065144074, 0.28697819573255967, 0.6469177230456712], [11.579643175667755, 49.42906908464978, 14.51813303312349, 2.1796875278557217, 0.28715988482142096, 0.6481491593362154], [11.581713289050827, 49.487223906354444, 14.494372178110588, 2.175648176490815, 0.28749336686339244, 0.6475326930388924], [11.581792743355708, 49.67092366082492, 14.383434741143947, 2.1883498242575197, 0.290288753051573, 0.6447695683466153], [11.579711525370174, 49.36202397898103, 14.498845526377988, 2.180036229240166, 0.2872911418974408, 0.6474292898450764], [11.594093755964192, 49.571489230375526, 14.370488593277758, 2.213950146701819, 0.29291873065640883, 0.6394833715145924], [11.588517642849883, 49.53565766603853, 14.448432286381275, 2.1850145727513417, 0.2888548508370061, 0.646774869796357], [11.57989524518477, 49.44098448613323, 14.452609728467385, 2.182180062882095, 0.2883190675922475, 0.6463195507173758], [11.58803216072523, 49.57254919318726, 14.417040695719507, 2.175435121718646, 0.2894670081228099, 0.645759335990913], [11.581044539187245, 49.45857231426611, 14.490062433637574, 2.177015274854694, 0.28739272540627014, 0.6475656307087604], [11.57975425384143, 49.424139638919335, 14.465964051982168, 2.174956350149262, 0.2870604169409888, 0.6479427019515679], [11.579794136446804, 49.39835134415385, 14.518483209708577, 2.175229812747542, 0.28701434943338333, 0.6480473481857262], [11.57964559164251, 49.46541397394958, 14.496273468634584, 2.175633654425192, 0.2875809626962736, 0.6480868868452743], [11.580749413963517, 49.44655695705126, 14.489910014408322, 2.179459219475357, 0.2876585821980308, 0.6471239708267865], [11.58013887613915, 49.30866309803608, 14.50083124269179, 2.180548068802231, 0.28699673470990905, 0.6479175921793998], [11.581170830730477, 49.29035668329874, 14.504893142298988, 2.1755513600169465, 0.2868326921459359, 0.6476503435614559], [11.579860347081453, 49.41372201791487, 14.509539457263566, 2.181089256670105, 0.28747844361640007, 0.6471651992829779], [11.580013341132881, 49.32341354772789, 14.471791308377288, 2.178033829073967, 0.28714236129047155, 0.6471293402507354], [11.579999259559694, 49.379250274044026, 14.484422361492408, 2.1778582428600446, 0.28790540315231117, 0.6476262232362839], [11.605396725736286, 49.623317508085115, 14.294347711265704, 2.2362670373705154, 0.29465874234539824, 0.6404504660163564], [11.59061496512067, 49.5685454623539, 14.401203920028404, 2.220518055165051, 0.2924845637990684, 0.6418818677305336], [11.702155485096087, 50.43446679979798, 13.776523119979982, 2.266008425218966, 0.3044614530432101, 0.6286768857900015], [11.579765440437841, 49.411041521970546, 14.493735230179025, 