{"basin_id": 6, "ref_run_idx": 12, "seed": 212, "x_best": [11.496474543071942, 48.8001988555505, 15.124293684778669, 2.085528280056121, 0.27177460157950095, 0.6636953759699482], "best_J": 0.030946770163223183, "P_final": [[11.496474543071942, 48.8001988555505, 15.124293684778669, 2.085528280056121, 0.27177460157950095, 0.6636953759699482], [11.507704071453627, 49.07737011149803, 15.028712170642264, 2.0819277895224633, 0.27338373213126177, 0.6633025955424173], [11.53533999163868, 48.800226422571214, 14.684585555163881, 2.152232088469312, 0.2822935596510317, 0.6497019060200866], [11.501678805590004, 49.08091768340549, 14.947105817888126, 2.078148442462651, 0.2729712778522167, 0.6645216788712839], [11.569468308002307, 49.727578373539046, 14.39214132228765, 2.1181571840712916, 0.2840273344060609, 0.6495619220933435], [11.505349406119551, 49.017199834829476, 15.032147585387357, 2.080380946139321, 0.2724362025022463, 0.6635150534042576], [11.497736044594467, 49.157062104119994, 15.061994708597526, 2.0911852923314664, 0.27460343812625104, 0.6643841445477702], [11.462848155199232, 48.70691532459055, 15.16675620744948, 2.0927666999556758, 0.27124824283585475, 0.6651660880529183], [11.484447229012417, 48.63619585543584, 15.180952997667198, 2.082488929425875, 0.2697400068204789, 0.6632361696207443], [11.52215934111237, 48.408912460656495, 14.97798681576016, 2.1389340473872442, 0.2762480609885375, 0.6579150638272308], [11.516098064554402, 48.86688828166571, 14.92211051304171, 2.133315809601802, 0.27856135485166234, 0.655199662245088], [11.49009224782188, 49.23433975713396, 15.027690260066338, 2.0841808418659657, 0.27440251367041907, 0.6630474584605327], [11.588577679843377, 47.99869152378529, 14.365239233824267, 2.378491802229419, 0.2983073998183663, 0.6274529757140884], [11.510493787706439, 49.33896570751737, 15.012120515290304, 2.08107410864336, 0.27431349851776904, 0.663060406873522], [11.583052701591036, 48.564149324728135, 14.663289181819147, 2.2517256427772128, 0.2865411870293739, 0.6398228102020316], [11.482013682797325, 49.17808123854135, 15.189509379898961, 2.081590181923326, 0.2729543554803453, 0.6647630425635295], [11.492941446444934, 49.424711833901334, 15.032974900463513, 2.1230553453120145, 0.27764537581561344, 0.6617081598657399], [11.473801028327177, 49.059857304909144, 15.006179061503238, 2.109648597167964, 0.27534660209180806, 0.6608004420392903], [11.524361819027702, 49.15486453300514, 14.824833734774542, 2.0809771234237315, 0.2737751662670286, 0.6629988370978039], [11.498719502245605, 48.88464851182304, 15.030299997528562, 2.0853395063761506, 0.27197104888264645, 0.6636373689158765], [11.48763423095119, 48.88786005888241, 15.138161780166234, 2.084252612121132, 0.27242649285878207, 0.6640454268030627], [11.499043541252453, 48.70230788048167, 15.16280081983012, 2.0829610665777416, 0.27032494861586404, 0.6653008282378172], [11.493561618233405, 48.67867995386747, 15.098357353020694, 2.0961664735885366, 0.27257978116991494, 0.6618006669651042], [11.49197778815904, 48.641278733949335, 15.070395902082648, 2.08740253784119, 0.2716842951416613, 0.664903703243647], [11.50958621531406, 48.94274131147829, 15.02395802265942, 2.0770176997599807, 0.27308198384735205, 0.6610794910785905], [11.500955150798001, 48.845309764369695, 15.22709490530866, 2.077868186928369, 0.2712308705651473, 0.6637300812781199], [11.520541449253733, 48.971473634269415, 14.664276350669699, 2.1507309115094873, 0.2792416501088346, 0.6567718333718342], [11.517920023186937, 48.94507533518756, 14.97713267368369, 2.127418848116289, 0.277586906274254, 0.6568774524982188], [11.497078295894905, 48.959399909419204, 14.815775836712932, 2.130091228328064, 0.27905642236861966, 0.6534469278080518], [11.520967984019045, 49.29017083535773, 14.891896729822605, 2.100371494980631, 0.2767103642286896, 0.6607808642511658], [11.562513562993978, 50.411262396206446, 14.317477214584889, 2.145729894381243, 0.2916537986660809, 0.6508563633125787], [11.503389200458939, 48.86117196980195, 15.03906106578367, 2.1045994656862725, 0.27410674213165015, 0.6605872060085805], [11.486931184684643, 48.9396273427082, 15.039414342738716, 2.0824413163023374, 0.272253914245617, 0.6641514461897029], [11.482482800246903, 48.09983249760257, 14.890660124928864, 2.215456451968625, 0.2795224797312389, 0.6486475346324154], [11.53234795753535, 48.699851666933824, 15.1261663668994, 2.0822215434273494, 0.2704927364727024, 0.6631393455988955], [11.501453065076364, 48.71661418511211, 15.10240064097177, 2.081207384450188, 0.27158181771306195, 0.6638135288711248], [11.508261481634975, 48.986358909778566, 15.079455642850588, 2.081399810597455, 0.272656191502079, 0.6634168422446186], [11.492250933511666, 48.75330721262296, 15.039654221923103, 2.1046726295175704, 0.27402942322396173, 0.6626093008078406], [11.50085662018083, 48.80378301354314, 14.869539203077107, 2.1401865889889446, 0.2783530998582372, 0.6564590548549354], [11.513010916157173, 48.840440095837856, 14.933832951927112, 2.1351329187347576, 0.27748320866156084, 0.6568696997715716], [11.53485684197529, 48.98466389252452, 14.699513297532366, 2.133461910534753, 0.27994095080390496, 0.6541075751022337], [11.49803587603905, 48.915035642577756, 15.058114953721848, 2.084072196154845, 0.2722047357455313, 0.665140387197278], [11.54699358199287, 48.65769529612952, 14.661448280725319, 2.174378282618568, 0.2831140856798268, 0.6482827302300534], [11.512354412792865, 49.123085226976194, 14.864796926724827, 2.090552496302407, 0.27462577350802364, 0.6630145515440876], [11.49631021480752, 48.98070486729846, 15.104885378444472, 2.0876401989854982, 0.272963847095241, 0.6620384175257004], [11.50641268759587, 48.18769155129921, 14.705583688054787, 2.372415765544687, 0.2959399361597863, 0.6293901305003298], [11.473242083053597, 48.66603411102386, 15.185333158284053, 2.0772376235511913, 0.2696425973159088, 0.6658643900554926], [11.539040237471639, 49.18954579247557, 14.760379321748172, 2.1391775280579353, 0.28155807855326626, 0.6550296740366335], [11.487136301581847, 49.1267093343773, 15.053329454375826, 2.0856070243972025, 0.2726438409666236, 0.664775668203433], [11.547265552184758, 47.91691615220356, 14.248197102465316, 2.39173804622272, 0.2999238395578142, 0.6258898088010497], [11.496801444373665, 48.99202849303353, 15.056690789493224, 2.0836482934004446, 0.2723709959474374, 0.6643935407727629], [11.529593565296105, 49.30485797994542, 14.83309488168611, 2.084199238727715, 0.27691826111551526, 0.6603515800938063], [11.497395542490574, 48.65766011654886, 15.222580648583278, 2.0892543937497674, 0.2696903451289127, 0.6661404599345145], [11.530060923132428, 49.13202471614279, 14.743558931719942, 2.114303701393358, 0.2786105546231716, 0.6597388632440438], [11.500778270125101, 48.92119110170915, 15.142236243149647, 2.079456661369699, 0.27242111660501683, 0.6644352533802729], [11.485290459610896, 48.897857769807075, 15.064355927457143, 2.0976970357637454, 0.27317731557409664, 0.6631753707376982], [11.51936672515395, 48.82290832545138, 14.890970390953495, 2.160240606926197, 0.27970289180379, 0.6545774639414196], [11.513277453894029, 48.54902225144785, 14.710776688405286, 2.14965944850326, 0.2786098451640432, 0.6541461313053303], [11.521453544327317, 49.1422889566672, 14.891505827027874, 2.109168507631969, 0.2772006917163337, 0.6575914420723823], [11.494983193253901, 48.792280072007166, 14.859872383658509, 2.167205703492952, 0.27974133342358604, 0.6544081739872317], [11.503165438551056, 49.03324791874007, 14.946869777469077, 2.1078377228488137, 0.2763391728823387, 0.6582936896030821], [11.498963394434872, 48.895807150782595, 15.084743966158626, 2.086499919356337, 0.2728571284504449, 0.6641524520773469], [11.48501513796258, 48.77931169706383, 15.171570361371867, 2.079087891685981, 0.2712929267463158, 0.6645811048004606], [11.50960556874032, 48.438300623936854, 14.604867545058875, 2.2320320411889893, 0.2856679670608821, 0.6439861068791253], [11.514092482576386, 49.294834160512636, 15.071519296043146, 