{"basin_id": 3, "ref_run_idx": 6, "seed": 206, "x_best": [11.475959076141983, 48.88039827281432, 15.329868356669513, 2.022806978183681, 0.2650157742518547, 0.6723518000660681], "best_J": 0.030919259120121258, "P_final": [[11.475959076141983, 48.88039827281432, 15.329868356669513, 2.022806978183681, 0.2650157742518547, 0.6723518000660681], [11.515594966389147, 49.929862432724825, 14.915459539862837, 1.998404948594474, 0.2696581226096029, 0.6725378143784954], [11.477579248958545, 48.41393546330116, 15.258574885230463, 2.0734143097197935, 0.2666174249669469, 0.6672552148054013], [11.53265096509556, 49.469831961598835, 15.772833101738147, 1.909136719667698, 0.255946748024911, 0.682128317437836], [11.48566301217713, 49.36609792361111, 15.571866876152324, 1.9557612568287501, 0.2625194547292918, 0.6772927999309327], [11.484570569293771, 49.14159618858401, 15.358360245570196, 2.0103991804627506, 0.2649127370209002, 0.6768204525474116], [11.483609756116268, 49.04198481593009, 15.236331918227584, 2.014285625419209, 0.2644088535913414, 0.6750012527694219], [11.46791927690083, 49.668710823097264, 15.524890998097007, 1.9555184051096108, 0.26079235038516585, 0.6817369804960459], [11.538317064406767, 49.86095805780304, 15.094259311141023, 1.9593109952890426, 0.26391874234825013, 0.6830603455684034], [11.432550148184372, 48.34586031671848, 15.3578886679859, 2.052764649357273, 0.26568660216668283, 0.670463803845385], [11.511194312990739, 48.72680377756096, 15.440711409618443, 2.0261177860719255, 0.2661166786122792, 0.6696541331223481], [11.472945030156811, 48.69031218535757, 15.275332377149319, 2.069043521873634, 0.26869217246839916, 0.6696801949998209], [11.480769585751963, 49.37482675827109, 15.212813329195779, 2.0446093720456475, 0.2707947932375873, 0.6644714758260594], [11.487536119182309, 48.28647398272254, 15.2487749598143, 2.0244110877746926, 0.26289858075781547, 0.6747851200424827], [11.479557634768938, 48.593549006548045, 15.270609614680984, 2.02226844985943, 0.26369226460310835, 0.6745402303384896], [11.45436461646336, 49.07877722579087, 15.825092485644745, 2.007684784530115, 0.26305860958469807, 0.6746649072671584], [11.526628846867661, 49.105595265671596, 14.91285558998986, 2.046160249328948, 0.2712998763549405, 0.6716796803255327], [11.504541341521593, 48.801406850325016, 15.203025334768471, 2.0537814961122565, 0.26778786954046924, 0.6712116965575654], [11.499641735572183, 49.465966872349135, 15.558544079227554, 1.9150749849408297, 0.2573439676170995, 0.6870899022857613], [11.47535069079349, 48.880453113037284, 15.104959629720808, 2.0701974391813756, 0.2694996598482207, 0.6727423839827447], [11.417251532792472, 49.52682286470378, 15.618711306983315, 2.001521501494138, 0.26491181002722664, 0.6804819019110617], [11.509107195650195, 50.108394776225374, 15.116215236481459, 1.991141341736585, 0.2697582071235391, 0.6744255081821477], [11.527808915924819, 49.25301633193249, 15.323904758475539, 2.014273711044755, 0.265408237717944, 0.6762706278344982], [11.445115102533228, 48.85658966514733, 15.270949226282175, 2.0726698157497507, 0.27005990136466584, 0.6656266893091668], [11.467109882287861, 49.589556840410694, 15.582536404513354, 1.9736707924445747, 0.2613246385077086, 0.6834755027938458], [11.452336890424728, 49.03876375306487, 15.756513839146534, 1.9825851832763675, 0.2588269061837045, 0.6801552758757221], [11.512865233169554, 49.49204935106855, 15.47481105837018, 1.9555404868653474, 0.26210889593662196, 0.6809401888528764], [11.495989766902717, 49.98750171705675, 15.23626084727182, 1.9288298049228108, 0.2641945167034256, 0.6802013342942266], [11.510680067652862, 49.66886260216454, 15.319539480689759, 1.9638198955276702, 0.265087744504589, 0.6744028836708157], [11.482670221381047, 49.11319444086453, 15.33265420288027, 2.0047443199728963, 0.26555624804582195, 0.6760081168116528], [11.43300499067168, 49.30127502528423, 15.361705408790117, 1.9897119088547242, 0.26367703991135527, 0.6795834571534081], [11.504649874519673, 48.39595790123133, 15.149978896687209, 2.049044274286743, 0.26681556014364216, 0.6675112726728952], [11.464129047093154, 49.062558969877074, 15.648773663248821, 1.9780996723844635, 0.2599204150999, 0.6773758271897203], [11.509249194915144, 49.5927364311004, 15.538575417631039, 1.9451086274403109, 0.2613023257142325, 0.6785771065282129], [11.540749428483078, 49.73330382801075, 15.008738012271566, 1.9832461133555728, 0.2672295889086673, 0.6749419683332898], [11.437997120638428, 48.85890258182664, 15.506752283249229, 2.0372170590384777, 0.26413442135095605, 0.6739332574966984], [11.434211743486914, 48.69241104911497, 15.666347504326303, 2.0475098624709194, 0.26259466673625836, 0.6789036744284042], [11.491106973837274, 48.89955853915231, 15.399699862803006, 2.000687756353457, 0.26563703112197284, 0.673746980949936], [11.474003389919591, 48.985721675350455, 15.36741018219196, 2.005831437380635, 0.26360376264651136, 0.6734197944141456], [11.496718463879448, 48.844076281517005, 15.060169051683335, 2.0335900852453586, 0.2684586428203347, 0.6682921147026146], [11.442072042617049, 49.126014682767426, 15.479112329791523, 2.07135259639055, 0.26969147599857296, 0.6746499520688324], [11.483727396148732, 48.71257093511541, 15.090778871830057, 2.033338140071592, 0.2668747710941021, 0.6683318104325359], [11.479240983072852, 49.34258409108742, 15.118619678278556, 1.994463642851015, 0.2651398342753679, 0.6800847204635221], [11.492996172660181, 48.95665774598489, 15.110012499591617, 2.042640542677299, 0.26759624921427727, 0.6713702985060451], [11.514010442918218, 48.75175614486374, 14.98784833345344, 2.111005713367125, 0.27277872141790543, 0.6620705324733593], [11.461693054241103, 49.634779668619586, 15.427127847296747, 1.942035612593533, 0.26066899100151364, 0.6836591892159427], [11.480919414075275, 48.530232524264235, 15.44281283830802, 2.0328682069903934, 0.26443743880951714, 0.6745284927333731], [11.4780973963539, 49.39353948934026, 15.337468063261898, 2.017580813001929, 0.2660900036750062, 0.6747101185536094], [11.51355242142578, 49.45330417506081, 15.185958563254573, 2.086504589761247, 0.2755113931683555, 0.6649503341579969], [11.465152979217676, 50.61459657700466, 15.604461480643485, 1.9201422995568664, 0.2611613181731213, 0.6871933895104805], [11.476758319319114, 48.182404625316806, 15.124981480683104, 2.094183083624317, 0.2678369957426608, 0.6644575258469769], [11.458861204281153, 49.86167969364956, 15.040172878840345, 2.0391576759710826, 0.27251138274449743, 0.6728555068949542], [11.49205825107736, 49.34316515286716, 15.264557459692279, 1.9672137379959072, 0.26242544507451776, 0.6817890793159896], [11.476991034643408, 48.37811948573763, 15.112999272028068, 2.0573502110855726, 0.2689705722431546, 0.6651889355745461], [11.494086446149748, 49.133706690822514, 15.146536451902312, 2.071060921941933, 0.2680824185652901, 0.6756990834595513], [11.501428893481902, 48.71960947348736, 14.86584597801057, 2.1224022878876507, 0.2731047748774862, 0.6697014731918253], [11.491990621501708, 49.44765736472411, 15.594126831108715, 1.9599846563639494, 0.2617296606281527, 0.6763813248954524], [11.477825780915346, 49.82592965028264, 15.401889502432283, 1.9955709180122165, 0.2662025779754315, 0.6757187164146563], [11.525076434597779, 48.55019888480669, 15.305510273219502, 2.0969549238710554, 0.26907572933016005, 0.6672487029180423], [11.522820505226127, 49.05851998887423, 15.49909092376019, 1.9996842329395492, 0.2627463596984187, 0.6728819074094667], [11.459012450687105, 49.148117152641966, 15.268273650731562, 1.9781922742897717, 0.26106429368053696, 0.6766018342801251], [11.514421263329831, 48.58293996633981, 14.990041046307265, 2.1067706960031556, 0.2688521864840032, 0.669453972260604], [11.49154691691511, 48.728407578242674, 15.1533616938339, 2.073518489078669, 0.2694470422762133, 0.6654534747678388], [11.4974712048593, 48.60390853233961, 15.074625066883083, 2.0348783911381516, 0.26912940787199036, 0.6680529025646463], [11.533154821185995, 48.45869636634708, 