{"basin_id": 4, "ref_run_idx": 6, "seed": 206, "x_best": [11.498537039140128, 48.76138911083383, 15.105896294334826, 2.0833543083255863, 0.27116981160237497, 0.6632599892130109], "best_J": 0.030963209494953535, "P_final": [[11.498537039140128, 48.76138911083383, 15.105896294334826, 2.0833543083255863, 0.27116981160237497, 0.6632599892130109], [11.503686629669405, 48.597061708796765, 15.018027514420407, 2.1442727079038817, 0.2749433888704749, 0.657947718577902], [11.503647071397756, 48.61432865760311, 14.931063631853899, 2.097795602779244, 0.27206598846320396, 0.6621539446349961], [11.518127889603592, 48.76747859466733, 14.7591461809649, 2.17094222408866, 0.2804360037628421, 0.6573934069839831], [11.489009812055917, 48.251815897113936, 15.096485707548156, 2.1239781223906613, 0.27306317333253305, 0.6555574449430864], [11.516549272995237, 49.1580765952298, 14.859851326643104, 2.1431769760279975, 0.28050343563832897, 0.6559475801684383], [11.492855482795605, 48.41244843263008, 14.945877365504778, 2.1583878572218413, 0.2782579471841201, 0.6538460089586896], [11.519782906086407, 48.42635636025703, 14.949608924344496, 2.147275051749435, 0.2765419372325345, 0.6531845410295128], [11.471088410639414, 48.847208279000924, 15.48250510073078, 2.0038969759705063, 0.2638243256219014, 0.6722601160040167], [11.56055313833932, 49.05767495182163, 14.61986586042802, 2.1336505054763504, 0.28292280383174107, 0.6525708057508908], [11.51081274309251, 48.33255756294075, 14.863774533418246, 2.1515073588086273, 0.2764024973651881, 0.6553388270019249], [11.510573338031213, 48.41627265681757, 14.657904347610922, 2.267124974264045, 0.2840204643631009, 0.6533936947381034], [11.498990983382816, 48.49004624594757, 15.073121495105212, 2.1044048695025754, 0.27182608811529296, 0.6608670162397803], [11.489415048032894, 48.80834387404802, 15.081735361527162, 2.0771271533831994, 0.2717358859552464, 0.6607621103874985], [11.488118177336919, 48.23627873938639, 15.171244591546708, 2.1184395423682925, 0.27173662035885204, 0.65892628641862], [11.5179194912235, 48.50224018130869, 14.800698022640587, 2.1123365836430326, 0.27474806799195295, 0.6600479748422988], [11.45959921301732, 48.75315469945237, 14.981940447863584, 2.169394537373577, 0.27649094754639736, 0.6580462780579643], [11.507568532297038, 48.653554920052756, 14.854086988483544, 2.120065714828378, 0.2756947154258758, 0.658575242294497], [11.51402639178661, 48.83245435150702, 15.272352809022756, 2.046101445375455, 0.2680062374745933, 0.6690023806168895], [11.49498522693104, 48.928676867794586, 14.923975963224603, 2.132012855010412, 0.27815053910695514, 0.6577160136651077], [11.5228529751387, 48.79213473757911, 14.916652496803318, 2.136128397528602, 0.2781820982578632, 0.6540984733383854], [11.508336083724398, 48.56321205273727, 15.083072175859538, 2.099289560872506, 0.2706739441267155, 0.6597617492447291], [11.459481469102558, 48.098889097761095, 15.208600420886114, 2.083635791441775, 0.2659378708134062, 0.6638961586270188], [11.529269656989374, 48.700538088234296, 14.863029992712011, 2.1066370980889806, 0.2744627031378727, 0.6602589933032352], [11.546271762782402, 48.61842830730028, 14.855240360227285, 2.1127950773335282, 0.2759217418443148, 0.6576614804543591], [11.54868195663687, 49.18318035950882, 14.627895344284147, 2.2020244013766876, 0.28626893870382164, 0.6505266806447026], [11.497665856206332, 48.84245153696886, 14.8269514186248, 2.1336725533350345, 0.276410463198236, 0.6599175296243351], [11.507792671079493, 49.14490376823323, 14.776241158266034, 2.105477161832621, 0.2756045861506753, 0.6626631640682361], [11.506772352898004, 48.69718398853215, 14.965307220848251, 2.1135377211859705, 0.27612013881236913, 0.6580737377953103], [11.536746496488178, 49.55056371923197, 14.593761665304562, 2.150981797498469, 0.2847600625002938, 0.6561079895611808], [11.506850168820746, 49.124070509780154, 15.17471015152465, 2.09507099422203, 0.2723426925597, 0.6673028883389467], [11.525308307554175, 48.79667754009963, 14.790900568139257, 2.1477122846658023, 0.27786804462558823, 0.6550640460309416], [11.516721907662587, 48.71422471310473, 14.896527193987408, 2.1171507681651662, 0.27466491698279677, 0.6602935471697715], [11.531181013077054, 48.99077477065689, 15.097893352378463, 2.0492920926028098, 0.26978661367047757, 0.6686339400089881], [11.520301632505994, 48.48338863666056, 14.908140042540378, 2.127187604296722, 0.2740526297747273, 0.6558988975399124], [11.479574597802316, 48.690100292061864, 14.9364056798772, 2.1221326928988615, 0.2747785108467204, 0.6591129959379975], [11.507117097904388, 48.59842674006772, 14.928267191018463, 2.1746572784180307, 0.2780395802948107, 0.6546854207965647], [11.531598139450733, 48.697550330576696, 14.726357591066462, 2.14327907850469, 0.280332027998767, 0.6509060468466608], [11.513235293665971, 48.522473989778774, 15.038695022211213, 2.0968676460200655, 0.27170445208074595, 0.6619938288264763], [11.508933245514584, 48.84476522327449, 14.880776556518668, 2.124881258650329, 0.27523965647619514, 0.6608415619629878], [11.511800320369334, 48.74350071780604, 14.903098055041232, 2.1285512989465043, 0.2769915877426837, 0.6549507401832994], [11.572542526108531, 49.38180082839801, 14.219961895812549, 2.1914824077051707, 0.2871585311432137, 0.653087078939337], [11.586796547248278, 48.65858563428375, 15.19039501247418, 1.9853260113332296, 0.2643793701992438, 0.6687313917681261], [11.533081818089775, 48.831137723049245, 14.783742531675616, 2.137437404001468, 0.27747014704123474, 0.6591451373479906], [11.5649055640592, 49.154024174071225, 14.62494325391973, 2.112751349042904, 0.2805987709748853, 0.6573448121551512], [11.469849012927204, 49.09177262186586, 15.182353805683253, 2.0451768990170844, 0.26804810915304295, 0.66927418655602], [11.495433188155742, 47.931865456817846, 14.950354346819138, 2.1220991808803173, 0.2720944423461288, 0.6611544787180796], [11.503817071932035, 48.78603072103697, 14.884374633426878, 2.136892299893888, 0.2767738830097032, 0.6592241605514375], [11.5093218304746, 49.11635901078384, 14.931594006788243, 2.07683864238337, 0.2746160210926991, 0.6604184363131465], [11.515086744332082, 48.98326940735003, 14.834843487557027, 2.1524242479466764, 0.2792534668936601, 0.6543084818200646], [11.510269476720271, 48.16440243802659, 15.071136979057279, 2.077364551420185, 0.26818052909475315, 0.6620127998716334], [11.496227960313167, 48.94247298498876, 14.9633237080488, 2.0820359177781635, 0.27228011336272784, 0.666345056331429], [11.505063515697305, 48.4423845781243, 15.183481593837081, 2.0876995370417135, 0.2689988580500643, 0.6605173046888936], [11.534586861992588, 48.62718120497242, 14.726128867315472, 2.112529086763351, 0.2771695803895935, 0.6559748381601079], [11.516573137922826, 48.39778459197251, 14.942279859445987, 2.1161194371874403, 0.2738536176879288, 0.6576809601088557], [11.534402848449087, 48.95266395464107, 14.82902103971025, 2.169877205051567, 0.2811667242002019, 0.6510581489979123], [11.539219934214437, 49.5533599129892, 14.582989199331328, 2.2067339904459655, 0.2885433505102981, 0.6475488691054748], [11.502766946480106, 48.54202032436383, 15.144668158859687, 2.1010829784618363, 0.2711644400784166, 0.6586895575747088], [11.473933833588267, 48.853880859591115, 15.170605694184662, 2.101622875818091, 0.2746689085139978, 0.6605842032346335], [11.482550905235955, 48.30217851721288, 15.160261879958545, 2.105040194183958, 0.27305033523084826, 0.6615888292355104], [11.528392640620325, 48.844368035372796, 14.774267919805979, 2.094660902278741, 0.27459410798014733, 0.6603527450022465], [11.542672811244458, 48.54763960615157, 14.871098380349892, 2.088944267545534, 0.27354164036116935, 0.6608327738296979], [11.525855118023552, 48.88467196196925, 14.817332671665461, 2.151320997554755, 0.27971185230036955, 0.6533125797438947], [11.509108202775883, 48.55040889050963, 15.064546041868153, 2.1132984283467633, 0.2729353965343451, 0.6586712313206041], [11.531744837179662, 48.93153581917934, 14.830526431641314, 