{"basin_id": 9, "ref_run_idx": 5, "seed": 205, "x_best": [11.48073399048496, 48.52818864983169, 15.315089142488137, 2.0665285198110386, 0.2676683062982457, 0.6683675605774504], "best_J": 0.030963533290653968, "P_final": [[11.48073399048496, 48.52818864983169, 15.315089142488137, 2.0665285198110386, 0.2676683062982457, 0.6683675605774504], [11.533463519021112, 48.32067940686153, 14.69110773444258, 2.2329246511139886, 0.2814663397660772, 0.6549531374872022], [11.447312424637648, 47.75552766675449, 15.05047320701881, 2.2487458930766575, 0.27918695826239676, 0.6472673947949057], [11.420674162028059, 48.31944171246049, 15.46381062877051, 2.059450301237008, 0.2649499894810552, 0.6705162414338856], [11.461752852276655, 48.21344669582938, 15.523370486526154, 2.077641693179388, 0.26647807226701153, 0.6651251529426907], [11.472747736336126, 48.93792151260627, 15.886611586103147, 1.8950834998007409, 0.2511294622635293, 0.6873492624464426], [11.488034905850594, 48.43832843617212, 14.872517658689155, 2.1900963331088135, 0.27969447063147806, 0.6512574165615528], [11.50724059326374, 48.61522495927651, 15.32189348212458, 2.0192642487135832, 0.2641107461336596, 0.6737753791080036], [11.441440400674285, 47.965962933113296, 15.330161834005507, 2.143991337273963, 0.2702114522469312, 0.6602017264363619], [11.549452751852655, 47.64573010909664, 14.912273077414499, 2.2475171688208646, 0.2790855805673012, 0.6502980175473909], [11.495732782801367, 47.88853341647587, 15.324412142486793, 2.109152314729497, 0.26734360899241894, 0.6617614723143769], [11.467379195368803, 48.80914043211376, 15.55320539745272, 1.989873128958319, 0.26043316100762776, 0.6813023437026472], [11.471276135149067, 48.55003146865752, 15.18901096580943, 2.0657986854065524, 0.2686605268919341, 0.6689161663359044], [11.470501276572579, 48.37157200775705, 15.366397441827194, 2.0714753079427535, 0.26582630835352516, 0.6659379999826042], [11.514882034021966, 48.3068493952115, 14.925826423293156, 2.1923177541629366, 0.2804949306088709, 0.6430478133138544], [11.424859603534154, 48.50092039995232, 15.341066885394664, 2.0762429244301623, 0.26378214424918495, 0.6737346087834862], [11.426607746527765, 48.13213872459007, 15.46200078017881, 2.157280999993974, 0.2727376730061831, 0.6571601756704637], [11.46924112769564, 47.90606213252031, 14.868800080385073, 2.2221169806390364, 0.2804160013098551, 0.6480756841143164], [11.48957199764963, 48.46734309053646, 15.439362695897819, 2.025673265299461, 0.2640895696706246, 0.6726886502747457], [11.48521060541159, 48.055976493571244, 14.924227245956295, 2.1769237399294, 0.275662147586563, 0.6587616985288343], [11.479652171623128, 48.56144181047274, 15.246621841618463, 2.0852870215258, 0.2682297192720731, 0.6674853160551208], [11.547302149326931, 47.92311258555375, 15.18380188956546, 2.1147439376978854, 0.2708851034809616, 0.6626830407298259], [11.49085797064878, 47.82391277011562, 15.047222830335478, 2.127158539969537, 0.2733029921222217, 0.6607338662278366], [11.483868742731868, 48.11457499676347, 15.319597956859887, 2.0416580216633626, 0.26466512926425656, 0.6731076808805283], [11.416137013351321, 48.42493950689227, 15.382140771937816, 2.0856518623603795, 0.26626338581717224, 0.6744342743235694], [11.459852889234947, 48.286314978356316, 15.377994607837026, 2.0788371533195273, 0.26497662822076223, 0.6689797770009854], [11.391983524595071, 48.32516623856605, 15.10147471617205, 2.1263345000883334, 0.27126507530499006, 0.6598941123446438], [11.455887441377177, 47.65668464942678, 15.439051350616008, 2.0774486995704864, 0.2636058731576308, 0.667638153853829], [11.47938736560742, 48.03939429039711, 15.173767515996337, 2.176455844483048, 0.2742546179521508, 0.6521542043449744], [11.449670562557756, 48.416207146138206, 15.264871779250608, 2.0920999855828035, 0.2689751196154881, 0.6671849496955304], [11.46717382708528, 47.75724319038425, 15.053976497190202, 2.1444205216382133, 0.27252599386961013, 0.6559128364674891], [11.44991425339853, 48.463120193057904, 15.682240711160622, 2.0235150945327645, 0.26094330670955473, 0.6748097444475675], [11.431068670585084, 48.22074861497623, 15.537394026707316, 2.0880544004400505, 0.2662380685652729, 0.6705061411687419], [11.554774020594225, 48.85812915169876, 15.220668466797365, 2.024260865796442, 0.27039336856908197, 0.6603733071614717], [11.414488479854626, 48.341722179727206, 15.464714497906769, 2.1015607018594524, 0.2674216451684123, 0.6668442194623989], [11.48778715694969, 49.02461936906933, 15.29146447832509, 1.9940362551532018, 0.26371720970865514, 0.6761927827960171], [11.433070554377958, 47.588511643272916, 15.336191844460016, 2.128522622973017, 0.26801982950687997, 0.6624190782557002], [11.443242823198009, 48.121168507613966, 15.390619303136631, 2.09919927241232, 0.26608913243475074, 0.6758311675042209], [11.438146502465454, 48.812757465950476, 15.789304432368924, 1.968715000156619, 0.25686887604867564, 0.6862558823723808], [11.52695306835355, 48.266892080432164, 14.913947625662365, 2.2277875287080837, 0.28337923818450117, 0.6422204064456278], [11.457599733048392, 48.71839473750413, 15.541443317119343, 2.0610490094309517, 0.2661609764740748, 0.6689065027223404], [11.4520953304825, 48.532344757559684, 15.37310314539982, 2.056007368039113, 0.2653831658838022, 0.6724658225448171], [11.434957542444568, 48.477697303543906, 15.420291147227541, 2.0636468426516204, 0.2650717756165058, 0.6714063844393463], [11.423996411553679, 47.42368025507277, 15.897457059139908, 2.032918302076857, 0.2540463035085499, 0.6796389376236349], [11.474099271687288, 48.42461682304205, 15.216693938158452, 2.1051576936220493, 0.2709722242267775, 0.6628440124158037], [11.448986674977947, 47.41415358976873, 15.265417964791622, 2.114798897503614, 0.2634534284445025, 0.6661299300983118], [11.52609658319865, 48.51175504148279, 15.011608815378986, 2.0769483118927385, 0.267975832296214, 0.6626853147536508], [11.464327383162129, 48.40935276306118, 15.308709452946106, 2.081679362454961, 0.2664487838955522, 0.6679647140580738], [11.430920491155968, 47.669400728241015, 15.461565149614001, 2.0876042964910244, 0.26176513045017147, 0.6704074473683769], [11.467407384975527, 48.67200535904464, 15.023910212944939, 2.0926511769487472, 0.271573888121045, 0.661537885172774], [11.444805843307426, 48.208046257207876, 15.130399388586806, 2.121791409629032, 0.27213692374854254, 0.6608081232685188], [11.473375669254615, 47.51865798883875, 15.191258302931463, 2.160069222570764, 0.26982559485035035, 0.6580441123266801], [11.467174882033616, 48.43044041145483, 15.121767182790594, 2.0456501372137113, 0.2635355771702311, 0.6741774816468261], [11.476127157581363, 48.066315444385346, 15.280580684836, 2.1187821663472914, 0.26942345159655945, 0.6599173061215972], [11.454869908683996, 48.19930431079111, 15.60247101794742, 1.9760867556436585, 0.2571528157503616, 0.6747245243214064], [11.48571215880752, 48.60190697175426, 15.220353346916353, 2.089015344598103, 0.2690000310801529, 0.668023284894908], [11.546150204314326, 48.169500123075245, 14.708155327286498, 2.2274877812233305, 0.28134570772541373, 0.644361264457289], [11.448982158774147, 48.62961296988105, 15.357823446320676, 2.0804296437712715, 0.26936630409095524, 0.6672869329630579], [11.426016323196194, 48.32279771567807, 15.328601520059065, 2.1477988816076388, 0.2711203212091421, 0.6608613584446944], [11.498020833446247, 48.6807006882038, 15.59040717483251, 1.9798442940166705, 0.2591837138120864, 0.6787619253683034], [11.428470815917152, 48.36586698086278, 15.352384752631007, 2.045505018169911, 0.26107711831144575, 0.6768699652904472], [11.481771145301215, 48.70561718600908, 15.295040680723256, 2.063544670504817, 0.2692788817735865, 0.6688923480260653], [11.490988357364927, 48.595944116772024, 15.497567630964351, 2.066207902642813, 0.2666317971314002, 0.6712629459709147], [11.495983453679518, 48.49579610449267, 15.012940921371964, 2.1165808568235676, 0.2730308632592548, 0.6597845930822557], [11.466316131103657, 47.99596277405628, 15.6062527324727, 