{"basin_id": 4, "ref_run_idx": 5, "seed": 205, "x_best": [11.506396082417508, 49.413189492308305, 15.107969122909417, 2.021930720602595, 0.26950991550306397, 0.669767725950766], "best_J": 0.030959614798550767, "P_final": [[11.506396082417508, 49.413189492308305, 15.107969122909417, 2.021930720602595, 0.26950991550306397, 0.669767725950766], [11.555292822362723, 49.50208384398953, 14.728900080321589, 2.1539090380614248, 0.2848848659409166, 0.6540753750434124], [11.542612707299309, 49.54700574179995, 14.688680634850066, 2.163425613668196, 0.2851298418074593, 0.6530553167605271], [11.514482810422379, 49.420391127422555, 14.953351515045595, 2.042483972800231, 0.2730824958427428, 0.6654978061254747], [11.51912882436871, 49.439550614793276, 14.988358914023722, 2.083629641523804, 0.27785126335557553, 0.6589033607124494], [11.516937132315679, 49.53735097490552, 15.037873947324178, 2.0640016468287308, 0.27541432202425, 0.6674045914369158], [11.549582839392984, 49.48902880714039, 14.719470486285894, 2.0425394528686898, 0.2712828339513707, 0.6674958003194165], [11.529873700657195, 49.4898930530037, 14.78174252927687, 2.0912557062323964, 0.2785503719048078, 0.6528110145059808], [11.539842220589103, 49.697545307566955, 14.88046105002911, 2.0582457864421895, 0.27570084516767407, 0.6620987160970191], [11.535933344541425, 49.695740866600424, 14.9362402485342, 2.0110175490792783, 0.27282369940902695, 0.6685930229719752], [11.534952587674209, 49.126707069903674, 15.007832685324189, 2.0933060629124887, 0.2772923613306512, 0.6543695476172002], [11.473187853295276, 49.21227400150788, 15.253650614648105, 2.046120678588857, 0.2695847189279949, 0.6687141577496745], [11.536488284609097, 49.44115993107167, 14.83836673909682, 2.0635258829486323, 0.27435468429297644, 0.6641543844590767], [11.509664357060233, 49.38848046246149, 14.933133879206252, 2.0639867044805498, 0.2742047904928464, 0.6636602128516093], [11.516429635605972, 49.34433301051701, 15.05089614333713, 2.0077992365147592, 0.2676524806239564, 0.6684998313469508], [11.504338111027849, 49.278147473914025, 15.175396127014828, 1.9950135479155493, 0.2669631406607549, 0.6740872641611556], [11.506208529798204, 49.26621221073799, 14.849937219369725, 2.2060883583008883, 0.28188938253708107, 0.6502377181595813], [11.543394110850459, 49.80815704286766, 14.705977661408996, 2.1291315419013106, 0.28547301508459183, 0.6561692618754065], [11.512486023411789, 49.49095659414545, 15.027435706294213, 2.0359456626271446, 0.2717161882522652, 0.6650913130343713], [11.528335920323707, 49.529698735474966, 15.042755923615797, 2.0357272608384243, 0.2708658674825238, 0.6706983217879046], [11.526279370922122, 49.55250801304982, 15.100451488965884, 2.037547602237943, 0.2727232225480906, 0.6701804840767761], [11.52247364365052, 49.49059354594071, 14.941525810035069, 2.0680363347643818, 0.2740805297430869, 0.6637279191834156], [11.507179129148934, 49.41900260440973, 15.047274912069959, 2.044429037422636, 0.2721912184376071, 0.665488180087426], [11.494598466715248, 49.36612255817943, 15.181993621012394, 1.9743323070842382, 0.26460305160972775, 0.6754515499911544], [11.518859931033855, 48.92096719380336, 14.93110307867663, 2.0877120338480704, 0.2739163014959215, 0.6639952575615264], [11.531931888671295, 49.54050274672747, 14.776066788565727, 2.092179625715372, 0.27802866823081096, 0.6571805582586144], [11.514829345690298, 49.487611828716105, 15.127605884811663, 2.0103872680199655, 0.26818038634514174, 0.6723975362294743], [11.51536564309884, 49.56756258869755, 15.027654761022598, 2.0494072841023128, 0.27224858728375223, 0.664750126190335], [11.518449908464893, 49.62938662697795, 14.871078385101283, 2.0295591017168864, 0.27334998364505264, 0.6665258849491085], [11.525317505393112, 50.18603690476518, 14.746249719184647, 2.036434149206936, 0.27395469755452573, 0.6713573254302219], [11.529091191565728, 49.439989168312856, 14.901767179032946, 2.0393771079171503, 0.2716386554861319, 0.666452174324206], [11.557879610935377, 49.70421278447766, 15.017878560245217, 2.0415400104910875, 0.27389512906169977, 0.6674470003357479], [11.52383606591949, 49.48290592459225, 15.12670856313635, 2.0522904695343485, 0.27346427710826093, 0.6649132748378836], [11.51199216539351, 49.31999292302289, 15.151140044161947, 2.037320999900085, 0.2719576121315612, 0.6672782591639854], [11.563626525723476, 49.57413226548865, 14.745860633816513, 2.1420156250833746, 0.2833053976278773, 0.6562678564329657], [11.527724768834148, 49.01644524691123, 15.11867200213559, 2.047776683401086, 0.2700144649457409, 0.6627082638741946], [11.578874758617621, 49.319340697766144, 14.702963431531732, 2.1127875070561037, 0.2796801559135856, 0.6542176291100921], [11.470889694165221, 49.295557427635494, 15.426185008850632, 1.9760466992714099, 0.26636447114067696, 0.6745341566549051], [11.539245357144948, 49.50496593221361, 14.57110997310212, 2.0968014722442114, 0.2796109678569921, 0.6597286191070645], [11.505510890299766, 49.41449778249482, 15.120227570502427, 2.0173686637209767, 0.269284482284284, 0.6697358854904739], [11.529288723119054, 49.94438217349944, 14.971993714061087, 2.037511061221987, 0.2755288833065963, 0.6647384759314714], [11.50326803482827, 49.43163208449828, 15.24644652917255, 2.049871189825917, 0.27323600693826383, 0.6632435182789121], [11.559540154182773, 49.16545975520291, 15.084801417595633, 2.013877626423244, 0.2694006620556431, 0.6667377796705558], [11.522282944120716, 47.87656219886851, 14.746251610175108, 2.2637675078383896, 0.2859281442095251, 0.6447854678613971], [11.53561441429058, 49.57030770827397, 14.923322472454991, 2.084368593125517, 0.2783985385088127, 0.6641989113163913], [11.51582709621029, 49.380728662802454, 15.08301394516592, 2.052045719234052, 0.27228383693355973, 0.6684891735328597], [11.575002932428038, 49.47057103105285, 14.427431206836808, 2.1062349335733876, 0.2797466053936523, 0.6577827497732479], [11.508735800476945, 49.41678492475385, 15.243484530610777, 2.038689079146481, 0.2702574881003907, 0.6692946560153519], [11.519425348344459, 49.382833777628726, 14.960789999149018, 2.0484152484358122, 0.2721765096711348, 0.6690459815607521], [11.502940648874764, 49.34089389543155, 14.974710556477106, 2.1116004387523164, 0.277556983224853, 0.6592520865815569], [11.515309535381633, 49.5135900448023, 14.961598937857472, 2.058730394873076, 0.2747521598257832, 0.6606286890992759], [11.523348930536569, 49.31543924335603, 14.906680319035946, 2.072345211938176, 0.27461612020158044, 0.6641485221281326], [11.54353867831776, 49.435789609835055, 14.668365761615238, 2.0845111726541417, 0.2784359885265229, 0.6579712870216087], [11.55617114307114, 49.33530148220215, 14.931325597886017, 2.0857347833193773, 0.2758502677566748, 0.6615662579174444], [11.513214067173333, 49.51790369615594, 15.265828116242735, 2.0332346164196897, 0.2716900996272365, 0.6692140442045142], [11.524227000645766, 49.45025525031418, 15.060643130863275, 2.054905765227742, 0.27309689166617257, 0.6653883056953949], [11.530312330465026, 49.38654622016526, 14.811856784434264, 2.1558619096225553, 0.28081956009638, 0.6514805597918405], [11.496893257845523, 49.575150000777946, 15.139600376026229, 1.952155437523515, 0.2633697480752298, 0.6798237390951242], [11.543343678487478, 49.43586065263079, 14.993382729709234, 2.0185670450418387, 0.27137764729652647, 0.6655521066929987], [11.530334451605063, 50.09535671405006, 14.909086732157476, 2.004458266437444, 0.27394588659651165, 0.6731243013277026], [11.510653711957739, 49.181303492655545, 14.905843190705816, 2.020768092573754, 0.27025793776836105, 0.6715531339547204], [11.515472521517815, 49.328530155536775, 14.735137521918649, 2.0871805203863656, 0.27777421504797484, 0.6593939326152934], [11.51679799733877, 49.35271541181461, 14.968882118371917, 2.0528682430248955, 0.2730142813268791, 0.6637527147773027], [11.543889772640227, 49.522594443671196, 14.595520459834631, 2.093391286753521, 0.2780643443543641, 0.6556217003496737], [11.540110733013451, 49.543659489101266, 