{"basin_id": 10, "ref_run_idx": 6, "seed": 206, "x_best": [11.54149762218976, 49.18971362128452, 14.561435495299149, 2.2173966192023453, 0.2889504089402931, 0.6452227814924614], "best_J": 0.03126456925760258, "P_final": [[11.54149762218976, 49.18971362128452, 14.561435495299149, 2.2173966192023453, 0.2889504089402931, 0.6452227814924614], [11.59803729554738, 49.11364081721239, 14.361009288211802, 2.3219182602025863, 0.2981538870226701, 0.6341888834263775], [11.616326257049645, 48.91965474436104, 14.451259629306115, 2.214784205457338, 0.2891723516799108, 0.6444405685144227], [11.589099730900296, 49.53264494068115, 14.133554774925479, 2.2796733435291823, 0.2981256179875224, 0.6354516230944937], [11.600007547868161, 48.77286758898124, 14.401446675011798, 2.2932328712335606, 0.2941499072407282, 0.6336892193629927], [11.605952272149105, 49.44935806498858, 14.374722681863467, 2.2295716905196685, 0.29230240949558645, 0.6410001848629492], [11.569136589257539, 49.26693238652779, 14.516880910596983, 2.2408983239785507, 0.29138238416015216, 0.641361088434823], [11.553065371775569, 49.30969324138845, 14.470485114117002, 2.225050704308006, 0.29090756492602665, 0.6445502458747334], [11.610092009343235, 48.790691082148086, 14.282372994873514, 2.3072107240336934, 0.2962558609720789, 0.6316776450618461], [11.592020528547149, 48.86779002657468, 14.35201835634084, 2.228719397078806, 0.2920807267373225, 0.6397598008527003], [11.59609367798941, 49.22127318863657, 14.293259522755205, 2.273256953043155, 0.2950366832789791, 0.6359822810349174], [11.598846327802855, 49.19582259643308, 14.13777551212035, 2.319944017879134, 0.2979885377104305, 0.6312863693319226], [11.596374801056248, 49.27367579469505, 14.411695197350014, 2.236571557182355, 0.292048466405649, 0.640636205448988], [11.588209013831927, 48.62117270587325, 14.246741582910019, 2.3757874430505916, 0.30056440998895306, 0.6253409104314905], [11.568114282481428, 49.15323598366942, 14.483265521415776, 2.213490168938175, 0.2894514745691072, 0.644782728018173], [11.599636296191319, 48.876686328943414, 14.153678604436264, 2.305538718431162, 0.2962630558646332, 0.6331232283211876], [11.604932429243645, 48.9623883123469, 14.213162518582054, 2.294397109376967, 0.2963222041210385, 0.6341733418312416], [11.578565993608029, 49.16766714295799, 14.429813326149391, 2.2542474897025695, 0.29395300753486003, 0.6414582674092366], [11.570089211297935, 49.0126157697753, 14.302522698860207, 2.2310063382085628, 0.28919625100278445, 0.6448978883253185], [11.585019999770365, 49.198778839061426, 14.430886906045817, 2.2551871482861277, 0.29365002500520454, 0.6377564180749876], [11.590409975302613, 49.266553233110606, 14.25837860081128, 2.2231842316704085, 0.29128957618706364, 0.6405224177840888], [11.587572935815036, 49.18447052466458, 14.293459582627477, 2.2387165773834665, 0.2926554970627909, 0.6395004567483423], [11.566242410184909, 49.09888380135688, 14.541315237991594, 2.2631893082631853, 0.29213128100947927, 0.6392872121190019], [11.576572451670055, 49.03805421445951, 14.51835961653806, 2.2237080084963003, 0.2912637490806269, 0.6425855470504002], [11.580863886092844, 49.39851069331081, 14.23846508456588, 2.2564655006215775, 0.2935704306409658, 0.6395229031031452], [11.565323781078156, 49.0375135583872, 14.390122173108352, 2.2341941634937603, 0.291312281798183, 0.6423813593428521], [11.584166708457914, 49.390428815750944, 14.438108267839292, 2.2471836429064354, 0.2928837153421788, 0.6423029058764306], [11.57101759868379, 49.25602325418606, 14.505084157212691, 2.2858328426191337, 0.2947763293050876, 0.6364561213037295], [11.563277678256132, 48.91309636259245, 14.516205927101797, 2.225517361637194, 0.2890187559894037, 0.6441433360280044], [11.602604675740954, 49.15090650769686, 14.30674726015279, 2.2362670128651936, 0.29244157266568854, 0.6383127107094456], [11.604436885661853, 49.45273009373819, 14.302821326631124, 2.2897632564202675, 0.2973928620768692, 0.6351860395792298], [11.565412335613303, 49.432661842758044, 14.387139472175443, 2.234766201611681, 0.2920428293668448, 0.6443463500787274], [11.609554518184169, 49.368469157441005, 14.190854977928764, 2.2891765249731733, 0.29769977399059955, 0.634714975460114], [11.59034407292692, 49.29903328619713, 14.391254366884477, 2.2140384714085624, 0.2908541639784343, 0.6443978079811538], [11.590296749635327, 49.43910756456928, 14.24055607412723, 2.258935342778687, 0.2949664781932205, 0.6358002851720114], [11.622610541149609, 49.417996776500146, 14.3057386233604, 2.288211388426796, 0.29721758852378966, 0.6346364649088474], [11.566104958319169, 49.437096218725955, 14.521332460450493, 2.226200670509544, 0.2917729706308409, 0.6448452115910942], [11.590686092704477, 49.393821250395256, 14.42409648490016, 2.2258051920858914, 0.2927093189797264, 0.6405303532439479], [11.566100700344768, 48.834762352812504, 14.226161344269684, 2.3713646315031185, 0.3005457201340171, 0.6259774165142181], [11.596587969505887, 48.98273597058587, 14.32711501429403, 2.2434401288640684, 0.29224531418077504, 0.636998546394831], [11.557757342419007, 49.251123822593684, 14.478282103559504, 2.217472654357189, 0.2898206287875101, 0.6405677718816688], [11.577528594744095, 49.01538752574635, 14.291921777755068, 2.2879074347371278, 0.29514134902653094, 0.6361791096895203], [11.611250769179069, 49.30797520097933, 14.252364007626593, 2.2726584347846224, 0.29586080623011035, 0.6354064113146612], [11.598645322228526, 49.21069679472184, 14.379328382156162, 2.271482520689303, 0.295528059468841, 0.6348969902245406], [11.58560584010554, 49.270019736625386, 14.405781256827177, 2.215762587567709, 0.29131630582198675, 0.6387840205715117], [11.571448186043625, 49.007792239248545, 14.320673129944492, 2.232784623059228, 0.2905353517747009, 0.6444707643470634], [11.588345615495037, 49.20318201265221, 14.315892223450442, 2.2524087929785943, 0.2930766593943718, 0.6402630266107203], [11.5674911568967, 49.48322067473683, 14.487036673390676, 2.2774334646401257, 0.2967166558216182, 0.6345360114310356], [11.591331574250619, 49.41455649219925, 14.383613465333184, 2.2372670118394926, 0.2934261136063015, 0.6370423097070013], [11.58091596556318, 49.20574938039718, 14.288908934619124, 2.2431595618214515, 0.2922888112179963, 0.640573164478919], [11.567561739325166, 49.256969939564534, 14.391737946226733, 2.242634968861707, 0.2926803232801791, 0.6408102243752701], [11.5748602251973, 49.26653246520027, 14.316149655245468, 2.239492022013642, 0.2918971440985532, 0.6441196826732065], [11.579770735530799, 49.082499367030735, 14.320553620166024, 2.274552696928076, 0.2931999809991057, 0.6387744200322051], [11.651838680972801, 47.797149522437856, 13.97101229877099, 2.439031974302733, 0.3049043145641425, 0.6118147701223008], [11.560579571270413, 49.20293032569651, 14.254575441573722, 2.2857186506937293, 0.29527040227282036, 0.6368475409576655], [11.569521557911996, 49.3226445074281, 14.411957708381253, 2.235390938767333, 0.2917350425256244, 0.6438403994337498], [11.609216875740517, 49.368066884063204, 14.382551911893586, 2.2253967325898913, 0.2924406950505483, 0.6413903471009795], [11.591704339871049, 49.60960096173945, 14.345275467655213, 2.2135831261445684, 0.2921846547056062, 0.6448775174959861], [11.59874608359661, 49.24975540073502, 14.273372456450973, 2.2529188354419767, 0.29402037727241115, 0.6397241073820988], [11.575447771892437, 49.029583974484964, 14.437408615357732, 2.2119821437032496, 0.28986231122755257, 0.6452678071009776], [11.586751945307443, 49.22737848257493, 14.432740030373655, 2.2416990463989936, 0.2924367388428263, 0.6382564499470634], [11.57038855169208, 49.09276447690155, 14.420527977811242, 2.263075871084089, 0.29418239339401175, 0.6367582947577966], [11.60748013210979, 49.523536846276734, 14.280466897315257, 2.2163545679118113, 0.29321980804306175, 0.641077420643225], [11.72814674192923, 48.40474164946449, 13.88020887894542, 2.5011485367446817, 0.31279301722897557, 0.6142795961716125], [11.58690376678885, 49.332177639639696, 14.3172569938668, 