{"basin_id": 15, "ref_run_idx": 6, "seed": 206, "x_best": [11.637397741614027, 49.85886621918454, 14.137165707417333, 2.241287127438511, 0.29817329092850037, 0.6360349772303056], "best_J": 0.03157239672477315, "P_final": [[11.637397741614027, 49.85886621918454, 14.137165707417333, 2.241287127438511, 0.29817329092850037, 0.6360349772303056], [11.635581676760289, 49.82602830974438, 14.11663542189122, 2.2386742491177207, 0.29816613507936834, 0.6356978854549241], [11.63580074450804, 49.8276275206359, 14.080430514774555, 2.2572596343569886, 0.2988640504643269, 0.6278479062950174], [11.642717837209355, 49.80565486308146, 14.078876974550667, 2.2817673863300896, 0.3022539393683223, 0.6311200101360559], [11.636633227090455, 49.88645396790441, 14.187375286281046, 2.264638436962477, 0.298795211164721, 0.6331889979269547], [11.644530805891725, 49.75069396181601, 14.13768905002446, 2.2913376654080726, 0.30301149376347886, 0.6293612140162977], [11.778917336892917, 50.1183869812647, 13.632969955761704, 2.4127034518602626, 0.31870947917355, 0.6132087142515811], [11.661264732747481, 50.016060905015145, 13.998027310086966, 2.2697121430682685, 0.3017172292067159, 0.6297751124763232], [11.64294648576914, 49.78784638228466, 14.173832047831846, 2.3017804116179383, 0.30206924048906936, 0.6361039252763037], [11.657844747221002, 49.87918660962952, 13.935861052049805, 2.339276436906339, 0.30779708275417034, 0.6271288352801542], [11.63715286917161, 49.592571929060334, 14.172829673386785, 2.260821266136369, 0.2986963818184286, 0.6317252031648295], [11.643225673801354, 49.80714562487732, 14.121201622744888, 2.2754067260775575, 0.3006400800651782, 0.6323822004408512], [11.636219581800349, 49.85752429415926, 14.137189706970142, 2.246442301434918, 0.29821766465917693, 0.6352545096006239], [11.635523552442018, 49.971069347804985, 14.147628168394048, 2.2530298561347104, 0.2998477063632676, 0.634088837721578], [11.641359997921674, 49.725998516162456, 14.046947947913397, 2.2910567873238024, 0.30148453811888215, 0.6309587657658512], [11.639303194510807, 49.58014978420802, 14.153981269338958, 2.264229879682205, 0.29810057620159974, 0.6340405555891513], [11.686581237524598, 49.61801070212583, 13.768212138188309, 2.363313955956748, 0.3078990707064996, 0.6234984527575382], [11.642927248270212, 49.768885033307996, 14.109284109274492, 2.242412298306749, 0.2983696541410473, 0.6342816462815587], [11.637639531023241, 49.941050388856446, 14.1772651197083, 2.233334707797633, 0.29780023291021385, 0.635836515397145], [11.637725067792358, 49.99704324940812, 14.14405367617939, 2.235861620573712, 0.29850282623909236, 0.6359930264852922], [11.63805564203351, 49.88184839437677, 14.166906001487218, 2.2816496864464626, 0.29877925806922284, 0.6358354788204503], [11.656481416767093, 49.919730908944004, 13.910591656969235, 2.2854326443856126, 0.30368361345194206, 0.6318597776359444], [11.637523816212912, 50.061581979479485, 14.127142062484257, 2.2357199632236826, 0.2986574448618159, 0.6352121942325117], [11.642924001428653, 49.827238657733865, 14.16502909842977, 2.278578150140989, 0.30076224990057465, 0.6344299422127838], [11.635658617148037, 49.73676148884154, 14.190696481439218, 2.2522119476427456, 0.29791264155209096, 0.6358481798562918], [11.641071945420073, 49.50507047526217, 14.137139266612841, 2.2789470500467877, 0.2988497082283228, 0.6338527307169707], [11.637010714932812, 49.980144190727145, 14.024630098326474, 2.2545504389227418, 0.29952701602881365, 0.6345250339801639], [11.637457566875845, 49.98345025165469, 14.132409260140856, 2.238645381522318, 0.2984030329707305, 0.6356445480027025], [11.645439119704823, 49.557604063143025, 14.154452859321557, 2.2604952236242535, 0.29801948528942634, 0.633777267382525], [11.668021705368913, 49.3045513107722, 13.785372588700204, 2.3700318954394413, 0.30796170028524894, 0.6209649217429832], [11.63613611602268, 49.71243655543286, 14.130792221090658, 2.2423866336478886, 0.2980490057559935, 0.6361674824233614], [11.635242236603387, 49.994215302581765, 14.144104252372488, 2.2467255344793187, 0.29826899789036715, 0.6357635724215394], [11.659095694600445, 49.90217534403191, 13.965133992783842, 2.325827152012992, 0.30585234581817833, 0.6250165226706645], [11.640360840954903, 49.60286864030952, 14.070375479886991, 2.275096986861122, 0.2985641980580888, 0.6329531460275346], [11.637058726657852, 49.60083873195626, 13.900915975219498, 2.2673096126264554, 0.29873812941457095, 0.6349154473619091], [11.666047536090945, 49.919438343931894, 13.985122119037818, 2.33710983586706, 0.30847116914868294, 0.6243910335477659], [11.636254188140345, 49.69029851688665, 14.165598115064954, 2.2492764474861042, 0.298126784927053, 0.6359801380633865], [11.639989054673244, 49.89373282548364, 14.143841583974472, 2.2414154071042316, 0.2977350973912437, 0.6346579806606804], [11.752422966030531, 50.87572496895832, 13.517708221945906, 2.436344732303548, 0.3192342169884861, 0.6160553703952486], [11.655304186622807, 49.87923892784962, 14.030083089315836, 2.306581964130677, 0.30307463360885856, 0.6288532698434715], [11.644070347324112, 50.09382124673112, 14.14754609049007, 2.228016265595255, 0.2985483402846155, 0.6359161092839795], [11.642194521321427, 49.89441418199788, 14.090470939505472, 2.2683996407146894, 0.30035044982627396, 0.6324812882862425], [11.646868684166002, 49.78473784605286, 14.110199180908324, 2.313318388917611, 0.3029335610750752, 0.628937960044645], [11.636086632319158, 49.72680393445315, 14.041486342454931, 2.281034914480819, 0.2999247417487426, 0.6327172620215703], [11.650529862497507, 49.66006891942463, 14.003120385062257, 2.352055781912939, 0.3083232928095869, 0.6256643067656494], [11.636375678329175, 50.2545686116704, 14.024717382246179, 2.2401961952054092, 0.3002472694916744, 0.6355220550769302], [11.655905183816248, 49.734075917046766, 13.989770972210488, 2.2600035823219535, 0.29959137901929284, 0.631688742279113], [11.636517155531319, 49.94747011159907, 14.156087585864302, 2.2603059609560496, 0.2995583331303974, 0.6362425837392784], [11.646890851895597, 50.15451110716877, 14.131292105863633, 2.261891026707342, 0.3015093427006189, 0.6339279329199502], [11.637788008843199, 49.578852312734554, 14.079083301626973, 2.293980815677153, 0.29923303446234045, 0.6327320904984822], [11.655283169710163, 49.80895390732875, 14.065580440665345, 2.2415573490460456, 0.29862780030245234, 0.6354768096643697], [11.638751195451881, 49.83832424969735, 14.116433151028323, 2.256947124275611, 0.2980206239440221, 0.636139056879062], [11.666667183752601, 50.08040546597645, 14.070103874796091, 2.279696493268571, 0.30350132200676316, 0.6290830211720791], [11.654802934571068, 49.82802759497618, 13.86606755667188, 2.2803168146702824, 0.3032552885234127, 0.6287186246072372], [11.660437667773875, 50.10205698237206, 13.986730737903162, 2.240315184184933, 0.2998031684524628, 0.6342783128619198], [11.63704055025598, 49.658496230486264, 13.926216713910817, 2.2514916676791823, 0.2991909484360035, 0.6354427668592134], [11.695766070772372, 50.11939364944172, 13.73969713588996, 2.3429506729827057, 0.31037794248724326, 0.6240194327686022], [11.639905342894327, 49.804859966754066, 14.131359437295659, 2.262756168845037, 0.29957883529292534, 0.6333374670292609], [11.64602166124566, 49.96361615679964, 14.133736065875345, 2.273905969917677, 0.30009711551634877, 0.6342387836765573], [11.660169954892625, 49.75156620525948, 14.050208695967077, 2.266588372517031, 0.3009595299836388, 0.63427824303985], [11.636630774478235, 49.70499311148545, 14.122834737970434, 2.2628561025368805, 0.2985829845085501, 0.6352996778024654], [11.674324632101571, 49.78126972791385, 14.036517880605597, 2.2652078967482634, 0.2997530354227087, 0.6320127264014047], [11.643837453017824, 50.00314112687102, 14.06948156201533, 2.2430452242744576, 0.2997032797724386, 0.6336370872000155], [11.636682560851911, 49.86173026456105, 14.141020218357951, 2.257556169681422, 0.2990658435336753, 0.634267561578706], [11.666978841329536, 49.763433912580616, 