{"basin_id": 17, "ref_run_idx": 11, "seed": 211, "x_best": [11.485929874039098, 48.635050784459104, 15.212801674215592, 2.060215295004333, 0.26797379468572463, 0.6686985938142134], "best_J": 0.030936686119687383, "P_final": [[11.485929874039098, 48.635050784459104, 15.212801674215592, 2.060215295004333, 0.26797379468572463, 0.6686985938142134], [11.452552920345452, 48.91845839183299, 15.372011754221935, 2.0629621450135285, 0.26830219049031345, 0.6710294628840794], [11.475170596878892, 49.11758474111828, 15.334644976975794, 2.046343624571687, 0.26842231160822333, 0.6699986674829198], [11.477667241755963, 49.25982364426133, 15.485054476038854, 2.0388834564140934, 0.26754249624690346, 0.6712701472353946], [11.479315524945783, 48.17210849039909, 15.085921046562841, 2.118248260582372, 0.27271595169601814, 0.6574046180982224], [11.482254798874301, 48.32756499159884, 15.33493037727953, 2.065663453973963, 0.26676305459403815, 0.6653804633858569], [11.464989525968411, 48.6681607993837, 15.32341707499046, 2.0803842918861237, 0.2692101200532738, 0.6662243859068735], [11.469187130028082, 48.427065920929664, 15.374489403747472, 2.0768807677059318, 0.267078917954691, 0.6685215777424408], [11.507637087973972, 49.1579816127331, 15.428411146218107, 2.0146380674578737, 0.26675607423714154, 0.6767855883441608], [11.390226280037561, 48.790206383776834, 15.609299403694324, 2.081237490584893, 0.2669469361543084, 0.6750990164168779], [11.470858825465047, 48.712100109989564, 15.494609874207713, 2.00816491780217, 0.26298691988939754, 0.6758943587756002], [11.504198346130675, 49.116836425111664, 15.226492984866256, 1.993798144222366, 0.2636701435330312, 0.676877557082177], [11.487405210077561, 48.983881232135396, 15.134380706365445, 2.0200890784974423, 0.26698979840858017, 0.6694708678130747], [11.490892337723917, 49.27615025899655, 15.327223626451712, 2.003926287319584, 0.26712790222088445, 0.6730153274273893], [11.468845620822432, 48.51402569406157, 15.193407804209667, 2.067220425920276, 0.26789605061572624, 0.6688423280928443], [11.458410407634236, 47.85573322052125, 15.466732338682375, 2.0721013343804926, 0.26395017616635075, 0.6658977225796131], [11.446743706181282, 47.97758833015003, 15.607245993539037, 2.065384509747388, 0.26188485940431916, 0.6723641982088838], [11.484103967130343, 48.99282981161425, 15.322088042922655, 2.0331430081821753, 0.2671930156798781, 0.6719093134142767], [11.493152863121905, 48.35017000550024, 15.198779854158216, 2.0505200460768815, 0.2657695052008369, 0.6720667720813891], [11.436965226303652, 48.07999232648127, 15.359807367516764, 2.083819982709696, 0.26412011114568323, 0.6690892719394917], [11.452351276097657, 48.768183153017276, 15.41388916497718, 2.0847851907285144, 0.26742302477657637, 0.6709232435376269], [11.502480289901143, 48.680013572541114, 15.16137749042089, 2.0696125893780293, 0.2680792928461907, 0.6653845012435844], [11.491188973755374, 48.66674325780768, 15.229386887550357, 2.0619798576126716, 0.2685965681049613, 0.6681267666481481], [11.48705701474301, 48.96052037656915, 15.191548805517538, 2.032807373136423, 0.2669199096334082, 0.6688562850222303], [11.46534058084959, 48.38164791914359, 15.605465094664932, 2.048907592517992, 0.26343944791072027, 0.6700797059403777], [11.481738397746168, 48.69480641427434, 15.349417268081432, 2.0494104355882943, 0.26716760401963635, 0.6716034324135758], [11.473060200525728, 48.539169711739675, 15.371869716201509, 2.048477847180393, 0.2668631247024353, 0.6714034857536556], [11.462106794798741, 48.284794811110416, 15.245959556118692, 2.080337966180016, 0.26747726479452905, 0.6665778739173509], [11.456516041831179, 49.68438061450448, 15.444593347688652, 2.0152343977900316, 0.2692033464792685, 0.672139660764967], [11.46053700304353, 49.468942543154995, 15.588250561694899, 1.9642796908559133, 0.26320863602091776, 0.6781232538002712], [11.487392599708281, 49.205283160722296, 15.369669310044523, 2.034233194618826, 0.26790937914324064, 0.6688061000363066], [11.458016092884968, 48.82456255636354, 15.393075458360235, 2.074428517927907, 0.26807388185733616, 0.6667371356764298], [11.481543181261719, 48.657712162670734, 15.330983192044974, 2.0552095283427363, 0.2674593241210684, 0.668637953489869], [11.437487524464691, 48.488689541566394, 15.235567408226856, 2.0692955405598403, 0.26513297715493633, 0.6724533828322831], [11.486828201663894, 48.80047058639067, 15.200732584864928, 2.03503820856885, 0.2659631208750729, 0.6703577989928449], [11.450871752135605, 48.149869952743295, 15.393840856475324, 2.089210930722844, 0.266787619477912, 0.6655846131014063], [11.474023502716571, 48.89120214069677, 15.291046504054254, 2.035977897323111, 0.26714433538271504, 0.667738824859155], [11.497570216822568, 48.38226764096712, 14.939257217100032, 2.1109087728257494, 0.2722709804376572, 0.6615375298215495], [11.48808659874516, 48.91974072000763, 15.336652597168985, 2.042499460651871, 0.2674790833752257, 0.6707745651705546], [11.50866093248753, 49.291357750733965, 15.25426746406414, 1.988349249141733, 0.26558875431096624, 0.6740716686561842], [11.464207180018542, 48.33364051840575, 15.16602000795245, 2.0609442489595007, 0.26536029626133223, 0.67124171120267], [11.477257052525443, 49.40061674333713, 15.26361718937284, 2.0074991241334974, 0.2669420969949358, 0.6720969108682819], [11.499176202520717, 48.74970354267624, 15.287422155055777, 2.057491184218365, 0.2684956211511774, 0.6697712016367062], [11.449521899511339, 47.91212303549414, 15.252386372711218, 2.07723625170834, 0.2635357664847981, 0.6712174201022536], [11.455469060620812, 48.48442652283702, 15.396991088366645, 2.0799724549108296, 0.268170024031363, 0.6662991439174218], [11.486542859966919, 49.37910005799415, 15.469508548973705, 1.9681768992051987, 0.2637511266705485, 0.6747282576680441], [11.491356431980037, 48.959053720223714, 15.18634910917268, 2.027974436669448, 0.26697053143781235, 0.6712963136409887], [11.468894592653678, 48.162161467238, 15.36447376172273, 2.0937915783772723, 0.2678676315110136, 0.662832266669382], [11.478598357426943, 49.30289199936268, 15.322230161692172, 2.0522572282061855, 0.2700992177760309, 0.6692364929747819], [11.478700492991239, 48.72546561167588, 15.394559015826983, 2.05221137948336, 0.26668690997543937, 0.6698762212405237], [11.455657471071017, 48.73347960570509, 15.236403223427935, 2.0688554341837397, 0.2685952700461137, 0.6692406331398166], [11.444225014869296, 48.3127258946315, 15.43532503016387, 2.078776204500341, 0.26599504713642885, 0.6668786312526285], [11.541962789844462, 48.58395048781939, 15.235048104707772, 2.0363567493864334, 0.2673660658613414, 0.6648897837439116], [11.512585228460697, 49.219229688592804, 15.218393101064557, 2.0347675867255712, 0.2686608056037398, 0.6702625173824791], [11.487586944181277, 48.830767650020185, 15.383995005746335, 2.05420158098945, 0.2669636632629863, 0.6709043743467568], [11.451655626707254, 48.930027601464325, 15.407200446031808, 2.027045026337769, 0.26503247254928075, 0.6711492167436667], [11.461940196113883, 49.24879844609074, 15.246952682334205, 2.006865448709191, 0.2657076807036687, 0.675346248180612], [11.50807591023554, 48.759315666576484, 15.262997679026395, 2.0429799447733026, 0.2675453924115516, 0.6699000247025395], [11.498847987037683, 48.81403550324503, 15.200223398480484, 2.0341730620762966, 0.26712625881315577, 0.671016781582858], [11.50186610107121, 49.12312849382946, 15.351942683363232, 1.9755101798161354, 0.2620283445858495, 0.6781431503243995], [11.453959461127926, 47.99432692986756, 15.460161791850837, 2.086753784713169, 0.2645859876943503, 0.6703418467112761], [11.449624825946618, 48.55607198625843, 15.43448438471631, 2.083961506330705, 0.26957789427667306, 0.6650064451160663], [11.448054201047361, 47.99574703074813, 15.282749912570063, 2.160813373983592, 0.2702536602079401, 0.6596861233238475], [11.465495883688924, 48.301118055661384, 15.513357080378189, 2.074338712890579, 0.2667831678027054, 0.6710388167178676], [11.498724206004223, 49.01111167034495, 