{"basin_id": 15, "ref_run_idx": 11, "seed": 211, "x_best": [11.634974803642494, 49.7903270083979, 14.127204655167729, 2.254975211250836, 0.2984171920031878, 0.6351389610707948], "best_J": 0.03156945373499818, "P_final": [[11.634974803642494, 49.7903270083979, 14.127204655167729, 2.254975211250836, 0.2984171920031878, 0.6351389610707948], [11.636070957289236, 49.89910915952291, 14.119153775968938, 2.2568039660026753, 0.2992843948300429, 0.6353812403197756], [11.636111683900586, 50.07158954422813, 14.124026761069867, 2.2787305404833953, 0.30173888737884574, 0.6312619324040624], [11.6355058795043, 49.894957440438844, 14.130994661535127, 2.249558253098741, 0.2988457641003884, 0.6358818946183186], [11.635449306349308, 49.745669305940034, 14.105680807394686, 2.2592476405108344, 0.299276391164488, 0.6345788656179534], [11.63498940233802, 49.85227366894765, 14.126848560271988, 2.2581504755515995, 0.29932229368595087, 0.6350573596688603], [11.636408761691019, 50.130672478532674, 14.189867892569938, 2.240161199726541, 0.29907016519499097, 0.6362556529974517], [11.637200356622357, 49.7245082812704, 14.096171708270406, 2.27075283211724, 0.29954547498925754, 0.6338911060340442], [11.678187436701162, 49.415257774240615, 13.784761197108205, 2.41042479113457, 0.3124804164287432, 0.6156210001974538], [11.635617254973134, 49.966439382302354, 14.040059004066302, 2.2591362976779052, 0.29926948646010965, 0.6355314569936565], [11.638182057226082, 49.787042169723854, 14.072141403420286, 2.2849712858104603, 0.30024624658251153, 0.634214325165269], [11.635098109568226, 49.56027957371044, 13.959614541125145, 2.3218838386140934, 0.30348795350993446, 0.6293466068567626], [11.635582244394692, 49.812773386164174, 14.151358755856094, 2.2541196579484057, 0.29863917947821955, 0.6355931007882436], [11.635440288846304, 49.84593095003956, 14.07669601225868, 2.2566520790881217, 0.2989597555953521, 0.6347732563279823], [11.638237030831108, 49.77352458956007, 14.104799247660685, 2.2719441863782626, 0.29994626566119315, 0.633517200318172], [11.636574523903288, 49.80896619894853, 14.096469331376676, 2.253133716515262, 0.2983758493841387, 0.6349614816301343], [11.635759586864046, 49.91629845674998, 14.131209921510079, 2.251647940506991, 0.299396120129776, 0.6350235765605999], [11.636672395246281, 49.61644080446553, 14.050977513226577, 2.2870903400433082, 0.30006915139972523, 0.6316499174770036], [11.635038460113464, 50.04686686807588, 14.106917739601597, 2.2552375786695498, 0.3000332933562538, 0.6353839509162992], [11.637518716727238, 49.78798204851628, 14.1095335618229, 2.2585968143276105, 0.29867105509192116, 0.6332165165933673], [11.654005017380248, 49.84688852921291, 13.99800317231444, 2.329080117803621, 0.30550423755138917, 0.627872624666996], [11.635127137649173, 49.82742488138454, 14.121271164516523, 2.255848550357716, 0.2988956487644982, 0.6353635266118777], [11.637666734618188, 49.78769437204534, 14.104230276282612, 2.262392464608404, 0.2987859846811144, 0.6351508550678331], [11.635390003456276, 50.041244592359384, 14.11818545052261, 2.2563819676083807, 0.29977331237100346, 0.6353457082312519], [11.636380181641652, 49.88231298001028, 14.14159806412766, 2.2622473741365394, 0.29951679332026254, 0.6346351851082848], [11.642767005720863, 50.06790568220313, 14.09317608051267, 2.2431413341141684, 0.29924107550614043, 0.6362951272690558], [11.636074943539072, 49.82312589421206, 14.13241050506326, 2.2550010513836147, 0.29841746229453064, 0.6359071133962199], [11.639056847458395, 49.89392169780246, 14.098678242646283, 2.262872189976962, 0.3006245731629297, 0.6334495686338347], [11.6367042762354, 49.95096556892705, 14.075015955650914, 2.2551988896680895, 0.29923410441587606, 0.6356910839796994], [11.635694078910213, 50.01393521006385, 14.153623281982929, 2.2413637948850287, 0.29892704542884857, 0.6353045248166318], [11.64350467004882, 50.00205488606286, 14.079920595780756, 2.307142767913311, 0.3035208750810538, 0.6301499861363787], [11.635690769939268, 49.73848285933456, 14.119993038806143, 2.248799308905811, 0.29859457394376876, 0.6350958758554287], [11.642168719679844, 50.102395011726216, 14.10246980839244, 2.25460478837711, 0.3002221691320348, 0.6353028980678879], [11.656131417270803, 49.74428492893644, 13.918949770925659, 2.322454057635642, 0.3046269607525907, 0.6268464825445552], [11.647431479275243, 50.05869361491364, 14.071598500674712, 2.2871276743281035, 0.3031411398106173, 0.6311640340445653], [11.63692525855487, 49.82479537103248, 14.133195055923249, 2.2540748107050566, 0.2988525163159163, 0.6352524348783016], [11.641149494082578, 49.958392406914356, 14.114562661435954, 2.2509850719304634, 0.299109600147739, 0.6357565728333635], [11.635051345392885, 49.91011392725037, 14.103165944411304, 2.2542573334088836, 0.2992528197604783, 0.6362453380074264], [11.634888960383824, 49.77800446731116, 14.076191229523767, 2.2615584664426214, 0.2989556277801893, 0.6351456042369159], [11.635346037101337, 49.982825610322955, 14.150865006822798, 2.2562877043383462, 0.29957512489773663, 0.6361774642994377], [11.639781198158108, 49.89655172375965, 14.131780623655429, 2.2835656177512744, 0.3017841809727185, 0.6306795374955506], [11.635131411312978, 49.76862491683815, 14.117078980537503, 2.265845071822972, 0.2993291364149744, 0.6341582979955275], [11.63690710327105, 49.87490699093568, 14.091784413619086, 2.2525035650862106, 0.2988921147270497, 0.6353785090117874], [11.642248405626347, 49.50806762405413, 14.057122767379811, 2.327132019272337, 0.3034232106098065, 0.629841323930012], [11.63580663594061, 49.89887303373478, 14.111365083961696, 2.2536729961421846, 0.2992458297461141, 0.6361606857360392], [11.650141540382757, 49.6193256897032, 13.989199283232132, 2.299093214823882, 0.30263535332825703, 0.6280519753907593], [11.640495377561631, 49.79949070493091, 14.08303260719788, 2.2703750758360624, 0.3002921297542064, 0.6339429603777831], [11.64061176243916, 49.83458606807527, 14.035780669823259, 2.261989781286827, 0.2993202949777636, 0.632283802634625], [11.637562359737307, 49.944904374951705, 14.127011560760849, 2.2564386801629808, 0.29926979930042213, 0.634483489505093], [11.636016070021139, 50.141754564158774, 14.154810119006866, 2.24181282711971, 0.29913394306608787, 0.6362237642684865], [11.638291566351732, 49.9704804158616, 14.059215150730509, 2.261399736962455, 0.29991258621401184, 0.6345805933623615], [11.63702559187394, 49.94766853996317, 14.020348182838093, 2.2541246683309186, 0.29980731400353544, 0.6356010489880649], [11.642762018959301, 50.0384482123347, 14.181176795718937, 2.2603473171188613, 0.2994736801528115, 0.6354880078141851], [11.636781653188288, 49.70802788377099, 14.116012024943895, 2.2605660351929413, 0.2989811686717391, 0.6345954141755252], [11.636467538864839, 49.90737244764297, 14.142170590108577, 2.2694803021311643, 0.2987273142039893, 0.6349830177269706], [11.639491926524027, 49.877605968220436, 14.122420259585517, 2.2527311265273777, 0.29857291305431793, 0.6361063063303002], [11.634884969850193, 49.91103487452656, 14.092152957945816, 2.266711938618857, 0.3004283906166244, 0.633382235873214], [11.635431022861301, 49.82837285001141, 14.141501934112048, 2.2572378150191503, 0.2989011683201391, 0.6351178793668529], [11.63514449202395, 49.92671311105517, 14.126941909080823, 2.2545008385636187, 0.2989865181792903, 0.6358163811501748], [11.634865551535947, 49.7335990882782, 14.218875732381942, 2.259130366047972, 0.29824237010301774, 0.6353872923117462], [11.636008536511861, 49.80357688491386, 14.06375842638465, 2.269171142299491, 0.30113330927884696, 0.6327728274253049], [11.635233089383258, 49.84191471373074, 14.117259814814934, 2.2729261787015775, 0.300422632109823, 0.6342315866066056], [11.63528147078361, 49.95725751285608, 14.146633996368598, 2.2583486842869163, 0.2991243578837507, 0.6352658207252136], [11.64444808282524, 49.67154511856934, 14.00712843067043, 2.290917769052971, 0.3007688754250018, 0.6320660808952846], [11.635904033208433, 49.892199260374355, 14.144450695575435, 