{"basin_id": 18, "ref_run_idx": 12, "seed": 212, "x_best": [11.578507888574594, 49.85418595126602, 14.513288097767774, 2.1201211010875505, 0.2845764828029554, 0.6536026350966515], "best_J": 0.03119961673054944, "P_final": [[11.578507888574594, 49.85418595126602, 14.513288097767774, 2.1201211010875505, 0.2845764828029554, 0.6536026350966515], [11.59104653903547, 49.721940415369986, 14.49595153925009, 2.176340355890432, 0.28810294334289577, 0.6495766708343436], [11.64617541515826, 48.90376893735763, 14.001911636806687, 2.384758974997355, 0.3051362961893421, 0.6228703126187288], [11.597568224202595, 49.48808348120389, 14.422119535306734, 2.2014590943537735, 0.29008386360809835, 0.644775024977032], [11.583907290685369, 49.73468711088569, 14.466265153167978, 2.149134818602019, 0.2872631170628207, 0.6489734368637021], [11.584129560690565, 49.68262471738191, 14.420411573217727, 2.1507463728712644, 0.2874903329498917, 0.6494436052786751], [11.584306007799897, 50.21154278608612, 14.43792293177722, 2.1202736629525343, 0.28702407490622683, 0.6527420304498702], [11.587658454054782, 49.457163565191394, 14.348437732267778, 2.246616034275327, 0.2922112806673402, 0.6401995666207729], [11.598846608164747, 49.92835290055046, 14.381185511716174, 2.1417710668622636, 0.2892485235264313, 0.6491988761743566], [11.594076491930771, 49.79314437903398, 14.448898635110941, 2.1490252807155863, 0.28732875362928556, 0.6485668675818076], [11.559629594018, 49.53779871606877, 14.541810252429533, 2.1412802311952484, 0.2827194543098991, 0.6544377807135113], [11.63644519928012, 49.01093710771389, 14.0855891062315, 2.388444897466769, 0.3060923674285655, 0.6169523376784632], [11.59533908581348, 49.73859704083809, 14.484830498053482, 2.121886042168116, 0.2845874008819024, 0.6538833778521921], [11.64903292019865, 49.39578458033663, 14.103082368154105, 2.335851078265669, 0.3050370642442015, 0.6211672017527222], [11.560958240143032, 49.64769454658213, 14.56652834599296, 2.132499271504811, 0.2854152584970633, 0.6538707651248138], [11.584623768275495, 49.51605667005825, 14.536663444745024, 2.15491938406782, 0.28581448120346925, 0.6493185398955421], [11.59649412441423, 49.64923021716347, 14.370708594724443, 2.2534047452320767, 0.2945753175020241, 0.6377283459867906], [11.580031733105768, 49.8050395029479, 14.49031865747948, 2.1380578518115696, 0.28525341055654757, 0.6528015964117379], [11.617318968885916, 49.31994961821966, 14.424816727977031, 2.1741247913746244, 0.287923076945069, 0.6467701443742677], [11.579822795807363, 49.69836206769795, 14.486651953961964, 2.117561430736486, 0.28465339819066215, 0.6527147653531394], [11.58608286038407, 49.35242783053208, 14.376633947365272, 2.202213917005851, 0.2906402503573345, 0.6449692581519277], [11.607306143271098, 49.24245411759763, 14.340641109258481, 2.237544087859947, 0.2938601576176658, 0.638822983680055], [11.579001336423197, 49.67857736925883, 14.411229888133144, 2.165280343410079, 0.28815176559651645, 0.6447940788249723], [11.567809042978855, 49.61073812404047, 14.55197968698378, 2.1309691749267756, 0.2849773488737582, 0.6524951003171734], [11.575466677988132, 49.57727547757169, 14.443319319317315, 2.1955215684352503, 0.2882698512184438, 0.646237880417739], [11.607934060734715, 49.41185523865129, 14.038618512093755, 2.3403126626036834, 0.30366051906998637, 0.6278578505939229], [11.597414905703118, 49.547716270606834, 14.3828953552557, 2.2167039982777292, 0.291816847288585, 0.6416855868452942], [11.56571874059209, 49.72737716502447, 14.572355252893304, 2.128880494815942, 0.2843019485351137, 0.6507510852637814], [11.588955569516129, 49.73039364476411, 14.300193788111793, 2.2028562300274723, 0.2921726709520947, 0.645325632195134], [11.596617284306397, 49.37254474713881, 14.380792006447702, 2.2082361315663475, 0.2903766259132831, 0.6426996298552388], [11.601165550394288, 49.170100387266174, 14.171592662239123, 2.284959473655508, 0.29822762961243143, 0.6343670855357516], [11.58907399552275, 49.49393985690725, 14.436982445697813, 2.151752009794488, 0.2858470225888894, 0.6508866077163744], [11.591515994372374, 49.547053388636556, 14.452338384485635, 2.140197007557919, 0.28583038093845825, 0.6502488875888524], [11.572717416503066, 49.67608052676154, 14.505305851278251, 2.1625913031761743, 0.2865560254326971, 0.6491876952761254], [11.598994816374066, 49.31955881716786, 14.25650626711649, 2.2433351904527803, 0.2948902949014042, 0.6363450089487683], [11.593757555098193, 49.43889800659042, 14.392813969802281, 2.185648499668261, 0.2860938610592609, 0.6507085045961704], [11.561682465179496, 49.698040492241034, 14.615493701518641, 2.1119622825854205, 0.28356217506831927, 0.656202677065804], [11.592616686664192, 49.70169782997995, 14.453784546184085, 2.1529491749751095, 0.2862603080162131, 0.6516474099131871], [11.60443464966511, 49.165860388122425, 14.275348331044635, 2.254342683969494, 0.2935003754724689, 0.639334871250804], [11.594467346654778, 49.45736965423023, 14.336465730542738, 2.1944430618864437, 0.29079953032584893, 0.6428936661937923], [11.594557707791875, 49.47167593743434, 14.414465180833698, 2.149170677064758, 0.2863738478834085, 0.6503367669356143], [11.650370132243083, 50.93119411352123, 14.178782470395818, 2.1343430261883394, 0.29565733560594204, 0.6464428994497936], [11.596614745425557, 49.57948874348727, 14.478753334327926, 2.1523836757294044, 0.28620756212487947, 0.6507259490257891], [11.581970898161158, 50.019866456375155, 14.459098428030188, 2.1547666277234656, 0.2882083361894317, 0.6483480410423358], [11.58491809798541, 49.61927516353746, 14.497304723963795, 2.1456280061511475, 0.28565855867412376, 0.6507601690837788], [11.624304125208896, 49.55277976996188, 14.38450355829256, 2.182434990015629, 0.28867894679404243, 0.6473969254920893], [11.5838007502309, 48.948387678647464, 14.4134102137766, 2.2975220177803406, 0.2957380969951018, 0.6351008065422408], [11.569365685157543, 50.034150705517064, 14.64780900707123, 2.134133851248011, 0.2870792073830334, 0.6505826537294216], [11.58667537631946, 49.78230015915629, 14.504576590800447, 2.130860357462354, 0.2852388897273492, 0.6525014987699947], [11.544110883506564, 48.76573850264364, 14.451967586129955, 2.239197059726359, 0.29085076945311744, 0.6397758815816726], [11.57273522970877, 49.69650928515842, 14.41494942994737, 2.166928065707082, 0.28834990574626146, 0.6472407689951052], [11.583778181790336, 49.88937350747597, 14.431455543344951, 2.122280038330263, 0.28504294895363375, 0.6540282221252921], [11.55518028003037, 49.68032131375764, 14.570330209308972, 2.184768818182339, 0.2889834272204882, 0.6479400755279529], [11.56005482245172, 49.55606362064297, 14.256258250836982, 2.1911956258926, 0.2897380761212033, 0.64525591901443], [11.604799706404277, 50.05120736299869, 14.540818161753956, 2.1121492724627124, 0.2842522518606448, 0.654771462686787], [11.61023039439904, 49.76459876997729, 14.413491914691145, 2.144167692305743, 0.28696541531064745, 0.64974031095638], [11.578791316818874, 49.736132606653165, 14.552406848616195, 2.1118711163608515, 0.2825227636677872, 0.657728275343919], [11.5876083754352, 49.52171161311668, 14.519273089866587, 2.1379066739662784, 0.28556090391301725, 0.6521191020324206], [11.58361221512803, 49.7576266624937, 14.513739257395656, 2.1418348261775995, 0.2855774618148552, 0.6504274448945039], [11.593895252026117, 49.759776140520714, 14.585147039171122, 2.1378240774212847, 0.285522118781877, 0.6514804798292947], [11.5911601590781, 49.87962171762303, 14.43509606777349, 2.142671866153575, 0.2871686997239983, 0.6489678796479086], [11.582158956634983, 49.517658740103826, 14.56279967475555, 2.133211150318362, 0.28504040144852627, 0.6514226127411574], [11.60245371331787, 49.81109946979119, 14.19240640127008, 2.2728249053329903, 0.2978747307641749, 0.6365954606632113], [11.623720874300664, 50.10906580265319, 14.12850275716687, 2.2737252831155383, 0.30047620006842857, 0.6361196634498909], [11.60461444114554, 49.89649245417176, 14.427585608846718, 2.1564270583413974, 