{"basin_id": 5, "ref_run_idx": 10, "seed": 210, "x_best": [11.579763566050325, 49.15048058638365, 14.53885955993289, 2.178697026659351, 0.28656433717497104, 0.6469614143236851], "best_J": 0.031261637087461935, "P_final": [[11.579763566050325, 49.15048058638365, 14.53885955993289, 2.178697026659351, 0.28656433717497104, 0.6469614143236851], [11.627141246340111, 49.01180966582155, 14.234931599691363, 2.21775863164791, 0.29128006866343126, 0.6399167362689734], [11.585217425826523, 49.075322139038896, 14.464697411677143, 2.2189851848794704, 0.2896713250247547, 0.6429011866612031], [11.6508413470662, 49.58923258777772, 13.865464728494029, 2.335084642860998, 0.3051387382889403, 0.6253847712138321], [11.58102375056492, 49.20694356175749, 14.49881144731561, 2.1955882840933647, 0.2883749423143938, 0.6458461539629735], [11.582664793353619, 49.41015464420903, 14.371507642887146, 2.193097715146426, 0.289890523858153, 0.6467018146560954], [11.588063634590467, 49.24721473337285, 14.325186140507682, 2.231984349180496, 0.29271597915838105, 0.6409109328441528], [11.617047843791916, 49.49546746569929, 14.394636585286342, 2.1823778988125144, 0.2906980978419822, 0.6408131881292144], [11.582776811672424, 49.20187420170747, 14.421082669023015, 2.199703786490021, 0.28935831461342437, 0.6450959806477807], [11.638593214494815, 49.3540571658597, 14.408382721009206, 2.190282329305443, 0.28866443839412165, 0.6480459376823792], [11.582211110308947, 49.326147231201396, 14.401266585930477, 2.223856121244318, 0.2907895640967724, 0.6423836876029568], [11.582979831255374, 49.115544991871396, 14.461781803476885, 2.1873945183060943, 0.287969095520419, 0.6450668464606818], [11.586498818027179, 49.54590936797911, 14.357169707659102, 2.2076391073489816, 0.2925886870542054, 0.6400328623959655], [11.585081844512308, 49.15129489122985, 14.37835078596413, 2.2310065980832503, 0.29043134167189355, 0.6418567089389567], [11.633144727446028, 48.79426506730151, 14.138088764726128, 2.313070211311151, 0.2979274246278935, 0.6302536818778667], [11.58602038575694, 49.539809795449585, 14.401708384074782, 2.2053998000365715, 0.28975815327206583, 0.64489623803506], [11.622275882650039, 49.42634109936823, 14.11449747730743, 2.290274922629853, 0.299730608304128, 0.630032054390984], [11.615553835238783, 49.03050264157665, 14.179655820732851, 2.2198985069748645, 0.29191574855215086, 0.6403780067318366], [11.587560347338734, 49.28378293715776, 14.416634726959073, 2.2043936274569096, 0.28955851255412063, 0.6450471592439091], [11.762264296301508, 50.70505389231622, 13.656610536439668, 2.4380182950978604, 0.32192140450401957, 0.607249983058342], [11.587260024222996, 49.17112316832012, 14.524274459557212, 2.182878863141144, 0.28683528521791346, 0.648171005185584], [11.688224615208174, 49.73704784757845, 13.620572642437951, 2.4732701471635785, 0.319939621113962, 0.6101773050380824], [11.581592213408257, 49.231469787997, 14.494733241305186, 2.179937233433566, 0.2871933704758465, 0.6485841444514993], [11.580270511423297, 49.25418994680605, 14.408404146720518, 2.1758764774464305, 0.28690265182925484, 0.6471310403530272], [11.586704206768783, 49.233360453932285, 14.492959115841543, 2.2064502710983116, 0.28952874893627883, 0.6421201363393797], [11.580237054433569, 49.17300169990071, 14.5044552795007, 2.217247784181988, 0.2900101204182809, 0.6420570469874781], [11.599221293008442, 49.11772111764724, 14.489228578331842, 2.1955109528484082, 0.2884095190634988, 0.6449375323672727], [11.579546473846882, 49.45383235143515, 14.389414218961534, 2.191673557041016, 0.2905656865842478, 0.6448462740880235], [11.601171551739888, 49.1799540049071, 14.41225363376088, 2.2139514198035135, 0.2907422231984184, 0.6444588455531313], [11.584243214565833, 49.087727087529046, 14.342783763521485, 2.1997066466251685, 0.2886508453169748, 0.6461799685265927], [11.590275197746534, 49.33624135225613, 14.41607504839209, 2.2138293868294525, 0.29113126750548357, 0.6451979953695289], [11.59866660209188, 49.89081255960747, 14.280003786013332, 2.2134754782158987, 0.29367217253993566, 0.6455976774036891], [11.58517520038058, 49.462376606457184, 14.494953618173456, 2.1988989211386127, 0.288905646062566, 0.6464161968022808], [11.670887765130706, 49.55586184760624, 13.955222680629433, 2.3342199015423057, 0.30400331949314974, 0.6274985412803705], [11.581747499184097, 49.32694810391998, 14.413625055223543, 2.2047004303692948, 0.2892779478679025, 0.6448787161248197], [11.57963408574103, 49.279850067480794, 14.445294287259417, 2.1961725024754277, 0.28886302404830994, 0.6462616819664079], [11.580915236448039, 49.39840232941061, 14.397804402618998, 2.1940689565495513, 0.28863749273781286, 0.6457529709515608], [11.59088435759243, 49.33075005988487, 14.375753548562425, 2.214718386539781, 0.29120111667565884, 0.6422092918205712], [11.602030353027116, 49.26538569083117, 14.391193402516208, 2.2043180897736177, 0.28967022655450747, 0.646079442678062], [11.592621829319242, 49.42786980918985, 14.38529721395028, 2.19967870907102, 0.2904923042631537, 0.6435650235537256], [11.619690281847303, 49.54572834589419, 14.17561131296174, 2.276992848796699, 0.2979099602949361, 0.6335236599108137], [11.583819164885718, 49.317824732114865, 14.464907611814876, 2.2045859133311163, 0.2896576513366488, 0.6438745940307468], [11.59656732510105, 49.10430311128709, 14.490675902192246, 2.197257490422512, 0.2880669726764484, 0.6457118862650552], [11.641478847546312, 49.68818846966549, 14.2988489956723, 2.1839529399931323, 0.2930370405124734, 0.6359578648435825], [11.582208954129635, 49.520566255764166, 14.523818283872933, 2.195084003913436, 0.2883572155277371, 0.6460501717132676], [11.586993838862663, 49.01397555369722, 14.500538819187405, 2.2145482762281015, 0.28885243008457084, 0.6428371855467326], [11.582305860733676, 49.24714976035234, 14.45072653662719, 2.2078224795054937, 0.2897788935002085, 0.6433722971803839], [11.59430893837473, 49.30143859659586, 14.388839022115796, 2.217947126899688, 0.2913510687525362, 0.642762951237783], [11.605134862176438, 49.53427751761949, 14.296135540555316, 2.2460760587867945, 0.29486680726433395, 0.6384868847396812], [11.58869938662905, 49.31596375734951, 14.361569418759322, 2.2088699365105717, 0.2908087519423046, 0.6424816304489697], [11.582901054634638, 49.34345735015735, 14.525475624726788, 2.1784393440953025, 0.2867515864073566, 0.6499319439901037], [11.671101144123789, 50.53340965324835, 14.105371724058, 2.207513421116831, 0.3018433526500435, 0.6339973715454751], [11.647319744900816, 49.463288942780856, 14.058274467299322, 2.271357280271017, 0.2990881247633411, 0.6293246149112339], [11.582746231038595, 49.061881278629, 14.448244345509922, 2.202721903785327, 0.2885418808546106, 0.6464064268384783], [11.58043678309469, 49.77232928144805, 14.426321554075026, 2.218921822682045, 0.2917244276423288, 0.6451777162947457], [11.581304072643713, 49.55499962462296, 14.433815477280785, 2.200185707298236, 0.28953951866385275, 0.6450387403691712], [11.586291083352268, 49.30786420020383, 14.41532259469041, 2.2015645950990073, 0.2892164831261518, 0.6462161759457101], [11.582748756460367, 49.11999182767581, 14.451017947980416, 2.217848509975295, 0.29035549320601994, 0.6436126517145314], [11.600782166293929, 49.717389702549646, 14.043181154200008, 2.2167383440277053, 0.29456573709007816, 0.6430652768235516], [11.580217613242036, 49.289195729612196, 14.422821210577457, 2.2137321657941413, 0.290394602058488, 0.6450274019113239], [11.589913781624197, 49.14633014006151, 14.565650084599453, 2.1944854648151404, 0.28751320631875066, 0.6477331668529561], [11.632871612850312, 49.63571026616665, 14.176764088329422, 2.2293607089243745, 0.29504209699371403, 0.637115009542688], [11.581235317076834, 49.11927988458072, 14.467978633849079, 2.200656446741159, 0.28815988306215334, 0.6458423005743607], [11.614850374607725, 49.161603291138675, 14.279778067255968, 2.211804476719278, 0.29115903158823503, 0.6383716350432936], [11.591230905334552, 49.24096742203237, 14.371933625331883, 