{"basin_id": 21, "ref_run_idx": 11, "seed": 211, "x_best": [11.67747597887308, 49.952847733221915, 13.916866769266148, 2.3118727879060526, 0.3055981796132242, 0.627673763109115], "best_J": 0.03187377818423477, "P_final": [[11.67747597887308, 49.952847733221915, 13.916866769266148, 2.3118727879060526, 0.3055981796132242, 0.627673763109115], [11.678275885500897, 49.92514179681002, 13.906015475292618, 2.3123863788668078, 0.305691355902608, 0.6280223670947214], [11.677428089199314, 49.994574523065864, 13.90878284705081, 2.3131997738726895, 0.30591535217320953, 0.627807681611274], [11.677485132488984, 50.03479980624686, 13.926589935085895, 2.3109769985064634, 0.3058450063857609, 0.6275744708879781], [11.677949298817804, 49.90108347486516, 13.899024679909987, 2.3130090193725117, 0.3055657959905377, 0.6267619178994017], [11.678707775991569, 49.953034282145055, 13.906066786050319, 2.316506087663694, 0.30591493603356346, 0.6266858747825553], [11.67913772232523, 50.05530026478454, 13.907166410615714, 2.3106761430027127, 0.3060540925591744, 0.626924196147901], [11.67811957142351, 50.00417574372281, 13.904195172676323, 2.3135344970615943, 0.3059905078889925, 0.6282413050363079], [11.677942400453604, 49.912385614491264, 13.88773065861025, 2.3116127945549922, 0.3054918991839893, 0.6275678967615802], [11.677444589558542, 50.0518951322572, 13.926309880141634, 2.310948664790426, 0.30619098345899126, 0.6277878601438234], [11.677650773635344, 50.0707900381698, 13.90536839252295, 2.310869962608834, 0.3061489449860109, 0.6270454684910248], [11.677483376896985, 49.97988760001917, 13.936251472689218, 2.313914130440822, 0.30577949451660535, 0.6275820306277586], [11.67743078962564, 49.9473424677751, 13.906601065939313, 2.3136453779453854, 0.30565042336201786, 0.6278905880630538], [11.67766123762187, 49.971229618651485, 13.904869973511547, 2.312860285006126, 0.305418445939188, 0.6273658489802556], [11.677702450933774, 50.006042505033406, 13.892370300317012, 2.3171846622443675, 0.3064498580470746, 0.6270759937820174], [11.677758527256003, 49.92348301394145, 13.909802225803322, 2.3132532330649687, 0.3054000059143926, 0.6261110211057865], [11.677319086285147, 49.77357763698664, 13.884243990483554, 2.317454826753927, 0.3051693514225832, 0.626872272414161], [11.677713893475309, 49.87995409782478, 13.890281485035803, 2.312465296385781, 0.30531120820667146, 0.6274712109700726], [11.677652835441766, 49.95531032049147, 13.899172281589731, 2.31100231943507, 0.305477674208452, 0.6278361560954301], [11.677819808290591, 49.91809050456829, 13.90838045989565, 2.3175875435193176, 0.30568322039224877, 0.6272431556442576], [11.678464941626693, 49.95623777443246, 13.93800048902769, 2.3151726421956007, 0.3058254917947651, 0.6271390041813631], [11.677518613634673, 49.982669936067204, 13.902202095736367, 2.3120004851236273, 0.30566049330842393, 0.6278144161357154], [11.677401330144793, 50.12891447725035, 13.922366930554178, 2.3126115737684314, 0.3064810181031602, 0.6272942437934877], [11.678539616287624, 49.97902524897563, 13.906065767472512, 2.3171427634564523, 0.30617519721432807, 0.626945121953563], [11.67738268233248, 49.92954554027011, 13.917602746250045, 2.3114111017653465, 0.3055038374925628, 0.62802504556107], [11.677957430112391, 50.01341329554046, 13.890431754432683, 2.3114168551390137, 0.3058925100705411, 0.6280130347660282], [11.677660064357704, 49.98240468818564, 13.940258938552804, 2.3171194082663904, 0.3058520571497659, 0.6272512114949207], [11.678066237039591, 49.95807717254043, 13.907563221905372, 2.3144502899999986, 0.30576964782482186, 0.6273175938978509], [11.700591080182313, 49.64144375602418, 13.740249054958165, 2.4106700205317897, 0.31304149135019127, 0.6174642159000991], [11.677924569475351, 50.02240381764532, 13.910416373130357, 2.3119072887395635, 0.3063227321220091, 0.6268182892879877], [11.677298771518677, 49.880402473678984, 13.886347176626034, 2.3145863082677582, 0.30564588955189054, 0.6274934764201481], [11.678088987971066, 49.9278511624364, 13.899706540872911, 2.3253982444541537, 0.30722988478540497, 0.6274262176506596], [11.678144643217493, 49.924343830203775, 13.894781284649692, 2.3166019785112333, 0.3055711864780701, 0.6274868544138558], [11.67785805915324, 49.92455995053616, 13.868716049713953, 2.3245281766268477, 0.3068006404287108, 0.6259112785514517], [11.67730073401926, 49.4755970022411, 13.814799882849327, 2.3855875828746727, 0.3114155241685251, 0.6187116020716277], [11.677506764772515, 49.98969779251521, 13.917632941835745, 2.3110474390858995, 0.30558052890978876, 0.6276503830343438], [11.678563825540618, 49.90923714773309, 13.880106880617108, 2.3185114743565927, 0.30606740104251173, 0.6262315050894467], [11.677383555084058, 50.09925483593118, 13.90803423535809, 2.313365499812467, 0.30618536749377634, 0.6278462300143269], [11.677880976787762, 49.90342063679313, 13.901308707344334, 2.3123055220766853, 0.30547947215879917, 0.6277762507103077], [11.678278618120371, 50.06799236040559, 13.88838468213791, 2.318550710945747, 0.3071379958597767, 0.6268432051105131], [11.67768552291499, 49.77977100698371, 13.888370906723415, 2.3196849290662684, 0.3052070346324523, 0.626835839821913], [11.677487252919873, 49.933498928467024, 13.91933904485778, 2.313854835608523, 0.3056041224698783, 0.627744868703962], [11.67756125254536, 49.91105284134207, 13.919107581143745, 2.311503019514108, 0.3055860902751636, 0.6277224268222343], [11.678042333626104, 49.97324296518225, 13.907597319328628, 2.3142925185616754, 0.3061873344628893, 0.6267731739625292], [11.67889101961157, 49.9321938454239, 13.872353520872762, 2.32372729772878, 0.30681591345799347, 0.6267061127872692], [11.678181216616524, 50.013291869349366, 13.891947747122408, 2.3116405470510233, 0.3058086011894552, 0.6277624863759056], [11.677304977317998, 49.917846684003905, 13.922309925682189, 2.310790846559158, 0.3055435869609625, 0.627162437321416], [11.67854237100554, 49.95081164283789, 13.863117595918618, 2.31180841963693, 0.3057307050866542, 0.6270079219705365], [11.677452076608239, 50.019162939209025, 13.88314677968993, 2.314060706189083, 0.306280239062268, 0.6275893867217456], [11.677665829182013, 50.018702393501634, 13.868290815978352, 2.310901219115656, 0.30601749337197065, 0.6273403337986084], [11.679973210180437, 49.98084143830149, 13.923341567807636, 2.314567031019431, 0.30587623307718803, 0.625425118788593], [11.677662492673887, 50.00356243514641, 13.873374930607232, 2.3114624211139714, 0.30582296336640324, 0.6280129178738939], [11.67754866455375, 49.93943473867431, 13.908791070804591, 2.3139175170353745, 0.30596369661527373, 0.6267161958536805], [11.677464762573035, 49.97264345606365, 13.887826167059854, 2.3126410860137248, 0.305772687845441, 0.6271678213019931], [11.689317470548344, 49.61941219998118, 13.910764257589255, 2.3641947970443606, 0.3095741051850541, 0.6190422694240094], [11.761866418342077, 49.10995936427796, 13.518222147121906, 2.565179807702684, 0.3218192162601244, 0.6011455745563367], [11.677824283601955, 50.00515708024038, 13.926269631539315, 2.3118235900469495, 0.3058572463318943, 0.6276900193937068], [11.677478421668978, 49.97212229137937, 13.895468446450964, 2.3119140355146617, 0.3060859414853321, 0.627971208685092], [11.677511820903373, 50.01074271670613, 13.890256582681491, 2.3110246234972447, 0.30604054205310716, 0.6278692323194806], [11.677609143245938, 49.88584090657343, 13.890068927138602, 2.3111876373258657, 0.30522375496887794, 0.6281417008576621], [11.680364122035716, 49.90034717613685, 13.932205963785657, 2.313124326996835, 0.30557711710913604, 0.627454765631799], [11.677659056080135, 50.41077143195567, 13.89998089056824, 2.450443914905967, 0.32113909482634184, 0.6119563366296786], [11.67781770314414, 49.99191520090051, 13.899966902015754, 2.318877313057756, 0.30654332458561967, 0.6263134269655556], [11.677778365945025, 49.95753392984336, 13.904609981926757, 2.3139287896311385, 0.30565562254420997, 0.6272398134236947], [11.677708142130141, 49.953354300407256, 13.894819985671885, 