{"basin_id": 11, "ref_run_idx": 13, "seed": 213, "x_best": [11.514760484060037, 49.17800015512133, 15.05284276060198, 2.0561335660549545, 0.2709213855398073, 0.6661205739462616], "best_J": 0.030993453568386255, "P_final": [[11.514760484060037, 49.17800015512133, 15.05284276060198, 2.0561335660549545, 0.2709213855398073, 0.6661205739462616], [11.542542808651207, 49.69075042422892, 14.939417052074624, 2.04824666148904, 0.27557073357972756, 0.6644479146660117], [11.539535015754577, 49.706528797681855, 14.954072099023293, 2.0577908138672254, 0.2757272487234512, 0.6634326588707673], [11.509066349188247, 48.77170672591909, 15.14671208136732, 2.0578685638373853, 0.2714243256965204, 0.6620475873935686], [11.542677938676961, 49.244093810328884, 14.778316627239562, 2.033665169927213, 0.27175870930590457, 0.6661987851484193], [11.567470412125596, 50.5343506994645, 14.494100095685468, 2.0780805062624963, 0.28407574296783145, 0.6572606014591673], [11.58175117194106, 49.18196791722995, 14.811587849660958, 2.105890124071978, 0.2776179590597469, 0.6601628140357638], [11.533398160056336, 48.85820340090354, 15.2318937426427, 1.992538002209134, 0.26594541808217204, 0.6715940113379273], [11.505651901697346, 49.32440176498428, 15.068537961068024, 2.0614524877448748, 0.27157952232200383, 0.6667163429611934], [11.565173553540447, 49.75248959147814, 14.600930163594999, 2.0843000155036364, 0.2818499724890257, 0.651698347520036], [11.595277480836403, 50.80259530499106, 14.562014503753618, 2.098640908377975, 0.2888380731034583, 0.6522655562121157], [11.53983639529338, 49.359961064519375, 15.016105677696252, 2.051188540971744, 0.2729146410831973, 0.6667105948153992], [11.565642712057441, 50.63197565192004, 14.427799750105727, 2.076324463360732, 0.28400831955562833, 0.6581753205137856], [11.524844003280544, 49.61843324990918, 14.879040550726119, 2.057415066481819, 0.27560320330553495, 0.6691569504749745], [11.53682725411152, 49.65660568921347, 14.768231230170226, 2.0824232064187105, 0.28132680495947876, 0.6562828056417652], [11.589587439792314, 49.57811844216107, 14.81520838023961, 2.0928135166145654, 0.2817037050155913, 0.6531131130425465], [11.529156072841406, 49.47134871955873, 14.92169870882993, 2.091800771529072, 0.2771699965823521, 0.6601271998285293], [11.511219484471813, 48.7006712934177, 15.336780150917798, 2.0477088490672894, 0.26704291337228675, 0.6711922061229985], [11.527335399273664, 49.73640660808874, 14.96395764727273, 2.055144137946959, 0.2748357770862288, 0.6672345019578764], [11.523842115954732, 49.52803667830466, 14.98967058753071, 2.0436494428209846, 0.2726765256253225, 0.6658549574268429], [11.560918628494244, 49.64917218655949, 14.97713454670165, 2.0572345607417772, 0.2748514843585624, 0.6644306224107981], [11.552116163709869, 49.629847740330185, 14.858707864436015, 2.0964938296383857, 0.27876666146399215, 0.6617039888896099], [11.5478088100877, 50.64149291521381, 14.600553285174184, 2.1276119281129255, 0.2853538199061574, 0.6607595663988919], [11.563734141791759, 50.34085858027974, 14.82870614700014, 2.051413228101954, 0.2813693957277292, 0.6551385748753238], [11.493461205126884, 48.79269454268374, 15.119215513578634, 2.0846016140391677, 0.2686631844983597, 0.6701036631350769], [11.628103380595508, 51.28993972385179, 14.270433715676672, 2.0990380656714174, 0.292646594617196, 0.6548278409616084], [11.518466763525218, 50.191874624051316, 15.067593102903842, 2.043222120885206, 0.27468802295541117, 0.6670252017107883], [11.523681455667958, 48.94650647232463, 15.035919682344716, 2.080848094191893, 0.27500206844141484, 0.6632240552436863], [11.559539455365623, 49.977212012974576, 14.720323095782081, 2.031638564886687, 0.275500100985366, 0.6674241578454688], [11.56111339052284, 49.65483303421152, 14.929497998652778, 2.0426649708022557, 0.27385993471478204, 0.6645899313975229], [11.646301787099757, 50.177870552094475, 14.23605485597363, 2.122934722235369, 0.2882882120833104, 0.6487182783704637], [11.60443091829721, 50.41787562902473, 14.246790861491368, 2.1202513129091556, 0.29233930030161664, 0.643234084386003], [11.554943650048639, 50.60865316073417, 14.381724411711469, 2.0572828345213003, 0.28213180230699664, 0.6597994881434817], [11.561090631992581, 50.52777871016039, 14.474212462873066, 2.135592501543585, 0.2865888656224532, 0.6548334762096873], [11.5412293355335, 50.013480105298896, 14.877611816688866, 2.092867276172279, 0.2790421666189049, 0.6619974520338553], [11.5409963891656, 50.12637190220471, 14.728791790202795, 2.1013874832920716, 0.2808973651468446, 0.6618319610514178], [11.521623306361045, 49.98946260645949, 14.94381466579575, 2.0413871070191703, 0.2751901885483409, 0.6648163800293149], [11.574147699517106, 50.09790477016278, 14.472026469708124, 2.05059530504539, 0.27872747935120934, 0.6634966015120837], [11.579414390760574, 50.404352131668794, 14.639491820426208, 2.0806250986907546, 0.2839427504040632, 0.660213910460366], [11.542092876456044, 49.58850491912968, 14.906521984586629, 2.1010680191722533, 0.2784378295752733, 0.657877403834535], [11.454278836761652, 49.084726881199266, 15.212186649764934, 2.0511823834678293, 0.26922969485239745, 0.6630218907221642], [11.516048735598211, 49.72581324319798, 15.181167567367165, 2.023176911138485, 0.2709081845661145, 0.6706398758480467], [11.474817161000637, 48.78340342420606, 15.289382288770947, 2.0662797286839503, 0.268362185243869, 0.6656397751103448], [11.55824767951696, 49.41968664712722, 14.952868688720336, 2.0160697027179086, 0.2721920041896229, 0.6679602476748839], [11.532726632267275, 49.84411973317998, 15.136210123758719, 2.031522195613522, 0.27216083510089295, 0.6683026540442344], [11.568336744958604, 50.33602772721291, 14.660545375039655, 2.1431366082130916, 0.28884805475155595, 0.6533190939363033], [11.586679739231775, 50.603387337058415, 14.494175924209758, 2.0785375424582093, 0.28371961080112124, 0.6573830666441968], [11.579944354083535, 49.92115894868666, 14.834633513476346, 2.0852872518037944, 0.28219781567917673, 0.6582764276205809], [11.642390637467352, 50.796750884034246, 14.331640465407864, 1.996325075239431, 0.28315725561536864, 0.6626327797557894], [11.558783088221125, 48.78370665115901, 14.716434926798518, 2.160200208871199, 0.28005253739280905, 0.6571398671248071], [11.545901082721048, 49.50493643455905, 14.8526712948355, 2.0637247682002973, 0.2752810899039925, 0.6627103097438825], [11.565358371990165, 49.962036957659095, 14.88569508395727, 2.0578066495877017, 0.2782432623507248, 0.6594564474712796], [11.593031616290501, 50.921761550720774, 14.55066683510362, 2.064634565759219, 0.2858863196217007, 0.6553662752704356], [11.585749509618855, 50.58363238181644, 14.561879641615777, 2.102441376768088, 0.2871403757207319, 0.6577225648279537], [11.599759816776903, 50.48254160254558, 14.373147859043506, 2.1071847872128906, 0.28924103449407096, 0.6515813362545435], [11.579940582632819, 49.30970903698432, 14.789020112904629, 2.068342619580364, 0.2763797762706196, 0.6613547067052271], [11.527651395602438, 50.6933179845756, 14.687004606461667, 2.1119473024990927, 0.2861548528876082, 0.6538069423500372], [11.530624162057286, 49.32307115651143, 15.019768141352722, 2.0324737017859382, 0.27160984714930597, 0.6603286912972318], [11.568113605040482, 51.352761271762255, 14.643005872253509, 2.04444284022604, 0.28556343300988785, 0.6566154617443295], [11.524825741577745, 50.38260693409183, 15.213655158665539, 1.9935069354708164, 0.27304974647167246, 0.6736762903307507], [11.552419201663549, 51.42073779919074, 15.136159604990846, 1.9676977193653695, 0.2763900356461498, 0.6680473993373912], [11.614238899038938, 51.22829956023179, 14.514924628565641, 2.052541972721648, 0.28730336212769253, 0.6605158760888837], [11.539702521731293, 49.85244037811931, 14.878627490037653, 2.067064715965527, 0.2775161856637724, 0.663629579697954], [11.556348182026122, 50.0566225914996, 14.766030373311159, 2.071311518728752, 0.27824016018098424, 0.6626184515310549], [11.659769306735427, 50.24452279081077, 14.519466864752367, 