{"basin_id": 17, "ref_run_idx": 7, "seed": 207, "x_best": [11.46943400368512, 48.56010273883617, 15.230516991685041, 2.093202289549935, 0.26968322047003235, 0.6660255765946212], "best_J": 0.03096618669434627, "P_final": [[11.46943400368512, 48.56010273883617, 15.230516991685041, 2.093202289549935, 0.26968322047003235, 0.6660255765946212], [11.462341143458298, 48.14127824982896, 15.270857377656839, 2.0806465859878718, 0.2641434009325904, 0.6725468562252757], [11.478161636390958, 48.39924295129798, 15.20906613738811, 2.0894187081668525, 0.2677226696930237, 0.6650045207919151], [11.507304869113812, 48.356907845153856, 15.213207407469584, 2.0880958534982175, 0.269889663394411, 0.6642771116199685], [11.440907491533496, 48.44882035289463, 15.442190919588766, 2.096180588101744, 0.27053306235700747, 0.6640472395403063], [11.48873544048808, 48.94025757470751, 15.02912068560674, 2.1041886579338116, 0.27449413532227224, 0.658668202216233], [11.49944288839597, 48.74358238767269, 15.088786801981398, 2.0877391872626756, 0.27007997476573337, 0.6643385112974163], [11.46452187935772, 48.49381806967528, 15.347365445624977, 2.096374474982592, 0.26997243100747503, 0.667901814407432], [11.444745194384506, 48.84090099266579, 15.311046128205637, 2.0595182371538034, 0.26850351207130047, 0.66677510182051], [11.457102376042586, 48.67498431534956, 15.07195123555415, 2.0921975757866846, 0.2713693988125448, 0.6612440557284962], [11.43795287110499, 48.5015118819178, 15.362660056524549, 2.0791699757590845, 0.26604770176505976, 0.6717895652194562], [11.514802542069885, 48.70442680558793, 14.779777962251854, 2.1101978821615814, 0.2743677530587054, 0.6579391870988623], [11.451426468416436, 47.76261285505056, 15.407554734026265, 2.1350573909868444, 0.2675433135560598, 0.6637454729534189], [11.417638855535284, 47.84520383295832, 15.726281038566851, 2.0809324695822085, 0.2610596434166378, 0.6720557656173647], [11.395444574052442, 47.396791129071545, 15.76605477297646, 2.020319598968815, 0.2547845327014598, 0.6799578942786058], [11.476519225677091, 48.845397933626636, 15.167126924947217, 2.106963576901037, 0.27378032067785274, 0.6632190052762307], [11.488710446851794, 48.91353994940437, 14.992428001770655, 2.105387591202411, 0.2728513446332978, 0.6658869683421843], [11.411987696899184, 48.04493590658457, 15.724670859765967, 2.056373692397383, 0.26049677416224826, 0.6730802291585334], [11.513767643217507, 49.09368290335825, 14.861794541813905, 2.116057546841092, 0.2775657713589534, 0.6609593920747422], [11.440031367559339, 48.100634364790515, 15.478943086632098, 2.0873264513151866, 0.2648274735070118, 0.6701204680262441], [11.372653455350052, 48.14986447239449, 15.393397533949482, 2.1092402780702293, 0.26671758581671956, 0.66659385149322], [11.529938984970899, 47.532016776359626, 14.803459522298887, 2.1200659292291877, 0.2707309407030873, 0.6623379835696561], [11.488884938023057, 48.901104499233824, 15.108656736863429, 2.0915243264958345, 0.2737032518396637, 0.6596263872582171], [11.3969712151834, 47.83910151953186, 15.679720590886177, 2.069988878029557, 0.26127905553174335, 0.6764083583681936], [11.501507292848073, 48.46032739023888, 15.37426430359112, 2.082682678430505, 0.27123568275198834, 0.6570063320590797], [11.449270812908768, 48.956144047346264, 15.229296051624335, 2.081348027683764, 0.272029926877743, 0.6707165078083893], [11.396931053634017, 47.87039086417058, 15.675848014536202, 2.063308950303185, 0.25992093720738024, 0.6726672104590348], [11.547894503570413, 49.46043055439874, 14.768022257269509, 2.061062916719645, 0.2775351803671519, 0.6607185493035123], [11.458968335328677, 48.02158757412292, 15.264004650685356, 2.132610885281644, 0.2708666128913485, 0.6555907400242715], [11.511335951424325, 48.71356084689142, 15.03534133186538, 2.0953745147895417, 0.274428605319269, 0.6601827595493515], [11.432371122431174, 47.79780094296073, 15.557874662838325, 2.0864764635414823, 0.2630237841241942, 0.6728222108286074], [11.416467460881922, 47.580280576283165, 15.758120920633118, 2.0604374348860643, 0.25627478949367294, 0.675003666699185], [11.404874649742688, 47.47817096583082, 15.55629252362502, 2.079528723253484, 0.2612064578240266, 0.6728535295208087], [11.425752295007301, 47.72673267551887, 15.46498374064602, 2.1088517082973546, 0.2646383692046596, 0.664147786046388], [11.427114972347034, 48.32007843056604, 15.834581569612006, 2.0304278995250176, 0.260824538246908, 0.6717679537806507], [11.398711006512338, 47.85196033652977, 15.715762871981843, 2.080926037972144, 0.26259081931299977, 0.6695333450708718], [11.44103186149918, 48.26992969512673, 15.375209005405909, 2.0643328464381714, 0.2651810813518094, 0.6701258388150788], [11.455722430359044, 47.623181568364636, 15.400961060036138, 2.0932911822182794, 0.26436679827461773, 0.6651920424545065], [11.48545737685507, 49.49486301671657, 15.083764182878745, 2.06997827002089, 0.2749938596876654, 0.6625908234835529], [11.514365776365102, 48.28019093840179, 14.912335912986835, 2.111587958052467, 0.2731671743982843, 0.655906585133752], [11.426493319985052, 47.695749940026374, 15.433241792831359, 2.1203258351751133, 0.26588414713624103, 0.665895360589642], [11.434920566295785, 48.413158769855805, 15.347670805328958, 2.094750936626216, 0.26771739203399886, 0.6685241836392507], [11.383417676098798, 47.92942894068648, 15.650666325551557, 2.1042299105266276, 0.26476461159421794, 0.6709950124934874], [11.453900988026763, 49.022401325361116, 15.21433468196736, 2.0762632145649516, 0.2711746968167305, 0.6679555040688545], [11.448793277644494, 48.21408318457859, 15.248742403276164, 2.074941339578803, 0.26565918179671827, 0.6692975474219203], [11.510397962348419, 49.13418166198455, 14.969542880568044, 2.1238312587675985, 0.2771393165717317, 0.6539496389882676], [11.512731654911383, 49.02765241718095, 14.975961003311461, 2.100496183319699, 0.27354645574909625, 0.6636141350619278], [11.41663290727167, 48.16382932434594, 15.54631419179831, 2.0591022309815736, 0.261876943766198, 0.6746423168710456], [11.51571924652256, 48.33286974631399, 15.11362676635702, 2.1199005079437403, 0.27160004233706103, 0.6611620710124081], [11.431331401649125, 48.207730440820285, 15.46643981440872, 2.0957091392456086, 0.2647278116836618, 0.6703404328097095], [11.470962761158598, 49.00583136295443, 14.921166089379692, 2.096937524960799, 0.2743023883116753, 0.6615555142285908], [11.473451581508394, 48.38375554558001, 15.169182092207123, 2.109384330278623, 0.2688388644338914, 0.668938374471045], [11.440672610634827, 48.02442195030643, 15.3092565143944, 2.100615103538274, 0.26612770288979287, 0.667081642336394], [11.495126087355036, 48.05338567453201, 15.202300427752581, 2.112206370367806, 0.27005361256994903, 0.6614203484781821], [11.514116761745672, 48.39590760731531, 15.416254806568487, 2.0713024709703567, 0.2691020704414453, 0.6631641908488406], [11.325555504234465, 46.5499185195799, 16.122990883679226, 2.072530089586751, 0.2504083898523221, 0.6814474651834728], [11.449601377574188, 48.54883478673213, 15.34012609153051, 2.0586705826953184, 0.2637031209332948, 0.671943215063829], [11.470032510108162, 48.622125579236226, 15.208644712867057, 2.0929408114297003, 0.26895448433971014, 0.6655611287710462], [11.4487640447648, 48.038354199697814, 15.38442982037628, 2.0932975915257277, 0.2656513045217064, 0.6755755340636838], [11.56043939214019, 46.93527553409747, 14.644064618038612, 2.1774060506532784, 0.2760869756071306, 0.6446414733619551], [11.393953365263854, 47.634140085172696, 15.674889948817375, 2.1244737124803406, 0.26489964314719994, 0.6710440202388721], [11.501835275845188, 48.99021502387392, 14.942157947805711, 2.108423015256507, 0.27569555273534807, 0.660774107631198], [11.43434218338536, 48.533141498832244, 15.31462237875925, 2.0767572152242897, 0.2681436280113847, 0.6680177108493986], [11.463249782759414, 47.80194851661307, 15.324922529499784, 2.1187759850448677, 0.26858304637232655, 0.6645358405654188], [11.466091180498125, 48.18434863714224, 15.241041329342979, 