{"basin_id": 24, "ref_run_idx": 10, "seed": 210, "x_best": [11.564113629462744, 49.2162903130581, 14.461957299070624, 2.2096244696955276, 0.2898475107243181, 0.6443360489737062], "best_J": 0.03129444779488956, "P_final": [[11.564113629462744, 49.2162903130581, 14.461957299070624, 2.2096244696955276, 0.2898475107243181, 0.6443360489737062], [11.582305802227522, 49.633584945627426, 14.404678887784057, 2.211222996370795, 0.29194443139824416, 0.6413135822418802], [11.713799948581922, 49.824349613486966, 13.643713467912583, 2.327643704224553, 0.3086202386993214, 0.6247117090985322], [11.560369992895481, 49.67329812526504, 14.518661255576056, 2.1934748159820177, 0.28913893635581767, 0.645223668245409], [11.596327903088582, 49.47612201076958, 14.38873995271937, 2.238180618472051, 0.2937443459612458, 0.6387611042834251], [11.601383553356213, 49.87285091323397, 14.451089183426298, 2.205852862986615, 0.2928208641491106, 0.6428272382695199], [11.60824453121238, 49.35030272025438, 14.395189491575044, 2.2304562007451314, 0.29367126607209404, 0.6399989854318164], [11.560290933097452, 49.30999631329562, 14.476735041691882, 2.2020698463721313, 0.2896699475351158, 0.6434064136003612], [11.629660935423416, 49.628177532758315, 14.11163877927616, 2.253256770475229, 0.2982653923722697, 0.6384592827070545], [11.620587621595126, 49.921535846622724, 14.132211720836462, 2.2245273493375, 0.29624713068758013, 0.6369256263424508], [11.607829027924964, 49.66272866741369, 14.192486689643417, 2.2218014814330425, 0.29365306682548203, 0.6420300285194768], [11.61315584478911, 49.96903744941598, 14.047411879753874, 2.249276549044815, 0.2988474429947277, 0.6340878811624128], [11.745743050548594, 51.30545454498924, 13.686923737980859, 2.363767837917698, 0.31878907599227546, 0.6150658196049774], [11.583508293739746, 49.392614800909904, 14.369192445152487, 2.220231882022249, 0.2916930399143322, 0.6430673083716719], [11.669424887925052, 49.969804498870204, 14.015215189507428, 2.276452528607893, 0.3030525489903616, 0.6302696724684084], [11.646200552668954, 50.317237742359566, 14.027252895936616, 2.19727082225229, 0.298085193521435, 0.6392977702866097], [11.605183256213552, 49.5278170457828, 14.206682653720925, 2.2081206077105904, 0.2909368101388784, 0.6404694845798922], [11.67084541007482, 50.541423249420426, 13.877941566543175, 2.229486079256623, 0.3022131057041929, 0.6340250473452015], [11.60907563741429, 49.797603761008745, 14.25940603411411, 2.209457708474099, 0.2947359442441657, 0.6411665824467035], [11.586023015368838, 49.39173015998251, 14.3721591447655, 2.206071043433633, 0.29165127714758105, 0.6414256247064335], [11.604060490981018, 49.45599529056471, 14.331950428944598, 2.249818235902159, 0.2944394444334844, 0.6407143017974897], [11.664614685337256, 50.15059577493855, 13.923908830088992, 2.2460587102122234, 0.3020355916253301, 0.6335262310114138], [11.59121768428387, 49.3705782857371, 14.46594987384624, 2.214862621355422, 0.28969788732045376, 0.6472163826407005], [11.634529718054676, 49.85996391450177, 14.132488123881442, 2.229882853450509, 0.2962214566648825, 0.639117070265781], [11.669705005703623, 50.79223215761618, 13.831244447261193, 2.2674146687653947, 0.3088416399745271, 0.6276746671206938], [11.62959549781297, 49.761659011570835, 14.180298704333035, 2.2127571183756083, 0.2954873293392232, 0.6369451232168544], [11.59722527657471, 49.38060761391157, 14.189182804709846, 2.22681984147641, 0.2957321599329336, 0.6380361481840965], [11.637174479742349, 49.79324256542031, 14.12057691737267, 2.2821632176137405, 0.30119019690199206, 0.631382202300236], [11.625472716813274, 49.47407770240078, 14.136663369594299, 2.296827808017503, 0.2999200752007205, 0.6329135842874141], [11.626104069427136, 49.77166779919595, 14.08545992323099, 2.230523593055681, 0.2968345675395965, 0.6372781892890097], [11.625204720010409, 49.17692601017171, 14.2895772951727, 2.2263316277140635, 0.29181520766925456, 0.6427027377861781], [11.590789205292504, 49.8884455358798, 14.44201639477933, 2.2094760272345573, 0.2919098924973902, 0.6429664557660099], [11.621250367154474, 50.12570920266606, 13.999500225920555, 2.2264947973968816, 0.29767174708953087, 0.6398467699589818], [11.616128742094961, 49.43623871388738, 14.280607856051361, 2.203393734747793, 0.29084472218788815, 0.6457223673833136], [11.562578811925016, 49.168143756745145, 14.431787631517878, 2.2158608093730128, 0.2902580151554589, 0.6441461196570539], [11.621254597132316, 48.934855748972325, 14.33891515162063, 2.21888743916133, 0.28978028357182506, 0.6415127860392598], [11.572041849746029, 49.555299577188784, 14.448205419128342, 2.2289761708802596, 0.2934584852838151, 0.641891768520706], [11.584489571914691, 49.38165834399694, 14.291251777144781, 2.2499053688779638, 0.2947960008387076, 0.6375019195752851], [11.560333031304811, 49.4745777546275, 14.440478196481312, 2.2022799996462985, 0.2900274129439247, 0.6465231306032612], [11.593280638459202, 49.68790570404392, 14.23175853832565, 2.234387017965241, 0.29431125763019345, 0.6393523920837554], [11.638646344903954, 50.14804175653098, 14.043414490424558, 2.30835084253219, 0.3051553339353064, 0.6297825253632457], [11.621917753679929, 49.43273022403542, 14.072431037631409, 2.2675186397121787, 0.297536156469523, 0.6349399714323615], [11.671312105959665, 49.78400090557419, 13.952360767248383, 2.2943506570719427, 0.30354304515865566, 0.6280907031330031], [11.570028027127593, 49.40502968143944, 14.413082741045939, 2.2321971764853226, 0.29295670362621123, 0.6423852913030518], [11.580466068530244, 49.27833594935096, 14.510973656180127, 2.1996678738779134, 0.2896713582889839, 0.640199007354977], [11.733619028917627, 50.91218510906035, 13.52345754811765, 2.2729425526961897, 0.3118095906351693, 0.6268772931001869], [11.602253458557765, 49.537814963939475, 14.276055412678355, 2.2071486702575616, 0.29194123285312035, 0.6408184403914121], [11.640152245443318, 49.838738854957704, 13.871086184589746, 2.2971705109815055, 0.3040737963626924, 0.6336849809919943], [11.59658952472957, 50.279036604372784, 14.355654467409009, 2.1993898885505048, 0.2925149086761846, 0.6456656755502964], [11.60126417453257, 49.7894466935724, 14.291922934198316, 2.1934813955854238, 0.2924105084832826, 0.6435865605925822], [11.572916691174926, 49.44399833535144, 14.352674803173734, 2.23404527619585, 0.2932435401526112, 0.6423908307401356], [11.678286694827875, 50.24873781627319, 13.834253455962674, 2.2520363234808296, 0.302503431533631, 0.635362848813003], [11.5745188778034, 49.102513354725104, 14.460445945486116, 2.2343452266087103, 0.29066315291619216, 0.6403665479571571], [11.571866669700302, 49.430278363281886, 14.391108834948867, 2.221334101209332, 0.29191799557676756, 0.6453143052328589], [11.63759389363828, 50.16815472052372, 14.075056914732757, 2.1977318633456377, 0.29668990304728216, 0.6388858276844176], [11.608207258310554, 49.49657152754471, 14.13607297273459, 2.2284448395852072, 0.29520459813317657, 0.6357535012654761], [11.67637040420819, 50.51033209956474, 13.971693001262636, 2.223594351564511, 0.30079822909143084, 0.6367978407865524], [11.630354989105165, 49.72048794058802, 14.233038636076365, 2.231686509435238, 0.2952962280130141, 0.6402478904225332], [11.675100963601295, 50.4354837997623, 13.81157179938048, 2.2341528017362857, 0.30360953948926267, 0.6304380422551608], [11.582361747237831, 49.650360335881494, 14.474171294499072, 2.2058879761522885, 0.2919956609586567, 0.6440590775099345], [11.619451339835871, 50.08076647356184, 14.096576909793344, 2.2752357038647113, 0.3008665776154238, 0.6352424600255175], [11.598602265083539, 49.32433643051422, 14.261992845022936, 2.244725204073068, 0.29520159806567775, 0.6362738232057025], [11.599492624272969, 49.42068844664424, 14.285173318906036, 2.222740403918545, 0.291677743446787, 0.6397484115376391], [11.617588854542516, 49.683242847878326, 14.230566171054358, 2.272975457903875, 0.29780682649843015, 0.6381331776038904], [11.569985259436496, 49.14089938485023, 14.402655587949237, 