{"basin_id": 12, "ref_run_idx": 12, "seed": 212, "x_best": [11.490836852953812, 48.710805126056215, 15.159560767277808, 2.0592005955590156, 0.26848928648817116, 0.6680649481542741], "best_J": 0.030935557198814263, "P_final": [[11.490836852953812, 48.710805126056215, 15.159560767277808, 2.0592005955590156, 0.26848928648817116, 0.6680649481542741], [11.492664221421357, 48.6296642931758, 15.173491718092434, 2.085032855372451, 0.2703497708765616, 0.6635617114206759], [11.505897519661598, 48.88402485469796, 14.95229121971724, 2.107860347917098, 0.27505504860097574, 0.6617017214233522], [11.530689979359648, 49.196202756256405, 14.936644215173512, 2.066370638945521, 0.2743374737314094, 0.6622405981247648], [11.500348608782621, 48.702399338529546, 15.160249553593967, 2.0789331953801558, 0.27093109901789436, 0.6646827603420004], [11.511106726987387, 49.39918430019414, 15.06099419103664, 2.025165739156799, 0.2700185630960872, 0.6684620801410307], [11.5028478373974, 49.29264276113188, 15.221431242822234, 2.018419377894226, 0.2682971756595802, 0.6714238852425726], [11.51981177599825, 49.03631273792868, 14.914758726679064, 2.143542775343182, 0.27816546779673, 0.6594151369659205], [11.482021226883695, 49.17888018507238, 14.507316256800086, 2.145119116306076, 0.28184650963815433, 0.655611684546409], [11.490848970755241, 48.72077826530951, 15.31255414532761, 2.0291028496787207, 0.26553626726568286, 0.6723644761020652], [11.516046317540187, 49.09069240491581, 15.064792790543198, 2.058607456450953, 0.2720106220836518, 0.6655052277285057], [11.549516239145614, 49.346785366683505, 14.701751501981262, 2.2272024165824837, 0.2864268830896078, 0.6438228161839434], [11.536666024452337, 49.605357445019536, 15.167657289844495, 2.0131082747662616, 0.2694346289951639, 0.6715540709672895], [11.530966549579677, 49.24502052450013, 14.92444023192891, 2.1000059460138942, 0.2776265063431089, 0.6585493456152585], [11.483707086703367, 49.012963702435286, 15.179688925744344, 2.030673088694453, 0.26707438482881996, 0.6704791494769945], [11.511412614000523, 48.32061244770169, 14.662020714803976, 2.240043528767888, 0.2833120552074905, 0.6505325895101612], [11.503185387160324, 48.889753364184436, 14.979418781707778, 2.0857486823791, 0.27312350075461433, 0.6608645830551461], [11.494743250539756, 49.11641259822639, 15.20920850458307, 2.01123311580304, 0.26668989629755946, 0.6725412959204984], [11.519359274715402, 49.01034277679696, 14.811607154141855, 2.1384906211685326, 0.2789937085400785, 0.6562214713221801], [11.527921203248278, 49.000633123882, 14.732703137923801, 2.1381195533526727, 0.2794936987560439, 0.6543904018915889], [11.506499380219685, 48.431068100029314, 15.10442566755159, 2.0667827615324224, 0.26983157301957733, 0.6673101568216957], [11.534812088349211, 48.99970584489818, 14.786870831165913, 2.115512972905584, 0.2778369114253025, 0.6546110025559005], [11.501159388729526, 48.891426177592194, 15.198741254918822, 2.012467487823012, 0.26491670447787485, 0.6735374827325529], [11.50493939319114, 48.782073830410184, 15.338828910454165, 2.001619417535638, 0.2631211949138818, 0.672313485013107], [11.477896430177662, 48.63474240028213, 15.491241922292096, 1.9992318096938453, 0.26042552746756553, 0.6777115426092938], [11.511276213598153, 49.39137202855502, 15.148962935943972, 2.0044990843131925, 0.26730033448839313, 0.672143672890363], [11.519649348804785, 49.08954139639494, 15.08842852264529, 2.0517239280310338, 0.27155737684998393, 0.6649475074368126], [11.500146621169954, 48.964156622005255, 15.18368633270802, 2.03140667143884, 0.267577533265, 0.670441244840162], [11.508167307140333, 48.54940776761632, 14.795346742215488, 2.1731601965415512, 0.2785593410736202, 0.6535403723715802], [11.483481875093586, 48.718946757059705, 15.071846911915197, 2.0461655530901806, 0.26689592557310726, 0.669559162419092], [11.514929931094679, 49.125953028905165, 15.005309959244824, 2.059339030076847, 0.2722826906774616, 0.664520417960857], [11.496014760229647, 49.12021804685045, 15.139984709456161, 2.0267012666917847, 0.26829282901899765, 0.671248521521374], [11.492744632576814, 49.01789629544373, 15.132240911460302, 2.04559851836326, 0.26954961910656144, 0.6682074471843444], [11.497220584601859, 48.78311888173739, 15.10701287533699, 2.0790725403440384, 0.271525217069532, 0.6642955002109971], [11.530241144415582, 48.351230606904274, 14.734165191011142, 2.18347560673462, 0.2810177555183959, 0.6476855191818073], [11.497442162002542, 49.00105709251213, 15.123345937151923, 2.0468331917225826, 0.26949880301802526, 0.6673640824005657], [11.491375046040176, 48.83272324488328, 15.08649761044144, 2.047901775619988, 0.26894594308425523, 0.6688226541116454], [11.515258595478349, 48.911073506430014, 15.046259933149924, 2.059706878627357, 0.2705464507215846, 0.6696072344965817], [11.50132018264367, 48.74269191203989, 15.10240804448339, 2.060102904963007, 0.2700014378904077, 0.6669423253552138], [11.506846681674244, 48.788586557978924, 14.985120945908982, 2.144638987621166, 0.2778485693391133, 0.6557806168216541], [11.488984801067156, 47.38383461523119, 14.819661007082395, 2.359528654158997, 0.2875564845325531, 0.6335847301220676], [11.499332769582066, 49.43208038018526, 15.194618866506875, 2.0475764706510873, 0.2707466289272112, 0.6660540844820365], [11.507042176306792, 49.110476888081536, 15.145299981105536, 2.049170532180565, 0.2703962979013467, 0.6663424769829828], [11.499027817567926, 48.8512647919488, 15.18153867432902, 2.063844873160644, 0.2701665239683655, 0.6658492781748755], [11.498741395004052, 49.42583289194356, 14.876602742238061, 2.0941629426696555, 0.2762938960976783, 0.6630998741316222], [11.511244366124517, 49.23211576230137, 14.97377274874789, 2.077783146642192, 0.27475221732671146, 0.6619302766390374], [11.54137205340987, 48.709842944332024, 14.749282555912918, 2.132086289209329, 0.2777344887160643, 0.6538427056928776], [11.502670129554136, 48.88013472329191, 14.996950304466095, 2.0911700972252287, 0.2736535826750218, 0.6616338948374165], [11.507574490508079, 49.093634823805886, 15.010063524013503, 2.0738125558883627, 0.27342835548304084, 0.659869418025667], [11.495945561289027, 48.87239683072126, 14.947832252521176, 2.105101959332798, 0.2742229101144845, 0.6595641113014209], [11.517542426714217, 48.95350116826254, 15.089121049788606, 2.0330249746920472, 0.2680839806409319, 0.6691030571213991], [11.557543578544308, 49.02948049730469, 14.723343471530367, 2.1200536522566504, 0.27974340525452396, 0.6523091488263507], [11.530776128397651, 48.3452458791877, 14.694618970264298, 2.1743517244666273, 0.28015974507589986, 0.6518948429833205], [11.578210359754369, 49.315843175215704, 14.63802983910857, 2.134386790262747, 0.28203779418876745, 0.6542754611375966], [11.50337970504656, 48.94280776964986, 15.16485879569571, 2.027624496099366, 0.26795786901009827, 0.6696490784765488], [11.507917890934616, 49.3449691779409, 15.213442384399842, 2.0066872767936017, 0.2676629902111056, 0.6709001555977214], [11.51886861936906, 49.015845342427326, 14.998626526516604, 2.0476893629413087, 0.2707741847964091, 0.66455778930132], [11.514823061942733, 49.121410562050755, 15.116533916131916, 2.0573698883115443, 0.2709896187961276, 0.6661300384997799], [11.516416829188081, 48.863599598246985, 15.150366837352745, 2.0267060237235213, 0.2673165986754644, 0.6708848933334417], [11.493844442445798, 49.07264202281396, 15.335146481082454, 1.997211091819591, 0.2638501885875557, 0.6756427543160081], [11.502624691487814, 49.01642475537205, 15.165074555092033, 2.065054127084738, 0.27133651121251945, 0.6666298175423183], [11.495592096070773, 48.92173982315488, 15.052390704038695, 2.03796438650554, 0.2689734016396918, 0.6679324009648713], [11.508047718209403, 49.12211533025117, 14.991937680752365, 2.0416791211470753, 0.2706770974539597, 0.665351767381491], [11.504520002260138, 48.76901897288694, 14.867185529572987, 2.1110826341967908, 0.27444834217814984, 0.6597024177516893], [11.507165302437606, 49.07323307641929, 15.191028840074996, 