{"basin_id": 18, "ref_run_idx": 10, "seed": 210, "x_best": [11.507005847421569, 49.03471629303328, 14.934982480957075, 2.1139098911052105, 0.2766168693324617, 0.6598311767236755], "best_J": 0.030992190874031197, "P_final": [[11.507005847421569, 49.03471629303328, 14.934982480957075, 2.1139098911052105, 0.2766168693324617, 0.6598311767236755], [11.500153062661123, 49.0713029973096, 14.963875704580627, 2.112440554976839, 0.27654186703665823, 0.6600573262465772], [11.520759954738399, 49.20553569030289, 14.866441802259121, 2.1364546566855815, 0.2794530231431801, 0.6579809913878784], [11.500260124873865, 48.89212247448029, 15.07751906270764, 2.1149245691988243, 0.2746821641962743, 0.6606264636262751], [11.520968656337896, 49.07859487730216, 14.864782071704031, 2.1308321801490138, 0.27867421759895983, 0.6565905674417847], [11.50165723236996, 49.16480682526181, 14.896328132291782, 2.1133907700186576, 0.27660880066400473, 0.6614054588248165], [11.530469121886544, 49.01333183516723, 14.89766820361747, 2.1121400698804633, 0.2763551110552644, 0.6597065006645387], [11.54281012884853, 48.93220093153926, 14.782478343236143, 2.1579885045760734, 0.2801130765221833, 0.6540983077427742], [11.587163997470348, 49.100689329575374, 14.458976585587987, 2.2783169336519165, 0.2938548727932049, 0.6375388129265066], [11.53397364972727, 49.075796210104365, 14.776814757557055, 2.146371855089385, 0.281396645720382, 0.6537281073896817], [11.497769997034332, 49.429643132524674, 14.937159916396958, 2.132912750496528, 0.2809546614313525, 0.6553691656658421], [11.610326671295342, 49.44205177925007, 14.221834340821289, 2.2954207901710117, 0.2988612315560776, 0.6333622415021363], [11.529452620419876, 49.22385603915971, 14.899488125579314, 2.120125429678078, 0.2789902692855699, 0.6571382866405332], [11.53893703933309, 49.29000027007354, 14.859859391436716, 2.111595162809056, 0.27827000204467267, 0.6591316350961101], [11.511894004194364, 48.97598773468261, 14.767866016311572, 2.1290742671835448, 0.27800843468172076, 0.6575548846392552], [11.508408463313385, 48.97495365968726, 14.952379352073581, 2.117001142987152, 0.2773975349608071, 0.6577570769879446], [11.565805316561743, 49.10850502303666, 14.830632113935176, 2.1236175284767844, 0.27783574081605195, 0.6570262896636412], [11.511488706304856, 49.11684710056158, 14.89191733980885, 2.114786268731019, 0.27735360453235275, 0.6590547308979218], [11.533765516288957, 49.208679177634686, 14.87172674340606, 2.129426222485904, 0.2797135410650381, 0.6557263844375749], [11.504540062866978, 48.57588463492269, 15.029701963165023, 2.12718005428623, 0.27451687053943236, 0.6618561890466633], [11.489640151298605, 48.346965159189715, 14.943118256919615, 2.1352167405203906, 0.27465887449895293, 0.6577627751624111], [11.517751472715126, 49.1112294040622, 14.887544572788226, 2.1238334643556613, 0.27864315672372336, 0.6565643894644285], [11.508728533218763, 49.042180753345356, 14.95243463740672, 2.116026216866106, 0.2767036788572116, 0.6592629759107903], [11.51262807074236, 49.05562990723334, 14.904453763856079, 2.1230480623757035, 0.27768007083671103, 0.6582120512746067], [11.499196573358162, 49.13199273626017, 14.909642766383461, 2.111063025224584, 0.2763211830603509, 0.6599654512474262], [11.508446923118811, 49.0992635624003, 14.900830646331762, 2.1141123177265553, 0.27675174276961323, 0.6594266048680931], [11.510465196529818, 48.73783148139521, 14.86805052559764, 2.187621598109099, 0.2819659977119532, 0.6522098723426983], [11.505063021047121, 48.53693540937949, 14.91572362124605, 2.1590931583065522, 0.27779640102554465, 0.6573671479818438], [11.496364983414157, 48.773007929758506, 14.93081848690355, 2.1353833222878764, 0.27664575264241986, 0.6582238685687881], [11.49161256618202, 49.09220452392336, 14.910248760597861, 2.1196614619298186, 0.2779289026002133, 0.6572063817856152], [11.462076297859063, 48.4691012931214, 15.084635635020748, 2.117217235230041, 0.2716095881589662, 0.6639918708650622], [11.518156440307779, 49.0484346430941, 14.852222818647398, 2.113911332140572, 0.276823305282748, 0.6590671207723137], [11.489699423532567, 48.74776987865183, 14.984336652599064, 2.119416592920314, 0.27517353060520444, 0.6608464714982181], [11.518692873597148, 48.947474330821215, 14.863897220780625, 2.1398955786855014, 0.2783327846995955, 0.6566945691548396], [11.515644323712293, 49.27052780151125, 14.904024230612027, 2.116768708570217, 0.2781480470427967, 0.6581059621217447], [11.546674220746397, 49.34121554881114, 14.805784272322516, 2.1227417308431202, 0.2803474698213669, 0.656461549246715], [11.509993974591303, 49.2175896854058, 14.786550253675248, 2.1630961435033247, 0.2826176659456487, 0.6528664555951746], [11.511395905781459, 49.15140523388713, 14.89388118026333, 2.113319712389055, 0.2776002076507881, 0.6591257955535635], [11.506617743377193, 49.11193267453056, 14.914740995134672, 2.1155630598423705, 0.277688514940239, 0.6571757880783602], [11.532110550551753, 49.098022088371, 14.882372268502206, 2.122099752400646, 0.27909247116460584, 0.6552089057017624], [11.462883016862666, 48.62161360940957, 15.054968649638516, 2.118251000924611, 0.2733671789944093, 0.663252895620082], [11.511998716695958, 48.920871628183804, 14.940370435053136, 2.1225133960834026, 0.27677032998190043, 0.6583931806998959], [11.540347157351775, 49.09065852007458, 14.681886784753397, 2.1568423600658484, 0.2826647754103139, 0.6529866665477976], [11.528032873686058, 49.26291067121053, 14.856659494075682, 2.1202311773339564, 0.27877272905202855, 0.656194453011683], [11.507619824951623, 49.13676455732305, 14.975847827056004, 2.120598181744924, 0.27785111628481834, 0.6583219984641502], [11.532254326847218, 49.23147917924616, 14.79427047895367, 2.1487513596834256, 0.28184711030592186, 0.6536298456267232], [11.701069938894365, 49.23666480281026, 13.770764118198406, 2.5245277775378403, 0.3197490244588626, 0.6041813848076025], [11.51036289006315, 49.450129591716276, 14.919804643356082, 2.1141888366401878, 0.2784457121050073, 0.6592435751032629], [11.510706120577316, 49.27355556903871, 14.858089221088845, 2.1149313400526313, 0.2785826692821347, 0.6600828436079309], [11.518701267287835, 49.12526000632224, 14.868030135351693, 2.1166294652390683, 0.27752549902578527, 0.6579251180870351], [11.509646268404007, 49.04592644445622, 14.935592644948008, 2.130604340116605, 0.278052953799066, 0.6579040000643195], [11.529303869579664, 49.01504727814439, 14.82664048506347, 2.1144456567052523, 0.2765235554003959, 0.6590387692065802], [11.542293077036257, 49.18384039160425, 14.693039129587325, 2.175802053588123, 0.28439529683159864, 0.6486276553548184], [11.560308979050035, 49.282576276177316, 14.62340412081804, 2.212633550100082, 0.28914066948010486, 0.6428753271123365], [11.503404616056612, 48.91073796339415, 14.974044901295038, 2.115518926399476, 0.27628053267330455, 0.6593146846025733], [11.590199817338496, 48.95334262065833, 14.292009991982333, 2.3001406248488983, 0.29716523926298105, 0.6339283437681139], [11.51550869173763, 49.16099492757311, 14.889319574292436, 2.1142896184565325, 0.2780217272783069, 0.6581462767899647], [11.538590175157005, 49.049323529644504, 14.804049636774034, 2.14501546253274, 0.2808097636168584, 0.6533126140046583], [11.481810394839663, 48.47556649676921, 14.99205252845098, 2.1288123690300043, 0.27303846902252593, 0.662401308020453], [11.511959332781458, 49.123486727586986, 14.90940994795315, 2.1133563695148614, 0.27664763081829435, 0.6594925202822238], [11.50297934360704, 49.23291926691323, 14.911916436073927, 2.120000457324077, 0.2777470158611075, 0.6602601147162277], [11.619829085084978, 48.54208677090992, 14.11632027841356, 2.371664567677064, 0.30190636731819825, 0.6273385469432858], [11.565870685344919, 49.099848136750964, 14.48567569924991, 2.270324661729958, 0.2914481099995808, 0.6413654654294896], [11.61444268259089, 49.221914843792746, 14.26611776587423, 2.3385575638716265, 0.300706593310372, 0.6296803179539335], [11.501425532877642, 48.94661863753924, 14.931912032045513, 