{"basin_id": 23, "ref_run_idx": 14, "seed": 214, "x_best": [11.495821819127743, 49.16014311433833, 15.160000405118213, 2.032289371953916, 0.26913086091850247, 0.6697081538790379], "best_J": 0.030946040307839172, "P_final": [[11.495821819127743, 49.16014311433833, 15.160000405118213, 2.032289371953916, 0.26913086091850247, 0.6697081538790379], [11.51248923023618, 49.30309656250824, 15.132995841142911, 2.0047459537795413, 0.2675709490733475, 0.6717219335078372], [11.486399368544207, 48.633658732380226, 15.182925996999165, 2.0405077451594242, 0.2655425312474043, 0.6716851561659423], [11.605252659104382, 48.62471999912846, 14.15716498087529, 2.280140457678078, 0.292878390632617, 0.6393496930715405], [11.498623032366995, 48.281979779325084, 15.13555864923113, 2.092343705721463, 0.2697884586382, 0.6656352697367343], [11.507634345766883, 48.563812407161365, 15.131698536713886, 2.0950045827494463, 0.2727458420584399, 0.6584683797475152], [11.502359205030109, 48.93357019591529, 14.878632502104141, 2.1183724951416227, 0.27576990057308315, 0.6598800638881926], [11.532954898073525, 49.19249694000613, 14.718238926579804, 2.1270206466776704, 0.2796655812909104, 0.6567678788974903], [11.50432161522007, 49.247682058439274, 14.954924000993696, 2.0352520361543074, 0.2702433102389508, 0.6714018647416097], [11.509573445062662, 48.84980823729618, 14.926903818567048, 2.0978100833967, 0.27288378726891055, 0.6610771051945994], [11.507077465422585, 48.75679116899081, 15.071102864377922, 2.1434647497599784, 0.27640026200286927, 0.6580560810466051], [11.50891686354307, 48.82652495326897, 14.96639142950313, 2.0871622383600537, 0.2721710210787977, 0.6636627803233303], [11.501525876407703, 49.07174713441054, 15.205379878938546, 2.0537292249710086, 0.2697420816628579, 0.665674869973141], [11.505199697222393, 49.19455814750935, 15.082561998625422, 2.001012213481943, 0.2664703922540189, 0.6747474745101422], [11.50522892440857, 48.70603864271074, 15.075989660838262, 2.0594159629963653, 0.268688242824772, 0.6685219544248974], [11.495494744954224, 49.09801772331258, 15.18920152080777, 2.0050513776897203, 0.2661375935014214, 0.6751046230697633], [11.518154767371005, 48.97198030329005, 15.269602568187672, 2.0096389103368857, 0.2667163574231066, 0.6713270729246211], [11.494178208768414, 48.19126254388089, 15.063776422981041, 2.114572442881973, 0.2706649709416426, 0.6629221299937033], [11.485816866383201, 48.732171862919344, 15.24895025382536, 2.0431827815341124, 0.26768891146876106, 0.6709071862014216], [11.496513307167456, 48.523881932101524, 15.158245087194024, 2.0720669230401705, 0.2681501883482171, 0.6694435224313636], [11.546622649062932, 49.225661331714925, 14.888374459291482, 2.080866308823414, 0.27493583268268, 0.6584211054150064], [11.508470714660346, 49.03712191921192, 14.997593810799085, 2.0684551816036922, 0.27298887682381096, 0.6644106058486328], [11.514709524924994, 48.0416841820245, 14.926370197973071, 2.131804352964327, 0.27231443965269064, 0.6617602752992483], [11.527581882541629, 49.09775325400774, 15.044146442579246, 2.0496339410599145, 0.2708767210018294, 0.6648435087328444], [11.53934858423037, 48.849635256066854, 14.849239197484238, 2.1384053835990486, 0.2775992166683983, 0.657264421929494], [11.501413492818234, 48.33851968289962, 14.859132421176927, 2.1826281011302937, 0.2803671926112632, 0.6523507835796701], [11.549013682777039, 50.05467134528593, 14.77295358649686, 1.9921593951293035, 0.272621256341529, 0.667287749992834], [11.500241007857472, 48.69067358410057, 15.196104980853873, 2.038106491483031, 0.26607778349308514, 0.6720988996230748], [11.519387719595725, 48.19125734918574, 15.060021905918507, 2.0859591561799777, 0.2698920083104036, 0.6633499835657717], [11.472509231793229, 49.64844640664765, 15.039066580688619, 2.030889665906868, 0.2699922115154816, 0.674370301796468], [11.512351552691099, 49.626992937523745, 14.960257270549933, 2.048132207823939, 0.2733486169003014, 0.6662398561515874], [11.466633076141687, 48.46686232865795, 15.12364176510336, 2.1437221962656827, 0.27464835974286583, 0.6597278950975161], [11.534877755309376, 48.470922543224866, 14.70419107280166, 2.2758771384410594, 0.2895481645682527, 0.6446223454330366], [11.468954821878697, 49.368338050757664, 15.383791651635878, 1.986716581484859, 0.26358777595876953, 0.6751305598583529], [11.498658403259888, 48.16704617095955, 15.00031626328182, 2.1255445943929443, 0.27296295410764215, 0.6563689973375993], [11.482387050536493, 49.37293216630032, 15.169352857214875, 2.0111507300226314, 0.2675545158003768, 0.672579140180894], [11.481762034951831, 48.49339269340674, 15.267556141956451, 1.9867155002462773, 0.2641994570795821, 0.6734892348833323], [11.500033309144026, 48.99317836436849, 15.139093998645022, 1.9935983357876599, 0.26432154949002734, 0.6749138995342069], [11.516978322846901, 49.36263842561788, 14.966493127836188, 2.0681818685022377, 0.2744448946424815, 0.665290922327324], [11.57035661330373, 48.49440525054723, 14.58966269610096, 2.1928598659033374, 0.2829702469310573, 0.6456086268947745], [11.48649415785629, 49.19457288531636, 15.171316284090771, 2.050355979107924, 0.2689564078899323, 0.6692658563513707], [11.53239700281028, 49.8058691349821, 14.984859132974739, 2.023837286231839, 0.27202929639319534, 0.6698466097161775], [11.505540566173023, 48.6626688258081, 14.954945182952326, 2.1247955333843893, 0.27496272851447245, 0.6611837731170079], [11.493184817632194, 49.057881531962074, 15.33704023936222, 1.9868656773521673, 0.26379826207418466, 0.6763550901467008], [11.531367422496661, 49.19404473003174, 14.927913892303417, 2.047916905376203, 0.27024723417161317, 0.6654053038589863], [11.430838676809435, 47.776654411693535, 15.193763882223983, 2.130759335029298, 0.26634342897822305, 0.6665841721496067], [11.484516379852607, 48.81771903934768, 15.296125321053719, 2.0152902823583085, 0.2653143133075129, 0.6723234053378381], [11.50176004078521, 49.596150314545575, 15.10050401742649, 2.035492631773697, 0.2709831865532153, 0.6681402779097967], [11.51355794420215, 48.49987223651524, 15.038932890572298, 2.083928472132492, 0.2689998786382994, 0.6660664821444832], [11.485171550445896, 48.49865559854079, 15.36593772052101, 2.049982370296973, 0.26650244747006335, 0.668137402291657], [11.497563451118083, 49.02708497080928, 15.287311566470398, 2.0023798795044585, 0.26402019346126876, 0.6739724266937202], [11.510985615224373, 49.39187404919982, 15.22714227419317, 2.0343185769358483, 0.27003587681459534, 0.6651916760723621], [11.512623985998152, 49.003026803051085, 15.323526174921508, 2.0287422752148117, 0.264540929007301, 0.6694008727482545], [11.4451728441451, 49.274846950813625, 15.392092734397965, 1.994323798744475, 0.2641722679386509, 0.673437186838189], [11.498445137793768, 49.05129207567699, 15.284980742705493, 2.0159754175978426, 0.26769854546991145, 0.6700847605770708], [11.484632969338316, 48.6534825048056, 15.282835416031915, 2.0415259839771065, 0.2642357712486163, 0.6669601683379808], [11.49218852019621, 47.845094766965076, 15.057689732698389, 2.178475196822018, 0.2778059537100783, 0.6547887364092086], [11.514605101756302, 48.82704537596783, 14.966190319207673, 2.0807343866386048, 0.2719487122282985, 0.6646833525905741], [11.488567987363787, 48.90807944817174, 14.99049454544329, 2.0790828720274535, 0.27252111418901176, 0.6638342560770235], [11.491492617294682, 49.04187465949278, 15.143108586838153, 2.0453305608490355, 0.26874133525562965, 0.6677022139451748], [11.503876736114991, 48.67074471962273, 15.044538050268219, 2.084304764999366, 0.27045418510545416, 0.6677865215080419], [11.529328552080058, 48.71816633935536, 14.85055812334288, 2.1121167011273334, 0.2757647649140265, 0.6593257352554457], [11.541777609825969, 49.27306845277805, 15.298082469663193, 1.9909318277278722, 0.2656419304631654, 0.6735194679976798], [11.569423012166991, 49.21654306659023, 14.690649954145615, 2.0801371205703822, 0.2773321255645301, 0.6569463597012092], [11.492152275868989, 48.74114362758635, 15.354559182072682, 