{"basin_id": 16, "ref_run_idx": 15, "seed": 215, "x_best": [11.539947746922872, 49.62774332186185, 14.81042557002143, 2.1036411220784927, 0.27944074535154334, 0.6584121638457398], "best_J": 0.031081754371099297, "P_final": [[11.539947746922872, 49.62774332186185, 14.81042557002143, 2.1036411220784927, 0.27944074535154334, 0.6584121638457398], [11.582928359315405, 49.5903977708691, 14.354940666784143, 2.211121087783503, 0.29130161570618013, 0.6454787444669684], [11.56153737673121, 50.15920395705157, 14.836752509357575, 2.084974372271659, 0.28096300425903, 0.657384942620649], [11.594389305599435, 49.68814087972049, 14.221891457573179, 2.2016914069218307, 0.29112749940829263, 0.644457687086586], [11.586569109063914, 50.06361160065335, 14.601910156633261, 2.084629677146729, 0.2820974351532293, 0.6600199611695081], [11.627052363512083, 50.37619473580417, 14.22539932744451, 2.2537220898623773, 0.29711895109120917, 0.6414519157626001], [11.557555562371293, 49.6982985773954, 14.631771204101678, 2.086260004622529, 0.27936766130099266, 0.6595004123420389], [11.56770854789341, 49.716368047236855, 14.673907855683419, 2.1780496341367552, 0.28723628491801817, 0.650584526745056], [11.549583168597335, 48.96032042459166, 14.883889730748331, 2.103557678149891, 0.2781312552026212, 0.6566471426261272], [11.649816482751953, 50.92997053585645, 13.988006828520128, 2.1344558346358298, 0.29578356754463736, 0.6490255420908432], [11.556322188865165, 49.75107459741697, 14.798729986170457, 2.0661560987669847, 0.27840710975574207, 0.6587092924733235], [11.561008475480566, 49.789210266216436, 14.767276524126055, 2.0780383711698462, 0.2784777964969516, 0.6627088223223091], [11.575736930573324, 49.80760051932949, 14.52621866277029, 2.140590263363385, 0.2867418727291678, 0.6482552619995345], [11.574272027950203, 50.14684285240595, 14.413036301811621, 2.178215704979382, 0.2904081459353274, 0.6470554733003283], [11.590369504068583, 50.17454145036665, 14.19730394425601, 2.1650306504177843, 0.2889737910102363, 0.6519140773776182], [11.590124341026103, 49.86953792628761, 14.470600457097069, 2.156190692544281, 0.287226829774169, 0.64417084675086], [11.544291676083732, 49.68325506411277, 14.705362362083578, 2.090330147949226, 0.2791303269693481, 0.6580108247782219], [11.54243553752784, 49.46685180391817, 14.81983157174361, 2.0696386457131952, 0.27745057301869164, 0.6622353877822572], [11.578420569296345, 49.49634221329834, 14.363582623603023, 2.2168598810117626, 0.2909617860685916, 0.643729911908681], [11.553730482958956, 49.55501407643157, 14.720851531124596, 2.120228944687213, 0.28038012963361236, 0.6595486641882153], [11.54726472759117, 49.6294070267358, 14.667805904723318, 2.1516489605559967, 0.2845444446893694, 0.6539234888628844], [11.575641214190409, 48.67031621590984, 14.55302167100498, 2.1971134219690405, 0.283527514823327, 0.650884366144534], [11.613744836455735, 49.67369749953277, 14.297391026900646, 2.1883252249830907, 0.2919092965048045, 0.6425457418708553], [11.544312680266843, 49.895986204747196, 14.703225069218549, 2.1303976052636506, 0.2839342961529657, 0.6544391637474276], [11.644803336289641, 50.59291047363214, 13.786189204399196, 2.2444088961632955, 0.30141323274620635, 0.6335374264717212], [11.562033124628389, 49.60075438316263, 14.747426479084037, 2.085892048921405, 0.27848955263920694, 0.6563967432293254], [11.553761743691036, 49.42007451260547, 14.507392040303904, 2.16414509309065, 0.28598825735906797, 0.6483921519202789], [11.545346558831449, 49.966640073356935, 14.869433828540291, 2.0809317476945526, 0.2794582818673189, 0.6587783268392591], [11.585270072249514, 49.9522551714882, 14.38358980806557, 2.202487514063737, 0.2932646023333947, 0.6427111041868344], [11.544696240510476, 49.06904339890314, 14.67355415064706, 2.1110116154678695, 0.27795827522908667, 0.6570010030761323], [11.55873325774486, 49.68958910747881, 14.726199807680265, 2.0897815055196145, 0.27908398943572355, 0.6567014916576628], [11.547498040494236, 49.8781864388376, 14.820194444306374, 2.0642605348264116, 0.2785419548711157, 0.6578927976353444], [11.70679083354352, 51.6319323657004, 13.775600280225893, 2.2412611686491988, 0.3095149245425714, 0.6297767054677752], [11.75951764263358, 50.843430528231984, 13.448656773467466, 2.342988195255668, 0.315802518768995, 0.6196560224166635], [11.552104812969992, 49.37904601436008, 14.519727360379786, 2.172111531705398, 0.2855534449055419, 0.6485271661956025], [11.568254424942042, 50.04547179777045, 14.652817707984685, 2.0684710415167125, 0.2803629462665671, 0.6595368240089867], [11.569882102818998, 49.42906053302904, 14.667888085675521, 2.128882162850697, 0.2806863175820411, 0.6550962147180311], [11.589357415959876, 49.47470909075777, 14.332294318842331, 2.180193360754905, 0.2880102429611138, 0.6476674877856704], [11.590178009471167, 50.19887953167757, 14.272220727856448, 2.179145806720169, 0.2901108570788474, 0.6498264897566731], [11.549685259301782, 49.61530123634495, 14.586902356282817, 2.173015134655707, 0.2869596475245813, 0.6502806129401455], [11.55264979297737, 49.763622204259086, 14.707894905729212, 2.111118085993381, 0.2823717538665159, 0.6549242192877076], [11.618519405102331, 49.41840592453125, 14.293306093018609, 2.178655922611652, 0.289986574368375, 0.6405629162211671], [11.551666720946438, 49.5415694491331, 14.384741898196399, 2.1854052051589465, 0.28824460639584293, 0.6474424344586178], [11.569110623281151, 49.642090256074404, 14.759315214044058, 2.0758563424751677, 0.2787314983705545, 0.6561088874087619], [11.555726223190726, 49.54532181027976, 14.89144576985637, 2.0970713608836853, 0.27827222830555204, 0.6596688873526944], [11.581551076686802, 49.547791840234794, 14.25231490152223, 2.2431975875813985, 0.29475994451030635, 0.6398697307810988], [11.580163793851062, 49.37038515343818, 14.595870451904474, 2.1352756075866512, 0.2839456607307886, 0.6485113595475065], [11.642805718007624, 49.54821722581426, 14.034896119046103, 2.218870013147382, 0.29443384242379467, 0.6398004349002673], [11.578235224308889, 49.82337205725697, 14.576098529373423, 2.125374943639756, 0.2845972691585757, 0.6534965413723919], [11.552961755900503, 49.73742586797052, 14.55564027537258, 2.09886688829955, 0.2821280050929268, 0.6573511303202098], [11.587494721630533, 50.014143673848956, 14.463367409579929, 2.210638002555524, 0.2943213372170942, 0.6418285268324455], [11.560477932023446, 48.849755510614564, 14.359439944337895, 2.204775183427487, 0.28669230818176, 0.6472203527117607], [11.566485735393405, 49.65511628258104, 14.544767437348282, 2.15421360871988, 0.2844911236845328, 0.6521700754783417], [11.553563683603608, 49.20830242480522, 14.53664949870235, 2.1734925187314893, 0.2857778744937647, 0.6499861664669073], [11.58848698176406, 50.1726474768745, 14.097140095893568, 2.1462614093214727, 0.289988466162665, 0.6472169899873358], [11.575483616835555, 48.76031882265287, 14.546056341285839, 2.2492419043017122, 0.28914635007986517, 0.6420853855885467], [11.617474614010122, 49.91578276293795, 14.16896588758714, 2.1289242986838874, 0.28702972291136614, 0.6512631503573036], [11.549873701719527, 49.38032959453932, 14.690386863617325, 2.1479288578204434, 0.28208721365450706, 0.6545615402204994], [11.566070719391476, 49.73136953275923, 14.774100339172437, 2.0561342068103503, 0.27830519578687946, 0.6606091727517024], [11.569003954672318, 50.00978003812198, 14.421620586501543, 2.1497433925496616, 0.288091528705379, 0.6471820287157425], [11.540861500314039, 49.93866955529576, 14.610970821674577, 2.129455094585194, 0.28364351300735113, 0.6542715020555245], [11.61636110640946, 50.67566779938898, 14.391868876197162, 2.0951168671086267, 0.28864632998466583, 0.6494761100863432], [11.540791974848798, 49.114313478105814, 14.806553919268062, 2.138324441094147, 0.2798091867740854, 0.6537286635419262], [11.580704137602279, 49.064341367963195, 14.368622029035869, 2.2362912735219376, 0.2898516321584529, 0.644040961765749], [11.575457368446322, 49.75773067994766, 14.596286270531328, 