{"basin_id": 22, "ref_run_idx": 10, "seed": 210, "x_best": [11.495865746687892, 48.38702095532078, 15.039646843072143, 2.0884950416169112, 0.27019470070805307, 0.6637980496855818], "best_J": 0.03102912082433341, "P_final": [[11.495865746687892, 48.38702095532078, 15.039646843072143, 2.0884950416169112, 0.27019470070805307, 0.6637980496855818], [11.595889082785838, 49.83784694689022, 14.451744415314616, 2.1561156452755315, 0.28960603941640706, 0.6448057760472741], [11.511146825301322, 48.34682551168236, 14.937377638116255, 2.1291573546660785, 0.27422453785064926, 0.6581776960742118], [11.52510308068577, 48.429458698769565, 14.856856084372076, 2.1200597081338444, 0.27470276120838416, 0.659094613674066], [11.497693912964786, 48.110728324858826, 15.195459654703777, 2.0975556002060967, 0.2691429629818069, 0.6639595865321696], [11.491442712139936, 48.21045138125514, 15.070206687575407, 2.086555712508321, 0.27034118239417176, 0.6626465046623301], [11.579210653327268, 50.17328269693751, 14.328507044085532, 2.216985969378763, 0.2972277270860604, 0.6428633395694228], [11.525745528204961, 48.566905392641225, 14.818023179927287, 2.156435179229304, 0.27840532494086373, 0.6569659708990686], [11.527392825932179, 48.54657562189636, 14.798251877572907, 2.160846680372939, 0.27854423217983465, 0.653114088687238], [11.528529780899309, 49.622570581500796, 14.701075745779685, 2.137851163179449, 0.2837503900784072, 0.6501968049100671], [11.527303665747294, 48.713390369721544, 14.909702910781832, 2.1040687237413813, 0.2742991672285674, 0.6601437074469807], [11.52645485729497, 49.09873963578586, 14.765985531252849, 2.1604041646496963, 0.2819826359166718, 0.6529210108677233], [11.540546608255513, 48.83621777694835, 14.749617139909258, 2.1857475967528286, 0.28421290112522074, 0.6446476448607169], [11.525129959208273, 48.31011562045078, 14.868952114348984, 2.120820526591743, 0.2736854293199141, 0.6588418446476294], [11.51315298489043, 48.73002102228124, 14.864818344581172, 2.111821919689379, 0.2748088400372362, 0.6614455640168384], [11.560286707264268, 49.11677303035684, 14.537497834681288, 2.1521214765497514, 0.2812683199321963, 0.6549804232168446], [11.490040142381, 48.49285217147622, 14.977825134469516, 2.1653946207354493, 0.2777223520944288, 0.6566929945545557], [11.563081312646474, 49.144325135454054, 14.782652127396357, 2.1128999004775264, 0.27882049001396353, 0.6548626784176341], [11.533667827973913, 49.15631906928482, 14.754125213259806, 2.1087308828017224, 0.27866073946648967, 0.6561707031085017], [11.556932326522588, 48.824712314842046, 14.807693093274818, 2.089483877255106, 0.2756138211696355, 0.6608298602803439], [11.494973967663146, 48.65994892480575, 15.046843736362248, 2.130793825806524, 0.27532589184157685, 0.6617361535811102], [11.554925618971758, 49.70256453341741, 14.464224672648145, 2.1671903668228163, 0.286679509961919, 0.6525862262526948], [11.51002771657253, 48.18346878096052, 14.951116973655845, 2.167194710956058, 0.2755886522863517, 0.6569916463707904], [11.517739901876613, 48.82932024119566, 14.806719797459735, 2.1446801047734505, 0.2786600328209927, 0.6577800906749587], [11.548432391922374, 49.32435476803267, 14.301907144995763, 2.1851197785655017, 0.2869518910831972, 0.6552127250630824], [11.590704071592096, 50.34300887165217, 14.297090992490524, 2.2291866870538253, 0.3018282878649011, 0.6363529240733931], [11.565221054186734, 50.05982887080726, 14.37105613625037, 2.190710314624034, 0.2930734596135487, 0.6450723692905623], [11.499747357789248, 48.500944709564074, 14.883077583689701, 2.151119291112841, 0.277456601584821, 0.6544217164841002], [11.510773610458479, 49.35056450353915, 14.727187746597078, 2.1330348784143065, 0.2769563601579182, 0.6541491836307742], [11.500332238635497, 48.385764733507564, 14.990423725027213, 2.1169108990905605, 0.27288855800655787, 0.6610574989090253], [11.59262925679702, 49.856248220421215, 14.413565604595423, 2.20149740095057, 0.29230489867434173, 0.6444331818158718], [11.63069848069473, 49.756305169181374, 14.227276422073937, 2.1788003019546966, 0.2908371702310403, 0.646241333043703], [11.510393027437873, 48.489442664727754, 14.964800110446342, 2.108875857888035, 0.2739849707624986, 0.6565783194192727], [11.56515719117889, 49.87984004051171, 14.572000035034238, 2.1363544188506802, 0.2876721995810195, 0.6509923179083965], [11.502931960710589, 48.37259967585205, 14.997008527961004, 2.1117290893713685, 0.27349560370923387, 0.6588916187529517], [11.48743298401877, 48.02013757990393, 15.047830427306975, 2.1180215671625544, 0.27007688975237104, 0.6638847979181199], [11.465151173561807, 48.04215460293115, 15.114499606435347, 2.1429723764166826, 0.2700933542823174, 0.6616677063695914], [11.539962427697846, 48.83887314762744, 14.783928124891142, 2.1532730055247122, 0.2800794868723777, 0.6540345041078227], [11.495001562446198, 48.326130452373576, 15.020269222631997, 2.125159393911379, 0.27280152955691017, 0.6622587656592662], [11.522424012828298, 48.54785406527764, 14.886516107452131, 2.1419151445161115, 0.27658755744161273, 0.6573925219559051], [11.482008199610123, 48.05412093982823, 15.104353811399964, 2.107874240961911, 0.27018991761625866, 0.6586195752506824], [11.533779543807553, 48.84061211272637, 14.852066795498875, 2.1139374487916767, 0.27635042901465506, 0.6578281989013361], [11.528712412309764, 48.91334041075928, 14.83129522985023, 2.157160638871316, 0.2814656783037907, 0.6539875859134324], [11.502636896060151, 48.23523519500593, 14.973829711983235, 2.155310128618384, 0.2749959925286212, 0.6583622613444949], [11.499992375090262, 48.35277249702433, 14.980593050205725, 2.151724686769051, 0.2760018211928121, 0.6572428991762101], [11.45311209435865, 47.82183151368733, 15.109806787648417, 2.158026437606189, 0.2709302287812666, 0.65940972970396], [11.591728594679774, 49.74074298515951, 14.404935588271288, 2.268932466083612, 0.2957278257425128, 0.6340146848613353], [11.465694996612356, 48.48770206468547, 15.076381901680815, 2.1211593166687415, 0.2717869507855566, 0.6623591252955668], [11.57442655923135, 49.783886374538426, 14.4571032297961, 2.2123794897221267, 0.2938020027827738, 0.6452857755751371], [11.498702445228616, 48.32068527449323, 15.021962285543603, 2.076431775639579, 0.2707023832386928, 0.6579433055005071], [11.562167588032013, 49.28661029010686, 14.504505650267356, 2.185750993343651, 0.28548402103757164, 0.6516232951892927], [11.597740763784097, 49.8664069181229, 14.329086698729837, 2.201580638876695, 0.29370435845008225, 0.6449203774128948], [11.592702433847169, 49.53133547915786, 14.446497168902011, 2.2035687369194576, 0.2895352022888127, 0.6437450155774697], [11.518829058134402, 48.60939410776279, 14.866230537389347, 2.131370417483539, 0.27618418315775883, 0.6586704269295001], [11.52965356997089, 48.77328475354367, 14.79043877710925, 2.1295373275500458, 0.2773011923671248, 0.6572778497981417], [11.535461115093517, 48.79705046850499, 14.599495048508896, 2.2001278330090894, 0.28415569689979814, 0.6476176263324773], [11.570616359519883, 49.95323295916997, 14.466847780751566, 2.2250581037724335, 0.29525119079441087, 0.6436730096113998], [11.6070830586608, 49.90277656590754, 14.04917280830846, 2.223817533434331, 0.29793588350216127, 0.6394136326557407], [11.536805264028382, 49.26921272932348, 14.700061466846435, 2.1548291204480665, 0.2840160233744716, 0.6516596790883159], [11.613384436702503, 50.03566561955575, 14.129899772538542, 2.1841184544409935, 0.29323329073541204, 0.6394158334239867], [11.518418805129858, 49.44476347758245, 14.823045986474858, 2.115454890092281, 0.2786270104057903, 0.6596067354164699], [11.585313094896478, 49.816043430963205, 14.264842297538195, 2.2699829114788908, 0.2954177620618255, 0.640773629270668], [11.506252706685318, 48.66049391725297, 15.012926929935624, 2.133527082142745, 0.27661302715056707, 0.6564393546027322], [11.529019504709348, 48.73032725515714, 14.691725724888899, 2.217335066357947, 0.2874810204995835, 0.6481793878158169], [11.565876728101319, 48.58914109678271, 