{"basin_id": 18, "ref_run_idx": 15, "seed": 215, "x_best": [11.493435904551472, 48.692454228878844, 15.046935588947326, 2.1110609083718925, 0.2735724153088069, 0.6612858578573295], "best_J": 0.03096904428868909, "P_final": [[11.493435904551472, 48.692454228878844, 15.046935588947326, 2.1110609083718925, 0.2735724153088069, 0.6612858578573295], [11.494916217708884, 48.7146439824452, 15.038277398782636, 2.1110919439180655, 0.27378192867799944, 0.6610874450417953], [11.493715818197629, 48.69471573082185, 15.04575845996667, 2.1110645168682405, 0.27360110535015375, 0.6612626069992633], [11.494060019130252, 48.69814757036773, 15.043285120232106, 2.11106602087445, 0.27362704614964567, 0.6612405077994216], [11.493944352640248, 48.69638905834504, 15.045292397734025, 2.1110761329496674, 0.273613592174838, 0.6612554026743508], [11.493420413396178, 48.69039468345659, 15.04756457518603, 2.1110621378938217, 0.27355173018903295, 0.6613037965112859], [11.49361315825649, 48.6959751609133, 15.045606965765112, 2.1110617426640816, 0.273602240831487, 0.6612627064882259], [11.494225679198827, 48.69621764665499, 15.043358843992475, 2.1110606731810506, 0.2736135319159724, 0.6612652917615831], [11.493585342615281, 48.69196333983329, 15.046370372820189, 2.1110634472982968, 0.27357452937932103, 0.6612685892794119], [11.493570604812872, 48.69155888116989, 15.046363235138282, 2.1110628724317086, 0.27358225826638277, 0.6612695640136271], [11.49352003550902, 48.691108926086486, 15.045797636834937, 2.111061474032224, 0.27356589525259245, 0.6612688282391812], [11.493495602822744, 48.69981937572018, 15.045293283493498, 2.1110648295357937, 0.273637804621103, 0.6612235799579514], [11.493955605446391, 48.69638777749594, 15.044153732727912, 2.1110629966732226, 0.2736041409307901, 0.6612659650204248], [11.493591504036083, 48.70322955468446, 15.043145769006362, 2.1110652817174405, 0.2736615516179261, 0.6612070561203627], [11.493508331840525, 48.69279093736428, 15.046094944517767, 2.1110611026442303, 0.2735807325223866, 0.6612980898437608], [11.493791662782652, 48.695996535118454, 15.045241874610848, 2.111066698592797, 0.2736085508879259, 0.6612460854780116], [11.4934240181766, 48.69184279081776, 15.04649583256258, 2.111062747501687, 0.2735770149766761, 0.661280179024706], [11.49353378716403, 48.694355952938274, 15.045657852049242, 2.1110667271791907, 0.27358627605583297, 0.6612917461205672], [11.494322964655973, 48.70837581207955, 15.044130643636496, 2.111085773523717, 0.27368977729811705, 0.6612544616258138], [11.493925209309452, 48.69648545490129, 15.0440022674709, 2.1110753087443137, 0.2736213404169374, 0.6612515786267497], [11.493806179610363, 48.69586156860072, 15.044565931632178, 2.111060896177251, 0.27361787213347133, 0.6612581475722787], [11.493556653468042, 48.695550744613946, 15.045450316814618, 2.11106064830466, 0.27361046876230766, 0.6612624708090816], [11.49386590071752, 48.698854788715366, 15.04541469179606, 2.1110651247539614, 0.2736286478654282, 0.6612232244894941], [11.493569862599331, 48.69047946219261, 15.047562294697126, 2.11106402812052, 0.27356324928193076, 0.6612795390698664], [11.493709689885682, 48.69348011889809, 15.045425621499328, 2.111064950342746, 0.27358225170878625, 0.661281725475144], [11.493424984308177, 48.69240337482937, 15.047132446156978, 2.1110622411814095, 0.27358227499859433, 0.6612969206237801], [11.493846016693228, 48.694776404114705, 15.044738954340989, 2.1110607560769346, 0.27360928700498643, 0.661239428202093], [11.493803363102765, 48.694962219634, 15.043948589178152, 2.111061829777113, 0.2736227138689756, 0.661252871308334], [11.493801761562358, 48.69384729384437, 15.046350587693551, 2.111060852294194, 0.2735744550407381, 0.6612766374275055], [11.493987746985198, 48.69554452001277, 15.044264837237069, 2.111066162830359, 0.27361363539022127, 0.6612510134512724], [11.493709605227568, 48.69356813582502, 15.045577713717257, 2.1110605986383186, 0.2735857776324313, 0.6612827510900481], [11.493558243761706, 48.700627438842616, 15.045248107406954, 2.111072793028007, 0.27360796203771065, 0.6612829627262495], [11.493630600915617, 48.69476956630554, 15.04605140043367, 2.1110629450782534, 0.27358484856068827, 0.6612705178998537], [11.49343895293972, 48.698305640800214, 15.046410361521525, 2.111060850414362, 0.27359700093276973, 0.6612981302826265], [11.493679666683569, 48.69439070045272, 15.044869411572803, 2.1110620787090557, 0.27359263508596865, 0.6612736504575188], [11.49366252501872, 48.696749388609454, 15.046516898798554, 2.11107723584856, 0.2736093895657847, 0.6612563278674802], [11.494202579155546, 48.702252869075366, 15.041566260075436, 2.1110637575819795, 0.2736862175409225, 0.661203045415184], [11.493503237781136, 48.693374159931, 15.047733642527989, 2.1110637575819795, 0.27358124350353136, 0.6612703946899452], [11.49362638222797, 48.69540316000013, 15.046416401811001, 2.1110619189446824, 0.2735982189517653, 0.6612783917694129], [11.496454770032045, 48.726920810889474, 15.026925167718442, 2.1112099536915974, 0.27395331567437065, 0.6609350053368124], [11.493771023775668, 48.694861902684856, 15.044889865059542, 2.1110707562092834, 0.2736043396652283, 0.6612683875027787], [11.493458945035401, 48.690203910854045, 15.046625877758252, 2.1110624522116326, 0.2735499471395574, 0.6613078863808785], [11.493394074891668, 48.69805494346656, 15.046416514441281, 2.1110622378176043, 0.2735985878520524, 0.6612838472431932], [11.493898711830115, 48.69626343368712, 15.045270922995975, 2.1110607797400367, 0.27361962297759834, 0.6612738463175529], [11.493689779082816, 48.693357774789064, 15.045662941911562, 2.1110612292538136, 0.2735818834509683, 0.6612592554694776], [11.493468408826713, 48.69360768996643, 15.046754170662183, 2.111061856348011, 0.27358460853698563, 0.6612842746188109], [11.494667120547247, 48.70729222016221, 15.03957327918965, 2.1110642423140273, 0.2737188371653623, 0.6611863741083249], [11.493718354271385, 48.69684940012775, 15.044584568472702, 2.111075727472339, 0.27360996363204626, 0.6612688398747754], [11.493850028528186, 48.69413112518149, 15.04582407895034, 2.1110605829668416, 0.2735865570970598, 0.6612726721292881], [11.493876440791263, 48.698823185869614, 15.044931829757443, 2.1110653029703443, 0.27362630855740494, 0.6612595859325695], [11.493607090520637, 48.69413038541879, 15.045808094314102, 2.111064120184805, 0.273594027846552, 0.6612886076761784], [11.49358065164751, 48.693158924138245, 15.046653198947336, 2.1110641630428044, 0.27357879719252576, 0.6612738054820065], [11.493909801170227, 48.696697699602765, 15.04461715484926, 2.1110613457307945, 0.2736246604503937, 0.6612458382928763], [11.517597201029197, 48.89804548413214, 14.90124193751153, 2.129287959526839, 0.27767758297047224, 0.6572120280286016], [11.49350440374211, 48.693200852131746, 15.046669278314956, 2.1110712192280094, 0.2735756331569328, 0.661277057547337], [11.493552259417116, 48.690039322109314, 15.047880424025589, 2.111062423742818, 0.2735569278132669, 0.6613057512521825], [11.493975080159927, 48.70059495960082, 15.042824865014058, 2.111062944642167, 0.27366127576251836, 0.661235087420538], [11.493559115656344, 48.691821848575906, 15.045454253772835, 2.111062405312043, 0.27357705732486026, 0.6612844334463994], [11.494459626822255, 48.70336513152234, 15.042507045403443, 2.111075459499116, 0.273696337676999, 0.6611922906031715], [11.493600469013515, 48.69432775484152, 15.045714312393518, 2.111061978089216, 0.2735809453482445, 0.6612756944570591], [11.494634598765643, 48.71161272434455, 15.039545039950175, 2.111072199361876, 0.2737456197705312, 0.6611501471517024], [11.493058776555419, 48.68657511006504, 15.047384210824557, 2.1110711465307435, 0.2735161500409005, 0.6613368341206332], [11.493801086006702, 48.69598593138923, 15.04546025925261, 2.111065768993037, 0.27360856414532775, 0.661261291555157], [11.493308980797012, 48.692724388430264, 15.048439869622507, 2.111068577517884, 0.2735701100179003, 0.6612902670109523], [11.494411543467844, 48.70108778275835, 