{"basin_id": 24, "ref_run_idx": 15, "seed": 215, "x_best": [11.560800144570573, 49.31374297585804, 14.524105607005975, 2.205725936508496, 0.2888938378028585, 0.6456550728426261], "best_J": 0.03122708482475548, "P_final": [[11.560800144570573, 49.31374297585804, 14.524105607005975, 2.205725936508496, 0.2888938378028585, 0.6456550728426261], [11.599143062380687, 49.56869658082816, 14.433506303832665, 2.1975556868713007, 0.2899238632961874, 0.6441738599539439], [11.752856272526058, 51.28338206829336, 13.639797466035917, 2.337517521756151, 0.3142846914734565, 0.6186498524375349], [11.574091295754933, 49.45943231003945, 14.484998010704883, 2.1963028005400336, 0.28895290289564984, 0.6460758042173763], [11.558787964282924, 49.37543415336445, 14.499762031387602, 2.2055312590622664, 0.28944551821032327, 0.645503358621249], [11.561167412122959, 49.23890462249847, 14.512782387494594, 2.2074180649347204, 0.28895576068907225, 0.6446584062443291], [11.574998950182026, 49.35931113653993, 14.479627499882156, 2.1982136332851945, 0.2889872637608209, 0.6459428154076021], [11.57134183021936, 49.5169163975501, 14.50894496201933, 2.194086972166276, 0.2895740082663782, 0.645262903584295], [11.574602676105789, 49.19669941809691, 14.423603257978716, 2.2111228681422523, 0.2891417631369817, 0.6451809273413733], [11.564100347448559, 49.37633844952565, 14.515343159398691, 2.202216013594912, 0.2888992407012064, 0.6452302607166504], [11.565791979957645, 49.44332597057036, 14.49663221662452, 2.203628598286783, 0.2895306399028561, 0.6456769694664121], [11.591090473566046, 49.56871763120071, 14.348041491935968, 2.2221579071561903, 0.2922543792588795, 0.6437271953228063], [11.571426144375666, 49.47552935102321, 14.472340348167862, 2.1987244263005437, 0.2891615915022944, 0.6446308238247243], [11.657674793524041, 49.98451078308441, 13.883080954872012, 2.307909156154096, 0.3042506321125758, 0.6315208548005554], [11.56155210187278, 49.35160523745693, 14.501176794299012, 2.2054698314600794, 0.28902263170071335, 0.6459224228081692], [11.564265109285948, 49.25699520658356, 14.49403888445948, 2.212454639459917, 0.28889648876161933, 0.6448622358223984], [11.572972502332007, 49.46763126857813, 14.304256524570444, 2.2458441577650143, 0.2940709745983326, 0.6407170731535076], [11.584290279725316, 49.39163757620803, 14.503140911607336, 2.204292854342604, 0.28960665957017395, 0.6460092058908485], [11.601650947680353, 49.67337957430917, 14.40352246722064, 2.2103411758333196, 0.2927255680288069, 0.6423600794345085], [11.596288179900121, 49.528446367293064, 14.10012717759101, 2.283448949864482, 0.2972770965096211, 0.6360512738473962], [11.565197442545776, 49.44083715746012, 14.444381001556579, 2.2047619196856765, 0.28974521507461976, 0.6455925642473714], [11.577191795304202, 49.341750605431365, 14.42616895646134, 2.2068314593476672, 0.28926118991948, 0.6458123979024064], [11.558891265669628, 49.305365302870484, 14.512079517049987, 2.207834209161354, 0.2890204445743114, 0.6447424444037165], [11.568796349743693, 49.22633096613841, 14.370492264898553, 2.210444369925255, 0.28944624826395976, 0.643561796194696], [11.568955886911727, 49.25941317946417, 14.466804729349633, 2.212494649376655, 0.2894851590663539, 0.6438592789588042], [11.563552491865977, 49.37039194573604, 14.523497868978238, 2.206608156865207, 0.2891959934085999, 0.6453364576816694], [11.55788834427133, 49.294709559707194, 14.500021381023561, 2.2100791126942103, 0.2891071862664199, 0.6459582553029977], [11.568994829338926, 49.19710110055474, 14.373048148277922, 2.240859957531076, 0.2915657580182303, 0.6423150082573504], [11.569181618728862, 49.34033598198783, 14.528588104464156, 2.204038765111566, 0.28890924846416066, 0.6448450970494997], [11.609255803868848, 49.582911288690504, 14.034891555851834, 2.2814553124750847, 0.29804207752060247, 0.6352324267806315], [11.595866765808806, 49.643949536968506, 14.369616195131444, 2.2191258498896946, 0.2927934112466184, 0.6426294372163183], [11.578854715571774, 49.44577194605492, 14.468007166323341, 2.2034972806008906, 0.2892361456900325, 0.6453098986533939], [11.701772735446195, 49.932929411413696, 13.623988977682675, 2.4303791905328027, 0.3143145708892299, 0.6189007349047472], [11.592961742216206, 49.60169106026815, 14.328960628911982, 2.208470291049879, 0.29271924461752086, 0.6420627714573457], [11.56391509185742, 49.34241577009741, 14.513951366122612, 2.2054637207952053, 0.28907206021985515, 0.6460551627284732], [11.568225883466777, 49.441490902560325, 14.514797520147075, 2.2020106906540384, 0.28930484943224394, 0.6460421400267135], [11.558176031887035, 49.3414750625636, 14.51095127567978, 2.2066739587693007, 0.2888755426461999, 0.6447503273224565], [11.589267042473482, 49.47329516393067, 14.32360935829708, 2.2503421162556756, 0.2958625763407762, 0.6341763092822634], [11.56753207880192, 49.43910786886098, 14.479726870763697, 2.2189059143545604, 0.29063938056045363, 0.6445691752926912], [11.674632563403774, 50.228024564065066, 13.756597642476088, 2.375970246865748, 0.3115545637964836, 0.6214493454933687], [11.562254745362585, 49.519585484781125, 14.428978258499631, 2.2408792654684966, 0.2931232706532578, 0.6423385689237422], [11.565172578414408, 49.23458743009256, 14.485325991462902, 2.20511949196714, 0.2888798629561053, 0.6463864987023586], [11.559464766356426, 49.362679382369535, 14.546489707053944, 2.2058542813950957, 0.289178015514935, 0.6454006684085166], [11.56281009008443, 49.49527094227947, 14.456185385638994, 2.2108355271977636, 0.29029178880267037, 0.6465872194200872], [11.574613900241891, 49.37770288714018, 14.486788900261717, 2.205634941547898, 0.2896375864921666, 0.6443905297860654], [11.681412638076496, 50.394892378153315, 13.843585695249498, 2.3676513093091907, 0.3114642817849365, 0.6161031948963446], [11.62275790855095, 49.872452186854204, 13.992458954174332, 2.3263829795663575, 0.30473004339604126, 0.6308132548574289], [11.564504203991401, 49.29824122963981, 14.503931263456483, 2.2101114725527577, 0.2894896572128736, 0.6449784729618215], [11.574533149787069, 49.4032121006824, 14.437932344370115, 2.2076027346695364, 0.29022970419355776, 0.6423026005572247], [11.618759855419942, 49.30668232627551, 14.253921890004394, 2.2297620525837365, 0.29310520629792997, 0.6399288547867751], [11.56491254916502, 49.448947207039986, 14.515007503271816, 2.198921620408598, 0.28914437699511586, 0.6461688650201113], [11.563757940017124, 49.54574549064752, 14.404743136192856, 2.2296314035556493, 0.2930555974437225, 0.6422958799396529], [11.569134361231663, 49.31772652554515, 14.469406571643992, 2.2072013165972226, 0.28939956948707296, 0.6443833150004449], [11.570123777752913, 49.40545890126148, 14.422832400658, 2.212186116777682, 0.29064448628918077, 0.6438174811242938], [11.57718849383634, 49.50072630190911, 14.441980627380767, 2.1995236772867766, 0.290127234022713, 0.6443994361116547], [11.563772915963826, 49.342455355800254, 14.43010916857712, 2.21101358624694, 0.2891762559388385, 0.6453950901078018], [11.572219067840441, 49.252445697956404, 14.527844093706124, 2.208098508455751, 0.2891853611285936, 0.6440519982683489], [11.588117666563967, 49.36620563793533, 14.410945536023746, 2.229746338457669, 0.2920063751896313, 0.6436387475759563], [11.569560944442976, 49.37403869767328, 14.516443885327991, 2.2046689690198944, 0.2892022782798558, 0.6447049909949458], [11.562775912653697, 49.27849636095166, 14.497136485089435, 2.2013829227960042, 0.2888765372508954, 0.6443279465669207], [11.570058497330889, 49.42946601117645, 14.513907984356285, 2.1983794598419317, 0.2891886563419392, 0.6453190992572689], [11.599482139082745, 49.721791182262294, 14.335655323022133, 2.2093423219680903, 0.29262688142616616, 0.6423495772098018], [11.57690107699878, 49.4303418913954, 14.467591662942542, 2.211629190640071, 0.29034761185530794, 0.6444071141050045], [11.557259489720803, 49.36835959843753, 14.521548085050641, 2.2093348680835363, 0.28946057059498304, 0.6447918242262376], [11.576290217865214, 49.38575246899173, 