{"basin_id": 8, "ref_run_idx": 14, "seed": 214, "x_best": [11.467039699078384, 48.80533600743739, 15.497750030020223, 2.0069915265405065, 0.26234251945649095, 0.6764854408471186], "best_J": 0.03092592939556751, "P_final": [[11.467039699078384, 48.80533600743739, 15.497750030020223, 2.0069915265405065, 0.26234251945649095, 0.6764854408471186], [11.464413322361084, 48.696583847074784, 15.44916689806013, 2.00027028856263, 0.2614392931421305, 0.6797468538259401], [11.502486132239508, 49.66112115209703, 15.33874333481739, 1.982724739368946, 0.26476639331061336, 0.6778516130050296], [11.471891631929642, 48.944479622964245, 15.443326767499062, 1.980490044488672, 0.2631632057232043, 0.6701593206170392], [11.466818735994714, 49.35789710654938, 15.37572080997782, 1.98806247369089, 0.2636273673834508, 0.6787479428341378], [11.506011097541922, 48.79291437694188, 15.393951645146782, 1.988575036908772, 0.2629896275625323, 0.6763888323657463], [11.49205107955615, 49.37345426625015, 15.3003704736935, 1.9964774513621404, 0.26545597604352206, 0.6747342478814975], [11.469162830631035, 48.56197419968622, 15.663721532258501, 1.9832955712241136, 0.25787436769566563, 0.6791450904711773], [11.443743657842491, 48.724717635988284, 15.550470760897674, 2.0082085068442663, 0.26075985677149316, 0.6795902274742234], [11.464724338492463, 48.836398117076875, 15.372139677790425, 2.0060410105748616, 0.26175703425319247, 0.6765405106830527], [11.480499834267768, 48.86311419003659, 15.431896703402575, 2.003084568082091, 0.26278895470043456, 0.674129635047408], [11.494583112323461, 48.45341861117797, 15.572232430776822, 2.0203162996648496, 0.2607917103929782, 0.6756626176473794], [11.529755967003279, 50.39040929204183, 15.035935642546034, 1.9679663854820622, 0.26874734033583797, 0.675846363978589], [11.431524494890391, 48.4056877090084, 15.677748701207138, 2.005600545930536, 0.25823379769980026, 0.6794492589517337], [11.468883756962047, 48.6360005034448, 15.518364676258514, 2.0079511908923395, 0.2611225877702687, 0.6767580121383033], [11.511830154099329, 49.87086949901175, 15.272835425811826, 1.954314775664277, 0.2655955972553753, 0.6744842432750257], [11.483230367549933, 49.50063355066067, 15.24626098362771, 2.0098338612060265, 0.2688003726938631, 0.6712608951592343], [11.463396147725836, 48.68667330346739, 15.404400037926955, 1.9882992526306105, 0.26020381579482893, 0.6762500701693943], [11.585033300200351, 51.682817191666004, 14.783992253151242, 1.9226445658573816, 0.2759977290578805, 0.6686030461820288], [11.492117943902501, 48.85922209340722, 15.530118406881487, 1.9815971030354123, 0.2608302284894905, 0.6759277557799402], [11.465750856932193, 49.308283685181735, 15.198617433188904, 1.9902741707954517, 0.2648026245135316, 0.6762544039357162], [11.478079459773236, 49.010422813480325, 15.591548659634954, 1.9771151773762707, 0.26128079811407323, 0.6783601436191429], [11.463363807108392, 48.857650665709706, 15.453588357189833, 1.9977992145493486, 0.2613189433125743, 0.6769404197597402], [11.485490170218243, 48.98660353703015, 15.263797638557802, 1.997840495385894, 0.26290694227926886, 0.6745275539302339], [11.452429327714901, 48.64385898675058, 15.53759633255925, 2.0088905330806046, 0.26088883062959745, 0.6763713576383488], [11.47098549386515, 48.69408621419594, 15.418954996525072, 2.0113226709329863, 0.2617765201032442, 0.6771743257229939], [11.50199228557182, 48.85441316766378, 15.371678588306192, 2.00225493432194, 0.26294783702062857, 0.6756260349839939], [11.483608974039184, 49.3077430162803, 15.550778997477664, 1.9717819335439868, 0.26120192133040226, 0.6819712305729139], [11.459923309648309, 49.139826711309645, 15.424945144425585, 2.0104937319651213, 0.2655500778349526, 0.6713384904594135], [11.445223430039231, 48.11554523295475, 15.639792801148033, 2.0141516430048347, 0.25752922725072913, 0.6784960509717005], [11.478429659395172, 49.21776146216837, 15.400519331190695, 1.9903109112941186, 0.26431146909708625, 0.6759370222832712], [11.45983349150889, 48.47869566333257, 15.474519097683435, 2.0044549794895117, 0.2615040116313745, 0.6762908153312979], [11.530637439306512, 49.67855040007538, 15.220099053655552, 1.9647966597338922, 0.2650153832111628, 0.6768933550703987], [11.468969252985072, 48.66624736623215, 15.500397108795722, 2.0097375412884086, 0.26166784044205477, 0.6749023811890399], [11.490438231456086, 49.06909315577138, 15.409809261659275, 1.9969717459711407, 0.263047311010667, 0.6777054325659354], [11.487027380058672, 49.26108481316881, 15.223702650979833, 2.020637577251538, 0.26729112387288906, 0.6722252523253016], [11.485790690525508, 48.908817349207865, 15.505286257999071, 1.9951604174234936, 0.2623871812576202, 0.6764173069185015], [11.45036427963302, 49.16261008330383, 15.315702761446875, 1.9991510236512007, 0.26648096798778814, 0.6704087989415097], [11.483119280037487, 48.714240318528866, 15.419743585930133, 2.004407441419802, 0.26270647902302857, 0.674579808626533], [11.456527573097803, 48.73688018948414, 15.490954504013633, 1.981873681287546, 0.25932574684817533, 0.6811461844704685], [11.471120607803185, 48.40673262214274, 15.531224708652518, 1.9889417767524027, 0.25996583038656373, 0.6756504594753749], [11.502733980300905, 49.334155358269086, 15.381323267529336, 1.9781085508328182, 0.2634895696877444, 0.6764403674180994], [11.48319230190398, 49.75050116489557, 15.518491041529067, 1.9487457109709239, 0.26263043077854603, 0.6804814209254642], [11.431561094011744, 49.13959136404974, 15.457372926308391, 2.024134696938787, 0.26575699538971825, 0.6752479183340254], [11.51746543374384, 49.938852382212836, 15.127067949095778, 1.9576847388070386, 0.26680532069069307, 0.6771387838473056], [11.456982093725308, 48.7741544787204, 15.674326845742193, 2.0020043405942953, 0.2607399859682745, 0.6781941292227017], [11.465363627648843, 48.55165365309071, 15.554381856343166, 1.9960682547567992, 0.2613277390474646, 0.6757773820398505], [11.453886872697467, 48.80109842031223, 15.465016931151423, 2.00690178603231, 0.26201804330037787, 0.6766815114945464], [11.475003115866308, 48.59739795873782, 15.523867168346396, 1.9744068396493943, 0.2592841053446471, 0.6758197783547354], [11.417430617923293, 48.5852577159579, 15.554724428155517, 2.034669928079371, 0.26233151298588264, 0.6759051688956903], [11.497702068407234, 48.711489094519266, 15.377611737350755, 1.9833382821555634, 0.2608744927038171, 0.6764369711688173], [11.461298877575937, 48.428847527656735, 15.558457472712316, 2.004692946704322, 0.2595996783323093, 0.6770882274545386], [11.470493021828625, 49.04453266640742, 15.456974393758065, 2.007552544736307, 0.26386781678887367, 0.6744299797578297], [11.463918122088584, 48.77387403373526, 15.713235424475126, 2.0101289652514445, 0.26176744958150994, 0.6764676961657561], [11.479920921842336, 50.02548757301486, 15.319926299428763, 1.9724128884535264, 0.26764697207054905, 0.6757071822872102], [11.478254632782043, 49.496212595434564, 15.24138641767833, 1.9583889360878657, 0.26472126334038487, 0.6772325711507969], [11.461308353503798, 48.66418490388328, 15.551726923549632, 1.9918710627643692, 0.2615817637207075, 0.6757280110203036], [11.450610434562, 48.816495999535974, 15.579025100481136, 1.9997874977791792, 0.2609848211602102, 0.6819715741379219], [11.447288055190223, 48.790412070135666, 15.52413932816503, 2.0071123305814003, 0.2614939405715274, 0.6774630748725923], [11.531306128876093, 49.120346191328444, 15.23221071540507, 1.9980065899425277, 0.2651064482332968, 0.674796508596802], [11.538792450687108, 49.740348289145494, 15.264892362070919, 1.9575786148685204, 0.26575333324015527, 0.674580957682323], [11.474850424448974, 49.508095679938805, 15.274536182940654, 1.9933293269471566, 0.2659431839753807, 0.6741516919968839], [11.436932721616861, 48.95345178513087, 15.457567577869453, 2.006731641992153, 0.2629943580678726, 0.6752261038934166], [11.473855475358894, 48.82439073805629, 15.488889244196736, 2.001080675640136, 0.2621909147106217, 0.6757248274290787], [11.522710028135519, 