{"basin_id": 2, "ref_run_idx": 13, "seed": 213, "x_best": [11.558038951736592, 49.560230333497465, 14.57086995889371, 2.1596241764025654, 0.2870041523354184, 0.649252668202458], "best_J": 0.031231761421690485, "P_final": [[11.558038951736592, 49.560230333497465, 14.57086995889371, 2.1596241764025654, 0.2870041523354184, 0.649252668202458], [11.59176741447136, 49.641746581615884, 14.601039786966473, 2.1494535902919023, 0.28393070116271024, 0.6499091559456323], [11.56311579319591, 49.841917532459185, 14.24953060129284, 2.2775301912586463, 0.29938067272740193, 0.6367480770110833], [11.569113691263897, 49.566334812291466, 14.606745598028331, 2.1844752246600017, 0.2859833531975643, 0.6492241581945053], [11.596070907810788, 49.25081775714962, 14.194739256790553, 2.3096854198466956, 0.2969654554778401, 0.638667678711538], [11.5520897562914, 49.61216148711814, 14.583717294815093, 2.127582180345327, 0.2834589926518163, 0.6508325397044157], [11.587818790590534, 49.40022727489361, 14.30657126467225, 2.2591944005087723, 0.29511338335242915, 0.6377816329632828], [11.598118384222088, 49.26535880045918, 14.32346950522656, 2.2535417900138484, 0.29431799578520373, 0.6409060054703792], [11.629873538994765, 50.25025512122962, 13.921579429243321, 2.36421293732686, 0.3130558614211909, 0.6221600012306315], [11.580453263832588, 49.53865449676668, 14.561107420675054, 2.1135913216627533, 0.28350834107515893, 0.653178408509631], [11.59069668677653, 49.218617240053845, 14.47468160678671, 2.2203621182665203, 0.29067136770640245, 0.6416456039938985], [11.568066958598619, 49.29084581362064, 14.545571231040647, 2.1765111098100105, 0.28858474426877456, 0.6436827894895645], [11.610893574779949, 49.73757245076902, 14.56198075378258, 2.1604027272831274, 0.29013894394938766, 0.6445945516605818], [11.613359192946952, 49.76373294961205, 14.282830394993017, 2.2091925452459287, 0.29320328259206857, 0.641945480210995], [11.576662024565103, 49.75148613567625, 14.470371861789427, 2.1339588681644472, 0.2848780801550528, 0.6489406901711696], [11.577622150848502, 49.65931468793411, 14.429990184379472, 2.179063327382384, 0.28946045678437987, 0.6451433832804695], [11.634996306085048, 49.39765483375307, 14.402614282175225, 2.2195442886585752, 0.2938812819665691, 0.6337810323285744], [11.603670424838976, 49.29531587663417, 14.434283420753593, 2.1880340808292433, 0.28813021222713775, 0.6433135217382103], [11.6301572069915, 49.09706141888787, 13.841838119015575, 2.307408244737678, 0.3027580479582679, 0.6291864293721596], [11.609310615912225, 49.324225884490964, 14.314044288932536, 2.1607795063585398, 0.288995005083423, 0.645558615746097], [11.5649181526342, 49.500582024622354, 14.454773449298749, 2.2190782851582167, 0.2900310633217901, 0.6444731335390288], [11.565839922048097, 49.65582534206411, 14.301173550512734, 2.2342728373074285, 0.29156950078412824, 0.6414003362528582], [11.597030342955145, 49.00379641447838, 14.40829493725763, 2.2208940601045684, 0.29130205689320854, 0.6440332558086114], [11.611252695462088, 49.64720840901905, 14.302749299375005, 2.219736645783273, 0.29346861890058007, 0.63804543299426], [11.541573652600503, 49.99716806243787, 14.56750751589648, 2.111779035575486, 0.2867371280736734, 0.6501040054168413], [11.604181233955776, 49.9063319952243, 14.460246247957336, 2.0680521766304683, 0.2798650336891352, 0.6563194059762294], [11.559228077039682, 49.68668311183508, 14.81974352953621, 2.198483022344227, 0.2899072276847343, 0.645428156939496], [11.607948740254665, 49.4638342067528, 14.372202422188751, 2.2120994481272764, 0.29371113615303546, 0.6414122816731547], [11.564379001066346, 49.79604599432883, 14.494225216268271, 2.1639278610298525, 0.28686939193590355, 0.6472863868368443], [11.58381684568716, 49.98212455923353, 14.536796969037766, 2.1871447441187435, 0.2904857985807038, 0.6452028830072087], [11.60814268297783, 49.48504370782848, 14.380380567730995, 2.239672139921132, 0.2943500684792303, 0.6406146868750947], [11.59930624970265, 49.25871718199138, 14.564446935267894, 2.2102095219339284, 0.29277947654484265, 0.6390000487039486], [11.573789560788889, 49.20614127617845, 14.509558943571701, 2.1730101825614643, 0.2851031982604036, 0.6468838960124871], [11.548089607504131, 49.72369144592884, 14.260394926898435, 2.0850350505847013, 0.28279089336100505, 0.6537188590469571], [11.589533823667576, 50.197248949891986, 14.25901827859051, 2.245955377650813, 0.2970300306568451, 0.6378609899383487], [11.592226257763496, 49.385609880508234, 14.2758039889872, 2.2166944203223022, 0.2904345992835549, 0.6467985082456126], [11.592861323191427, 49.58600499944941, 14.462219939401056, 2.1573178129335133, 0.28939702698715364, 0.6473458345938693], [11.635521262157813, 49.4456822566575, 14.282565351423937, 2.2440477610135865, 0.295741303112169, 0.6340388740870625], [11.643007479326721, 49.497155598567254, 14.070766621146156, 2.2525565816993036, 0.29840274109973697, 0.6315298273326583], [11.551642593845182, 49.749781626251696, 14.389525529830257, 2.2697258908760145, 0.2971295879310372, 0.6384282714598948], [11.606855436982391, 49.4456822566575, 14.349377459675422, 2.2262639484356943, 0.295741303112169, 0.6347239573142767], [11.603204790986712, 49.423210282258836, 14.44793153987526, 2.1976670580812, 0.2899710360453922, 0.6408856190551964], [11.554760561795705, 49.603673003544166, 14.600198460103172, 2.120098621554214, 0.2812504339713382, 0.6534116341200523], [11.567181445026982, 49.73970400835729, 14.638976099602736, 2.1676498439481335, 0.2874528159685564, 0.6438414281535868], [11.582701834310763, 49.52789023727846, 14.332777858655323, 2.2148885095800814, 0.2913954077783294, 0.6416092593619165], [11.60768854971718, 49.9561106520663, 14.437511483726636, 2.1881802271319426, 0.2922307700763551, 0.6446696764600895], [11.62216474531286, 49.684362592213375, 14.481902771772797, 2.158529884254583, 0.28834547724033677, 0.64705772436512], [11.618704462667333, 49.56490699179845, 14.247117952111024, 2.265266191357395, 0.29832725292048434, 0.635485566134853], [11.580457237436898, 49.57185377626302, 14.436302778522153, 2.235769682044297, 0.2933206714716381, 0.6375669387640092], [11.58311753476296, 49.51694462352659, 14.45297835812363, 2.229900022136664, 0.29336044101676534, 0.6394660131109343], [11.556228826729257, 49.86204226494322, 14.54285239052859, 2.1343349972925685, 0.2845389239927297, 0.6468841009543957], [11.590477790417617, 50.16031364757969, 14.389850549545594, 2.162220009874778, 0.2914763728885709, 0.6444522109436583], [11.619231197605911, 49.60745297476021, 14.532776175785157, 2.1380133921477453, 0.2854462150177695, 0.6502756415812895], [11.59389812969957, 49.4076835919495, 14.395372114554936, 2.1667049317473546, 0.28891811702404274, 0.644533299717453], [11.53504604451101, 49.160145064803345, 14.73869093641878, 2.1064497067484926, 0.27612127914332074, 0.6591210354267197], [11.585674784244368, 49.31815104274274, 14.272859646132533, 2.2615134474097798, 0.29397331767333745, 0.6388822760982027], [11.553306117527285, 49.700037925331486, 14.59113087315098, 2.135905296911427, 0.28481326485851494, 0.6502036409644398], [11.54789133382441, 49.84373397070629, 14.864799256985771, 2.1142662308766624, 0.2840402245263304, 0.652924918579223], [11.550890218015835, 49.59754755906467, 14.620249021576207, 2.1080105829081095, 0.281453318447959, 0.651661542906781], [11.61835471528279, 49.70214175477346, 14.426746055659033, 2.097291197896531, 0.2858242874023948, 0.6555978246133041], [11.570725176590681, 49.569452346231444, 14.370260880199506, 2.1730736535216404, 0.28901061214178825, 0.6491737894645996], [11.58460703493774, 49.17980114895162, 14.638778654519143, 2.1830787622670877, 0.2871593163742773, 0.6421607370094043], [11.575013230302478, 49.70129146259305, 14.773631367596458, 2.157487854043609, 0.2862874667319082, 0.6493233538644538], [11.613603286562597, 49.42105064870087, 14.37059486174205, 2.2831550681125368, 0.29843102847558095, 0.6332327222418042], [11.587392044323995, 49.0510909518318, 14.463111317730263, 