{"basin_id": 20, "ref_run_idx": 9, "seed": 209, "x_best": [11.48067310733645, 48.850687723653344, 15.249590944176859, 2.0613040528702427, 0.2688544784128849, 0.6687345980561625], "best_J": 0.03092917770075566, "P_final": [[11.48067310733645, 48.850687723653344, 15.249590944176859, 2.0613040528702427, 0.2688544784128849, 0.6687345980561625], [11.560758606876327, 49.874294769565836, 14.651300751603207, 2.131857094726749, 0.28533875277794984, 0.6509450771207808], [11.513407349542193, 49.24530330809638, 14.971145835503375, 2.0847636980711632, 0.2752896380176133, 0.6616379873302267], [11.51013033934214, 49.351303569037896, 14.995344145221086, 2.0632303064438124, 0.2738959643811676, 0.6647794856228187], [11.569012508908918, 49.69002481007963, 14.302107800892944, 2.2471249236042716, 0.2944874194629325, 0.6440366091747713], [11.477690575472641, 49.20662354615461, 15.307729641465432, 2.0470540579370438, 0.26993250532087687, 0.6686669378156933], [11.462078968965542, 49.12381672988889, 15.247753495032573, 2.0592816415126602, 0.26894605663829874, 0.6706440354605663], [11.51674454172929, 49.50868685320094, 15.034324704775921, 2.0674195225339367, 0.27438230811406794, 0.6642433838931118], [11.670554999215428, 49.62928017388121, 13.973870557716255, 2.2181384196799763, 0.29394025545383096, 0.6444393199528459], [11.501627168922989, 49.232583808172244, 15.17164720814327, 2.043718391083328, 0.2708266994402205, 0.6684791286757115], [11.5427436719163, 50.01501486254337, 14.50241410751906, 2.141754341725498, 0.28732946664102205, 0.650760278008671], [11.482963794995335, 49.624713067775765, 15.255586533844742, 2.0082800789659347, 0.26684864761091476, 0.6751684529499806], [11.487985653894494, 49.632805411586176, 15.250771340860883, 2.004390496876647, 0.26881414527510594, 0.6751397511661189], [11.563509073739803, 49.05334517655468, 15.060743087326035, 2.0703240008759254, 0.27242344097721444, 0.6648479935980531], [11.49868322153648, 49.168794919590525, 15.041311395546018, 2.0665947793029362, 0.2725878325012215, 0.6677605126837899], [11.583726394314665, 49.77788786807992, 14.07342925771458, 2.2214784868275808, 0.29352628321676066, 0.636004009484459], [11.482804460973378, 49.25021617228302, 15.235125744168698, 2.049906626090546, 0.2688983492693996, 0.6703066810507857], [11.49624276939969, 49.33128052169462, 15.096668632002363, 2.023183660732699, 0.26959065459818277, 0.669474905557636], [11.538335260239794, 49.712344267417116, 14.653188755419855, 2.124346800564825, 0.2847815796476864, 0.6529062493540965], [11.582794147327606, 49.7705044493818, 14.52491303982445, 2.182009091999334, 0.2891731088525844, 0.6418397532619321], [11.552043169176095, 49.90655764292576, 14.453138886197204, 2.182949684042676, 0.28798853160210947, 0.6520023815959471], [11.526194540227728, 49.11194439563548, 14.750907239275167, 2.179370759887265, 0.28262983678059567, 0.6485585517654087], [11.512032447679106, 49.917396012166776, 15.026462739071217, 2.007146377232445, 0.27104768896089315, 0.6717398091232558], [11.509970091831029, 49.486505760835406, 14.957975343695793, 2.088625447583238, 0.2761323112262103, 0.662431492559351], [11.557289076295488, 49.306090983941665, 14.687307169733797, 2.137250907644518, 0.28148739211851276, 0.6527202937138838], [11.589136293174459, 49.75645008586198, 14.59776685698985, 2.1509619496342616, 0.28668635547451754, 0.648546561527169], [11.471548234705354, 48.982627853406, 15.197531752847942, 2.075215045532216, 0.2711451895657594, 0.6671159875114738], [11.475437579900165, 48.763149186924146, 15.11657970720353, 2.0993011650799267, 0.27261420640805034, 0.6631537927826952], [11.578267522584946, 49.88512266758769, 14.9603962928298, 2.075435665037018, 0.27842944562778593, 0.6623213126597322], [11.625396812759035, 49.89843437105245, 14.223694914448517, 2.197207036164755, 0.29322289613439667, 0.6392609440007062], [11.510001646637047, 49.32796171425844, 14.986999947515818, 2.0576926131207083, 0.27440727660000125, 0.6641059289164624], [11.576927362177994, 50.18913536660896, 14.386694212279915, 2.1194921411864875, 0.2880465442869013, 0.6508156212502617], [11.49999340444953, 49.608663259508084, 15.138438789664024, 2.025275796369495, 0.2688321820173797, 0.6719888205288435], [11.509528630822736, 48.907733443363504, 14.94150288020887, 2.162303449855958, 0.28084039089326646, 0.6516892535326982], [11.548687187060864, 49.81480641940875, 14.285078523966913, 2.198761583095159, 0.29202348746141027, 0.6439172406080049], [11.511762434087197, 49.10587355791968, 15.138086413988242, 2.0465240099145876, 0.269607697618118, 0.669210315187912], [11.5489236215591, 48.96854251429379, 14.469334528371775, 2.1841132614955825, 0.2861077471200817, 0.6430792597256839], [11.521846221762381, 49.417949562748476, 14.867096133724537, 2.085469181135803, 0.27666048402165483, 0.6625690500663914], [11.534303175627173, 49.375103111873685, 14.726166530662717, 2.1230510347624123, 0.281341694055295, 0.6549242977161304], [11.516562253846999, 50.27614600044022, 14.951182127357024, 1.9984813596464719, 0.2725947854567308, 0.6708779336143076], [11.491832628458967, 49.27483302679309, 15.277018741241966, 2.006564224410155, 0.2657480081943622, 0.6751597304855492], [11.48429604568968, 49.3548270843933, 15.23031007244809, 2.024386699215018, 0.2690153324322131, 0.6714638061427199], [11.499771320202761, 49.45803468606523, 14.893801619811438, 2.0976328377537525, 0.2772791322407059, 0.6636807147351895], [11.528759739420387, 49.5810065066256, 14.86958367488303, 2.124807133621461, 0.2813097008675062, 0.65609573782779], [11.583529931333702, 49.85061332559104, 14.508767178958715, 2.2110219477342885, 0.29272343205515444, 0.641683994837997], [11.486722708151525, 49.17469134992637, 15.218417322057427, 2.0345644023785647, 0.26804987614071524, 0.671221562105972], [11.502025925140902, 49.49761145618812, 15.02608789914918, 2.0627329294466716, 0.27452813006300375, 0.6649021133885852], [11.501199358871588, 49.235667864698705, 15.06864698242504, 2.061487006093443, 0.27209399372914633, 0.666263018888947], [11.54079205692749, 49.188543574255405, 14.63068987575934, 2.2275507727666577, 0.29092111516400715, 0.6391730442947283], [11.499635404345323, 49.25478949902423, 15.119530615694014, 2.0698636297964397, 0.272480429069877, 0.6652535042051358], [11.494216631214071, 49.54178272765392, 15.167324142388907, 2.037366589921469, 0.26934381356343706, 0.6690183910537658], [11.605811298508884, 49.43277924554438, 14.103607965422663, 2.285149618159038, 0.29835443669802947, 0.631027346646175], [11.558911880659894, 49.696014121265215, 14.898221182272065, 2.1117291566722423, 0.28090110047980416, 0.6570184730710054], [11.47159088255117, 49.34163747931415, 15.35818579038943, 1.9946029697141086, 0.265460643978706, 0.6764439428292804], [11.58407557545798, 50.36993046764302, 14.545271786463934, 2.1091855727387783, 0.28506048768165154, 0.6544195103393022], [11.436933298079587, 49.09889844382425, 15.15304011873842, 2.053783245569917, 0.2682788227153487, 0.6701196884905415], [11.494341199219994, 49.09671288505174, 15.12664188396173, 2.0649646176356997, 0.2716265106011996, 0.66661218860313], [11.490849053688981, 49.10453940671443, 15.235862471728272, 2.061130648339305, 0.269063366635643, 0.6709351188652952], [11.523378871213671, 49.26371146820044, 15.004612814124252, 2.0460928332933888, 0.272373939583607, 0.6667576959015531], [11.50428190355503, 49.268744401033985, 15.055495000292355, 2.0734103273391633, 0.2729233059890236, 0.6655367277838249], [11.495784005531602, 48.9400533273143, 15.066552713664782, 2.086945969235274, 0.2737013038321456, 0.6626600911341485], [11.557739967824915, 49.54108946141385, 14.8326340180053, 2.1704247455873804, 0.28352705066400913, 0.652931986884302], [11.476409464828786, 49.23595018273568, 15.10659892297325, 2.067877424724487, 0.2728677422341681, 0.6656163635947439], [11.480465158239188, 48.94303706573891, 15.209685867272265, 2.063110043059134, 0.269643418154426, 0.6688173468380906], [11.50717186806239, 49.075407153440594, 14.95043757817665, 