{"basin_id": 24, "ref_run_idx": 8, "seed": 208, "x_best": [11.56280495552111, 49.390806445094846, 14.516757297993198, 2.2063848215471453, 0.2889791959711522, 0.6467869601257517], "best_J": 0.031247807707766754, "P_final": [[11.56280495552111, 49.390806445094846, 14.516757297993198, 2.2063848215471453, 0.2889791959711522, 0.6467869601257517], [11.582995930602136, 49.22956162651964, 14.024725251189494, 2.3755348362775086, 0.3031056063834261, 0.637110200288881], [11.56274509229832, 49.278027219858735, 14.49478977271808, 2.214753282249535, 0.2894609696907577, 0.6459630731167197], [11.596158533427724, 49.49553230229541, 14.323611337420887, 2.239735001306895, 0.2949491537690782, 0.6416887797398915], [11.64157044642737, 49.20734061968535, 13.973321151654675, 2.32989584531316, 0.30166070552908236, 0.6242789953904946], [11.581719077449979, 49.47078295715209, 14.453742090493545, 2.229015253209423, 0.29208327162256714, 0.642313778861663], [11.572757759380673, 49.33758196045886, 14.463981119542948, 2.209190026543551, 0.2891735157927718, 0.6454149126525872], [11.585190333499638, 49.25450209757679, 14.458151902239557, 2.21495015664179, 0.28894410425723727, 0.6459114288015326], [11.574121880834326, 49.177792795128546, 14.53038208633484, 2.2163460335565057, 0.2891323953307158, 0.6466003391174567], [11.575713542919411, 49.24932142254362, 14.457930296622184, 2.198110420870451, 0.2888822610076397, 0.6448790081654494], [11.580395552579919, 49.8102970414669, 14.257788657676763, 2.2716777433778805, 0.2982563341800802, 0.6398236995799716], [11.600693065215243, 49.57090465493932, 14.087323467148305, 2.294271566789512, 0.3021467256739155, 0.6313544760117327], [11.568475584525059, 49.39843369424466, 14.434955066300683, 2.2049505039592647, 0.28933972947879444, 0.6465004554992796], [11.63096083024989, 49.59117166980105, 13.832807261716699, 2.2974067149235347, 0.3021687981769761, 0.6296622793817196], [11.558676932234897, 49.16907759626793, 14.408918237394321, 2.2750277915955497, 0.2925224690409718, 0.6428192195508222], [11.559212533650513, 49.43262288143752, 14.407409915527591, 2.2042901268452533, 0.2895998252223318, 0.6474127208720781], [11.562441449443524, 49.1871778231303, 14.384151227741517, 2.2305536432739674, 0.2905623611491877, 0.6427111327798463], [11.564598657460067, 49.29878609945301, 14.447390163576049, 2.2143028151711155, 0.2902084072817465, 0.6426036588834709], [11.575404899708865, 49.18884402554399, 14.409179499124821, 2.254595467240588, 0.2932825783762234, 0.6397895554590375], [11.562826513384332, 49.339247759218914, 14.48261262516744, 2.2225431196880003, 0.290080618572493, 0.6454349452918261], [11.572359003847458, 49.30114692631132, 14.417874801245317, 2.227604038996187, 0.29142228689363564, 0.6432609554785976], [11.59234241979108, 49.60769604322387, 14.29114312288833, 2.232458700714558, 0.2944913526748717, 0.6420121746490554], [11.563497482166099, 49.44261540718567, 14.473599525423559, 2.2006569596975223, 0.28998674937306995, 0.6460378240456485], [11.610220999144145, 49.48977728604761, 14.235430845312457, 2.285783933688201, 0.29881653249497797, 0.6349325239907816], [11.566737218509733, 49.50368760234968, 14.35342833167379, 2.2147869719066686, 0.2909224663782708, 0.645536254175865], [11.577161329262895, 49.205622771753795, 14.398464597405797, 2.2340728136033055, 0.2908802772714153, 0.6415894058717647], [11.581902596971005, 49.25864758703329, 14.357683509134727, 2.2315978104798244, 0.2919682936668933, 0.6428052835733357], [11.642907332312989, 49.993440038896246, 14.037285257505275, 2.289796801324147, 0.30215578815824745, 0.6347872499622091], [11.56377714773166, 49.327622441091954, 14.495014175736076, 2.21164673596011, 0.28972107448704365, 0.6440686416270125], [11.55722257043914, 49.37102530721954, 14.50409880892557, 2.210816256629383, 0.28896681832049737, 0.6449335672995933], [11.560821446795812, 49.64833652599445, 14.536035740276557, 2.2053160280227475, 0.28987947778645645, 0.6478966047437947], [11.587333229101164, 49.52107190674858, 14.292607855384212, 2.2567497655447033, 0.2949675999947879, 0.640999732702054], [11.582226031221207, 49.553316947754695, 14.329109789319006, 2.262409085332554, 0.2952691336510871, 0.6382071786669935], [11.564079745578438, 49.4863113883794, 14.492935247904912, 2.2277918090161974, 0.2910091066864136, 0.6443258860051867], [11.628432351402902, 49.5935843226083, 14.133977536869423, 2.2792409956064237, 0.2986583789912649, 0.6323900978222309], [11.559857478089079, 49.583670199942375, 14.471501935887051, 2.2113352051710247, 0.2909120851752645, 0.6456094968513553], [11.631583090672619, 49.89945192780327, 14.37881829850919, 2.2257999447418917, 0.29600205185660305, 0.6413942786691542], [11.574436854367361, 49.23102584217024, 14.434272674147106, 2.237416024116883, 0.29156418235749, 0.6420760646885709], [11.57883943912854, 49.419723446138164, 14.446170402436906, 2.2099414702821707, 0.29099964870181466, 0.6449518660760976], [11.55880361275866, 49.38432747106051, 14.455277322712307, 2.215334910321383, 0.2892198541685902, 0.6465609823892963], [11.558843032395004, 49.23599624371714, 14.467117275865593, 2.222835940912448, 0.29015915816820925, 0.6434656805474517], [11.56301367444326, 49.44232780206909, 14.454739767915726, 2.2138286257647923, 0.28909291945719884, 0.6463541384101122], [11.615139550656838, 50.14390179373054, 14.262384359364635, 2.2576404323228734, 0.2979718691989413, 0.6373244540338203], [11.558110386271906, 49.064531911889645, 14.41393389328156, 2.241532801947484, 0.2918588739089889, 0.6385028825342046], [11.57289423767518, 49.20812581969024, 14.397138446119719, 2.240180789057792, 0.2929743460927264, 0.6370643254885192], [11.57957085949414, 49.456405629873615, 14.404916424718301, 2.2332575851010867, 0.2922087638262332, 0.6421126812926641], [11.561346978125778, 49.521124287981614, 14.520397685129568, 2.2063460113995053, 0.289532169898668, 0.6440108977625346], [11.561660872559687, 49.374192824954484, 14.49794983004457, 2.221851699713736, 0.28945013392077557, 0.6457971088272398], [11.653880105811625, 50.26765537727985, 13.97964828964654, 2.329250523991759, 0.30503055865452544, 0.628159310032864], [11.58443325431518, 49.405044048918484, 14.264083053233296, 2.2618104040991023, 0.2952676089328889, 0.6354951056979311], [11.57024868471231, 49.46582885432947, 14.413610863320397, 2.2263945502084486, 0.29181310522953774, 0.6440658216746089], [11.574843391209988, 49.11407208395222, 14.340103214626057, 2.243955422329331, 0.29178900862106916, 0.6381400679486547], [11.586230970180473, 49.513554826925855, 14.284265721714014, 2.2584343419858057, 0.2955814149595351, 0.6398775334850764], [11.569077020498524, 49.255833544787926, 14.49491233792679, 2.2228634584760947, 0.29044752447121425, 0.6428858668536469], [11.57047959091121, 49.56681450417583, 14.44110330871488, 2.2298548196701087, 0.2913849485008691, 0.6411264159191543], [11.591878542584375, 49.59504749038702, 14.31124485031777, 2.24151461056242, 0.29339449989823796, 0.6403632897485517], [11.564682290048482, 49.41618477073714, 14.507525040200845, 2.2047649705275743, 0.28900002148720194, 0.648446094978921], [11.577110327884775, 49.272707656427606, 14.48725918688089, 2.2126092371390405, 0.28941036849831264, 0.6445774098328896], [11.59202350637663, 49.310834684736086, 14.34525154530816, 2.2379697687037625, 0.2943834354964007, 0.6367282936781284], [11.597442133816493, 48.97787550756873, 14.382036326829477, 2.210721168139532, 0.28939422496577855, 0.6404736851868486], [11.559149277198662, 49.221355470060466, 14.536506516041042, 2.227954557923963, 0.2897388619207068, 0.6449656498856653], [11.562967782551222, 49.17984189833598, 14.441271756260228, 2.213011161130102, 0.2895003694053184, 0.6438694830249094], [11.581700262513731, 49.44701486598649, 14.39413441926137, 2.2485132833364956, 0.2930004545504482, 0.642778315031936], [11.58960061958286, 49.137449055806336, 14.407014399930253, 2.256825647469441, 0.29283624566026767, 0.6387618132662664], [11.5571008444053, 49.43183242598868, 14.478642931096182, 