{"basin_id": 22, "ref_run_idx": 15, "seed": 215, "x_best": [11.516390237500318, 48.524745776136506, 14.738624124081378, 2.2003665718152554, 0.2823451875173615, 0.6486404911260107], "best_J": 0.031161406153856704, "P_final": [[11.516390237500318, 48.524745776136506, 14.738624124081378, 2.2003665718152554, 0.2823451875173615, 0.6486404911260107], [11.566849460475678, 48.901297783925465, 14.609163243345675, 2.2030337296804667, 0.28660105076960846, 0.6430087706568214], [11.519225174118487, 48.946511209595634, 14.904502667649513, 2.188022965366158, 0.28376170037107495, 0.6456349422556881], [11.612910288818435, 50.71390383660745, 14.483481516082792, 2.079387217419768, 0.2851520830735947, 0.6537755373871597], [11.538577478755707, 49.09197297426049, 14.763549622316125, 2.2045881070091884, 0.28428323479026923, 0.6498955520963022], [11.567346401843862, 49.635780689489955, 14.513197521761768, 2.140296711776318, 0.2840925252305099, 0.6525924739095473], [11.520720010541288, 48.74277950926313, 14.737171582856911, 2.197809281224504, 0.28270210095667636, 0.649042788350039], [11.508995528577596, 49.122489856435344, 14.615214940558326, 2.179823292735289, 0.2840135547452097, 0.6482183075522906], [11.518648275451294, 48.32861649681778, 14.766567226745456, 2.213444115448345, 0.2818362596667609, 0.6480540430758162], [11.512023788513218, 48.53335326047903, 14.729474904097232, 2.1954226493520546, 0.2793945088870676, 0.6529228536118975], [11.521113482889069, 48.686843882288294, 14.732030217490227, 2.208004375758432, 0.2851650108957693, 0.6458130504675397], [11.475474350661676, 48.964367444955435, 14.936007844062383, 2.1995083603281382, 0.28209621580779626, 0.6513157434994019], [11.51652169435157, 48.393529718926175, 14.723509240141718, 2.2334139286663857, 0.2850025838009781, 0.6446420237819361], [11.570164978142515, 48.78701262881238, 14.623147626725276, 2.185919865836484, 0.2854023553044776, 0.645624221071594], [11.576864070103962, 49.17255366510879, 14.546702574783529, 2.188585756440918, 0.28683377416454053, 0.645120012107811], [11.639227648918329, 49.22350849809443, 14.22304465310934, 2.247478116684651, 0.29777253052257074, 0.6319666167587467], [11.544193616950807, 48.83560157570889, 14.507541149389283, 2.181489065456646, 0.2844649651537379, 0.6453705999267151], [11.509052516629364, 48.599399084529566, 14.745716943062144, 2.2073552261256197, 0.28236416680804455, 0.6477349458745155], [11.486383735431504, 48.51701908676964, 14.775720364127015, 2.195148751607041, 0.28119859436117095, 0.6501759174834358], [11.636737097743664, 50.12945141557881, 14.245650829294322, 2.1462149818974, 0.2915920011380441, 0.6452110003976704], [11.583654473429554, 49.917216063387166, 14.619406412280929, 2.1933082114309634, 0.2902934242984234, 0.6481618743686031], [11.544685763512243, 49.384070708563875, 14.757131899592771, 2.1841641295791234, 0.28591664080475054, 0.6465452229410421], [11.642103679545578, 50.18939048797274, 14.05126782755624, 2.189812832056205, 0.2969365873425769, 0.6365224612790901], [11.514299593635489, 48.58931911780746, 14.737611036775457, 2.2046612292565038, 0.2822608507906517, 0.6469723147105726], [11.505177094286948, 48.71144716698282, 14.745430542438642, 2.1741274644359065, 0.2773668999339792, 0.6513219576472549], [11.57039167637358, 49.32458296695951, 14.571925878981132, 2.1751672602811714, 0.28548417219584726, 0.6473363576222998], [11.609023120233733, 48.97641057053025, 14.382780084786864, 2.203357292920993, 0.28859549194345313, 0.6442610427919192], [11.535106450268092, 48.345791142079676, 14.437304309402396, 2.204611691606081, 0.2832864888809846, 0.6460302702289742], [11.536608678913515, 48.55898635483499, 14.673987926417247, 2.205753290581438, 0.28435765035789473, 0.6452966584558537], [11.576872627310035, 49.72772739194461, 14.677998761272365, 2.1742970846794902, 0.2885765164036287, 0.6436653630306949], [11.528370097249885, 48.610691137311484, 14.753717889151794, 2.2106430313412853, 0.28432769562292615, 0.6447206913175866], [11.53794372455021, 49.113343262105104, 14.699840528633471, 2.199396917484921, 0.28707274332103916, 0.6487536870437374], [11.553142566266631, 48.700801536285766, 14.530890414878051, 2.189462456172727, 0.2850021960511516, 0.6449365008312233], [11.568808509129038, 49.57544432721518, 14.090283528894272, 2.197203755610193, 0.2911548009157949, 0.6462921594970188], [11.553535845724376, 48.944744879323885, 14.749867092038853, 2.2606738725116857, 0.2875354560861804, 0.643140956914037], [11.481068583973913, 48.089311311764305, 14.849270136364181, 2.2247295496152852, 0.2808070228831737, 0.6461175743048809], [11.561476800287569, 49.05533677055022, 14.589100184848405, 2.208354816800186, 0.2890336480293945, 0.6423079557389471], [11.584188848347866, 49.07009880018824, 14.573516630047585, 2.1891914006959614, 0.28750809211397327, 0.6480933204218638], [11.526849833544546, 49.53464512112563, 14.73587953264699, 2.2062243488768587, 0.2885427629332721, 0.6480166205510598], [11.553535845724376, 48.944744879323885, 14.470555292802688, 2.228234370398304, 0.2875354560861804, 0.643140956914037], [11.577702429741917, 49.481224503886935, 14.425991062060092, 2.1677794629894995, 0.28563547380328835, 0.6474730210945244], [11.562774034635877, 49.01665177475401, 14.370028146971306, 2.20760745622402, 0.2894380961890074, 0.6410942079254617], [11.52728676239182, 49.10989202359293, 14.808000127954083, 2.1940076413664826, 0.2852174828141412, 0.6498185816150986], [11.65853923271697, 49.71158934075256, 14.112599349532395, 2.2015680755193547, 0.2978444366025785, 0.6297747389869294], [11.52107377543123, 48.989963459715575, 14.67236940022798, 2.1860782597164437, 0.28386167048089905, 0.6467450655183632], [11.492525617602915, 48.39651981459137, 14.908629866858876, 2.203897545192902, 0.28126387887404747, 0.6458329598558123], [11.561786333245088, 49.390958751012434, 14.209980227055285, 2.209339731601377, 0.2929900347018072, 0.6368310405476842], [11.558478842895155, 49.120930053319015, 14.431233443212017, 2.181584468142027, 0.28633035179180305, 0.6502868064819622], [11.558307457076552, 49.248219234905356, 14.43755069560885, 2.192564011315744, 0.28830466245511227, 0.6482422656906204], [11.523902825223452, 48.52455188539331, 14.685170137302432, 2.2041332490954155, 0.2830481505225326, 0.6476266123445129], [11.510632788532403, 48.84810008829717, 14.728762387234509, 2.2068506363084293, 0.28499410551596016, 0.6459528529727241], [11.644149645852895, 50.945864145018305, 14.17260503201029, 2.0942779629222454, 0.29003322698032646, 0.6546313324847784], [11.540640352223312, 48.702009824319894, 14.621772529132766, 2.1840584991915195, 0.2820358506141123, 0.6489305449677842], [11.552755842148812, 48.460064738377014, 14.731456472799442, 2.1943145684583065, 0.2799115579104171, 0.6504503783151445], [11.531625529719737, 48.71032285493194, 14.804350936897526, 2.1956582020116207, 0.28395405235756155, 0.6469106624999109], [11.56476340510831, 49.396555388009624, 14.64656353324589, 2.167691034013227, 0.2844993092885941, 0.6490746363779478], [11.574224589862741, 48.849162364243156, 14.66722581039355, 2.1862140107272947, 0.284779667577006, 0.6461268435416349], [11.553118064369983, 49.41569709791986, 14.570981713208342, 2.181393185123844, 0.2874134793165548, 0.6474893739922359], [11.550159618585958, 49.21903607320187, 14.382763974944023, 2.167191840988608, 0.2842139684453328, 0.651574483915201], [11.534060867150242, 48.60198087901217, 14.541930091177983, 2.2044068071336187, 0.28314202965849783, 0.6467311957665751], [11.508304086661854, 48.24152093575057, 14.764503759127399, 2.211797887487961, 0.28179681379875643, 0.6493664944709475], [11.509728205719313, 48.89837824337666, 14.78321331924132, 2.1822783882651526, 0.28283004324259364, 0.6491506943519317], [11.504644222595834, 49.19252078122696, 14.772110410775005, 2.172325036390609, 0.28267939225714006, 0.6507346956604685], [11.530317268623477, 48.45135753474005, 14.603683358737614, 2.201934352928457, 0.2819009765030539, 0.6476444794495586], [11.550655093295738, 