{"basin_id": 22, "ref_run_idx": 3, "seed": 203, "x_best": [11.54447341422109, 49.172249298604754, 14.705882053486897, 2.1446215537647895, 0.28182979349389353, 0.651951324025264], "best_J": 0.031099581435491484, "P_final": [[11.54447341422109, 49.172249298604754, 14.705882053486897, 2.1446215537647895, 0.28182979349389353, 0.651951324025264], [11.543573817984225, 49.083645095898845, 14.582281985229729, 2.187438429094839, 0.28546855681028244, 0.6498660597564045], [11.523476700591415, 49.25394292347313, 14.68915174971193, 2.1621952977467096, 0.28335787078910873, 0.6523816050516416], [11.540335193457892, 49.10958729912391, 14.622044580130074, 2.2146249616855274, 0.28699308658356176, 0.643276926587585], [11.564432875452022, 48.85011058294209, 14.551789625142941, 2.215489507004685, 0.2874875254719148, 0.6436966990099642], [11.560431039628462, 49.16898840294802, 14.689628215068682, 2.1495755568997716, 0.2825405859501688, 0.6497323749958492], [11.559090896884026, 49.167201772401945, 14.544037508147644, 2.1881957736645066, 0.2849521763329615, 0.6480179998870944], [11.554769561272431, 49.49619220753586, 14.636011170209796, 2.1617282556189963, 0.2864342697303883, 0.6475875582129771], [11.56538708788215, 49.37153329914513, 14.528157192680112, 2.18064401577819, 0.28793650519383635, 0.6477521559629327], [11.547731527296357, 48.75005772525598, 14.582986304126337, 2.2091418945407404, 0.2843584952921419, 0.6472873649738448], [11.5303771421529, 48.85543137590947, 14.764160289810377, 2.139204021355779, 0.27981758672606377, 0.6513508775204343], [11.552569287362813, 48.88801809534636, 14.575669074963237, 2.176439089602176, 0.28364025296296413, 0.6491716372569998], [11.507646037606914, 48.611961132272924, 14.783481609183916, 2.1759350207963286, 0.2807615062230184, 0.6489564295971618], [11.551742505168452, 48.58141843355723, 14.608307926547072, 2.1891482724254283, 0.2817933172037378, 0.6519543990676715], [11.494125205007483, 48.43230937850911, 14.799734302555368, 2.191322782342378, 0.28077145202176235, 0.6518297199291414], [11.550173665094045, 49.18437678087919, 14.606329887013136, 2.1827703907954867, 0.2854381442119336, 0.6494231970172797], [11.555134601009199, 49.31125304656561, 14.617654931455347, 2.166038630639872, 0.28445618931513456, 0.6490606515069908], [11.510067305303501, 48.59360412552062, 14.827716611514147, 2.1542411137134674, 0.27917729871757263, 0.6498694495190704], [11.524197466308893, 48.86311774294774, 14.690339458560572, 2.205832744741723, 0.28467628657971716, 0.64701204774173], [11.554361427205533, 49.003701715420256, 14.58612964814087, 2.1830479935630667, 0.28481539283222307, 0.6508253475853455], [11.526148854085069, 49.070582330492016, 14.798899787609063, 2.1863277104893095, 0.28317576625722995, 0.6490013236067423], [11.54034450371147, 49.05764361500224, 14.506488202696808, 2.241917144477396, 0.28835403072667504, 0.6485694078176694], [11.493413996309451, 48.104511664314366, 14.881350357930817, 2.198935255598801, 0.27813033736530873, 0.6536270846847192], [11.508605747478848, 48.79226626273209, 14.646913422771613, 2.230970453549856, 0.2852343294684279, 0.6479199844394149], [11.561674934149652, 49.41147369160147, 14.503134743673407, 2.194473858123776, 0.2862809246547154, 0.649921564433774], [11.513027994089098, 49.06881840390076, 14.655366610734502, 2.2394264994667954, 0.2869933050477077, 0.648245694719091], [11.497562794363647, 48.806333314813656, 14.638353866937942, 2.195823796105478, 0.2826890633204218, 0.6498639072514549], [11.536172217094851, 48.792236451461996, 14.661897297203726, 2.194512608900897, 0.2842975688304372, 0.6487789053164402], [11.623182450136586, 50.11771029278135, 14.161152856693809, 2.214394252951357, 0.2973965325311394, 0.6395478920702976], [11.566064019127412, 49.27415831731768, 14.573522964903598, 2.2126716663530996, 0.2881584897237283, 0.6464220459846202], [11.50692964837031, 48.407860406227954, 14.749937613459887, 2.2228536289824192, 0.2839466017843111, 0.6479311343659282], [11.526424106506834, 48.811639746769224, 14.738170382752562, 2.2179519611880156, 0.28506736613966716, 0.6466799249442071], [11.682307316405618, 50.46974162354413, 13.68863899174713, 2.2570178817505777, 0.30489753219513566, 0.6337556057574055], [11.518976702656838, 49.019828060724215, 14.800266668534768, 2.179426989343859, 0.2812772989120003, 0.6523314562892774], [11.546614329634592, 49.174158553641256, 14.745768511686702, 2.186972718449224, 0.28489962673649205, 0.6485399021444412], [11.472895425551766, 48.08445578842641, 14.94734108909313, 2.2086437566882595, 0.2782268683318006, 0.6523426692274639], [11.516587365977463, 49.09633926732381, 14.769582510621639, 2.2017073283748254, 0.28528220397008475, 0.6477310143445633], [11.525607271127031, 48.81797305126961, 14.708444346850214, 2.1926864478691472, 0.2837604793186516, 0.6497264936694246], [11.52928437727135, 49.20522814168892, 14.688882092421968, 2.180800567426483, 0.28481039854114876, 0.6494853313299299], [11.542734287142673, 48.61958333560111, 14.721133842031268, 2.1937821934481185, 0.2833720445067348, 0.647030141105486], [11.542129490567262, 49.33781093788553, 14.704623016714406, 2.1574085131399388, 0.28241185985224393, 0.6517984646174912], [11.642103679545578, 50.18939048797274, 14.05126782755624, 2.189812832056205, 0.2969365873425769, 0.6365224612790901], [11.5462432987434, 49.24436154323467, 14.460649826155828, 2.210291320204335, 0.28728916363888657, 0.6495987694384571], [11.551203336063775, 48.777246773338504, 14.620931574286711, 2.195446132903077, 0.2839387284850156, 0.6461595917274017], [11.495730759507707, 48.33732207195213, 14.842031573498032, 2.199616959835525, 0.2806749710379157, 0.6484464612935681], [11.505704777575103, 48.515936287786346, 14.918539456540922, 2.213756976579372, 0.28226496733352524, 0.6483324293324042], [11.543957171124868, 49.116363952706735, 14.539451125555866, 2.218161202302637, 0.2882655730899002, 0.6468592734827523], [11.507703587890534, 48.90016664489094, 14.773431112048105, 2.1944913229733696, 0.28314281756208515, 0.6485280973801344], [11.534252849780497, 49.16686407109394, 14.722674141296169, 2.1682621914003803, 0.2836269507322793, 0.6500471129975537], [11.545702014515065, 49.23917258954109, 14.626731989586146, 2.174057309092778, 0.28471291408724714, 0.6505182407986847], [11.487350802847764, 48.32050814350497, 14.829328834257621, 2.192226123104875, 0.28024840122411765, 0.6503846137276974], [11.512347862882224, 48.45139770713211, 14.89313610960458, 2.211827144567268, 0.2809912789801383, 0.650028032180446], [11.501254946815848, 48.3831754838484, 14.716814924422094, 2.2271856259147826, 0.2840300223495876, 0.6464841180303946], [11.533954280477225, 48.653473040782366, 14.686575034620711, 2.219906960105998, 0.2847441440949535, 0.6478518150579919], [11.500680150261728, 49.05070387066698, 14.665422385030679, 2.1621084976227447, 0.2821068848820999, 0.6539573661898925], [11.510781131370068, 48.59678311748527, 14.899122836800242, 2.1753213341514357, 0.279539376682478, 0.6503831559064811], [11.6173310687045, 49.86471751953166, 14.405791432239642, 2.195780338936018, 0.2919268073895943, 0.6459856531595518], [11.53970320990525, 49.32409983543564, 14.603524218617583, 2.19951892070686, 0.2857885575580413, 0.6501371390765098], [11.496840365780885, 47.91062105452017, 15.110512885592247, 2.2009794386453394, 0.27612041423193434, 0.6511288832138372], [11.649599865355322, 49.52415215881896, 14.252374240418494, 2.1791584200928846, 0.29244035337824925, 0.6357528438709514], [11.5359223176115, 49.606353008617376, 14.636735895934958, 2.20071804626807, 0.28958034363575086, 0.6497282816418003], [11.539419139401765, 49.32858632785137, 14.56449923695729, 2.220995856934763, 0.2885533530928696, 0.6482746946432483], [11.508813279568612, 48.85755338011874, 14.845465317409767, 2.166215376802826, 0.2815463343713142, 0.6515155962790438], [11.56739749552702, 49.0884522008736, 14.477589324367381, 2.224454395477356, 0.2883787863211309, 0.6461181101269996], [11.518594713814828, 48.91536667681527, 