{"basin_id": 16, "ref_run_idx": 9, "seed": 209, "x_best": [11.539859423546618, 49.45169868293646, 14.846266313971684, 2.080299012734113, 0.2767989802969848, 0.6610432713941207], "best_J": 0.03101943094584883, "P_final": [[11.539859423546618, 49.45169868293646, 14.846266313971684, 2.080299012734113, 0.2767989802969848, 0.6610432713941207], [11.540276356238683, 49.464610294174726, 14.850183019772222, 2.0771270461840095, 0.27676936079130254, 0.6614255181780248], [11.53998043763783, 49.44700139478865, 14.820601279415243, 2.0835995009660726, 0.27708441089786234, 0.6606090651092015], [11.540117098797458, 49.414603372087235, 14.84016078518066, 2.080759155375728, 0.27679879008595737, 0.6608175587455318], [11.547433319599316, 49.397871360544634, 14.790922783893656, 2.103133948033064, 0.2790732703457288, 0.6579845084988649], [11.539857896667002, 49.49255277371849, 14.814645101046283, 2.082924679527614, 0.27753574563001154, 0.6614108567605339], [11.545020557732052, 49.4405818724776, 14.765043426211534, 2.0868232500408235, 0.27766889922679594, 0.6599133154014086], [11.539656665726037, 49.47940283670598, 14.837650594953864, 2.0837042122601854, 0.27706970178752016, 0.6611293520537745], [11.540018768133365, 49.49233275937317, 14.840690151787404, 2.0771265549184363, 0.27677305322161533, 0.6612971818953102], [11.540019414916978, 49.511755203834085, 14.84996803223689, 2.0756962162118056, 0.27676345291934984, 0.6612250303678684], [11.5399561883145, 49.48974189469982, 14.841914076395929, 2.0781339757390995, 0.2767910400215758, 0.661412675516414], [11.539982122442872, 49.47470763588024, 14.8527347476781, 2.078407671036514, 0.27683354793634996, 0.6612577303883074], [11.540225982983513, 49.48682887774174, 14.826145554777302, 2.081720868564626, 0.2769236077130781, 0.6606608723709659], [11.540108160270206, 49.50523577034751, 14.843665459434888, 2.0757791138631503, 0.27671763711334696, 0.6617792542339277], [11.560319477410733, 49.56966187112428, 14.620887521758346, 2.1084563950220128, 0.28162829323311966, 0.6565324826155535], [11.539989159092059, 49.45470570087021, 14.848206765700937, 2.082136602709456, 0.27699704269577546, 0.6607096888146619], [11.540013202260544, 49.551977590641926, 14.850223932056599, 2.0740857684365133, 0.27676267801423327, 0.6614738676581315], [11.54007233931285, 49.42782535651217, 14.853353680819824, 2.083047180123376, 0.2769411984088142, 0.661016482768892], [11.554809746163548, 49.52053252391891, 14.715700556866246, 2.1040552339126934, 0.28003914426534915, 0.6571562278097676], [11.53978369521995, 49.449123570112064, 14.79678519066886, 2.093087353598228, 0.2778627495168309, 0.6604870807326839], [11.53977297364295, 49.470911216796736, 14.844419275376492, 2.079948508209131, 0.2768017019407015, 0.6612889180285783], [11.539994487977145, 49.48110228004926, 14.84958283876863, 2.0775482946048074, 0.27685545256810773, 0.661175893215643], [11.540343870013245, 49.47990537361201, 14.847051413481596, 2.08008706538174, 0.2767996011235373, 0.661059827192207], [11.539907807875787, 49.40890568183286, 14.853365344872273, 2.0838757044807563, 0.27682172624833296, 0.6606044729500918], [11.539993998669027, 49.42219410219595, 14.823118154201666, 2.0851048632541356, 0.27684297105231986, 0.6609269794908476], [11.54020450778011, 49.48389540994044, 14.836797936956803, 2.07824773303276, 0.2767972911434847, 0.6615210300991049], [11.539770659088063, 49.43056611294291, 14.824919041440449, 2.085519179245864, 0.27727245212391466, 0.6602598125869902], [11.53993815759679, 49.46878366833773, 14.856481489468681, 2.079591977340426, 0.27685936668796685, 0.6610633325498079], [11.54007116516981, 49.42514263645044, 14.805470929540135, 2.082781579722338, 0.27715750857936494, 0.6607138876430854], [11.541314116853917, 49.27724986853501, 14.829085526253113, 2.093010295613924, 0.2777255815039029, 0.6578486997191538], [11.54023649039398, 49.46342295759745, 14.85050920490392, 2.079585536554172, 0.276857299512109, 0.6612873072336253], [11.540159406089261, 49.48077153277708, 14.836354969205967, 2.080411412210141, 0.2769052769182471, 0.661241121383391], [11.540065536682018, 49.48104266726463, 14.844396493455726, 2.0772551374917967, 0.2767616477092855, 0.6616358188222966], [11.53971495201445, 49.46862397797129, 14.84636130510416, 2.078366479874667, 0.2769805655492039, 0.660765267498812], [11.549334139155482, 49.46499629906569, 14.810071425096169, 2.083138624583731, 0.27725162018179755, 0.660490718607896], [11.547346626836243, 49.50578664290214, 14.807424351065128, 2.0888875350209015, 0.27837177428439186, 0.6595840564325377], [11.539733460301681, 49.44149663428987, 14.84672909489894, 2.0837212049383838, 0.2770606575905429, 0.6608124286599164], [11.540237670039632, 49.41405376299878, 14.827490611604011, 2.0819747860644617, 0.27680169650412545, 0.6611015409668419], [11.539714285487518, 49.472238338916036, 14.800285761167233, 2.085719121466915, 0.27739967153392087, 0.6601747452691181], [11.79494787448891, 50.44562835953095, 13.551074454328186, 2.3500644545292264, 0.3158114848367179, 0.6157609643409232], [11.540167292397767, 49.44557575793659, 14.838545650361464, 2.0805632899447666, 0.2767873890337505, 0.6611484901757444], [11.5397519064432, 49.440742363776714, 14.853795097519102, 2.08163348576048, 0.27684288178400296, 0.6607795082763542], [11.539911581944608, 49.468033980369604, 14.84499490819447, 2.0799670208466177, 0.2768123834760791, 0.661598520846085], [11.540138662727625, 49.437985302645096, 14.839923450428389, 2.080439165604068, 0.27673497951221543, 0.6608128334670466], [11.539802198689797, 49.49869348691491, 14.845563737035441, 2.0780684691950095, 0.27702905472772965, 0.6611142317088664], [11.540482690789839, 49.477937520877866, 14.827002505322856, 2.0814007587003354, 0.27707850624308245, 0.6607517188371897], [11.539912175294058, 49.45632673481965, 14.819893500731197, 2.0956010924116706, 0.2782906123309853, 0.6598345832062166], [11.543088974475516, 49.41057934267667, 14.798448171275274, 2.092683243746907, 0.2779750928325512, 0.659498934699525], [11.540251433889612, 49.45678693804836, 14.839306286705796, 2.081062695489623, 0.27696601693972883, 0.6612282057011154], [11.539892598090624, 49.46787140317158, 14.855901858989071, 2.078599253844632, 0.2768129632556141, 0.6611616106964167], [11.574515032425154, 49.51567729334722, 14.618865171441806, 2.1163688607006352, 0.2823334375082171, 0.6518883395645855], [11.54003342758542, 49.52065495748554, 14.842611873520735, 2.0777366997674873, 0.27685008673706724, 0.6613736497210425], [11.541114288052713, 49.487573271798816, 14.770615331814257, 2.097247434929902, 0.27854900552280076, 0.6590685776353004], [11.539885854725112, 49.43718128869303, 14.868541271050336, 2.08170339747664, 0.27684177165861334, 0.661462221212129], [11.540049490056619, 49.46799538230707, 14.838795502212989, 2.079828214491916, 0.2768354624642107, 0.6613204658796921], [11.540159944174853, 49.48399080508555, 14.851541358866752, 2.0777668314023265, 0.2768708459593168, 0.6610828993146302], [11.539968863067468, 49.493048779773964, 14.839989166303859, 2.0792156733181693, 0.27687616208371085, 0.6616108135991741], [11.548142407823958, 49.445520354522884, 14.804677582103619, 2.0917612329479667, 0.27846613447920454, 0.658607187717083], [11.540252799173553, 49.48842045318087, 14.851434622154482, 2.0824499601932103, 0.2774142487649609, 0.660747062807765], [11.539900179551486, 49.43708532446254, 14.848111982393863, 2.0836431014955044, 0.27700000532445124, 0.6612261139790772], [11.54006759986607, 49.46757291453694, 14.846640038416037, 2.0782073926779954, 0.27674050186574367, 0.6612100660680174], [11.539704832726555, 49.47252482316809, 14.857964694997245, 2.081402567497723, 0.27703952581686997, 0.6607918067609985], [11.53967076238913, 49.475603352063274, 14.834441926602775, 2.082248787400984, 0.27710483743879805, 0.660847513409275], [11.54014377119838, 49.48150435041091, 14.816684258334874, 2.0826798830340456, 0.2771253504198758, 0.6609490446300306], [11.539868021199268, 49.43489471440995, 14.840020456411157,