{"basin_id": 16, "ref_run_idx": 8, "seed": 208, "x_best": [11.540268187258182, 49.339353963679734, 14.801026010197367, 2.0967290991057017, 0.2778661405057463, 0.659127025516136], "best_J": 0.03102549507530389, "P_final": [[11.540268187258182, 49.339353963679734, 14.801026010197367, 2.0967290991057017, 0.2778661405057463, 0.659127025516136], [11.541910935332995, 49.45321724952178, 14.848700321045747, 2.0895770290149565, 0.27763429368227305, 0.660319775910654], [11.540850981622736, 49.479894017358966, 14.769489842698585, 2.089385561435889, 0.27839257347820895, 0.6591381410012683], [11.541001971772781, 49.428168128798795, 14.830413333808103, 2.1039785554725623, 0.2786718354516115, 0.6580558481655887], [11.540827536729601, 49.287433637687926, 14.800803947803974, 2.096834810809795, 0.27763658834338073, 0.6583521010999359], [11.550720994961415, 49.24552772678423, 14.82221790495776, 2.1006044140111766, 0.2781794056801684, 0.6573037206767272], [11.54004538788159, 49.34098901788648, 14.791368389937698, 2.1090931209905595, 0.2786064892196237, 0.658247276172314], [11.542220028588066, 49.3743911840699, 14.820576291054794, 2.092007502329002, 0.277834316058729, 0.6592669773802093], [11.542870389607563, 49.13865588872655, 14.811803831394966, 2.1352649907812555, 0.2806507204709409, 0.6540410476536125], [11.544460071211528, 49.37357166239889, 14.805541242407026, 2.1030861061945614, 0.27889611807574066, 0.6580871328805326], [11.552426788388766, 49.14621485020068, 14.598194888704192, 2.1283669789466106, 0.28097829308281896, 0.653950228926459], [11.540486582325906, 49.45182348384561, 14.844775396651796, 2.1004175795392657, 0.27870806719587315, 0.6578796755541445], [11.594585476495464, 49.326779133858096, 14.583922505544562, 2.1332697254160777, 0.28287584181992853, 0.6533363028378113], [11.545118136962596, 49.470396583113626, 14.753660100577532, 2.092330245790381, 0.278261039009987, 0.6592045590318991], [11.570134262381586, 49.588899395639885, 14.67701331229914, 2.1172338049325936, 0.2820708548468772, 0.6543467491051418], [11.542023321421544, 49.519695003233316, 14.841332646750077, 2.067533908365836, 0.2767513857008677, 0.661281873291887], [11.543037949620118, 49.540587802284264, 14.884724341695343, 2.0788628791082187, 0.2773030907124502, 0.6615615482125382], [11.540676179258647, 49.36998860861818, 14.811206932770784, 2.0934365452541517, 0.27780454682038214, 0.6590602900660085], [11.539805476646887, 49.24346392791148, 14.774566030403642, 2.136143617905331, 0.28077837298762476, 0.6553447753649588], [11.541889220604304, 49.489960838025695, 14.830218197139711, 2.0741335230198024, 0.2769080631134839, 0.6601956017098105], [11.540280869150406, 49.11804272469336, 14.699463677487623, 2.1416477998712415, 0.28093037989360614, 0.6532655168460213], [11.541960989780344, 49.48442825050457, 14.811050035248952, 2.0951874504916645, 0.27863456454765606, 0.6600124233349757], [11.5437265539195, 49.29974850024152, 14.801477870371308, 2.0989081852060663, 0.2784363026654828, 0.6583292090018203], [11.544948179330154, 49.33976491779422, 14.756335355357717, 2.113589682136178, 0.2796012651575907, 0.6572490417959805], [11.541996560217193, 49.436290816984396, 14.879232309818917, 2.092885003375841, 0.27772102669614596, 0.660364684400305], [11.54187079838293, 49.48243189818238, 14.8087834563817, 2.100489222261134, 0.27840389476939453, 0.6587643853627506], [11.542972749948452, 49.30105344206267, 14.781099837280227, 2.095696148666677, 0.27896133361644865, 0.6578417246333708], [11.55387708471027, 49.41467190140718, 14.741672093315973, 2.1327848631359947, 0.2830078062144112, 0.6531933564391929], [11.540092257617875, 49.412060560145754, 14.81809363209046, 2.0957985186042962, 0.2782802679295354, 0.6594985856348943], [11.585955575027812, 49.587042292550464, 14.454995504378198, 2.1623281392921627, 0.2873903533494184, 0.6474378204224321], [11.53974082848088, 49.39562558945933, 14.797230743133902, 2.100396472759741, 0.27838394362649216, 0.6589683342605503], [11.5522109236397, 49.515252802533944, 14.750644622509917, 2.086252661466661, 0.2779835665708815, 0.6598258584404327], [11.540185209791423, 49.9275987752818, 14.83568789299048, 2.0866236062774157, 0.27755942058475885, 0.6603266768367755], [11.651838600199424, 49.504423173956155, 13.971910651565157, 2.2171283127514587, 0.29387396114735226, 0.6420209180793092], [11.546797190129594, 49.598899676886276, 14.829986028963654, 2.098857854063213, 0.2782413485144384, 0.6585957124949391], [11.69722329236291, 51.030094370451046, 13.762136964154237, 2.382382065948229, 0.3143176812859842, 0.6227428864617305], [11.53968861037447, 49.190909639187645, 14.803641367118514, 2.1037145718578643, 0.27828350460616774, 0.6562789464437639], [11.574758247937691, 49.63389955584061, 14.552745854502373, 2.1690422415662987, 0.2877639770045555, 0.6492149450398459], [11.54044809415402, 49.41271842065584, 14.84156785186319, 2.0937322269895198, 0.2773921058065581, 0.6612186385978569], [11.540259493026488, 49.435287179665764, 14.83661966764413, 2.0983406063919388, 0.278415871193021, 0.6588729124202741], [11.549529605802164, 49.675007595856385, 14.820950042541206, 2.0777864210702353, 0.27825813182919235, 0.6605997204419313], [11.542286679445516, 49.39176989137366, 14.783438588188034, 2.110051060926012, 0.2792522152547707, 0.6578806094997645], [11.544989930209963, 49.541544221070126, 14.832403435013848, 2.0866604545770153, 0.2778823722602491, 0.6595544337485001], [11.577697205817524, 49.59967291526253, 14.468249568556915, 2.156544215112481, 0.2858533971706156, 0.6500965626432863], [11.541115488174455, 49.501615199313896, 14.84954143439001, 2.097193974393698, 0.2778543585085992, 0.6584205364222275], [11.540400418858967, 49.49433498149548, 14.897585986549206, 2.0844433492500882, 0.27675437889161875, 0.6611105825430813], [11.552512036390556, 49.65712416506816, 14.801120966562966, 2.097195841588908, 0.28009314634140753, 0.6576697177631046], [11.540594675346856, 49.36432007499378, 14.825820484366066, 2.0949307757727165, 0.27788623821680125, 0.6590669595360851], [11.541189490271822, 49.41776171505989, 14.790714858868546, 2.111266998039743, 0.27966101585391057, 0.6582012919411304], [11.545340844390399, 49.42474810133798, 14.772792610993541, 2.0819899866602034, 0.2774574115200263, 0.6593100965796889], [11.619720664287378, 49.818803653818485, 14.284079918837348, 2.259540400561246, 0.2976495207164089, 0.639141252587108], [11.548443671906703, 49.505691670787996, 14.748990193283236, 2.1287872821302307, 0.2816692239075727, 0.6555312103386537], [11.780236722535822, 50.63474616466579, 13.395083377652234, 2.361903048199213, 0.316836068200792, 0.6141325691308471], [11.569452504221738, 49.399126856395384, 14.626430373415058, 2.146856305871447, 0.2849622620008853, 0.6504939540637634], [11.54858372067924, 49.47247800997373, 14.791461597845387, 2.0967864387987722, 0.2792124341226236, 0.6579239321198236], [11.544576817897058, 49.3032684479692, 14.822838849070363, 2.0908890414272663, 0.27712572145426007, 0.6593910480940054], [11.55452842839974, 49.44021229555909, 14.794739560524114, 2.1183901634027618, 0.28034451667287846, 0.6565679055810865], [11.543339801219956, 49.334888644979415, 14.787730046431975, 2.0988988045040027, 0.27831575129709724, 0.6580846884174657], [11.543273300271508, 49.400590662743525, 14.809715593438803, 2.096082876155997, 0.2785076371473642, 0.6583152555654692], [11.545929152441596, 49.299869604778785, 14.753716827546135, 2.0984943132082594, 0.2783833969373534, 0.6584295411320872], [11.544455923147266, 49.333395755302114, 14.874356031902007, 2.090710997362211, 0.27734100992231714, 0.659589958537119], [11.575570821210452, 49.72760585470586, 14.61726938891858, 2.143451183830576, 0.2851691277662345, 0.650879633853848], [11.541666957194998, 49.43420743948018, 14.79181027286896, 2.0920988921681505, 0.2783103853192101, 0.6590308839474319], [11.540035283874186, 49.331503764887636, 14.83711502108104, 2.1000585931055245, 0.2779079781900728, 0.6579256968520055], [11.540819613545358, 49.353419937994424, 