{"basin_id": 15, "ref_run_idx": 8, "seed": 208, "x_best": [11.634866098992468, 49.781420498692285, 14.14059159704599, 2.244211391971473, 0.2977216050284235, 0.6362959527918013], "best_J": 0.03155305709571145, "P_final": [[11.634866098992468, 49.781420498692285, 14.14059159704599, 2.244211391971473, 0.2977216050284235, 0.6362959527918013], [11.634848104478252, 49.79570525626452, 14.12947692259741, 2.2440778758186934, 0.2978371527149768, 0.6362594891060814], [11.741214215751667, 50.12145660083688, 13.355175936311555, 2.4670611345950837, 0.32140343904074337, 0.6106899000371107], [11.634914893860167, 49.78662124548302, 14.144870990154063, 2.2473441147688096, 0.29778531186801255, 0.6362634113208419], [11.635056677860463, 49.770568494897645, 14.139135741258663, 2.245746049535041, 0.29777153362815695, 0.6362127677541322], [11.636412680394741, 49.77518257907242, 14.139245682737458, 2.244423744053827, 0.29782670847957976, 0.6362656052078718], [11.634968964437652, 49.73948644087045, 14.128037251817359, 2.2535407352336625, 0.2978515973102493, 0.6360996369052406], [11.634941021143675, 49.77158363780098, 14.142291405827342, 2.2467285865981186, 0.2978980793797803, 0.6360985881091008], [11.634920826682634, 49.78908515005768, 14.13463656112174, 2.2452813687385653, 0.29778305443258574, 0.6362667333134452], [11.634943340419698, 49.71927185068216, 14.116093899269543, 2.2470826434518543, 0.29775484502838206, 0.6361135688826925], [11.634956027459483, 49.76876982097085, 14.14962855471181, 2.24677790487928, 0.2978093840080226, 0.6360536033606043], [11.634980513720224, 49.768278330651746, 14.142900340802951, 2.248315922310323, 0.297802047422037, 0.6362557060653117], [11.634880174080942, 49.76145298244765, 14.139133713682282, 2.246284299550007, 0.29779200125727073, 0.6363046762014244], [11.634910488069348, 49.773589469956704, 14.142868062790418, 2.246135913345668, 0.2977978900407476, 0.6360132284536418], [11.634857985116895, 49.73830718599678, 14.143105855587912, 2.247269584790781, 0.29778045939047476, 0.6358310787194896], [11.63798487159344, 49.807598780967, 14.03070093174283, 2.2768093236508684, 0.3007308470386016, 0.633412295639704], [11.634961814101034, 49.75556431574545, 14.147314212363675, 2.246018695539769, 0.29772505985488534, 0.6362994483451494], [11.634835971081728, 49.73782176144591, 14.150251374273351, 2.2473441147688096, 0.2977404607932994, 0.6362100067779638], [11.635205935574202, 49.765630589109776, 14.163729681477985, 2.245205682764919, 0.2977834120731382, 0.6361966884178373], [11.634982412914528, 49.78446725925864, 14.135466447639955, 2.248821316046958, 0.29818273883487506, 0.6363069873665524], [11.635055685664353, 49.75807648050752, 14.145044309031139, 2.246809159050189, 0.29774921080285244, 0.6361747912021223], [11.635677660804713, 49.79019475587502, 14.141801759675076, 2.247362254017105, 0.29797652604855235, 0.6363078725795606], [11.63504609966831, 49.75761526122283, 14.152131673305007, 2.248259397809119, 0.2977526053597063, 0.6363052244921084], [11.636536642957699, 49.73333105990491, 14.112367163635387, 2.2506425986421106, 0.2979247218626607, 0.6359538109108042], [11.635548298962863, 49.78534378169736, 14.148121529235272, 2.245297705625007, 0.2978025403875694, 0.6362522059864955], [11.634879639806085, 49.60639687445288, 14.096552591264304, 2.270079009768551, 0.2985938167621198, 0.6340573162622133], [11.634907208036216, 49.769233013268845, 14.130019675217307, 2.244239686000413, 0.29797074752315467, 0.6363238296128061], [11.634970728695315, 49.77976452174494, 14.14535888102753, 2.24687575007248, 0.29780871954221777, 0.6362159701111655], [11.634830913955287, 49.76332610419245, 14.146472276408463, 2.2461912013533123, 0.29775909123744887, 0.6363016710099778], [11.635006622059512, 49.766998363125154, 14.148691805610056, 2.2493454645430146, 0.29792869124788135, 0.6361287412435629], [11.634904849050022, 49.75646761349948, 14.148354500705599, 2.248151897461206, 0.297811900698395, 0.6361772064683809], [11.636218394703672, 49.74325729185871, 14.13734142526688, 2.247768614660026, 0.2977536541930662, 0.6360741478395565], [11.635013614870196, 49.752036744250525, 14.147479293848729, 2.247564839754303, 0.2977118084137395, 0.6362667319126675], [11.634937684658224, 49.78539596809202, 14.128317302704428, 2.244742457259604, 0.29787180212037406, 0.636239547793858], [11.634882449051913, 49.77571042259836, 14.139098759052997, 2.24617054532365, 0.297786054430553, 0.6363091790744514], [11.634835971081728, 49.74934060956713, 14.148126219389841, 2.2473441147688096, 0.29773285915481673, 0.6362100067779638], [11.634941314501965, 49.77469147947164, 14.147479598311978, 2.2467552869093472, 0.29778180460180476, 0.636108505595016], [11.634842848213346, 49.74703474482475, 14.16393564241527, 2.247481616535329, 0.2977303974767204, 0.6360609099640742], [11.63485531618698, 49.76437181860068, 14.132702662955444, 2.247238177785748, 0.2977945116807417, 0.636252478151302], [11.635005138587228, 49.74889479302666, 14.146152678957419, 2.246812018172728, 0.29771032681122805, 0.6361423014948796], [11.634878219195848, 49.76286723405874, 14.143214163053237, 2.2476827449004553, 0.29777713309456066, 0.6362086395520579], [11.634908936359354, 50.09146143167918, 14.127919261855649, 2.2464789647136714, 0.2977450635351402, 0.6363199362613817], [11.63485999109201, 49.75656797483249, 14.136807233097258, 2.245540106966143, 0.2977184508137491, 0.6362116217859132], [11.635223800278263, 49.78344427534443, 14.111805482204007, 2.244977683705894, 0.29786335806269437, 0.6362418139430777], [11.63512078129055, 49.78105831473731, 14.131814641447928, 2.245983939657617, 0.2977715007570933, 0.6362268886135957], [11.634936998334243, 49.76197268437459, 14.145152895042653, 2.247073291267972, 0.29774547504348986, 0.6363146129899397], [11.635746943625696, 49.76253574378347, 14.143319328685065, 2.247257483942079, 0.2978086080703348, 0.6362055905091049], [11.635117748420146, 49.76205105318736, 14.136632464239675, 2.2461355907471483, 0.29777942875045127, 0.6362208856225646], [11.722854652562516, 49.96666736611509, 13.465671251816289, 2.513420988285812, 0.32130641752051764, 0.611570487976021], [11.635195983252467, 49.751778775413335, 14.141396307374334, 2.247355036979074, 0.2977283513274923, 0.6361184596152405], [11.635035411900585, 49.744424374243, 14.145489121567831, 2.2501766788914592, 0.2977977289317333, 0.6362843644898347], [11.635284124609619, 49.785843406832136, 14.13420254480337, 2.24612507854637, 0.29783099534102503, 0.6358192459802139], [11.634833148650827, 49.79200684438134, 14.140387352641838, 2.245817698113014, 0.29785863987049144, 0.6363004801467939], [11.635061953137726, 49.75618029688781, 14.146032564715886, 2.247141632204395, 0.29773771973817004, 0.6360933590159971], [11.635686441204033, 49.83386179827063, 14.138669097924279, 2.247440554326426, 0.29800757154025187, 0.6362495561823419], [11.636209866336415, 49.58435149806944, 14.094791929400175, 2.2882756605988406, 0.29998035167532977, 0.6334787477109126], [11.634914945844283, 49.7707077528833, 14.146735680844543, 2.2467656000640734, 0.2977750034821684, 0.636191306503683], [11.770814534777498, 50.36552701343369, 13.312937852663707, 2.4635682831937222, 0.32341571248880463, 0.5990525505968691], [11.636261944331743, 49.79582084848292, 14.11209710546088, 2.2582680725290643, 0.2989672020081775, 0.6359641797915897], [11.634864432143798, 49.764072579082935, 14.136026849542423, 2.247523693904239, 0.2978362055111301, 0.636307967690714], [11.634870904579563, 49.76244097574832, 14.135093185009866, 2.246130981091616, 0.29772223617477933, 0.6356935947691157], [11.634889357832504, 49.769775406649615, 14.141953486449781, 2.2467816492677803, 0.29779402613629874, 0.6362684750630048], [11.63606450050255, 49.766464156115035, 14.130015881133604, 2.246032072040059, 0.29786183132061594, 0.6360109958654641], [11.634874982280255, 49.75007346260546, 14.135019691902404, 2.246008883392296, 0.29775634564014347, 0.6361730628011765], [11.63726888524124, 49.62612718300787, 14.116550133071863, 