{"basin_id": 16, "ref_run_idx": 14, "seed": 214, "x_best": [11.53963207927939, 49.37551007416616, 14.845710441122629, 2.083536294506049, 0.2767094118098822, 0.6607985169042165], "best_J": 0.031017508568777632, "P_final": [[11.53963207927939, 49.37551007416616, 14.845710441122629, 2.083536294506049, 0.2767094118098822, 0.6607985169042165], [11.539652618519483, 49.37471094603224, 14.843845589069625, 2.0837318860578025, 0.2767082987263738, 0.6608038568560046], [11.539634015013068, 49.37634975902334, 14.844592494176796, 2.0837696542927837, 0.2767151013849377, 0.6608241339564663], [11.53963693635361, 49.365928390072035, 14.844736449419583, 2.083952939802665, 0.2767173671453532, 0.6607798949461416], [11.539630762203334, 49.37501085754554, 14.845520558105578, 2.083755636940624, 0.27670855724507076, 0.6608103867217462], [11.539645892165321, 49.3619116012213, 14.844857922796699, 2.0845211025065336, 0.2767228533654956, 0.6606990281582827], [11.539632306045641, 49.373855575052666, 14.84608303364464, 2.083492479860114, 0.27671105874140245, 0.6607799561637526], [11.53963537712075, 49.39015950844573, 14.84351142257796, 2.083337758887218, 0.27671397933655345, 0.6608219600398031], [11.539644117473422, 49.380642054320724, 14.84425720986964, 2.0833210607304893, 0.27671358664355983, 0.6608500186473033], [11.539638315511596, 49.37368459487377, 14.846291746843793, 2.08378532078296, 0.27671692765573097, 0.6607348983878572], [11.539636930605871, 49.37049601831686, 14.846423269302097, 2.0839888588747586, 0.27671378584827316, 0.6607398274015381], [11.539652433665264, 49.368014393609755, 14.84384949972491, 2.0841451550234265, 0.2767117257007975, 0.6607842276529684], [11.539703882272592, 49.370330128824506, 14.84393321569495, 2.0839229910786177, 0.2767140993668604, 0.6607834973476696], [11.539633758119441, 49.36723071796931, 14.84408222826834, 2.0842678950663, 0.27671504688257686, 0.6607282769419723], [11.539634279177509, 49.361716708571684, 14.84546610176265, 2.084426684524984, 0.27671050231874095, 0.6605935626523379], [11.539637781626032, 49.378373552270766, 14.844368788860384, 2.0835330996266235, 0.27671025293175977, 0.6608222275062149], [11.539638067972565, 49.37637359135061, 14.84465766968694, 2.0835241323487543, 0.2767087928908284, 0.6608584508697044], [11.539634434901114, 49.384049731807245, 14.844504365605367, 2.0832903769296234, 0.27672449786388587, 0.6608954148753785], [11.539641758707608, 49.36642852520307, 14.845247769657938, 2.0841363378617714, 0.27671440974184475, 0.6606833304200695], [11.539645871239774, 49.36347846707927, 14.845671471470435, 2.0843046318971683, 0.27671811427471943, 0.6607385429998831], [11.539645221091265, 49.36598020971289, 14.843347142944253, 2.0840467484394063, 0.2767209541476046, 0.6607448719053148], [11.539635731235212, 49.3967881754575, 14.845785700545765, 2.082440316637059, 0.2767079807685651, 0.6608411802501427], [11.539642871585103, 49.37539441865427, 14.847401458676563, 2.083818332289439, 0.2767142846302779, 0.6608081844033505], [11.539634714002853, 49.38566861141671, 14.846338940458056, 2.0828253361236566, 0.27671018648967666, 0.6608285555484973], [11.539630027384849, 49.373940923417514, 14.845427408604316, 2.083636570062101, 0.2767126369618755, 0.6607900767167556], [11.539634191942854, 49.369842588133984, 14.846851867949482, 2.084094512382851, 0.27670811025261094, 0.6607271460420706], [11.53963892387411, 49.3666817279406, 14.845022990495007, 2.084306806649531, 0.2767186567178694, 0.6607335440374102], [11.539642752800662, 49.3749225182498, 14.845899623095871, 2.0836793465010404, 0.2767083727034248, 0.6608094865486389], [11.539635649675672, 49.370799312816914, 14.846711465427827, 2.0838717392907453, 0.2767095195163251, 0.6607972530707706], [11.539632152254832, 49.367761586676735, 14.850533520793755, 2.0841578985456732, 0.2767330634325615, 0.6605852535463722], [11.539633900106582, 49.368540566242245, 14.847199972454533, 2.0838858495631736, 0.27670786953629023, 0.6607625381989625], [11.539633748291994, 49.39017556449529, 14.848040412592162, 2.082752711365618, 0.27672364015986717, 0.6608486177833757], [11.539634387397093, 49.36926117040173, 14.846513752383181, 2.0838848539695642, 0.27670812493200325, 0.6607783408467839], [11.539657959355894, 49.37187757694251, 14.84588270291363, 2.0835846610989006, 0.27670970735043077, 0.6607878430097016], [11.539642985628385, 49.389294822171024, 14.843347205497134, 2.0834143010394577, 0.27673876136542047, 0.6610581696446545], [11.539642556570191, 49.38252555195423, 14.844510776953548, 2.083365144041745, 0.27671512395378606, 0.660845887542005], [11.53965636380632, 49.37545727547059, 14.845048661442348, 2.083502336877489, 0.27672003520906546, 0.6607232976304459], [11.53963402026422, 49.3759734345053, 14.84668987422671, 2.0837839508258016, 0.2767109737810612, 0.6607920909369993], [11.539641541147292, 49.37305427801468, 14.84571289177656, 2.0838524412501767, 0.27671106890862673, 0.6608879015487501], [11.539634581679564, 49.37041358570204, 14.846437925857298, 2.083616092125372, 0.2767119712127865, 0.6607331465213816], [11.53963022894346, 49.36845778223731, 14.842755380186524, 2.0838740235562803, 0.2767123502707623, 0.6607160111431271], [11.539638155314062, 49.39811267584759, 14.846844850473069, 2.082247536304174, 0.27672454374829863, 0.6609029050331444], [11.539675357438966, 49.37586924248375, 14.845759042351126, 2.083738277533623, 0.27671389115315864, 0.660782243984047], [11.539639143356188, 49.38044019074804, 14.8477159128099, 2.083526076006696, 0.27670948913757193, 0.6608279215519479], [11.539636795384837, 49.37074715877954, 14.845084053291997, 2.0837700451790733, 0.27670951264685584, 0.6607615516321755], [11.539631019687349, 49.37950350603835, 14.846137202548002, 2.0833711088633544, 0.27671122327259356, 0.6606879104591935], [11.539737479372912, 49.32038519540657, 14.824738466792617, 2.089726572720654, 0.27693818360278966, 0.6601980138809306], [11.539631500293755, 49.380485233830086, 14.845095329727599, 2.0834399907208816, 0.27670780382480986, 0.6607915777349731], [11.539635141825853, 49.370349397939975, 14.844962567398582, 2.0840761491177675, 0.2767177296721856, 0.6607724369151897], [11.539642379393468, 49.36878556977705, 14.843725025019381, 2.084098903651962, 0.2767329666289856, 0.6607288717840895], [11.539633165375916, 49.377803121194965, 14.843782114165249, 2.083550279240978, 0.2767242053618395, 0.6608842523142909], [11.539651237975479, 49.356605788379234, 14.844758986801995, 2.084496417224306, 0.2767121903321326, 0.6606908033397881], [11.539632250508014, 49.369770933927306, 14.845504259200977, 2.084036740186151, 0.27671617139951327, 0.6607215547276895], [11.539634375297583, 49.36394405550311, 14.844566441930851, 2.0843055314961334, 0.2767102988592642, 0.6606996395107995], [11.539638893350547, 49.36986036033908, 14.844789905883829, 2.083831825643917, 0.27670943722025204, 0.6607693242739554], [11.539645337962227, 49.325163644571795, 14.843408020432744, 2.0862266555798668, 0.2767401289078636, 0.6603652415901684], [11.53964218737269, 49.374203214558094, 14.844644574727141, 2.0835468884564676, 0.27671167872151176, 0.6607817775965135], [11.539635865126296, 49.37037323529673, 14.84581953834684, 2.0838189427260567, 0.27670827967703243, 0.6607876388722914], [11.539638208356916, 49.35617271395803, 14.846279085167387, 2.0851239121234455, 0.2767478624861761, 0.6605661629423697], [11.539648334575043, 49.36757878332253, 14.847088834016215, 2.0843498330823254, 0.2767186885792037, 0.6606721656873412], [11.53963621134217, 49.37825857953452, 14.845146807771208, 2.0833439032799497, 0.2767112691097248, 0.6608823764145486], [11.539630324656134, 49.368504751955165, 14.845098803346966, 2.083624571147765, 0.2767083305341488, 0.6607199389528409], [11.539636509095528, 49.3625024975856, 14.839278039323471, 2.084221858843075, 0.2767162177996102, 0.6607360142415838], [11.539652156078388, 49.37412609010601, 14.84646295101297, 2.083891670174287, 0.2767093360913668, 0.6607503988019228], [11.539637489908575, 49.36094641304182, 