{"basin_id": 8, "ref_run_idx": 6, "seed": 206, "x_best": [11.488476483625957, 48.99232652770396, 15.119599790488039, 2.0803872977224005, 0.2723214338528016, 0.6650129715546338], "best_J": 0.03095243733242296, "P_final": [[11.488476483625957, 48.99232652770396, 15.119599790488039, 2.0803872977224005, 0.2723214338528016, 0.6650129715546338], [11.510389898271875, 48.51916488146174, 15.176454609884793, 2.06804068790107, 0.267843948406637, 0.6653192068313363], [11.471111348794212, 49.343409458224116, 15.159331136363019, 2.0399905449199576, 0.26935350711699185, 0.6656991771881716], [11.5353624772258, 49.29960432229288, 15.32246588671383, 1.9808993202617826, 0.2641800146926937, 0.6762421435160509], [11.52862297527064, 48.76390558857309, 14.97402596715847, 2.0620263095204594, 0.2720992236058739, 0.6642035341844669], [11.471514331921592, 48.929230550761204, 15.125183085493948, 2.077845787707825, 0.27051155635337293, 0.6623602285987947], [11.501872635672918, 49.600764674054574, 15.068248586395985, 2.0622507671476074, 0.27594582876213547, 0.6621353287025676], [11.485643830981218, 49.46696625074766, 15.480399507278172, 1.9713507205232743, 0.26208206916983484, 0.6786194858500268], [11.538020012165747, 49.7232026446083, 15.096486492832712, 2.0256356424562805, 0.2755673959398752, 0.6611331021280984], [11.55061839301785, 50.00380255091035, 14.8544491888474, 1.99432479292683, 0.27228214916607985, 0.6714058546349639], [11.463734196217976, 48.719349582746894, 15.203614542177265, 2.0470466473393816, 0.26766837719651954, 0.665457401122551], [11.55329926241693, 49.53144605045611, 15.064437839647333, 2.0729438329709575, 0.27708993856762293, 0.6581679418532865], [11.510501483455261, 49.09271187580865, 15.051665226931116, 2.05029674984171, 0.27108185734914786, 0.6654298892026131], [11.545214936551679, 50.314582888182144, 14.868273788420439, 2.0052340136839684, 0.27545118533121926, 0.6691279906628184], [11.434826673642366, 48.74256604793291, 15.080343753758363, 2.0913128830366303, 0.2706149712712042, 0.666344808738344], [11.511640403430127, 48.995722821370315, 14.951076431319697, 2.059971565851586, 0.2699317283641633, 0.6660493162753902], [11.532703153147363, 49.39566943328548, 14.890939843770651, 2.078415156181757, 0.2766096602808512, 0.664316837503772], [11.54572422285258, 49.07800752147149, 14.971486756785772, 2.023644975592118, 0.2686212332606512, 0.6670040668751379], [11.512682180965049, 49.016116283186406, 14.907202223300834, 2.0955803092016474, 0.2758868496527627, 0.6616800378131387], [11.52124863614219, 48.86667094825301, 15.022000307364896, 2.0550243847080165, 0.2709405113232043, 0.6642827956531561], [11.517125990372286, 49.966460386932, 15.056054052126703, 2.0370318777933187, 0.27492682083253084, 0.6647471796732148], [11.51091990525352, 49.75436171240397, 14.952845416113608, 2.049603461323127, 0.275248278285074, 0.6653979996557519], [11.520899093253592, 50.63792395083932, 14.881730554508371, 1.9790776118581368, 0.27294669748188133, 0.6740845358115487], [11.497289916392548, 49.69782648451007, 14.9941016115061, 2.0274189355713417, 0.27253908917836994, 0.6676331484935518], [11.470471849937809, 48.825465190336075, 15.095874916458376, 2.041285529075618, 0.2672049291640566, 0.671368548030961], [11.535809868187638, 49.36793873986445, 14.652954322320838, 2.0725812770818965, 0.27599094107542543, 0.6640058809986263], [11.478775855867458, 49.736524390451194, 15.088846033629165, 2.0669947021381807, 0.2737175596478478, 0.6657888754127564], [11.518488396101597, 50.370177728560826, 15.065543984366924, 2.0387663595981826, 0.2763122722164654, 0.6646472043467613], [11.582688179679765, 50.33766685836611, 14.855097919929237, 2.0246883949287495, 0.2791812631510185, 0.6633578083872081], [11.533114106848704, 49.49079742186527, 14.948457197015806, 2.049537770098308, 0.27498328613366835, 0.6659370301106788], [11.49451853667818, 50.09932569253434, 14.99811743315261, 2.042388556669708, 0.27546398828154395, 0.6671485939427321], [11.493545715613248, 49.149037154232055, 15.115992255148337, 2.0794740122512896, 0.27337652298186416, 0.6600118490131615], [11.476692503156462, 48.46500625974634, 15.3811122047904, 2.102502259720062, 0.2692638115358305, 0.6617287203152693], [11.478775855867458, 49.736524390451194, 15.088846033629165, 2.0669947021381807, 0.2737175596478478, 0.6657888754127564], [11.520299105988235, 49.76221293855278, 14.78250849700766, 2.051076856460512, 0.2752193578487366, 0.6638490482903207], [11.512352824860994, 48.78726098822799, 14.939356443149109, 2.0778825932015947, 0.2735416066088976, 0.6609888101959672], [11.49944458137661, 49.79421527821531, 15.016161660586777, 2.069969998300622, 0.27903163443306467, 0.6586746277637463], [11.52997686546781, 49.82599755987424, 15.053939153787407, 2.06066805889015, 0.2764894598652627, 0.6597974859358079], [11.493006548036076, 49.36269956769186, 14.914342596357178, 2.1141402496905433, 0.2798149660307812, 0.6615259844557505], [11.54298152011512, 49.580023196217944, 14.706161457820205, 2.022235171175643, 0.2755108955634601, 0.6610863393731364], [11.586102392100326, 50.7226489129324, 14.882482249903129, 1.9789282554672474, 0.27422275376693783, 0.6650118643931606], [11.50635332581803, 49.78778692511509, 14.898886771359814, 2.006244380480353, 0.27170027039941175, 0.6694436828975927], [11.527932445941827, 50.643748144207535, 14.916285519839576, 2.061252343746683, 0.28132324923844276, 0.6635242270658364], [11.45785223642191, 49.473879432499125, 15.267804332295327, 1.9952668555269455, 0.266890811512287, 0.6772005765628069], [11.600178520071402, 49.70681800875665, 14.543769818604666, 2.1131745347636293, 0.28171553462144766, 0.6572591171501665], [11.518039580183759, 49.13892557189115, 14.921119755311139, 2.0709257092423363, 0.2737496410777864, 0.6647656111847026], [11.552656075096685, 50.12972813497943, 14.713774099258247, 2.01291561009997, 0.2760382621341547, 0.6656081123592642], [11.519227110867837, 50.07121988785041, 14.967597438003608, 2.014047742805745, 0.2741100724928956, 0.6690678697208254], [11.547757998320012, 49.99143662761906, 15.27281657886586, 1.9907982616397286, 0.2693866065101844, 0.6715170923489687], [11.50094224965658, 50.49350003437088, 15.015426998787406, 1.9599299450911336, 0.2689115333635104, 0.6734793385437982], [11.477696980628576, 48.53932953215292, 14.86648005767332, 2.118774021546228, 0.2753347118632646, 0.6591132575124301], [11.508154425387376, 49.86973426319397, 14.734703426669585, 2.0546806445030366, 0.27684389748895455, 0.6619788210542292], [11.508765171107832, 49.49868873302849, 14.953403587242326, 2.058137426855939, 0.27452508351323396, 0.6700048947441374], [11.554781612020342, 50.072094012963454, 14.897894646139518, 2.057135825504905, 0.27981568512555655, 0.6602492912025354], [11.509659041111732, 49.32025065641835, 15.04555639506386, 2.039573216290822, 0.27144872802029113, 0.6665054894297875], [11.554450793742355, 48.650289524558474, 14.919197167873005, 2.0576634243057943, 0.2715792064303193, 0.6641817889712213], [11.499983536130994, 48.98346726586741, 14.998309037754735, 2.1034516013138274, 0.2739514603189579, 0.6636301061003781], [11.512477390841426, 49.95006560453944, 14.945668408502339, 2.0132470888737815, 0.27057402569607686, 0.6707721029714632], [11.499227519099751, 49.6731824749585, 15.118617501130847, 1.9628382538422857, 0.266750746467878, 0.6720758574856042], [11.51139885719366, 49.73718725535847, 14.917184048523762, 2.066291064269484, 0.2752461468806956, 0.6644628667307476], [11.556501785041934, 49.014618341897936, 14.71737191986884, 2.084702117337277, 0.2745062925174709, 0.658367068432126], [11.536934030895631, 48.686211808589135, 14.919490614843788, 2.0815119813243936, 0.27136624677142374, 0.6599241115886412], [11.514401866692669, 49.705673326681, 15.117502238774096, 2.0541805342923736, 0.2742692381145567, 0.6646181349539502], [11.522590173490986, 49.24271124375336, 14.907167540516392, 2.094571090369645, 0.27804893110198203, 0.6557656252195971], [11.541532392471842, 49.64878877690542, 15.058754972053983, 