{"basin_id": 14, "ref_run_idx": 7, "seed": 207, "x_best": [11.440871759774543, 48.34596447010632, 15.604269439441806, 2.0074853845369387, 0.25906082836573996, 0.6783354952971369], "best_J": 0.03097460052966886, "P_final": [[11.440871759774543, 48.34596447010632, 15.604269439441806, 2.0074853845369387, 0.25906082836573996, 0.6783354952971369], [11.432142024522744, 48.246954381733794, 15.714511065459439, 2.025712523663099, 0.2590110997939703, 0.6788153933509816], [11.43486009035202, 47.86861166889848, 15.675729929068423, 2.0669508377213774, 0.26185603623128134, 0.6699388362469991], [11.43938615476968, 48.574641389591484, 15.39870833130758, 2.0802112942175066, 0.26614280873749774, 0.6695097948391717], [11.446272694848894, 48.13974165418067, 15.573794520639913, 2.0617763063992394, 0.26327988778677897, 0.6748637517389554], [11.50567169544166, 48.98391599894615, 15.2357201669243, 2.042701830438621, 0.2670566729979213, 0.6643516814069965], [11.438530611383964, 48.70920567296184, 15.6344009594836, 1.9831646115278345, 0.2576581521141562, 0.6860192354875482], [11.511171712142001, 47.49199337406841, 14.959916830733116, 2.1244188947823717, 0.26907600272212934, 0.6554190930867353], [11.472107506786987, 48.567055379674905, 15.693578455807828, 2.004572249441132, 0.26119194136034335, 0.6763196223326201], [11.449024256925536, 48.09763258793557, 15.755566783630792, 1.9964510186564033, 0.2589159241056572, 0.678460465702166], [11.427286069505056, 48.761474939929286, 15.83210084581241, 1.9892470719025745, 0.256776084942777, 0.6855566594762388], [11.457761111204725, 48.12094973619678, 15.747324573689891, 2.015919998641632, 0.2587478850539359, 0.6757540153644485], [11.462593683930912, 48.15467849989507, 15.304204444132141, 2.059757381668502, 0.26536644631696793, 0.6719849310109028], [11.414299526378604, 48.29439784692786, 15.994738845362555, 2.001553023964888, 0.254862774263609, 0.6883403808186076], [11.46471410796744, 48.60907377017744, 15.71948376982371, 1.975085622157789, 0.2567785036701362, 0.6815474406078114], [11.407358466073406, 48.249036323291406, 15.80790271010464, 2.003713338886829, 0.257610141454836, 0.681800836031631], [11.441172253724291, 48.285392563770614, 15.742942386842705, 2.0327324038240726, 0.2603644399849568, 0.6783895494330061], [11.45581153637006, 48.47547220943232, 15.642668057816232, 1.994334773176724, 0.25719759494269334, 0.6762862931822764], [11.412824426422201, 48.50156874714171, 15.49154934087051, 2.0224497852530035, 0.2605807750759125, 0.6824142879070201], [11.465422114296313, 48.16142822918866, 15.642784143080167, 2.0380101807539592, 0.25984718930920414, 0.6734280550267225], [11.485607486904096, 48.12550570820677, 15.85334002955024, 2.0202465548907216, 0.2581036122709167, 0.6757118746410051], [11.473558184600066, 47.755867433085896, 15.48442533205491, 2.083985645199193, 0.263237548222742, 0.6660175331368425], [11.457325186419435, 48.062544985165005, 15.86259117228112, 2.0046872512762826, 0.2577301250744255, 0.6766429180526093], [11.455441640803205, 49.195808663250084, 15.580423456982, 1.983040110694289, 0.2603235561636637, 0.6796203060261145], [11.458119634726323, 47.809519721626074, 15.47918532729711, 2.051780222640961, 0.26029719311876304, 0.6730916972385926], [11.45844803391924, 47.83505327725252, 15.678699779397382, 2.0457940964028354, 0.2575144671177883, 0.6753159047373536], [11.443759506712027, 48.65008048764688, 15.848089690131646, 1.9746662526803023, 0.2550751083911552, 0.6844867653873976], [11.406825085401223, 47.870618692089266, 15.789024000601502, 2.086831979318515, 0.26213987284368845, 0.6734872060380672], [11.447109428001118, 48.41456740391865, 16.126773921575165, 1.9725638097906615, 0.2558829524018354, 0.6845135752733278], [11.467583696531225, 47.84184859248439, 15.453097885551092, 2.0397454162873556, 0.2599356343963993, 0.6735160683511355], [11.433794255377904, 48.26295870089634, 15.609335412060522, 2.0307575677745615, 0.2607696223184133, 0.6767108020756857], [11.438794025068077, 48.133454941347715, 15.779059216675305, 1.996700063366684, 0.2564491080999791, 0.6807495648799213], [11.423291285229308, 47.78520572821349, 15.643563456319454, 2.0481631527636655, 0.2604733825851408, 0.6732557410989142], [11.419087140520913, 48.48796051679495, 15.52808780272748, 2.0234976848649153, 0.26102999236155855, 0.6789148291866238], [11.403457995194183, 48.28909272941044, 15.53695241103717, 2.019832602229529, 0.25970513573129395, 0.6752229179885136], [11.477215841014601, 48.19690937719066, 15.392827942225694, 2.02195482084626, 0.2630839056554999, 0.6717643602107051], [11.425030613052622, 48.92997211508522, 15.451376293127767, 2.026583145974861, 0.26262756022754685, 0.6765047693153203], [11.456905268380327, 48.02414897501676, 15.575996200184887, 2.056916054729278, 0.2625559286435433, 0.668264001421421], [11.445924110575122, 47.90641326645458, 15.79045776725331, 2.031759887916301, 0.25833030076683733, 0.6748450524473707], [11.466120614379276, 48.6594477967545, 15.348669007559975, 1.9871830201684277, 0.25927915874281804, 0.6792886265101094], [11.470886094566325, 48.33670868769388, 15.673164291714224, 1.964095728855228, 0.2556138999059109, 0.6826453314241477], [11.449456134617021, 48.33274623142617, 15.548001945884831, 2.061361495002442, 0.26362818881325567, 0.6705520806490118], [11.416626114129615, 48.07772025744683, 15.800816163882367, 2.0213988794779723, 0.2584720115041409, 0.6752733417300608], [11.445437450376263, 48.43368773819675, 15.747200066607748, 2.0769011464314735, 0.26827641635181043, 0.665845935698607], [11.478094445522043, 48.82025299237819, 15.423925655602254, 1.9322764900517369, 0.25562236341502387, 0.6854588811532328], [11.407799979365848, 47.55656127555756, 15.867464010547026, 2.0973519471276907, 0.2618067340588576, 0.6679838478036717], [11.442512218385211, 47.94361442871819, 15.864920408082854, 2.0245435413771222, 0.25695206137912757, 0.6801612947867439], [11.455508893149572, 48.12553661066397, 15.458049533335096, 2.038428456704149, 0.2611377617539924, 0.6773052020295983], [11.43838799619836, 48.10497915359969, 15.531939951280407, 2.0342473725299732, 0.25983166722722834, 0.6775077632575252], [11.454015257656142, 47.950351039197976, 15.522276931668197, 2.045535408754695, 0.26012548659241486, 0.6738346277805806], [11.43961820475753, 48.015743296766104, 15.53337145702003, 2.072880551665938, 0.2624520967252917, 0.67289300642677], [11.458988711410525, 47.854858304594764, 15.550848543571695, 2.0718084247951927, 0.2630417405818124, 0.670674580363422], [11.460348399927323, 48.04521453530891, 15.7155881095269, 2.030959829173082, 0.25972082152952963, 0.6771041742118415], [11.462585787772966, 48.237689584441426, 15.508808401808945, 2.0313344781440708, 0.2608055730348814, 0.6777377267336016], [11.480007207195026, 48.69636088965831, 15.639295237011348, 1.9898201681840155, 0.2614668792999856, 0.6728669090965519], [11.461077693639526, 48.82020688402984, 15.573300107476108, 1.9640293562245965, 0.2546617968038005, 0.6902956684122791], [11.453464461513336, 48.176804136750654, 15.723299404229142, 2.0138161418471405, 0.2589181140975069, 0.6768193957033368], [11.458543959961053, 48.30303575993781, 15.656995113740265, 2.0387136381638626, 0.26043337130632827, 0.6719054971271409], [11.462295486440635, 48.11185432024811, 15.372928268907128, 2.0476171946115604, 0.2630660753871128, 0.669965914375874], [11.459424526836088, 47.86144142684398, 15.52303494250585, 2.0737670373139876, 0.2631798187939678, 0.6702695167117385], [11.406807146702771, 48.22368821340891, 15.636050930190569, 2.0554529564841855, 0.26193396356792326, 0.6776081421769325], [11.433342336319681, 47.995236913971155, 15.707705944362917, 2.02604146777573, 0.2581976127251324, 0.6788613794590674], [11.442249010233086, 48.10621285833021, 15.624277491534194, 1.9937686586260877, 0.25530542836525244, 0.6830822989724596], [11.440612580524736, 47.67859908009961, 15.685915603521986, 2.0768393963908927, 0.2625469234386117, 0.6696360424063995], [11.475138823422204, 48.09616694377395, 15.47177405650815, 