{"basin_id": 16, "ref_run_idx": 6, "seed": 206, "x_best": [11.540567367027577, 49.440575696612605, 14.817115771933388, 2.080145933913855, 0.27693644996016953, 0.6604956124715105], "best_J": 0.03102635862419712, "P_final": [[11.540567367027577, 49.440575696612605, 14.817115771933388, 2.080145933913855, 0.27693644996016953, 0.6604956124715105], [11.597572686351631, 50.12095534978986, 14.437546749839616, 2.1473303227900415, 0.28854527326375207, 0.6506694052916063], [11.566944698943153, 50.05331269534606, 14.59174442542317, 2.0967385714204, 0.28329872430173364, 0.6588183277666627], [11.54151394563143, 49.48690726434634, 14.761094538170456, 2.1014059807272223, 0.279050528755933, 0.6582091999820655], [11.628054508322732, 49.78499531340104, 14.086280000533398, 2.2620492622588992, 0.2990587869192617, 0.6371867880961267], [11.58611231175521, 49.586018138328704, 14.483071712281678, 2.186352963049151, 0.288919288010242, 0.6464634659603049], [11.549679762484791, 49.95926880637078, 14.783220703427293, 2.076479318047341, 0.27930986213503745, 0.6610844942781782], [11.549592738351732, 49.60289476816087, 14.780493698271021, 2.112674046009193, 0.281379695237515, 0.6569892539597344], [11.546271776908227, 49.29968180180689, 14.782877846980748, 2.08544436484275, 0.2769917022922544, 0.6615335338606307], [11.543118404827633, 49.48823873840302, 14.734539253561621, 2.1359502299882727, 0.28289931545813873, 0.6534861410106865], [11.569207847099953, 49.20081311330887, 14.493621025438905, 2.168996333708994, 0.28690839613625496, 0.6469158452115795], [11.546029441679279, 49.57433921851429, 14.713100157077308, 2.1178809841185897, 0.28108287349959427, 0.6564924162705795], [11.55600740582455, 49.48922377884028, 14.693233761566493, 2.1094560294354188, 0.28051339335482967, 0.6568057492462308], [11.545865750458391, 49.546944320924815, 14.811404485775991, 2.0814776642252473, 0.27770445570270896, 0.6605100912644025], [11.544552375577222, 49.435171398524524, 14.781077620779234, 2.0991466661649887, 0.2786744058718639, 0.6589290273717254], [11.555029466656602, 49.430062275081326, 14.518698639332966, 2.1361109550812865, 0.2827163706959635, 0.6539181242048375], [11.541027802966564, 49.51733136688679, 14.79210499165303, 2.084434001214229, 0.27773836795350243, 0.6608296420053744], [11.541501933932093, 49.36746692832217, 14.804037610893177, 2.094098751133773, 0.2776104820623726, 0.6585195945612543], [11.551567441985162, 49.49208444813824, 14.750986550499489, 2.1108692634423933, 0.2793776430076886, 0.6571448178691598], [11.576550658050301, 49.95985040452176, 14.406855907844735, 2.1797604937740287, 0.29109642339141883, 0.6497549447938494], [11.55359843704552, 49.39156054402183, 14.720344827874872, 2.090015345362321, 0.2781314193035804, 0.6576670755303687], [11.599237529443437, 50.35012480343304, 14.383516466039254, 2.1899044353612953, 0.29329546307306176, 0.6452367168891493], [11.540388299632838, 49.57881552179363, 14.831755760229262, 2.0917681922508704, 0.2785361681819532, 0.6585844540408572], [11.558468520200398, 49.57828967928318, 14.797867690788921, 2.0712583786132788, 0.27686728130922433, 0.6617744579382341], [11.543689272403972, 49.393258431225924, 14.803839803197597, 2.1014644959941324, 0.2786983873158525, 0.6581860951039747], [11.550655258437507, 49.359945437345694, 14.803090168834109, 2.099618588195524, 0.2784418956344832, 0.6586107444344804], [11.543935217712859, 49.40668053319701, 14.782339343136405, 2.0908341425668766, 0.27801669535908724, 0.6604869706415601], [11.564944005196187, 49.36377501105099, 14.673459135198476, 2.1209072058040253, 0.28140206505509546, 0.6543868176354644], [11.576793916491157, 49.7045089497512, 14.603558443645895, 2.1520507119217416, 0.28615256539796247, 0.6495683033270911], [11.544454434390122, 49.74429458996182, 14.812003449328094, 2.089718960971381, 0.2788935716666493, 0.6595330124315704], [11.547100870914493, 49.61576827683966, 14.855594291049671, 2.088078801574611, 0.27871923714521696, 0.6604911704728551], [11.626828368253015, 50.335230253148325, 14.136626807598761, 2.119321747965933, 0.2894002027190323, 0.6521418044648145], [11.542998252315272, 49.49552546347476, 14.816904437931088, 2.088007102036027, 0.2776763855842263, 0.6604889966268883], [11.54569533207995, 49.527544225415454, 14.824150590616654, 2.0762356543402762, 0.2772539046018923, 0.6610430789206017], [11.561815261148748, 49.99368773271086, 14.476641764245384, 2.1512876410220594, 0.28692425958982926, 0.6537863687389199], [11.56466298937635, 49.99693222972856, 14.632291948968875, 2.112722989235469, 0.2822939443873678, 0.6563248581942728], [11.547328844662454, 49.660370151525264, 14.748415310082729, 2.07816311010958, 0.2783896053756799, 0.6605520599387149], [11.611376704281376, 49.739687154876854, 14.272335754195842, 2.2154778429894666, 0.29340475195717164, 0.6410327979874394], [11.592130541669338, 49.62309736749547, 14.352631179703259, 2.150473552299676, 0.28713051187138655, 0.6514046565079201], [11.556335549582823, 49.59092871064753, 14.675013895609528, 2.101620099880687, 0.28007703312856735, 0.6580228243128496], [11.698387924725651, 50.03293009125125, 13.761275007864162, 2.334266455242378, 0.3092261440293941, 0.627755983450112], [11.55101305026989, 49.47770605930453, 14.766903081116766, 2.0722499458886334, 0.2767921584807982, 0.6619930754302519], [11.545599743343274, 49.80390690942543, 14.806205048000503, 2.0777029090699073, 0.27898744808936177, 0.6612779170559006], [11.553825913501626, 49.30212274888965, 14.726134162362897, 2.103093454685161, 0.27849472157583094, 0.6594087201246852], [11.540799734970504, 49.7779941502545, 14.889012352983432, 2.0792219550221818, 0.2771988546963077, 0.6608104519722423], [11.54264174201087, 49.37062993676468, 14.849277675143748, 2.091289790087183, 0.27683858298190217, 0.6597459850125041], [11.549997039657773, 49.51670144305767, 14.681522889516117, 2.107366741635316, 0.28080218392382883, 0.655077095075983], [11.543939486763485, 49.44120317189287, 14.83767447327413, 2.08326742023796, 0.27762211337613096, 0.660139058726087], [11.540791632916974, 49.56256883920024, 14.816585745246032, 2.092988102901042, 0.27866298231012854, 0.6596403513369932], [11.546435975396374, 49.13556696876996, 14.756380170060883, 2.0973716620187, 0.2773553055999743, 0.6592216993564964], [11.542469083118394, 49.7490625947687, 14.71435702113083, 2.1001516019408424, 0.28071387428285527, 0.6587497517871695], [11.540500747803076, 49.50716098025109, 14.827866508480604, 2.105756173070011, 0.27960337492196197, 0.6574290393085481], [11.56736467113518, 49.701207799703845, 14.667999151730948, 2.1427496055974937, 0.28429459473622065, 0.6530838951553167], [11.54391718195153, 49.41598233288559, 14.806857147086388, 2.0790448066814635, 0.27683633888418835, 0.6615194532007135], [11.555465130325794, 49.50272769142673, 14.814649598465532, 2.0825829428497693, 0.2777299497127873, 0.6599268528216788], [11.552677119004382, 49.577553717383836, 14.719995380325956, 2.095484536532593, 0.280135680472163, 0.6573573520947827], [11.558828484746503, 49.392284547058246, 14.649886972235837, 2.1157583066388925, 0.2802318426539906, 0.6571837594971445], [11.559827756818658, 49.361639288297916, 14.656014161026743, 2.111669072236263, 0.2802243910265459, 0.6573376361032905], [11.541975586296637, 49.508463881155535, 14.784128675442199, 2.0783467220858776, 0.27714490377625617, 0.6597458256298366], [11.551463792391086, 49.68057327174315, 14.738162511737281, 2.1512684009546827, 0.28473959793108855, 0.6512768406504652], [11.542327262592284, 49.32465690953592, 14.807041338134065, 2.087218299747725, 0.2771155220999311, 0.6609295016856134], [11.545687226449994, 49.62435350188655, 14.719432767659441, 2.1097155998782213, 0.28065091825408445, 0.6578632153357477], [11.542509150815913, 49.71448535235225, 14.807046170037705, 2.078330506189861, 0.2781758590734281, 0.6604040372369422], [11.54816341433243, 49.58002839905374, 14.739744014170217, 2.1008429023467077, 0.28061993611655023, 0.658267549349052], [11.550628184504468, 49.517995570906784, 