{"basin_id": 4, "ref_run_idx": 13, "seed": 213, "x_best": [11.455282794399228, 48.870835834285465, 15.502382483164642, 2.0026933806946454, 0.26206445534877926, 0.6782490653770146], "best_J": 0.030953280507895656, "P_final": [[11.455282794399228, 48.870835834285465, 15.502382483164642, 2.0026933806946454, 0.26206445534877926, 0.6782490653770146], [11.471666493653213, 48.12282009286171, 15.264358339608362, 2.077332574422534, 0.266719424888314, 0.6607101823499715], [11.476675982183162, 48.95474570303309, 15.511180828196748, 1.9835236570259493, 0.2626459205575334, 0.6728305667929845], [11.4721307095588, 48.50153603763273, 15.703587007857585, 1.9675918767628666, 0.25494907794814553, 0.6848144333614434], [11.47713550542464, 48.61709211800138, 15.434109776763954, 2.02872439322695, 0.26559493183698113, 0.6704343944488944], [11.412609152361986, 48.41239730872367, 16.10308881449683, 1.9614093499721497, 0.25173511035048185, 0.6879389875020169], [11.410889473081507, 48.426326706193755, 15.425707474522566, 2.04976561976687, 0.2638060016397, 0.67220755506668], [11.477402700149819, 49.2598436833422, 15.438068016082891, 2.014123511611552, 0.26607668975933646, 0.6713680968696526], [11.474287744189544, 49.11647540327253, 15.20316342383419, 2.0841450298695086, 0.27487995520126035, 0.6632475564963709], [11.514048426025495, 49.723378620457474, 15.150625379220166, 2.023616316288248, 0.27164035359738375, 0.6666319956553524], [11.437121639455583, 48.9109817128716, 16.069438775348406, 1.9942651127692677, 0.25860421278506684, 0.6811538862487233], [11.496498837125271, 48.693521809172694, 15.074327838848083, 2.05164192042038, 0.2693702262995019, 0.6665968952800936], [11.495470926828268, 49.33417435131069, 15.366931177066629, 1.9793849841332445, 0.26542432630724705, 0.6742987181684835], [11.512600893013522, 49.80752180128991, 14.916800004307383, 2.0984735738914657, 0.2779433839840561, 0.6651595471576982], [11.505190718775696, 49.134713262160574, 15.165247823446194, 2.073910049484579, 0.27224640132611616, 0.6645627035614678], [11.532453676938488, 48.76677502227797, 15.464232284820648, 1.9874066084355715, 0.2589029574993327, 0.6793859022359637], [11.429661396134595, 48.84654685458472, 16.01766471830966, 1.9362590762072287, 0.253863559756642, 0.6850701884771878], [11.445182655162323, 48.95618242155006, 15.728930666816634, 1.9872642586932963, 0.25894877032890057, 0.6808645022758417], [11.562975634947499, 48.98483887866237, 14.314977189609394, 2.200500832879297, 0.2862285043309003, 0.6471111181067906], [11.459573561466334, 49.03596445529117, 15.457477334166692, 2.022399806978716, 0.26508017493887526, 0.6706423535185091], [11.451634528709464, 48.142486154454524, 15.485028859793513, 2.0473758817099683, 0.26196048430324503, 0.6688823020249126], [11.488364432940285, 48.06115710916878, 15.017298677694894, 2.131356694511968, 0.2720293058548151, 0.6624768556535028], [11.531823591709747, 48.83715065420306, 15.26264361739743, 2.0064770385313446, 0.2659432155706638, 0.6715671917589959], [11.444369867308529, 48.998893591995255, 15.721150251187131, 1.9326719467404878, 0.2552515070084974, 0.6900391293691117], [11.449933750296006, 48.75101162745219, 15.438478568397686, 2.065529204672559, 0.26634522292422014, 0.6690124229298682], [11.445787729540951, 48.945716650923885, 15.507111214986587, 2.0435931421037017, 0.26654247364531436, 0.6730597627057754], [11.470140289334749, 49.171465367206594, 15.29228373397389, 2.060652061563337, 0.2691329187687055, 0.6712210190937855], [11.49661526128333, 48.96383968156956, 14.903756427878076, 2.0675968622110443, 0.2724997593283517, 0.6601776064603765], [11.52287415376211, 50.10536384321547, 14.797387722878838, 2.0463978147887483, 0.27550866879250185, 0.6629568191264847], [11.48256867300726, 48.98063105502434, 15.416831769514335, 1.9915933649360134, 0.2621069439442244, 0.6788142592243508], [11.408193065557748, 48.50054477452547, 15.652580379676358, 2.01990198059151, 0.25835675400367974, 0.6818448220040284], [11.426430417894386, 48.00665009199488, 15.826245172447313, 2.018178605842558, 0.2559424701753115, 0.6816613026436165], [11.439997072242491, 48.83586763544658, 15.515279524253748, 2.0424443435473556, 0.2628530903161903, 0.6736108855435601], [11.466283799695267, 49.592595478685794, 15.44385394523245, 1.9510935467549757, 0.26077783783851166, 0.6805139823491604], [11.476424811913507, 48.87819820509261, 15.427115804127943, 2.038767697297158, 0.269326741271492, 0.673763833770685], [11.423448786164872, 48.24343298537352, 15.728583744741854, 2.0100166142503877, 0.259589021612619, 0.6783201192244553], [11.528440127747889, 50.120798333268525, 14.582133732857491, 2.201985344493515, 0.28754009452085794, 0.6520852776754006], [11.512296829180332, 49.14600826565566, 15.081882892345357, 2.0668121538110045, 0.2711394804504334, 0.6643633114047645], [11.509451039369964, 49.33144865385661, 14.7204144746811, 2.1521851585086336, 0.2811400304715382, 0.6572430297914463], [11.52776912773868, 49.41187105077634, 14.786745653872298, 2.0743474388585668, 0.27667411694300803, 0.6625288393008318], [11.458262038477999, 48.45760058847038, 15.840810491127328, 2.0200363875817726, 0.260239753575312, 0.6776015537314339], [11.412622156137624, 48.778890158562845, 15.938219032296653, 1.9293679444255527, 0.2502461074470151, 0.6956004447605393], [11.5083141859113, 49.6978859905244, 14.429137414294306, 2.1841235969270745, 0.28809651930871216, 0.6483674853376687], [11.461316970526912, 48.68113401855106, 15.741338041615602, 1.9790614467939527, 0.2596192652995234, 0.6775900377678853], [11.543604650984364, 50.31863651510082, 15.188241857444805, 1.9474531178494459, 0.26823980894088756, 0.6746779173175769], [11.590487520241531, 49.475188612070454, 14.539473071615785, 2.175704961759482, 0.2886948121381358, 0.6360521654298247], [11.401691723043317, 47.9152031868982, 16.022280398407013, 1.981757866336313, 0.25089513201564523, 0.6824880270598495], [11.50107879315785, 50.147272128973114, 14.996364598172875, 2.067814169639515, 0.279920762121409, 0.6642678738713709], [11.41378882701268, 48.26257120196503, 15.749629555678856, 2.0315043584394314, 0.2595015824383595, 0.6789899581554717], [11.484199514399902, 49.61437796658366, 15.280274228784902, 1.9886147128096043, 0.2665598537470442, 0.6765507300800886], [11.424919511224706, 48.24675829944741, 15.947079839674515, 1.9779767204620762, 0.25430574386616206, 0.6809832900613147], [11.461022945849404, 47.891792335034665, 15.577317064837743, 2.067262755780106, 0.26383562106527847, 0.6713486395010482], [11.484714785338603, 49.256404218832586, 15.472849247279902, 2.0156203461274003, 0.2662850751146703, 0.6743332615768797], [11.488536166744423, 48.486244467074485, 15.271865739797628, 2.0682404241738164, 0.27004457419903466, 0.6653994270753298], [11.52244543831484, 49.31529502192812, 14.94428047915799, 2.104276301447635, 0.27653541714513313, 0.6593968830204503], [11.51055606346867, 49.4025633556873, 15.05439688756727, 2.041427053451409, 0.2706962517270206, 0.671495692847556], [11.501803934288274, 50.03764866050135, 14.725749530955765, 2.2090161760311187, 0.2908806881495172, 0.6483921393561131], [11.520542176709537, 49.42726910824602, 14.735567176526745, 2.094414899993499, 0.2796574467215942, 0.6588626608792097], [11.515397308596897, 48.669632934107014, 15.350652760045643, 2.008128980020195, 0.2629902670217743, 0.6760423542144433], [11.516714105658027, 49.931038650804304, 14.875166677166344, 2.069241216651439, 0.28006602540637904, 0.6636346466187313], [11.503971966232026, 49.60677856873923, 14.894383713634983, 2.124954166832479, 0.2819668422404978, 0.6564864190677615], [11.433377191297621, 48.58386550945034, 15.52436344071963, 1.9930721160421316, 0.2589231380785733, 0.6811635146253241], [11.582905786723652, 49.565511727141754, 14.770546369341865, 2.1227542132392827, 0.2808500714040786, 0.6567084957889022], [11.489051966679764, 49.52337203401479, 15.566563735475691, 2.01631640897277, 0.26612711435512065, 0.6716626584843075], [11.494057253747112, 48.51207559114336, 