{"basin_id": 20, "ref_run_idx": 10, "seed": 210, "x_best": [11.504796036564787, 49.42761900920975, 14.98612026090728, 2.078463017047017, 0.27480058056986906, 0.6639147741026691], "best_J": 0.03099825183045945, "P_final": [[11.504796036564787, 49.42761900920975, 14.98612026090728, 2.078463017047017, 0.27480058056986906, 0.6639147741026691], [11.547255355930366, 49.721442250027785, 14.879559380827512, 2.0685475964333255, 0.27745321464100126, 0.6631681470831703], [11.60568756861576, 49.44243583141952, 14.25553483059297, 2.293708571435504, 0.2976065095229439, 0.6354277274846539], [11.533023617653315, 49.89300034279224, 14.894649144494798, 2.0035418285626854, 0.27264009972180664, 0.6703139544085382], [11.506401276582098, 49.61508191032753, 15.072368901896157, 2.0399972148456826, 0.27290525645961417, 0.6672596623079775], [11.495483209827238, 49.516898479912875, 15.07927849462524, 2.006448867646213, 0.26933617770356494, 0.6711605832263894], [11.59050709923479, 49.435004343956635, 14.5678054639382, 2.188044608243024, 0.28866644870918934, 0.648375259564629], [11.555334571477585, 49.6462204914694, 14.723996572730487, 2.116516813483319, 0.28228532119322614, 0.6571651898728027], [11.53203534292954, 49.72438814127157, 14.947514290916361, 2.0399727331728803, 0.2746942755861443, 0.6664683260642971], [11.488523147251994, 49.35476775683141, 15.273822758056017, 1.987035536510319, 0.2666174589223261, 0.6755771085010385], [11.537806189373018, 49.6171051761076, 14.903892176385673, 2.1020148125733713, 0.27920916628793013, 0.6595132634132588], [11.509505175136221, 49.512937928886814, 14.96280514330546, 2.0654557686029227, 0.27378827174971365, 0.6664888022711302], [11.515499505648444, 50.01108622899069, 15.056256399964827, 2.083526781331276, 0.2777869555033459, 0.6619837555957379], [11.507008544648981, 49.845433031176064, 15.067856286831518, 2.0186496899304935, 0.2719831221255479, 0.6698105752202668], [11.633314327091908, 49.10664331885543, 14.16293387839396, 2.3311054849180444, 0.302441048171339, 0.6329689270504038], [11.525346126806118, 49.68992744318389, 15.031866588673669, 2.035923470105806, 0.27651006715526816, 0.6639732373741992], [11.54715414083291, 49.74292072816661, 14.782922836215542, 2.039199581736981, 0.27521652908347294, 0.6648626472070779], [11.500432895413791, 49.65636128944171, 15.255901362520689, 1.9898972731517484, 0.2679409973758287, 0.6726555399157127], [11.595249589823773, 49.14728630537408, 14.595147920311684, 2.294165241119302, 0.2928067206389654, 0.6361704361308047], [11.555623364500962, 50.22973320435229, 14.743851980937226, 2.045209885371805, 0.2772344277926782, 0.6660517767360569], [11.537888877188797, 49.94459540941238, 14.904478617984333, 2.0461236435209895, 0.27695986873142375, 0.6646349897677306], [11.504468928577955, 49.80880883169751, 15.09049557673467, 2.0451298626462786, 0.27366658928975185, 0.6667328517763202], [11.509265537467446, 49.81813532602495, 14.905774949832132, 2.046757210664161, 0.274920543771188, 0.6659265451700327], [11.49373071469803, 49.52459478456488, 15.227455579876857, 2.0342129981807964, 0.2708101417899938, 0.6691078920310493], [11.522945387506171, 49.98756569412939, 14.95494132525965, 2.0000386175629234, 0.27142497148373373, 0.6699936958573591], [11.509630230097567, 49.84644129655435, 15.049675982976137, 2.055991100699792, 0.2742486475809429, 0.6647446115914161], [11.514862610114045, 49.70679604269953, 15.044225957512069, 2.0257195261285506, 0.27296591089750843, 0.6672385683838953], [11.528797758622055, 49.82798164114037, 14.768953290389444, 2.0560352169953604, 0.2763935042694788, 0.6644001498390304], [11.529599778871393, 49.66393602866784, 14.936574498348705, 2.0369655572840806, 0.27368893330773286, 0.6678649342141476], [11.516607342666465, 49.808213586275194, 15.120627369947222, 2.030743507861013, 0.2712230941898352, 0.666580105762575], [11.53193407371312, 49.69723127756538, 14.964764781567842, 2.0615299920917423, 0.2752779438390851, 0.6628457113016931], [11.62245422903345, 49.75022840910155, 14.203876755437944, 2.1876623701122466, 0.2940058186878286, 0.6434251444514902], [11.552989178139187, 49.68751029246331, 14.894578133660882, 2.045557161475849, 0.2750079483605166, 0.6659075055648874], [11.577534405102414, 49.50345059231776, 14.665482756523213, 2.117821746213226, 0.28235700646836365, 0.6546310469833114], [11.508076817774072, 49.6860038029617, 15.079671292093563, 2.032554120441542, 0.2720497742105127, 0.6696762946392858], [11.524782944706988, 49.59609256806479, 14.984902336961781, 2.0505649772585195, 0.2745317328688805, 0.6657406836387856], [11.5898881747642, 49.698670336407396, 14.576179976110637, 2.161466471313335, 0.2867541156881541, 0.6486914271603573], [11.5146774161022, 49.74353008869036, 15.024693171399324, 2.0279310769509706, 0.2728461200777916, 0.6683748436942193], [11.522838442300323, 49.925177273495606, 15.122606281553345, 2.0182498572738274, 0.2720097227949369, 0.669835532988944], [11.48130750480113, 49.77421588643857, 15.107097044876562, 2.0524984672661897, 0.2737650502727538, 0.6679079447054436], [11.519433269774938, 49.76394962390961, 14.994325609817599, 2.0381757413575547, 0.27429703953833684, 0.6666344852870121], [11.504783248982267, 49.69842521471042, 15.313378390675197, 1.982290013989291, 0.2667127243915106, 0.6728380417878008], [11.485674856937688, 49.73279572215449, 15.194236788160701, 1.9996732016780658, 0.268429401292305, 0.6721664653341003], [11.482423640387545, 49.23925108265715, 15.108640705052135, 2.0516686028074758, 0.27166677332173683, 0.6665122451597749], [11.491272643453536, 49.476361038064404, 15.208603724894335, 2.004604471910735, 0.268510765365974, 0.6733693368257315], [11.541401972614624, 49.78140087179573, 14.830868813252186, 2.0932824510665062, 0.2796211339523885, 0.6594742656480548], [11.516787691097623, 49.614767446291026, 14.936132195550186, 2.0875414033920823, 0.27748521210516314, 0.6616908682084695], [11.52113679747693, 49.67779864510739, 14.902462057859236, 2.081258321515471, 0.2759549822452361, 0.6689799310174115], [11.500874769471123, 49.67970369072176, 14.993256916182176, 2.0705884613431262, 0.27612810424814344, 0.6644411461950341], [11.521767517856915, 49.77778292934292, 14.976979518623834, 2.0355944738695277, 0.27387443082726315, 0.666413105663799], [11.49068062904549, 50.04859055765729, 15.185283940168732, 2.0017553118299203, 0.26921187295594073, 0.671585816144536], [11.522281378845175, 49.90997396144916, 14.933220479109409, 2.040754234859988, 0.27461324612211585, 0.6666725765002777], [11.573765591489105, 49.47038715881339, 14.39836616692591, 2.2770797573704407, 0.2954514604187539, 0.6355524504467084], [11.544242128888307, 49.59782690039121, 14.82305931317617, 2.11239082601847, 0.27988290635423996, 0.6562300899606534], [11.524857368529469, 49.62172024558949, 14.817593142703647, 2.0781593933426703, 0.27628379970299943, 0.6627373872491485], [11.53957099751507, 49.512575840914195, 14.748343845838136, 2.0990364886934194, 0.2783847220816411, 0.6644757451147948], [11.540115112641095, 49.499228269667384, 14.61620709079284, 2.187863772096617, 0.28534646169909283, 0.6487486235543651], [11.575234716702973, 49.88271648491783, 14.435956116153795, 2.1314856908650017, 0.2856284637543668, 0.6533161757892019], [11.554127051433198, 49.40502089970877, 14.539174124820514, 2.199913002780035, 0.28718100860922124, 0.649063678097836], [11.512554518149908, 49.49347560187325, 15.089104357998288, 2.0882178137422556, 0.2751057787053781, 0.6636287764006119], [11.499425168367218, 49.974222580603424, 15.086590068700762, 2.022067876769392, 0.271389904931132, 0.669797589418205], [11.50309117808409, 49.90109594367362, 15.198907305550776, 1.9854053169163834, 0.26795347155741894, 0.6730953782986215], [11.525301117854527, 49.97653754556522, 14.902268627691319, 2.0390976720429537, 0.2751394128843329, 0.6655436795785967], [11.49586586641985, 49.510977458411595, 15.07115853423433, 2.0420753259219477, 0.2720374211781007, 0.6653652367841592], [11.513863086993668, 49.70838183844409, 15.039191312217996, 