{"basin_id": 4, "ref_run_idx": 8, "seed": 208, "x_best": [11.49906734212836, 48.86879734596964, 15.165227154906434, 2.0499045429176816, 0.26875178890474294, 0.6671558199317964], "best_J": 0.03093887357674661, "P_final": [[11.49906734212836, 48.86879734596964, 15.165227154906434, 2.0499045429176816, 0.26875178890474294, 0.6671558199317964], [11.54163493047588, 49.35079265221862, 14.820401637745023, 2.134090389237852, 0.2806143062186796, 0.6574365469105378], [11.53286508950722, 49.44500453166795, 14.966348526907195, 2.063673269286019, 0.27431708482771255, 0.6625189284282635], [11.505141821290296, 49.22162048267158, 15.024395261140185, 2.0682973636553745, 0.27217891547280476, 0.6651581178738727], [11.585656152121633, 49.64852613485632, 14.842582532468192, 2.0769056528281933, 0.27577289299170654, 0.6589176065148804], [11.476822153876274, 49.52032501034623, 15.358758245852316, 2.0178744541006783, 0.26654719073625743, 0.6737094701828144], [11.50616851130187, 49.11996513811519, 14.944669718873785, 2.042055707497499, 0.2697894520994605, 0.6689893442962632], [11.506837228807578, 48.908528368116094, 15.14234959916777, 2.046595833538697, 0.26899759051044064, 0.666416295692053], [11.575101604586504, 50.25812760755386, 14.537103177503221, 2.1010965448564773, 0.28441868337666415, 0.6587015968234989], [11.516253549934998, 49.01432472140094, 15.120421450902393, 2.035717465020281, 0.26976255544320915, 0.6655899909032139], [11.532978243884166, 49.78435034145456, 14.667376370990109, 2.1409246261292516, 0.283787712093986, 0.6532119397534504], [11.540347994062083, 49.4219913305614, 14.802119383108977, 2.103424173741074, 0.278845459473489, 0.6578896320339034], [11.458118424753197, 49.078926218312766, 15.619021689935987, 1.9890490279542172, 0.26162730290913505, 0.6783331862521645], [11.477389041554614, 48.51492142649107, 15.442323240281487, 2.0392466381459022, 0.26362018974352447, 0.6738003389788548], [11.533325337439452, 49.415058483935944, 14.534682252045393, 2.1606400325400186, 0.2837179271001589, 0.6568573606912212], [11.500710390815193, 49.136812362102965, 14.833694098396657, 2.055422349438942, 0.26818700896049064, 0.6697927359903569], [11.47291307136031, 48.96769920634767, 15.852549011956572, 1.9321647573119354, 0.2548614087234412, 0.6852045861880506], [11.466255044776208, 49.62630392654312, 15.14987492063915, 2.0142306016439737, 0.2695433995785446, 0.6744721957428074], [11.506982403946205, 49.024242201476945, 15.298333583806114, 2.018384916962884, 0.2670207567540199, 0.6689219675469943], [11.522125186848935, 49.52434465211877, 15.182571348728944, 2.0282773970366077, 0.27034034513450844, 0.6678542758288233], [11.441202975500293, 48.305988791690815, 15.879337178218975, 1.970825301203785, 0.25566757404217083, 0.6837273566151748], [11.519136468045776, 49.01524089559788, 14.889133549360087, 2.1414775327148545, 0.2791444552282068, 0.6525510227447522], [11.495622983626617, 48.66743621048315, 15.172160482333723, 2.0552279013266466, 0.26780105952043665, 0.6693006471136534], [11.516789885927508, 48.61196779651262, 15.353692608221824, 2.0123798822461936, 0.26285979059195874, 0.6757806569025179], [11.589365347849615, 50.143542789992445, 14.478882235156565, 2.110869019038164, 0.2847893536039044, 0.6496358893223394], [11.453924161844112, 48.32412056126297, 15.627706203316027, 2.0573342251328035, 0.2628207246732382, 0.6725909097661539], [11.503536683884192, 48.76076749330769, 14.987438419606788, 2.0698053657412108, 0.27043410362268594, 0.6645302000195522], [11.501021581430361, 48.96444480883895, 15.05386198169895, 2.078490149668221, 0.2717539052190641, 0.6619618181685345], [11.501518484717824, 49.313755437407586, 14.850207677256826, 2.0641760811275924, 0.27247333414651354, 0.6666323167515424], [11.42389165149624, 49.07459017978268, 15.958484566606394, 1.9300816059451884, 0.2528104522870283, 0.6893601943570585], [11.50398863320655, 50.060036989150035, 14.713772853126065, 2.1573327559832944, 0.2850795288419937, 0.6503645415282634], [11.525293940272093, 49.7605073052175, 14.239670968194309, 2.208819026762266, 0.28934754216110087, 0.6433436589031019], [11.464624472482, 49.23812973207121, 15.415405913335087, 2.0058791172988553, 0.26439004769564545, 0.6725072984917773], [11.516553806146737, 48.88428223525514, 14.644927028917316, 2.133205636955467, 0.27871997424750355, 0.6560438513947086], [11.550929489162256, 49.38684487532366, 14.343758164112069, 2.2154790729505858, 0.288654569037988, 0.6497706244260881], [11.494336189646535, 49.564127704714465, 14.982716848754283, 2.0536015772767624, 0.2728225488831046, 0.6669513426381412], [11.63356548341975, 49.76884280449954, 14.532732708167906, 2.1480372505324077, 0.2847918279096402, 0.6559175522073846], [11.501991718166575, 48.94761973095989, 15.244931554884573, 2.0061036258391494, 0.2652922339948195, 0.6711335616983781], [11.479937832637763, 48.49985339866839, 15.40174093872252, 2.039123671381034, 0.26493168834387315, 0.6724012198598126], [11.51272319759124, 49.51257583728536, 15.102103922922767, 2.0401668573467657, 0.272352906485671, 0.6668686212683537], [11.519865382876901, 49.2296069034377, 14.985191761601474, 2.038490070244662, 0.2699693233355877, 0.6667565082637343], [11.502113013862674, 49.63348226666349, 14.979576757756725, 2.03813891762522, 0.2720746993352486, 0.6688865879127843], [11.542615469661886, 49.307277938452316, 14.645023061471758, 2.1559063468185093, 0.2846130809475267, 0.6475890789165422], [11.477915476799945, 49.03693892641601, 15.533375634791081, 1.9680678207742794, 0.2592912421427637, 0.6793963259747701], [11.47652660133216, 48.55698534105436, 15.528784942371521, 1.977422833461987, 0.25785967795508574, 0.6838884042465225], [11.50331163407357, 48.80582985676081, 15.20110050233286, 2.0688337534234535, 0.2679554029511597, 0.6724139344258492], [11.482143120083316, 48.56306978008777, 15.554137309910713, 2.03403969947436, 0.2644803565745554, 0.6700198909314907], [11.492431294634137, 48.61130506121226, 15.034865421325597, 2.058792593383854, 0.26868861002026434, 0.6663035986295271], [11.486194733402368, 49.032999936118344, 15.380883744804125, 1.993670342020606, 0.2634288473323256, 0.6746259582883675], [11.555292822362723, 49.50208384398953, 14.725873987469097, 2.150395718388444, 0.2834048100703627, 0.6538349419755187], [11.559433816671369, 49.589464521911424, 14.805353076616154, 2.164665461326125, 0.2853270898398949, 0.6497899862813732], [11.516890231784613, 49.14640238574221, 15.043320595785652, 2.0281155663083252, 0.2683008113899706, 0.6702965196591046], [11.564297770296553, 49.56569052084347, 14.266199463597204, 2.194585149866824, 0.2909633555882787, 0.6445144891598508], [11.47162368431155, 49.380555967285915, 15.527315848939802, 1.9518997061594139, 0.259873636178952, 0.6811669879079262], [11.500090463168066, 48.43006454508153, 15.281640685547828, 2.056420001169914, 0.26599492993706614, 0.6675039711267187], [11.529843106207121, 49.48953237495618, 15.17244362050338, 2.000585416501288, 0.2683223082345142, 0.6707563785171959], [11.47194276756055, 49.2485149766331, 15.414744166232625, 2.01084635497398, 0.26551417726329346, 0.6705842113037717], [11.473354618315652, 49.14009863137728, 15.121744632566092, 2.0472116463062746, 0.2693793556483231, 0.6693114719080613], [11.49593121786671, 49.40832980053538, 14.980955821025569, 2.09992576690882, 0.27670671273834996, 0.6638008571284713], [11.479146996298939, 48.67504527210605, 15.41106616522652, 2.0226807792326023, 0.26424742637288934, 0.6728607254011624], [11.504679505391417, 49.13651735216169, 15.485857927507833, 1.960791872265923, 0.26084160747833424, 0.679556280066578], [11.485693459567564, 49.38004472791962, 15.202540435328903, 2.0101961273487015, 0.26740399384748326, 0.67374891438054], [11.587642633600026, 49.86301381189686, 14.602203680502662, 2.1560196309726827, 0.28456036234717497, 0.6530940903597207], [11.459889748395453, 49.10063459376513, 15.556190244225819, 2.0080613527564433, 0.2633887643624007, 0.6757343595476893], [11.494735769383972, 49.83366882659343, 14.982743554431291, 