{"basin_id": 20, "ref_run_idx": 14, "seed": 214, "x_best": [11.507642446979379, 48.89656369794902, 14.963287375482928, 2.1019427337436634, 0.27433193667962885, 0.6590926852249852], "best_J": 0.03103225662552697, "P_final": [[11.507642446979379, 48.89656369794902, 14.963287375482928, 2.1019427337436634, 0.27433193667962885, 0.6590926852249852], [11.566328574486029, 49.22818622875345, 14.274918740705527, 2.2364336577093824, 0.29231089842542923, 0.639095675214135], [11.538026893912182, 49.219931030596186, 14.698546437754619, 2.207593010620623, 0.28931088880049605, 0.6438162876043871], [11.542309888913824, 48.42371811307825, 14.784444600758851, 2.2106307727770083, 0.2821547628061853, 0.6472202191670309], [11.539153195772629, 48.866608248275135, 14.686382522284624, 2.2307895728657248, 0.28862142276910724, 0.6415406389419159], [11.559207092157262, 48.99489703327905, 14.66610158899712, 2.1774566313717925, 0.28426789969866145, 0.6530521031366255], [11.542874919955027, 49.09988434745325, 14.55983585482307, 2.1437691219486936, 0.2819041079137816, 0.6553164835159823], [11.578861941864766, 48.997561297075706, 14.441087593642571, 2.2114255133334044, 0.28798464239131377, 0.6472472920102993], [11.61974391904571, 49.07086270141859, 14.26182336805101, 2.1683081092633767, 0.2874459600871771, 0.6439739468458542], [11.545644493122053, 48.86300588009632, 14.650352947612689, 2.2113175799447857, 0.2863799519993708, 0.6442024697413552], [11.547185188125898, 48.360766324625374, 14.555967628080872, 2.3731069044575004, 0.29486626765092744, 0.63283920568855], [11.62171583117045, 49.71851803927447, 14.46100361816457, 2.130934823663571, 0.28422868185860095, 0.6548677275618099], [11.538760901452358, 49.30542340037803, 14.765988058909244, 2.111694537469161, 0.27786314511499016, 0.6558835271207953], [11.617948113235308, 49.54845431156152, 14.313343962627911, 2.3271844749436905, 0.3007041828766499, 0.6350039556322672], [11.57808089165002, 49.24685235616747, 14.433315661530422, 2.2561612415721912, 0.2931783462811032, 0.6369518632927152], [11.567211866459425, 49.230675452786805, 14.438513916933761, 2.1804357034350934, 0.28497794543936106, 0.6503006003205073], [11.524950681261503, 48.95550149766316, 14.483670190721176, 2.2064523761948323, 0.28678069721684757, 0.6444574300503944], [11.505894507672348, 48.94294747879154, 14.755202943765019, 2.115467552869511, 0.27742482672347357, 0.6560295909820453], [11.529925237235895, 49.085504775112106, 14.646140102328953, 2.12444061886649, 0.2794529844135691, 0.6579853183159903], [11.628431886307016, 49.712260542480365, 13.905175894702126, 2.276114364555194, 0.3009578430184741, 0.6388510902816099], [11.585328831086057, 49.05935456857756, 14.257137098934898, 2.2360136031107833, 0.29282401949473286, 0.6374521024396836], [11.563343699462894, 48.96021469422573, 14.507232361560904, 2.2034618284858025, 0.28613075795639, 0.6485003065535551], [11.54109775265573, 49.012234647472944, 14.578038809490643, 2.1571296022329944, 0.2805221550191868, 0.6534824810634223], [11.523189406164184, 48.72626263548699, 14.606562889873944, 2.073275722425267, 0.2728662528204155, 0.6612861761892316], [11.553770720998669, 48.456354144833014, 14.746625421604977, 2.144972546797194, 0.2765628126969124, 0.6550100119969968], [11.560268647061767, 48.7727625682356, 14.539438131516869, 2.26024280971302, 0.2899934725242024, 0.6354691926777978], [11.525894348615957, 48.583367600839466, 14.675790102455116, 2.2220107602976693, 0.2847700829092449, 0.6456016971687819], [11.555255103044374, 49.817238664916786, 14.596883803457361, 2.217907907791817, 0.29190525488460684, 0.6413754494509899], [11.551882567075983, 48.74170498854541, 14.605074071199892, 2.2364250751377903, 0.2872192049277533, 0.6445006722896742], [11.554904404712982, 49.250057233207386, 14.598956337942587, 2.130282771185744, 0.2820697183729711, 0.6533791601784066], [11.579068589794959, 49.196725163026336, 14.466674049445835, 2.1374598020922364, 0.2849306048293257, 0.6493253419347185], [11.57786906865061, 49.28352638834508, 14.62482812667609, 2.2250634660804156, 0.2893374579679425, 0.641363863163896], [11.580006395523887, 49.80733687412518, 14.462497278790277, 2.1747774007040794, 0.2890498326904611, 0.6464715893571918], [11.562567219465615, 49.41480353469465, 14.505270399322935, 2.086278081933966, 0.2791052150434802, 0.6573265075922714], [11.565544879148622, 49.66993673515933, 14.509335121647023, 2.119708601630718, 0.2809851523123027, 0.657830517924777], [11.579675332103164, 49.40756636205302, 14.56167078336435, 2.1009909073655404, 0.28070290319682556, 0.6520428748429536], [11.552689728247598, 48.86257770916712, 14.381370002120647, 2.3042567408864434, 0.29476776948574546, 0.6367760794759081], [11.550382067979234, 49.241650272757425, 14.828560834605993, 2.149762530595195, 0.2826534443810264, 0.6552389675603276], [11.515771922774624, 48.82437313206489, 14.670186835808547, 2.218767942208395, 0.28527008542974097, 0.6469633143072556], [11.594944215607827, 49.3515138449919, 14.355083179429265, 2.208640720644405, 0.2917186748864419, 0.6437194501932787], [11.580250781494914, 50.13859252189636, 14.534553724214007, 2.173926123580076, 0.2929390422251138, 0.6450069493094578], [11.578826135049423, 49.26494769542848, 14.743164838649497, 2.1812467693541424, 0.28628574746980395, 0.6466475440186213], [11.544047658243649, 49.27678459544241, 14.491047515872765, 2.2046017229388415, 0.2892478063471758, 0.6399547459681761], [11.633366777726868, 48.94472480761138, 14.111319063993689, 2.2572573343272784, 0.29501322642441, 0.6388229685063794], [11.600524363487656, 50.01737393297546, 14.359586332234658, 2.138893798382591, 0.2899319512942055, 0.6453617764808921], [11.62271667041939, 50.61975896311228, 14.139711468380645, 2.2900076559893168, 0.30538742860727996, 0.6336928043188704], [11.591365858468425, 49.389581079541664, 14.452603340174687, 2.1350662031532663, 0.2829327622074755, 0.6512295405390934], [11.553483092846875, 49.32167315137412, 14.458654940076292, 2.334169440266043, 0.29929995309453195, 0.6323358965406015], [11.534381704585098, 49.25618394143951, 14.531915697082388, 2.175436276590971, 0.28363221075441736, 0.6558116909894686], [11.592065487559253, 48.91776466064594, 14.51049511168966, 2.1669255015052276, 0.28442722588786573, 0.6479165740427875], [11.56010024487789, 49.370320227205895, 14.281057924700049, 2.268053137430005, 0.2939759074305375, 0.6414297103481225], [11.571514808003016, 48.96221000910039, 14.544242006916475, 2.156999097106785, 0.2831109596091134, 0.6505178297265988], [11.610520714848665, 49.31909716404041, 14.556272771514353, 2.3236134920671616, 0.29879422221002677, 0.6341801262812241], [11.534840660309046, 49.394664949560756, 14.405173149435694, 2.184865575328268, 0.2870258418628167, 0.6513303409826872], [11.618949781133907, 49.61448822932363, 14.24383206667265, 2.143165162739606, 0.28734973975489586, 0.6521411136495315], [11.573848307070143, 48.87476650670032, 14.559172346544868, 2.258787428472185, 0.29018612475368144, 0.6396288058673418], [11.581887800094663, 49.565194291779555, 14.47032270808501, 2.216111415208989, 0.2913905965610967, 0.6436420587598642], [11.595940863530057, 49.68904320018353, 14.146248840919762, 2.289157685815265, 0.30205154442563253, 0.6305463553328116], [11.637229754231587, 48.99102390410667, 14.031637072497714, 2.2386679339287845, 0.2937430819195239, 0.6349012441647928], [11.539732629576216, 48.90339168379162, 14.607871899049355, 2.1913450491094504, 0.283310065134274, 0.6504067733546067], [11.55530803310215, 49.36593364327368, 14.548413692360263, 2.1481188059447134, 0.28190718642495244, 0.6548863448475726], [11.607432112501707, 49.804587497094964, 14.049905149078858, 2.173907235019383, 0.29044119859468553, 0.641182919911804], [11.604973570327433, 49.65132104201324, 14.195935290670935, 2.3157323136165244, 0.3037364489966497, 0.6297018289557587], [11.612251264618385, 49.478164256311125, 14.279733623491195, 2.213998834592618, 0.2915947064659201, 0.6420616339063734], [11.543028822763707, 49.15012663780676, 