{"basin_id": 22, "ref_run_idx": 13, "seed": 213, "x_best": [11.482723259273694, 49.22810703929857, 15.137624433791824, 2.0636814824856704, 0.27156038786305664, 0.6653996602812643], "best_J": 0.031004665475364568, "P_final": [[11.482723259273694, 49.22810703929857, 15.137624433791824, 2.0636814824856704, 0.27156038786305664, 0.6653996602812643], [11.551981282710532, 49.455250168993594, 14.448731771060325, 2.1451569701969877, 0.28469299878422677, 0.6515253760794035], [11.547209890294905, 49.40421595941033, 14.941798678377173, 2.092749700682684, 0.27733451696516664, 0.658799816777362], [11.54895223139334, 49.66114608076241, 14.50038508515305, 2.0750533622901752, 0.2793367676373659, 0.6583282425627934], [11.581485105116288, 49.12591428430581, 14.24007598683384, 2.1189603655898197, 0.2797048938024063, 0.6542174017111213], [11.535912396641468, 49.10580419477036, 14.851303859870878, 2.1267583176985183, 0.27925975501387423, 0.6564924066298722], [11.591839996010854, 50.04287681874019, 14.413028287980174, 2.13784709820716, 0.2878621094253834, 0.648797636691517], [11.539951695811181, 49.40027084360018, 14.671794901470538, 2.1297100194914416, 0.28205522059233135, 0.6520066562777885], [11.534012126760437, 49.18611766841089, 14.753433977935572, 2.0975039078954225, 0.27848804147666734, 0.6568456279587014], [11.572088221507066, 49.63213750778614, 14.297775512097292, 2.2193509329157273, 0.2922966200660551, 0.6471502011913551], [11.516527771618076, 49.004215664063274, 14.89208572263485, 2.112024896205425, 0.2775684332579849, 0.6589759760470753], [11.632730934953285, 50.209508247972764, 14.127742651563711, 2.1371044788219296, 0.29064697006095314, 0.6458229424521671], [11.604653574641262, 49.59603484355396, 14.379877659770957, 2.1754697523460322, 0.28710355428890155, 0.6481667853953308], [11.534413092457168, 49.24019768301537, 15.123272295284707, 2.030774992292241, 0.2702399455602715, 0.6677299725928081], [11.553792341761401, 49.58748946091983, 14.463839476763697, 2.127347307784933, 0.28454768541828507, 0.6526122617186386], [11.462250971576111, 48.924756984263134, 14.926461033218429, 2.095445546117195, 0.2746202384216925, 0.6625495589098708], [11.573545102629176, 49.68177191068139, 14.524669460114236, 2.088935266893127, 0.28208542057062547, 0.6551393726957524], [11.594314743361878, 49.673362386132055, 14.447666718002834, 2.1764735504891832, 0.2899643795937575, 0.645127166609706], [11.56781768459744, 49.71845131876364, 14.626371151106845, 2.0833104945388157, 0.2799588915762136, 0.6548284324410456], [11.590158073706096, 49.340806806327585, 14.406939041834034, 2.248284345394389, 0.2906108941454255, 0.6415768589363228], [11.50456126193042, 49.0039109900005, 15.045234569503297, 2.0525981416773424, 0.27043700774383644, 0.6632443859787022], [11.545014808076935, 49.351608352381355, 14.830074292655956, 2.091099197925464, 0.277443241643908, 0.6592987701046837], [11.582138524392407, 49.74297802544753, 14.345360299409906, 2.1278916509992367, 0.2861573531110334, 0.6511385417915964], [11.538307136115927, 49.29310368913944, 14.756569661980217, 2.1618165736384274, 0.28179030230571606, 0.6531109903508834], [11.508402164684174, 49.03024680240121, 14.780828748493006, 2.141386309012787, 0.2821362178053047, 0.6520008833621318], [11.549205318771131, 49.98382935460928, 14.713314987856199, 2.1014932686592642, 0.2812455767082344, 0.6563145517947567], [11.556071970174294, 49.44377528426484, 14.561153551172389, 2.1564453889391446, 0.2841251464494233, 0.6558846900310521], [11.551956000320521, 48.919629028164756, 14.925151501638439, 2.1159230272944685, 0.27758243951363326, 0.6550325404953725], [11.568771643974193, 49.715886596155, 14.404195913903013, 2.1629047212659858, 0.2875001123661067, 0.6493840124109824], [11.568360029760075, 49.5351409598241, 14.629083949945027, 2.150243419420339, 0.2857613802316419, 0.6519253929454071], [11.532414711490304, 49.28828612320824, 14.615311354766312, 2.1220994534688753, 0.2817968550381122, 0.6576343175545325], [11.517220472873463, 48.88345257083462, 14.954170521727505, 2.085692817881694, 0.2762993206952577, 0.6627873133947764], [11.572321919234712, 49.944552566996144, 14.579736786033456, 2.1307962651402774, 0.2893494869870783, 0.6523674726246957], [11.55519009937671, 49.47344799415176, 14.74880103869227, 2.1131278034369054, 0.28054810450231454, 0.6573836500940111], [11.57306613003281, 50.494168137836674, 14.386933830593856, 2.140013397659826, 0.28819885242462256, 0.6535679595005842], [11.552211517434891, 49.813413770711726, 14.585044919371681, 2.0880385132720938, 0.2805058462267553, 0.6565435597264828], [11.520676410652825, 49.200319164975646, 14.902467034956294, 2.1103997533543826, 0.2784537754417407, 0.6545021265972664], [11.563945652272869, 49.022778470285, 14.718309534570196, 2.1740314787114454, 0.28316054029301424, 0.6508065894677038], [11.554973506019447, 49.70422289971727, 14.558768345667048, 2.1134008797210524, 0.28463156229370523, 0.6501889449463049], [11.608688137284851, 50.46582631246334, 14.356844406863745, 2.1839608829432904, 0.2955406540914047, 0.6431368031407435], [11.56415937497261, 49.36845272931944, 14.804221872273533, 2.130615233670999, 0.2817159910102778, 0.653191245467315], [11.541630630078346, 49.563357670019876, 14.910086658650895, 2.0923967961858025, 0.2780029997367847, 0.657651104832386], [11.527413924676438, 49.28929079330882, 14.901773050804278, 2.1060509494499655, 0.2781854235209857, 0.660442448446342], [11.583645610119923, 49.77913651029106, 14.59877610204057, 2.113181248499679, 0.28270355575996364, 0.6554719562560789], [11.664785424045393, 50.59491708747328, 14.058659928045948, 2.1447116011716076, 0.29468412045800074, 0.6404311550774354], [11.54972468612869, 49.265736970955665, 14.613117038926854, 2.185368194812528, 0.2880702917249644, 0.6490733472551661], [11.567316049537293, 49.69917609452432, 14.472170567063937, 2.1092354250865446, 0.28325711755116156, 0.6550931444493273], [11.566027967520245, 49.55290521213162, 14.622905105381045, 2.1131902849272914, 0.2814020805873081, 0.656942761338012], [11.592456967852781, 49.960670031212594, 14.430509521962005, 2.161606503960602, 0.2884872000760917, 0.647403388705877], [11.521824706150182, 48.92662215248753, 14.794001208349165, 2.1138651166828493, 0.27794848090853597, 0.6592646945222871], [11.582006955308929, 49.53962442108186, 14.413244397492653, 2.158724607786395, 0.2882371310459574, 0.6433601508021972], [11.539679382938262, 49.01546513471995, 14.730264919426, 2.1290596693932486, 0.2807675835743761, 0.6530785755843057], [11.553676980077379, 49.283354321278075, 14.706132508137003, 2.1003031968137233, 0.2796470905745408, 0.6533301244859034], [11.564442617884662, 49.05958428225142, 14.87965801999301, 2.102077691271683, 0.27556659354737556, 0.6604335210308552], [11.484510176929259, 48.86864214881959, 15.01518571124115, 2.1002959755439568, 0.2730449770583504, 0.6614385981900168], [11.560750790567969, 49.6889362575345, 14.507385573442159, 2.1575426814889704, 0.2870372779108503, 0.6518560953336199], [11.609128379888553, 50.29062871662944, 14.142906689813257, 2.2160755873946463, 0.29632859208519446, 0.641823311182783], [11.631113959462821, 50.148632122306914, 14.04217781598573, 2.3169557269036845, 0.30442828862822563, 0.631186148728727], [11.594396239340847, 50.003889791534014, 14.236266160520849, 2.2277509910998616, 0.2956952665381582, 0.6394516726241395], [11.598955608996913, 49.878154655502854, 14.506884674792039, 2.122392057558662, 0.2868859593532531, 0.6523929097965455], [11.509319431610445, 49.40654740653939, 14.78454664230904, 2.137848291820294, 0.28249838747433853, 0.6591113217943605], [11.591727415125476, 50.10776650815313, 14.624142774172576, 2.1170633695393395, 0.2845055715642827, 0.6556617372138192], [11.564274360519127, 49.71938144902194, 14.525394783232082, 2.11533650563593, 0.2822217811788598, 0.6524173551331461], [11.531050839827635, 49.43771230959505, 14.812663790438563, 2.1247916851343627, 0.28042459680277815, 0.6574462098832355], [11.632110586781183, 51.364450767673496, 