{"basin_id": 16, "ref_run_idx": 4, "seed": 204, "x_best": [11.54030502327033, 49.320921862270374, 14.822147085460676, 2.092157387102448, 0.2772415235909819, 0.6597952356466659], "best_J": 0.031022272919099876, "P_final": [[11.54030502327033, 49.320921862270374, 14.822147085460676, 2.092157387102448, 0.2772415235909819, 0.6597952356466659], [11.551238445074024, 49.84849191201269, 14.714463301437696, 2.135494277658206, 0.28431044142307044, 0.6538025761737568], [11.541649044957824, 49.35074132751868, 14.788037880082182, 2.0926353654569274, 0.27750458377897486, 0.6593616051615161], [11.540588414575856, 49.37860444295576, 14.757334306099935, 2.1014533880184927, 0.2785125991865017, 0.6583543640816257], [11.542598989873243, 49.612052496154995, 14.650426121885564, 2.118571833083713, 0.2826075017731632, 0.6531137104715853], [11.545175428365882, 48.97495302485305, 14.885638076948045, 2.085760945220982, 0.27744531747268425, 0.6622165883973649], [11.53982559572885, 49.2849379007016, 14.810305122683086, 2.090319979850617, 0.2774190915505059, 0.6587011926800557], [11.540886227027142, 49.51774042742314, 14.875885018983926, 2.0772448891430937, 0.2768791737584375, 0.6625379814266901], [11.546368825467864, 49.37708706085204, 14.82760957124657, 2.0813544327957936, 0.27729568728999804, 0.660560717559394], [11.54861695868259, 49.41639788776735, 14.846851214207769, 2.0820937880166697, 0.2769838287265809, 0.6605813474636213], [11.571904984254031, 49.56308467148398, 14.591826590721995, 2.138591057928884, 0.2840883715974672, 0.6528552047942077], [11.582456145172085, 49.79608244974967, 14.491795588401743, 2.169224276902874, 0.2879197026545738, 0.6488156992664424], [11.551334062307841, 49.67167003329982, 14.803071700903791, 2.0681991862166518, 0.2770619734598178, 0.6626788696495638], [11.541973156961612, 49.32402399865418, 14.813897955102977, 2.1026954763278245, 0.27807197917126314, 0.6582651613657932], [11.540390108489724, 49.17022591536299, 14.81915960300203, 2.1034417310668574, 0.27793332878203897, 0.6564374093600316], [11.54323471081066, 49.60687699055576, 14.760991258283573, 2.104697586219386, 0.28014127405360456, 0.6580342072153958], [11.542381204565856, 49.3977616217625, 14.716478654395297, 2.0972136241712236, 0.2786864930522364, 0.6583548163153156], [11.642622932544134, 50.25608754446493, 13.968580787944218, 2.230136386865426, 0.3011582426556882, 0.6363544174533802], [11.541841609496283, 49.30623724085138, 14.73533133981798, 2.113594679409905, 0.27925789040382976, 0.6577962442536222], [11.542717334520253, 49.23436318665671, 14.814466259758095, 2.0964871727783776, 0.2774352430017139, 0.6595070908854751], [11.541973982524201, 49.272573599134844, 14.825268548825719, 2.092458766305637, 0.2767910678351679, 0.6598559073713296], [11.541363171011868, 49.39335567059448, 14.828860520596919, 2.085724691941268, 0.2775170069992293, 0.659365595747314], [11.540105343841935, 49.18459352979147, 14.80508718278237, 2.1200506311943745, 0.2781191630846811, 0.6583491812476899], [11.541555332832028, 49.29090532238474, 14.821348239837604, 2.0922976130358655, 0.2777909353219098, 0.6582533983357095], [11.554205941536384, 49.48555156968864, 14.603641586437917, 2.127944096069275, 0.2822366675370607, 0.6554410339432081], [11.551400609863302, 49.280102876447074, 14.732894845385877, 2.121442357066329, 0.27987479937940507, 0.6570292660170355], [11.541792371167205, 49.32633560326304, 14.807436561042255, 2.0900737958323377, 0.27733380515921424, 0.6596305521745296], [11.541385442930975, 49.4493815536166, 14.651828983138081, 2.095776884675218, 0.2793237538644406, 0.6588163224279401], [11.579987030190496, 49.959601430967666, 14.493826238654638, 2.1656738003310263, 0.2887825642061109, 0.6494423514879839], [11.5465727704399, 49.28287533528193, 14.81502760179305, 2.097399765921224, 0.2777081670286636, 0.6593027155515683], [11.541395566270088, 49.50004637896442, 14.834562968483906, 2.077678357834638, 0.27682122414446464, 0.6616601161987821], [11.541564075007376, 49.42056285153513, 14.816698111626325, 2.0928812104439074, 0.2780080402989238, 0.6588794398575514], [11.54004529991753, 49.3202002069444, 14.832506491377918, 2.0993584669886673, 0.2781045226103971, 0.6583369431409607], [11.565862852838142, 49.68442096212904, 14.821254314820928, 2.059311233294469, 0.2769826651258839, 0.6606841958298794], [11.608880505743437, 50.1896720951718, 14.340856762778063, 2.153187636924612, 0.29187588382834473, 0.6485317547065037], [11.541396719971772, 49.319544227739705, 14.78638725588252, 2.101774749323996, 0.2785452141998166, 0.6585884206461431], [11.54199751628343, 49.44096062617254, 14.814688818611188, 2.082756308586629, 0.2772403729270697, 0.6604119833620749], [11.54984484117057, 49.17457455047558, 14.771192072888361, 2.1085898663243317, 0.27874523385728484, 0.6560500936883845], [11.541448186015344, 49.26877063638722, 14.840868379099252, 2.0926346853940654, 0.2770237571798062, 0.6591248961049394], [11.5405374678988, 49.395397298599846, 14.814980434217007, 2.092097811217972, 0.27810475277314545, 0.6603054123902402], [11.541366948394737, 49.60705953944328, 14.843888323203986, 2.0980245121226395, 0.2788267990100582, 0.6594475975688704], [11.549444069707478, 49.559761896599284, 14.833814515287358, 2.0734500020395323, 0.2770993066001193, 0.6600860739476874], [11.548217635092762, 49.40261863353896, 14.799191806849425, 2.0933259536713784, 0.27803930616198647, 0.6585553279448045], [11.543821964691434, 49.623929736470636, 14.76779656639341, 2.105603103680441, 0.2799140780678197, 0.6580512470827617], [11.540327440689408, 49.366114747447476, 14.798997424770404, 2.1020265311488577, 0.2786368873849983, 0.658661066825065], [11.548366365132242, 49.30980045037339, 14.793834892272512, 2.0914214449779895, 0.2776080638992258, 0.6602179049734247], [11.539988614548767, 49.25813250689794, 14.794687727703298, 2.1109175235792397, 0.27834587409789746, 0.6579091183234697], [11.541444670695235, 49.35727216996648, 14.817130216394965, 2.096752658904938, 0.27805396371812185, 0.6587591907041547], [11.545987284864502, 49.20656484775285, 14.850423928188013, 2.1026037095196086, 0.2773062106869548, 0.6582363822173775], [11.572733331035815, 49.7688537659817, 14.5809471610367, 2.125219102440387, 0.28460268641256214, 0.6540842030661594], [11.546357412522157, 49.350725098429514, 14.780537849184237, 2.0955297805290747, 0.2778942247803337, 0.6596981626948087], [11.541925537812586, 49.4070463450187, 14.79259279085497, 2.084631826631154, 0.27744580807788366, 0.6591153244508876], [11.564537796663046, 50.05465204649655, 14.762443099153886, 2.059511889374628, 0.278906185644077, 0.661839061105528], [11.5595691501545, 49.46340894389227, 14.726658122211909, 2.1147981268874783, 0.2809484560794733, 0.6547752542642541], [11.539955295138093, 49.24944649568456, 14.84101048026792, 2.0938751959510356, 0.27726912349209676, 0.6593412131941117], [11.702886102110263, 50.622426061030616, 13.84416086100911, 2.2295715883672336, 0.30234280483410203, 0.6394665445157552], [11.542956570182197, 49.212167590000355, 14.764280464695926, 2.103438751927989, 0.27753415480061316, 0.6595838909545124], [11.707554523688538, 50.717670241811724, 13.591988269845467, 2.324949447313862, 0.3106072345037299, 0.6210664119337448], [11.54000080488652, 49.4174008888766, 14.854394142623105, 2.0850993944560052, 0.27754543318368696, 0.6597484667456753], [11.540390133779985, 49.49407459064943, 14.842390490755903, 2.084999608914248, 0.27681167092996367, 0.6606029779828477], [11.541731169390616, 49.54788488323887, 14.814961428906454, 2.079512129594239, 0.27707522792741623, 0.6610104631030969], [11.632766115854265, 49.39726883125534, 14.086681574756518, 2.337369762799552, 0.30255306366829615, 0.6304207988056657], [11.545986628853981, 49.37257291254997, 14.716974081660275, 2.1148402407171294, 0.28058964155694666, 0.6556641391918627], [11.562844056198724, 49.3322087189636, 14.76916628547261, 2.097957568927845, 0.2782118676216614, 0.658270438948191], [11.54376905239293, 49.383461099417694, 14.805934440741462, 