{"basin_id": 7, "ref_run_idx": 11, "seed": 211, "x_best": [11.515534829531212, 49.01055988373718, 15.0146434936, 2.0648570214162403, 0.27226481033551275, 0.6647735647008561], "best_J": 0.030970777681833542, "P_final": [[11.515534829531212, 49.01055988373718, 15.0146434936, 2.0648570214162403, 0.27226481033551275, 0.6647735647008561], [11.51994707449095, 49.40950909567868, 14.993492922652504, 2.0741263942706847, 0.2755616186676811, 0.6618629213731525], [11.49921768316033, 49.11284802495055, 14.88012010178248, 2.116939163894293, 0.2778595271329411, 0.6577251132541305], [11.52148876815532, 49.332644100401524, 14.893585624643793, 2.083272517508872, 0.27481762586558994, 0.6660554899468986], [11.517393786295532, 49.460543914506204, 15.338157804954944, 2.0011638864351524, 0.26548621451895477, 0.6755082312316464], [11.511797408337646, 49.57134647526774, 14.895669337782179, 2.080489890949361, 0.2769338195955955, 0.6631712601820007], [11.448497071920503, 50.49285590429761, 15.36419417753877, 1.999448256933484, 0.2678572895898912, 0.6774896180136867], [11.49819785589117, 49.074638927122386, 15.052213440550753, 2.0765575225520974, 0.2735296711246064, 0.6646850346184446], [11.537189665053642, 49.85268989958878, 14.618207964657644, 2.0859443776353084, 0.2816945081154783, 0.65837496661619], [11.509738202556301, 49.00757823437657, 14.960405237020618, 2.08964776644461, 0.2750595265175869, 0.6629724619343083], [11.52195335947559, 49.23353276326664, 14.860017659239654, 2.053895201501814, 0.27370060421172576, 0.6652584235130112], [11.514492890230004, 49.26956484715664, 14.835591774114162, 2.1126198711892084, 0.2767191233947613, 0.6616151586259074], [11.541670562951566, 49.16567227156646, 14.892141108909616, 2.1584822805294674, 0.2813823288721894, 0.6565470739500654], [11.554203366114123, 49.94535472099245, 14.659508309453086, 2.1253886215835323, 0.2834269560850998, 0.6578095828610269], [11.546468930215601, 49.72055799919099, 14.787271767985972, 2.124004344688007, 0.2824308066121525, 0.6557655539475815], [11.508985909394406, 49.13172458561532, 14.93499769433215, 2.0865488237610554, 0.27526499776734153, 0.660684622117252], [11.540765703620226, 49.14212844333067, 14.863078795481872, 2.11623909349935, 0.27733086918350497, 0.6603252785807178], [11.502696349080065, 49.23460238258047, 14.982474723841413, 2.097578037151654, 0.27478189385779456, 0.6635837336526712], [11.524446698471374, 48.94175234783085, 14.88899312017965, 2.101366885838974, 0.27657451033785935, 0.6598761034693728], [11.536710348380659, 49.46908998059983, 14.803102683987712, 2.111299265474061, 0.2786061457572513, 0.660200146941599], [11.554583260720086, 49.426706000293855, 14.757571297125086, 2.1277655081758953, 0.2825325092933146, 0.6535491752796185], [11.517254250979642, 48.957371446549985, 14.888662552144678, 2.0593255440958864, 0.27092710989995394, 0.6667206637718225], [11.48786399375006, 48.52093747451776, 15.019255416552596, 2.099644657561588, 0.27176237990123797, 0.6638304423093001], [11.582214161542492, 49.73894774806992, 14.22722986556325, 2.1639568613366214, 0.2908171526595871, 0.6463924806544528], [11.515049006488363, 49.51719186776578, 14.841211626967695, 2.101526084053737, 0.27667611918903223, 0.663242007491318], [11.518622362944116, 49.15727713734489, 14.983501017729132, 2.0724777786269373, 0.27462436044960514, 0.6623220950466426], [11.500952779948653, 49.21219500097307, 14.87201209717831, 2.1445245739109793, 0.28165616950625977, 0.6519982375427779], [11.503991182726825, 49.19092652559371, 14.883674613671712, 2.07633902495129, 0.27453819293749293, 0.6613623803701756], [11.550153150146237, 49.894105290688096, 14.518661649057155, 2.1437607321661556, 0.28393857013800544, 0.6568993726005506], [11.553345634547714, 49.450174647897214, 14.483021369021557, 2.154875557308194, 0.2858542111782343, 0.6524747817759291], [11.500453123152795, 49.22895108625256, 14.862742540990896, 2.0847965745780805, 0.2752471083412153, 0.6621556258771797], [11.601323314941347, 50.084235704849526, 14.193512079056674, 2.234246731458381, 0.2961362427250598, 0.6438843414670488], [11.533272655633086, 49.41343354605799, 14.83190038213912, 2.123145316290836, 0.2812951839938015, 0.6549275107889033], [11.55038819636828, 49.10832631955684, 14.857574878246254, 2.0806911374991754, 0.27600746148156186, 0.6598636028814171], [11.51888409384894, 49.47375656231893, 14.819801744784714, 2.0961270284746605, 0.27755815448862814, 0.6578921706004494], [11.514338176984722, 49.03129212165062, 14.825756810504174, 2.1443842074193102, 0.27984890148867886, 0.6569021780396843], [11.57126763139079, 49.202450421085466, 14.389148452366106, 2.2287852714464393, 0.2888423299223627, 0.6454137454080489], [11.503408589144156, 48.64669066998577, 15.13804616653393, 2.05237958747276, 0.2688558615887682, 0.6672556188985693], [11.541435929383926, 49.196955061093774, 14.841845472335796, 2.0225023649970564, 0.27056349901498405, 0.6704416514635421], [11.512659383224948, 48.87698433497769, 14.921068228348162, 2.0886971044612315, 0.27379751808030706, 0.663151768137379], [11.510959957655295, 48.801175016341766, 15.039650083269049, 2.0578020444942804, 0.26939888658116384, 0.6689618805858788], [11.551086472582487, 49.30278107904799, 14.664076700862722, 2.118684091051144, 0.2815400868344109, 0.6546116698370313], [11.515931223622776, 49.21429340673434, 14.911564957609468, 2.0947156820891335, 0.2760965093318858, 0.6608412729969416], [11.493067921090804, 49.03667863571214, 14.89250719210209, 2.0947670448191844, 0.27474170327182157, 0.6653191822070739], [11.516333882780648, 49.178621605024, 14.98210385463667, 2.0986016642751797, 0.2761815215367057, 0.6632259729028358], [11.539808597466072, 49.06483206181544, 14.80223568662535, 2.149276716066219, 0.2754291669304499, 0.6589646669088272], [11.534226231300396, 49.530294107452306, 14.739973663176084, 2.095581932214799, 0.2796304823638293, 0.6573659580059508], [11.524988120712417, 49.30549101773594, 14.907948252228397, 2.0789317992631977, 0.2764534742781355, 0.6574884140890678], [11.554025987274345, 49.35827010414162, 14.504381329467943, 2.1741317404374514, 0.2846804733192427, 0.651529712216427], [11.502975505948084, 49.29633696978589, 14.938829266269572, 2.1074596675882327, 0.2770605717395794, 0.6602850934421153], [11.62182769895418, 50.85217015387416, 14.090951820208337, 2.202715674401942, 0.29988436208376734, 0.6479879857213475], [11.521858589158658, 49.15515102195907, 14.81521205956068, 2.113660455713704, 0.2781652820970816, 0.6580865338551702], [11.547671863599417, 49.17069640020291, 14.868312559373097, 2.0845624006652184, 0.27689585356088836, 0.6615637889459459], [11.482666793623627, 48.56299863548242, 15.395142526488883, 2.016230674909319, 0.26372173138521815, 0.6758262578622268], [11.549255108958942, 49.52576854876137, 14.529182000487328, 2.251229546775097, 0.2965122978979513, 0.634905208800933], [11.512285973373098, 49.25833947510098, 14.894492264298451, 2.0934114112749502, 0.2766744536061681, 0.6604238945493861], [11.511181576448307, 49.041605260278835, 14.994080447350228, 2.0629374879686337, 0.2724383591726491, 0.6625014411252528], [11.512872501665575, 49.146403640287815, 15.001727916349557, 2.097405396734007, 0.2762884292472624, 0.6605317541191964], [11.529209937703849, 49.10267617201692, 14.677987125882568, 2.186225948570425, 0.28632786516187614, 0.6463239914851173], [11.513444713452955, 49.5052502573851, 14.919609120639366, 2.099835487236373, 0.27677890671024485, 0.6602580238221549], [11.515439932502602, 49.20589176641655, 14.89406287978783, 2.111778551943423, 0.2782727655039824, 0.6586785203387528], [11.495660240346036, 48.926791847469545, 15.081537324747446, 2.1197227035547144, 0.27407350219238996, 0.6591504877663836], [11.527125407724487, 49.35696210775507, 14.93305631197926, 2.05229447270073, 0.27419068805338864, 0.6635815961295825], [11.514385971556484, 48.98746986362899, 14.997139640810975, 2.1102042176914524, 0.2760250796560354, 0.6593174156785393], [11.517446392290935, 49.35088316575334, 15.025952791757149, 