{"basin_id": 10, "ref_run_idx": 5, "seed": 205, "x_best": [11.553383905232232, 48.912444418699565, 14.570663486932915, 2.215993623846598, 0.28706836713138917, 0.6449303665331211], "best_J": 0.031215204600469604, "P_final": [[11.553383905232232, 48.912444418699565, 14.570663486932915, 2.215993623846598, 0.28706836713138917, 0.6449303665331211], [11.570011126794553, 49.05160459233055, 14.510925933830483, 2.220241639596854, 0.2873651851003939, 0.6454647657252643], [11.519337079114909, 48.421460662972734, 14.600935368872943, 2.2937897349799123, 0.2890131579869657, 0.6396869297434717], [11.583444248692617, 48.85176780163953, 14.535779118467413, 2.2153531073344417, 0.28809579883340297, 0.6409819665854437], [11.551324903521573, 48.52141061513679, 14.691098351385422, 2.2267334469208797, 0.28661285207757353, 0.6436388337147388], [11.558492238222538, 48.85407886648803, 14.64171939447883, 2.2352383699731315, 0.2868287652907233, 0.6446343063651617], [11.554385475206011, 48.98697727633308, 14.545831531954867, 2.214682615109877, 0.28846073688181395, 0.641392164108404], [11.552286693796546, 48.77809754721519, 14.604206970108716, 2.216275650686178, 0.28583551357937564, 0.6451715352767521], [11.6159251012946, 48.985215361660025, 14.103961478144432, 2.3385898877943405, 0.30174218410194936, 0.6300602299478214], [11.549079192248147, 48.90403056167953, 14.582478377386787, 2.225657603867015, 0.2872452217565678, 0.6450034088620237], [11.55081909333806, 48.76237274072717, 14.44546182935367, 2.2168008091051536, 0.2867826394396332, 0.6423695495269583], [11.551011113676298, 49.046132929444575, 14.590677021820389, 2.2121896640476595, 0.2877354901003536, 0.645199853441238], [11.558662018210027, 48.96789597280874, 14.500963077267492, 2.211553567802415, 0.28712169617646693, 0.645218755618572], [11.556252866739225, 48.9974867022832, 14.44077331851067, 2.225734666219142, 0.28823430190815374, 0.6445536467051384], [11.529077887574429, 48.51505992701857, 14.58627899586356, 2.250277681417277, 0.2874898683236394, 0.6438429163644425], [11.547549628350172, 48.90889587966593, 14.551427425038545, 2.232975183887624, 0.28741786687474197, 0.6453311647892631], [11.546705016168522, 48.86510627081709, 14.560580469693278, 2.215960701092845, 0.28660647071134415, 0.6438999407650063], [11.555114085557852, 48.940926161563944, 14.556223126480972, 2.2183360980142734, 0.28830799699517873, 0.6446736992272254], [11.526508969613134, 48.82947178774369, 14.466374990449856, 2.2272681390655578, 0.2877643555332846, 0.6419032153316141], [11.547084317784213, 48.847395461662906, 14.578094950142825, 2.21962994115886, 0.2866877812665644, 0.6436735104174538], [11.551888576603913, 49.05634070265789, 14.612020870926287, 2.2133855161371514, 0.28639335147994527, 0.6449196461681537], [11.542661288650748, 48.97324526758642, 14.617167293726704, 2.246909090803122, 0.28873808227656994, 0.6437333495884459], [11.537409870551631, 49.14475334311932, 14.666216937752692, 2.2221430744134825, 0.2883920485731778, 0.6444481023624319], [11.560233364974179, 48.42439963527519, 14.556990296424395, 2.2426136165690616, 0.28722981895935484, 0.6427624616186255], [11.520239803410696, 48.64311175051771, 14.635025377567892, 2.2387054226627967, 0.28704569993807644, 0.6436905428362097], [11.548437097642536, 49.25491435972092, 14.540594965219475, 2.2233056698374094, 0.2896920288603974, 0.6454437949992886], [11.542745395991727, 48.882776550473295, 14.556254894759556, 2.2374454121064615, 0.2888204052713808, 0.6445957426466759], [11.531959182203527, 48.981471056222226, 14.547048390841983, 2.225552874383203, 0.28837152546514955, 0.6427122420003942], [11.559987784723223, 48.74732071420063, 14.568979044146372, 2.216981724994355, 0.28626252341259045, 0.6447247672146622], [11.532985685050363, 48.13508306543121, 14.578789636668132, 2.2721916506048707, 0.2851254819531403, 0.6423717368552173], [11.549939208073361, 48.61101330006451, 14.48838984957975, 2.219284629356179, 0.2850511327759194, 0.6442339725538436], [11.540520315915737, 48.57087860643296, 14.677231474683722, 2.215110848247239, 0.28460691483413314, 0.644754214402597], [11.53207193247159, 48.59313389550913, 14.513496433361615, 2.239820539104658, 0.2862767797500255, 0.6443891871415182], [11.55240748749385, 49.355775866736444, 14.42826628840503, 2.2315761093151174, 0.2908250771431546, 0.6445475744451554], [11.589951100331332, 49.18138570187454, 14.440491124460738, 2.2316265363131382, 0.291235190908022, 0.6429113568932138], [11.579809119729697, 48.85444196764687, 14.604565827614415, 2.2140655181551825, 0.2858758216746438, 0.6443553809147876], [11.529109741493324, 47.18201917401236, 14.59429863144328, 2.345914579363334, 0.284012209257517, 0.6387408587595297], [11.559741198601662, 49.05946261688599, 14.522214174478858, 2.220220499621668, 0.28897634678578993, 0.6447478932576248], [11.541507983052142, 48.69598461875392, 14.59328903966293, 2.2214901115668244, 0.28551709550346765, 0.6442930508184155], [11.545844022351504, 48.46205152335079, 14.55417667835339, 2.252703957404877, 0.2877334332310766, 0.6402118633185262], [11.548655152273767, 48.848299603934606, 14.490740477332615, 2.2170773460685096, 0.28764565511893436, 0.6446994038022574], [11.54677107006779, 49.04524121890868, 14.53709595334501, 2.211359458076984, 0.28664119729505544, 0.6444058440859817], [11.542539551865131, 48.44310813192536, 14.641239732200242, 2.2731953059684864, 0.28805943292938185, 0.642848668931007], [11.568119540782998, 48.82641371967867, 14.586614111420364, 2.218359566864159, 0.286553281039689, 0.6452962290441729], [11.55205640184318, 48.77932953092333, 14.527541445869879, 2.2295802775554954, 0.2880415333798265, 0.6439721080398229], [11.536117246442236, 48.57101318499479, 14.602344863097796, 2.2399977399228823, 0.28677023932598394, 0.6382366254788877], [11.495134197546712, 48.61670155571989, 14.74844796659596, 2.2505803541130978, 0.2873549826639275, 0.6432990207428978], [11.549524403442186, 48.41659323006077, 14.665382018524562, 2.234954514388776, 0.28501454204955, 0.6441472062440995], [11.547003323357178, 48.692411719412014, 14.61171846549405, 2.2446755459913925, 0.28741957734831103, 0.6448217313609803], [11.53690099529575, 48.90979069586024, 14.598212546861767, 2.2998960927409517, 0.29479200078537265, 0.6381312348056115], [11.526137484999065, 48.257569285455304, 14.594634980528948, 2.315286655345979, 0.291554009770478, 0.6373193742721772], [11.562338642845058, 49.11953088027462, 14.470277382724449, 2.2219475041047865, 0.28975590350621294, 0.6446733388629369], [11.547431517644586, 48.017970711370836, 14.534218145512307, 2.259713978016301, 0.28581200553323144, 0.6396758025235143], [11.565571471423508, 49.160117502889406, 14.55272993835017, 2.218020908682293, 0.2885087100647249, 0.6338543094141558], [11.538093100693642, 48.76592464585283, 14.647323266998221, 2.2310139480060163, 0.28791478329829034, 0.6450357807015449], [11.55884988762291, 49.029738587404225, 14.519480927438705, 2.2167078147041375, 0.28788566952883154, 0.6446583852918688], [11.581441801055584, 49.05243340729527, 14.24721648926154, 2.274516749490782, 0.29436084595367557, 0.6391085914943692], [11.574134513431712, 48.98278942619257, 14.525469167958938, 2.21573958174735, 0.2876246542171322, 0.6444940367357082], [11.551115330688434, 47.45234695057052, 14.583342916148979, 2.2967879803098343, 0.28564322413274684, 0.6355130845016105], [11.549307245767062, 48.77501324279247, 14.62813152997166, 2.2205826801395427, 0.28723322806331, 0.6438372376695768], [11.56878115647441, 48.8902598515573, 14.463047731892848, 2.2343672658577165, 0.28711274651653834, 0.6453533948794637], [11.544897037752058, 48.89510072421768, 14.530918512235187, 2.2112012335965843, 0.28646876578559516, 0.6448066309007974], [11.551334055639755, 49.19518776240919, 14.663468952659164, 2.213835869035853, 0.28623531624479465, 0.6451995297770287], [11.518845327467922, 48.72778966221084, 14.546950890916056, 2.2341764611059407, 0.2879425393101207, 0.6429804713614459], [11.524247071143384, 48.63834623093473, 