{"basin_id": 16, "ref_run_idx": 13, "seed": 213, "x_best": [11.539629643922977, 49.37865313476524, 14.845834556446956, 2.083303218957707, 0.27670767174659455, 0.6608138102433366], "best_J": 0.03101749382732642, "P_final": [[11.539629643922977, 49.37865313476524, 14.845834556446956, 2.083303218957707, 0.27670767174659455, 0.6608138102433366], [11.539629647313252, 49.37913748775123, 14.845849799775031, 2.0832524092691678, 0.2767076676914179, 0.6608157223610385], [11.53962966416557, 49.37859659360675, 14.845874628525518, 2.0832985173311847, 0.27670766588430223, 0.6608130637392603], [11.539629707712502, 49.3792652406033, 14.84570360308281, 2.0832579094378967, 0.27670767461933776, 0.660814245009258], [11.539629700256341, 49.37914946075478, 14.84590452228025, 2.0832750672790055, 0.2767077907693206, 0.660817871413951], [11.539629672018613, 49.379431550735106, 14.845782170500982, 2.0832588668830936, 0.2767076758141287, 0.6608166240583874], [11.539629695020517, 49.37891614475366, 14.8457803595031, 2.083278812761292, 0.2767076727472124, 0.6608145919297308], [11.539629661247337, 49.379145911804905, 14.845917727166373, 2.0832603739415787, 0.276707664359937, 0.6608135742422158], [11.539629648157147, 49.37917717493081, 14.8458295456531, 2.083268895884707, 0.27670767836649035, 0.6608162139705793], [11.53962968047199, 49.37962399901599, 14.84577659315517, 2.08325407699587, 0.27670767256225876, 0.6608182644197393], [11.539629798862354, 49.378664080562885, 14.84578539081069, 2.083297540486654, 0.2767076669294981, 0.6608147420998342], [11.539629638314471, 49.378814978053285, 14.845836135123182, 2.083294542814646, 0.2767076754904867, 0.6608141891128759], [11.539629666887452, 49.37906560333358, 14.845777633131894, 2.083265479686834, 0.27670767412081554, 0.6608158844903275], [11.5396298007065, 49.37885834672289, 14.845891555433779, 2.08327824137289, 0.27670765725274765, 0.6608155792995108], [11.539629862447487, 49.37891318483956, 14.845759260238236, 2.083293969357768, 0.2767076647824028, 0.6608138827878612], [11.53962970113744, 49.37857161550253, 14.845798385672245, 2.0833106796231564, 0.27670766295394694, 0.6608138916806918], [11.539629652857776, 49.37881843829741, 14.845831962689275, 2.083286058736874, 0.2767076606788758, 0.6608109483677153], [11.539629651772284, 49.37902454505637, 14.845779072953446, 2.0832758904913, 0.2767076677331232, 0.6608158806720056], [11.539629649161588, 49.37848642964779, 14.845835335655707, 2.083302299902592, 0.27670767375638705, 0.6608144017613651], [11.539629652761494, 49.378894443825295, 14.845747349771177, 2.0832910505199647, 0.27670768198050205, 0.6608170093933773], [11.539629694051225, 49.378890404055866, 14.84578297397044, 2.083284143755655, 0.2767076814466079, 0.6608135816329933], [11.53962964545535, 49.37857773781424, 14.845776638154941, 2.0833028355648335, 0.27670767463537327, 0.6608128055952968], [11.539629679335249, 49.37868170860286, 14.845786598746443, 2.083303934379338, 0.27670766667780244, 0.6608134199295599], [11.539629678146188, 49.378648431577105, 14.845862061699274, 2.083292510742135, 0.2767076999971807, 0.6608110499106237], [11.53962974756483, 49.37937526131543, 14.845834871965025, 2.0832499310859363, 0.27670770555825286, 0.660816531707602], [11.539629681017765, 49.379511660650444, 14.845853192684093, 2.0832576292520795, 0.2767076663342154, 0.6608159116524196], [11.539629668249862, 49.37878787079867, 14.845866341586259, 2.083286990763809, 0.2767076828834385, 0.6608153739635568], [11.539629650720885, 49.37920994264961, 14.84583167504502, 2.083267613703436, 0.276707663399884, 0.6608191190000642], [11.539629653525397, 49.379286457180335, 14.845810379047135, 2.0832579432887597, 0.27670766804795804, 0.6608161462831961], [11.539629655745545, 49.37880379701977, 14.845844459322652, 2.083300420781175, 0.2767076675251782, 0.6608143235928461], [11.53962971828486, 49.37829279973014, 14.845895815636116, 2.0833130920779803, 0.2767076617861027, 0.6608124332617764], [11.539629768975708, 49.3791126976283, 14.845842284132122, 2.0832761503866424, 0.27670766431976096, 0.6608153306619343], [11.539629640100982, 49.37862700731989, 14.845784279127496, 2.083293885418963, 0.27670768549519964, 0.6608132746032703], [11.539629642262339, 49.37881254807605, 14.84590369576179, 2.083274720539346, 0.2767076725936247, 0.6608138706428737], [11.53962964577762, 49.37904293221035, 14.845850861729486, 2.083270248112451, 0.276707685761885, 0.6608149750839931], [11.539630321314949, 49.3816195442922, 14.845819920824564, 2.083130788910154, 0.2767076948264659, 0.6608275285900765], [11.539629667060932, 49.379026163267646, 14.845920394419576, 2.0832854684269484, 0.27670768235937854, 0.6608153923252187], [11.539629712347994, 49.37862649308064, 14.846025604000472, 2.0833040440004664, 0.2767076843683132, 0.6608150284759738], [11.53962964791897, 49.37894510566759, 14.845773377591252, 2.083283083779472, 0.27670776080805576, 0.6608152549296952], [11.539629658569066, 49.37940431539482, 14.845819108196288, 2.0832585626505464, 0.2767076572994237, 0.6608175813285413], [11.539629663498385, 49.37916983859723, 14.845854800242908, 2.0832849838525465, 0.2767076650277044, 0.6608220481487728], [11.539629858275632, 49.379796168929865, 14.845775355929007, 2.0832215946907695, 0.2767076685892538, 0.660820799031216], [11.539629665592905, 49.379088245497776, 14.846044625900948, 2.083279120352836, 0.27670767118147654, 0.6608154358304373], [11.53962965250292, 49.37928193160797, 14.84583211183602, 2.0832872618247205, 0.2767076590579455, 0.6608223523705503], [11.539629663009046, 49.37891532775135, 14.845871971363866, 2.083286675448039, 0.27670767519625833, 0.6608147961528863], [11.539629685253052, 49.37891767820901, 14.84576720614741, 2.0832849254647234, 0.2767076585171386, 0.660816479165128], [11.539629640349837, 49.37881258343234, 14.845814980489838, 2.083288241437259, 0.27670766874824565, 0.6608171621962563], [11.53962966767091, 49.37877030553969, 14.845860018631708, 2.083297227443908, 0.27670767806719054, 0.6608130168585353], [11.539629692245523, 49.379472725176065, 14.845828173534084, 2.083274139177853, 0.2767076732011036, 0.6608173550856677], [11.539629669831216, 49.37809590187686, 14.845825500737352, 2.083328528772118, 0.2767076694415306, 0.6608112421782236], [11.539629666225183, 49.37906750553372, 14.845847571394476, 2.0832828525800755, 0.27670766126675866, 0.6608174936192207], [11.539629672035838, 49.37957949621326, 14.845933626463045, 2.0832453603884273, 0.27670766894248844, 0.6608180373504022], [11.539629680304241, 49.37900646481122, 14.845762886842333, 2.0832622900044604, 0.2767076595450766, 0.6608155715105559], [11.53962967886484, 49.37957243896433, 14.84591454310981, 2.083240599480804, 0.27670768804522217, 0.660821817035444], [11.539629643726213, 49.37900360627369, 14.845794631503544, 2.0832817440141813, 0.2767076670222363, 0.6608147682970342], [11.539629699121454, 49.37836070870932, 14.845768957563047, 2.0833250387664477, 0.2767076611347528, 0.6608118047329584], [11.539629661369977, 49.3789945772566, 14.845916360354996, 2.083277813959203, 0.27670766984739664, 0.6608171281077275], [11.539629669807452, 49.379523223068674, 14.845836939041344, 2.08324821288463, 0.27670768686425695, 0.660820496305039], [11.539629737583054, 49.3788877970016, 14.845784783246083, 2.083292882319343, 0.276707703002912, 0.6608146304368667], [11.53962964627514, 49.37887902896071, 14.845986090852822, 2.0832886924839285, 0.2767077170108882, 0.6608143194596108], [11.53962965540994, 49.378575966071715, 14.845956051853376, 2.083297376673907, 0.2767078645063962, 0.6608141571060087], [11.539629689023958, 49.37903571558713, 14.845833820346087, 2.083268563321453, 0.2767076933926936, 0.6608162665845163], [11.539629644838588, 49.380165005309145, 14.84579361702945, 2.0832038159349286, 0.2767076684460536, 0.6608168635512897], [11.539629644318577, 49.38024437219047, 14.84561700350285, 2.0832288593059936, 0.2767076632643096, 0.6608251659427741], [11.539629689123126, 49.37963748845039, 14.84556770728075, 