{"basin_id": 7, "ref_run_idx": 2, "seed": 202, "x_best": [11.479729967132956, 48.86650332962048, 15.283541849625665, 2.0417803850584724, 0.26708044040126727, 0.6698457636584203], "best_J": 0.030914211014290798, "P_final": [[11.479729967132956, 48.86650332962048, 15.283541849625665, 2.0417803850584724, 0.26708044040126727, 0.6698457636584203], [11.471337338126565, 49.00105308777492, 15.030702260036012, 2.0992246008846913, 0.2737661425114955, 0.6638664668084321], [11.555850410594857, 49.86904129280632, 14.64226009856879, 2.092435162240135, 0.28216230012284277, 0.6555926004576635], [11.494767672198561, 49.03185876418511, 15.305320654640921, 2.0128075849451177, 0.2644972573534343, 0.6742216605564337], [11.462956096598, 48.853392399150835, 15.555771591542825, 2.0214160839107373, 0.2645687077832388, 0.6748109585038908], [11.49019675426609, 49.024980776607904, 15.176628272854048, 2.0675315833534667, 0.2710384411836949, 0.6655152321566241], [11.518140785230589, 49.024566922846496, 15.041784278837417, 2.0761491079492744, 0.2721831849694913, 0.6639526371681768], [11.504791941844847, 49.25589040318735, 15.23597609994221, 2.0299482101658657, 0.26821369440913445, 0.6709707667825745], [11.496212401809945, 49.10697187087462, 15.139825860861638, 2.0379176433020767, 0.26888185839499834, 0.6698454485088832], [11.491371927824451, 48.85952795443666, 15.250326951640679, 2.0258576881531476, 0.2671276967740462, 0.6706387009140629], [11.482831565423993, 48.74096417496862, 15.249224874506226, 2.047868261795405, 0.26754557704580784, 0.6686508543323969], [11.471621497887318, 49.2171177722643, 15.474629152660427, 2.0154936549038136, 0.265656002374337, 0.6729774080835619], [11.507492323306984, 49.052592664246426, 15.001468260432844, 2.060436428459114, 0.2724860718368158, 0.6666976282465582], [11.500960531617132, 49.18668581351919, 15.079446543181943, 2.068659414015013, 0.2726459327087889, 0.6635572526514181], [11.497178568569801, 49.08230547490475, 15.100596493007542, 2.0436742908688172, 0.26965647463459924, 0.6685972700523327], [11.497127194948808, 49.36749959524798, 15.203967438040575, 2.0071951631030447, 0.2677750339603346, 0.6724693526240844], [11.477115472692246, 48.685573982446016, 15.190117136071944, 2.040680473997484, 0.2667247704719879, 0.6708104429182569], [11.483969560861572, 48.65389561870287, 15.154530603443382, 2.0525885666500217, 0.26723624838619847, 0.6697133764026477], [11.53088194385495, 49.199402243358435, 14.932911314359103, 2.07175922817438, 0.27458824641483504, 0.6638620910021209], [11.498511248320593, 48.98234192153427, 15.17387891363561, 2.0689441764421663, 0.2711119487786002, 0.6668152669597526], [11.57672783443216, 49.908130190871596, 14.478570720886994, 2.150323442463137, 0.2875415034868713, 0.6477055304608696], [11.466990559892325, 48.9086150959671, 15.314296375308018, 2.0312767041370257, 0.26627831397392815, 0.6712409528572538], [11.565828200306202, 49.668213807161855, 14.709673862216109, 2.082774571121859, 0.27756168220164124, 0.6608900040983529], [11.474853247016881, 49.21793330200258, 15.142836105117205, 2.0639425342794797, 0.270299582124629, 0.6684537440911931], [11.546778420434713, 49.67058841731959, 14.908297338262516, 2.0629901621642865, 0.27696337559924766, 0.6600055426176442], [11.546837402236296, 49.408905098080105, 14.763468244494366, 2.103327781109469, 0.27959560418411783, 0.6565297996951316], [11.535957256872225, 49.10923953568138, 15.066928750147259, 2.074942494647394, 0.27239868214666124, 0.6630225649117479], [11.507883518372056, 48.88337377638998, 15.029933142580747, 2.07313581399338, 0.27219463325616017, 0.6638729502639559], [11.61390174695656, 49.33107056624568, 14.385079064929416, 2.1929231622977463, 0.29325037358202183, 0.6332614165554581], [11.513819752979856, 49.337611208265706, 15.04507258034927, 2.0201960049219836, 0.2690151182725814, 0.6711219841431847], [11.534276812776515, 49.528159852614195, 14.873887577273221, 2.0909707656794616, 0.2780032403924302, 0.6598298949253619], [11.514281818242742, 49.16013743503431, 14.933968269451483, 2.1135319318316945, 0.27730390937768556, 0.6572145695366596], [11.529895061554912, 49.56286305015068, 14.885379838807058, 2.0719711043999185, 0.276945529381883, 0.6630344023269884], [11.468147420960982, 48.96190961277287, 15.371594969695956, 2.0024603295311354, 0.26311682258372476, 0.6756654183744211], [11.509401810071932, 49.03330726378259, 14.963220637201545, 2.068781934710911, 0.27157265011307535, 0.661419140484093], [11.4619723190227, 48.971068952614644, 15.473999168974435, 2.006827395215135, 0.2625717839562099, 0.6763741480293141], [11.482767131338264, 48.78075551781813, 15.093269110972033, 2.0699763560033486, 0.2704133737670598, 0.6658797380631131], [11.466751416302131, 48.681749580601625, 15.41438687505858, 2.0414495407479114, 0.26528084814036257, 0.6720110091902785], [11.582376678157141, 49.12608049359999, 14.222829746346957, 2.2093559763733746, 0.28798271885705773, 0.6446141787000095], [11.50395533074624, 49.10915862756993, 15.10854651155166, 2.073884083423024, 0.27292160743495186, 0.6632556898778713], [11.497540142170259, 48.93150624701271, 15.060732704971475, 2.040685194181313, 0.2681421235363205, 0.668665557092137], [11.568511143545301, 49.36762281419693, 14.16345395561421, 2.212621230249859, 0.2893337796823334, 0.6522837011447367], [11.495996835917719, 49.01501167720655, 15.26391367807952, 2.0299745729698517, 0.2670658435518706, 0.6715739201960307], [11.507376565865151, 48.957368734569016, 15.109452632826452, 2.050482781890457, 0.26889175672557086, 0.6691031227926711], [11.455247643164752, 48.73190663982157, 15.598669841693201, 1.96675859466013, 0.25690877417338737, 0.6835275199062055], [11.497215448439952, 49.08024094553773, 15.341858296286135, 2.005267788027919, 0.26490003347589514, 0.6759872074127907], [11.507432835087275, 48.711167001776786, 14.960678503577348, 2.119011638089528, 0.27489259108976943, 0.661496121030485], [11.464809145020643, 48.48621775328463, 15.305401737476892, 2.042594255542106, 0.26405365776712864, 0.6728007298035547], [11.594028659233677, 49.89776426135353, 14.429210896879146, 2.1266611233034522, 0.28761172999320206, 0.6463006187182803], [11.453512485156068, 49.00032864151744, 15.445825509434728, 1.9955005000502308, 0.26216977258512264, 0.6764401175555691], [11.545633716749805, 48.63160242215483, 14.213999717757709, 2.2749262773622956, 0.291517555915543, 0.6399481838908183], [11.514343262148222, 49.51904945469099, 14.8935121035068, 2.0555701273553875, 0.27342640085019376, 0.6656852360317567], [11.477099292239684, 48.94039112399616, 15.043160891232944, 2.073153624694236, 0.2717423005886245, 0.6640133972008312], [11.480468672008971, 49.256439058585386, 15.44044405605681, 2.0145625629918023, 0.2668832808182907, 0.6736646643332524], [11.501024933973447, 48.75594899911719, 14.903904481453198, 2.1288919140061098, 0.27659540696448354, 0.6576651520966145], [11.52497850123185, 49.07894112120449, 14.967366316648294, 2.067316640841244, 0.2726896893672364, 0.6650613916827314], [11.505769969640989, 48.99613969899636, 15.097117651763291, 2.053423909063144, 0.27017185725385506, 0.6674981003558953], [11.492518464096808, 48.867038265064174, 15.156474023928652, 2.053626611141588, 0.2690001023226393, 0.6690108063641562], [11.487247936778925, 48.99710166160543, 15.105217799557455, 2.058634508382976, 0.2702021927256766, 0.6677341338504649], [11.476322479193731, 49.08087175540828, 15.354024774791384, 2.011936529673532, 0.2651072758013728, 0.6761169461829903], [11.480665894254255, 48.849454965029665, 15.208884530135073, 2.0598491651135853, 0.26949027431188355, 0.6675797318216311], [11.502060441826924, 48.75090688292544, 15.064558129830422, 2.0571137639139803, 0.269009729359693, 0.6677183037710178], [11.503432963433232, 49.047923665782704, 15.087677939107465, 2.042588879663922, 0.26970187055859146, 0.6678011674957091], [11.598440991248147, 49.69715292381623, 14.418250821563603, 2.156797088879885, 0.28849353696430174, 0.6447962151416644], [11.543922705040183, 49.43905529553162, 