{"basin_id": 6, "ref_run_idx": 5, "seed": 205, "x_best": [11.482285220253898, 48.623435141606265, 15.236199296985351, 2.0794674240006614, 0.26978987838402596, 0.6653199191688366], "best_J": 0.030950471632463998, "P_final": [[11.482285220253898, 48.623435141606265, 15.236199296985351, 2.0794674240006614, 0.26978987838402596, 0.6653199191688366], [11.52760152816785, 49.3385255002599, 14.684137635762994, 2.132981433878849, 0.2794352406319132, 0.651766679343823], [11.510057572057969, 48.86423643420772, 14.976503031087141, 2.104432667394848, 0.2743411506784029, 0.6618859975803222], [11.535990775108813, 49.29104929899175, 14.86104588826407, 2.0953142610181015, 0.2776962587585676, 0.6584713693972792], [11.510558781691646, 49.08800978602839, 15.034848371883472, 2.0871894844172902, 0.27564436721770474, 0.6613377081421514], [11.543134266557303, 49.026128433522786, 15.041384086896405, 2.095249635741124, 0.27471529765236713, 0.6612091840874205], [11.522642442590971, 49.05779257776376, 14.699995856618854, 2.1190772657226296, 0.27758424757541644, 0.6586197306218192], [11.501297149114006, 48.7612231327705, 15.076726189696414, 2.077156769678636, 0.2705561957964061, 0.6640583464902662], [11.560065495531619, 49.35058884258498, 14.484309410351731, 2.193160765662984, 0.2865578724898151, 0.6498406086891083], [11.489430903822646, 48.42339041698217, 15.055785275715209, 2.093849634016273, 0.27012912210407564, 0.6643792494430705], [11.525394163688098, 49.083419320170755, 14.80466987630916, 2.117768838236968, 0.2771932184880652, 0.660698341920505], [11.580451393884134, 49.799534946061826, 14.690186845023309, 2.086465673531659, 0.28108268894857075, 0.6610027005521696], [11.548130481488956, 48.944572546409695, 14.666984316921544, 2.1638204948009356, 0.2819545019892889, 0.649673995907282], [11.551437911470519, 49.572570941630566, 14.73163012831653, 2.147048409885353, 0.283852719851583, 0.6536018807816728], [11.541309624035302, 49.30802446896145, 14.80950425373365, 2.105207519171537, 0.2796180984403714, 0.6575769320007969], [11.515577056843357, 49.07451972509853, 14.868455756900815, 2.1131030309869026, 0.2767005783500362, 0.6614135247835022], [11.51260289782267, 48.70021800473141, 15.077333686631526, 2.109575454588183, 0.27426263255706673, 0.6590528762111829], [11.565904348574627, 49.153015808254864, 14.765585501687337, 2.1296894911862374, 0.2808742098194906, 0.6536189444364798], [11.56412378783643, 49.26980046710325, 14.597317616576683, 2.1460678384076433, 0.2840388182643441, 0.6514183611326941], [11.512923146419512, 48.70015631439944, 14.935104000147458, 2.0991211235099, 0.27372085993444706, 0.6601952789884452], [11.531042309929378, 49.06273008189572, 14.775800429481302, 2.124297835220249, 0.27808381828705825, 0.6584462980522013], [11.545250640031144, 49.00859158660521, 14.854634960200123, 2.1611910479475025, 0.280420930866906, 0.6558949959620557], [11.481157323782211, 48.435814028281726, 15.291122912512256, 2.0803371120731384, 0.2674341205591867, 0.6663669235365487], [11.488584494712565, 48.54820829248231, 15.162262426515575, 2.0894323360665767, 0.2702244586262984, 0.662640248342702], [11.513660940357076, 49.23514120817759, 14.858303475669162, 2.0999082964924103, 0.27616241252145945, 0.6607478468568577], [11.4915262446037, 48.56613603580323, 15.050273664165205, 2.098247260499599, 0.27173848559497177, 0.6652142443298478], [11.499439581183715, 48.75869057410213, 15.094382520851937, 2.086467780664568, 0.2720056114157838, 0.663672907555566], [11.49953590452999, 48.71678212857514, 15.040920682661856, 2.0896646610120797, 0.2717830638921434, 0.6628946811837313], [11.557129258940467, 49.50649717056731, 14.782771659561558, 2.1254823456302585, 0.28246365532191314, 0.6498258357414658], [11.489314929175087, 48.61095727297006, 15.149301189155423, 2.086877020904804, 0.2699580480739665, 0.6655274610488142], [11.540585729439165, 49.222429631968176, 14.87700707090744, 2.0917180322280178, 0.27731441122416906, 0.660280807281485], [11.514535391013625, 48.64799114919943, 14.900767255211964, 2.0928524747807398, 0.27355212119249656, 0.6614180713764563], [11.58392517344925, 49.39134340062654, 14.489400440621427, 2.1842264753212324, 0.2870549986273829, 0.6472077869365291], [11.587924039325587, 48.713443424903396, 15.128983087233262, 2.1141252420868053, 0.27422687745443186, 0.6599908915075086], [11.500216002137659, 48.93674295404785, 15.046722604630592, 2.0994551038051164, 0.27422228981305985, 0.6631376683415634], [11.55838632302588, 48.62448507214191, 14.567469077723189, 2.127756200921758, 0.2797156437762534, 0.651691793547151], [11.513194523193896, 48.58787574518912, 15.000740616406176, 2.1029128173878955, 0.273615823170628, 0.6556871745150631], [11.47445963965039, 48.45252852331447, 15.229927892167634, 2.0887481124073104, 0.26951119950936214, 0.6651640107042502], [11.501605543843297, 49.89481190432607, 15.051037448849044, 2.079510887372698, 0.27631863846135335, 0.667161249042412], [11.517100241158575, 49.06186778765766, 14.783727478595694, 2.1113267312256836, 0.2765524176103844, 0.660435059478386], [11.522932566228626, 48.770938620598876, 14.84843724385177, 2.0864778998657765, 0.27376576301577776, 0.6607475590697724], [11.565013090581491, 49.70711938311243, 14.689778476010401, 2.129651718661854, 0.2837411205085252, 0.6524230885605183], [11.504812151630889, 48.78761356997692, 15.041094906739783, 2.0955695852117096, 0.27332811016152336, 0.6631340509726917], [11.521092709462389, 49.15940219612444, 14.821886708242774, 2.1023614173815073, 0.2760460352434037, 0.6613348627896917], [11.526792939906382, 48.93849860347123, 14.822853045038519, 2.104575969771143, 0.2754314293010901, 0.6602039681979596], [11.509971548542746, 48.79868177736669, 15.048880858223434, 2.079211384220468, 0.27199654554259456, 0.6633905004506327], [11.505314366088301, 49.08972849983219, 15.046053792553582, 2.0772420422266964, 0.2714573206682438, 0.6676011599493951], [11.555097142779585, 49.25087981980403, 14.746472651422597, 2.0918766732261136, 0.2787466416294735, 0.6586788128265175], [11.558681922332735, 49.004641878559816, 14.703633586423715, 2.152392709578189, 0.28245834966240774, 0.6538275930602109], [11.558181189271624, 49.905031318936615, 14.57350884171782, 2.170155014910202, 0.28792277388056803, 0.6558329348082668], [11.534223913004752, 48.71888665583445, 14.882311854249691, 2.077947919870525, 0.2716924689607959, 0.6646593663412802], [11.542813002554416, 49.30120638162915, 14.717020159028799, 2.1505046362355795, 0.28270003024891316, 0.6565405520153871], [11.531489964321429, 49.055552148771646, 14.887634668700311, 2.0955996417526124, 0.27507723143470303, 0.6620204626781536], [11.537428428085967, 48.97458156062469, 14.79735593720194, 2.115361975007168, 0.2780636045492373, 0.6580406253558271], [11.509593381981801, 48.82101369800689, 14.961989353790123, 2.086290746754169, 0.272917419092102, 0.6626749080521779], [11.567456724786421, 49.44585690228226, 14.679700385848752, 2.1339703658090383, 0.2850744584920098, 0.6514141662317355], [11.535010584384397, 49.03974119302026, 14.57494587290086, 2.1611151911334985, 0.2838555332016396, 0.6546412333842104], [11.543735799474064, 49.28041480641199, 14.826915327397563, 2.0934077397708957, 0.2780653036019829, 0.6575589225361936], [11.530581302774785, 49.562683268842584, 14.669887337374748, 2.094309508776621, 0.2785697689490344, 0.659789158541211], [11.563462219302844, 49.98422755067257, 14.44200198391748, 2.1426222799019854, 0.2875522207215837, 0.6497667539014742], [11.505983991772096, 48.73728249473953, 14.826507336735204, 2.1641833011300062, 0.2793650327391733, 0.6524377636928398], [11.497163998485906, 48.60120939742626, 15.087259845452923, 2.0924214362663163, 0.27109419662284534, 0.6639447754513307], [11.492368365173489, 48.62498359166769, 15.132113903327554, 2.1036812121358133, 0.272604313851233, 0.6616704709766947], [11.50046539949948, 48.629872163146565, 14.987027411846743, 2.1009780653195396, 0.2729866853498964, 0.6610115528734096], [11.513310803745602, 48.92245020002842, 