{"basin_id": 24, "ref_run_idx": 9, "seed": 209, "x_best": [11.562871595448325, 49.47221006559303, 14.494049780062792, 2.1965914238002426, 0.2890883656300103, 0.64561669042743], "best_J": 0.031234869278735974, "P_final": [[11.562871595448325, 49.47221006559303, 14.494049780062792, 2.1965914238002426, 0.2890883656300103, 0.64561669042743], [11.567586639021238, 49.53161750340828, 14.474568142530645, 2.203308322312963, 0.2898982243825775, 0.6453663807930373], [11.587563649557264, 49.2561762852786, 14.389626097398551, 2.212650372519098, 0.2910213802774392, 0.6421488287768976], [11.57034115156057, 49.61778175784303, 14.4564992183468, 2.198798391364086, 0.2896771467071856, 0.6454171305223271], [11.594074417853356, 49.46696796163793, 14.288127082987053, 2.2598523807179047, 0.2963846229987436, 0.6388415742494508], [11.636136594075966, 49.1855844319309, 14.169286174988315, 2.2615253936046877, 0.2960078305167204, 0.6355801410175531], [11.572215623639465, 49.460806562928994, 14.428660050315083, 2.194986061583265, 0.29003992773433046, 0.6447779430024202], [11.572133309761764, 49.26221422866159, 14.435978203653239, 2.2418549758594466, 0.29204133515182656, 0.6414848263079318], [11.55928514740995, 49.39441019370515, 14.53097626429394, 2.207061928375675, 0.28913547147001617, 0.6458472874974007], [11.567277223252912, 49.49573064140796, 14.487668083319264, 2.2127127660664945, 0.2911003243893261, 0.6415171704950765], [11.594366670149977, 49.396036486614776, 14.228842995230067, 2.2637888854765964, 0.2967030434369296, 0.6359945107045959], [11.556599688780349, 48.84919871580098, 14.488641205059924, 2.2282816450978697, 0.28909792662294953, 0.6464625447402657], [11.599017476596318, 49.65621021178453, 14.288970146221974, 2.204842267318625, 0.2918243021518922, 0.6425824701965626], [11.635685432517333, 49.44695106030731, 13.97971501294288, 2.3455088605127, 0.30587320876704055, 0.6299476230964766], [11.580351552918996, 49.54045257512412, 14.487134223812879, 2.1971780869410913, 0.2909769069889043, 0.6451456393181036], [11.586506888123044, 49.627461989231406, 14.23037874309463, 2.2713986983028893, 0.29696374744227133, 0.6378247546779622], [11.570836067978819, 49.457845815465056, 14.407687709645634, 2.214032521515009, 0.29070927110364825, 0.6440284640253313], [11.567863182510061, 49.40273603292137, 14.356740708388548, 2.212498975082754, 0.29023278746288256, 0.6448255776548649], [11.556681875422184, 49.530525721843354, 14.407041229934597, 2.2068147146013106, 0.2910434302265268, 0.6452591689624719], [11.572921005258259, 49.463048223760794, 14.436213991167742, 2.206841591255987, 0.2907532018953766, 0.6438785448355036], [11.575641173143799, 49.372277818574126, 14.413193946982778, 2.220330799241274, 0.29056566540511386, 0.6443619245978718], [11.625074350537613, 49.42889010675021, 13.91123765686813, 2.2658523325270497, 0.2981436861854359, 0.6352483614795055], [11.673956525509409, 49.79790959121899, 13.788630738792685, 2.4105311638328044, 0.31304622513605246, 0.6213342309289147], [11.580848598270723, 49.70539943200004, 14.290983623598592, 2.3142246581682544, 0.30237610840161355, 0.629450544982819], [11.576377033452049, 49.47063982687178, 14.491808464798508, 2.2052969257382617, 0.29003480827157446, 0.6433048416597327], [11.597287323099712, 49.11621049237596, 14.120678113680807, 2.2779303072794197, 0.29591754324776604, 0.6365003262639727], [11.572083390923064, 49.61068657133606, 14.421530051079248, 2.2018269634322634, 0.28969587065836866, 0.6456264018336042], [11.58596141272775, 49.668837781694926, 14.425080173203213, 2.21189001768488, 0.29064919722542026, 0.6435605954293486], [11.560988743376162, 49.43107333321013, 14.487401315008814, 2.200941224030486, 0.28934031402774396, 0.6437456220975054], [11.570738559997165, 49.57560686806714, 14.377000609500048, 2.2115475095995207, 0.2910588329543748, 0.6443418533374712], [11.567863182510061, 49.40273603292137, 14.448969813255127, 2.212498975082754, 0.29023278746288256, 0.6449849551497696], [11.571062633117098, 49.41144402426934, 14.449448169027992, 2.2111696210748497, 0.29000419920128667, 0.6446195147497079], [11.562625511184919, 49.36187267468321, 14.47511989372613, 2.2069152849707767, 0.28899386170707525, 0.6451301556838298], [11.587825343811542, 49.447915859716716, 14.401221997982413, 2.199762486442268, 0.28908645225657714, 0.6472428448555331], [11.56977682327249, 49.66404413415478, 14.472422089100442, 2.1934660040014418, 0.28969028151165427, 0.6446903777850417], [11.580539672621573, 49.500787604200454, 14.377782769290558, 2.246047138193097, 0.2939054848352805, 0.6401934421258422], [11.61002934513048, 49.31523270480048, 13.987961936554372, 2.3342740459635394, 0.3003916978672607, 0.6316656549258272], [11.616839782675111, 49.607228108397024, 14.117708740425357, 2.211403944797068, 0.2932294750504799, 0.641206127420137], [11.573860873279457, 49.290738640864106, 14.432403028475411, 2.2164618393262563, 0.2892008559553221, 0.6449444602214978], [11.570003660619054, 49.556412864991735, 14.477372657020826, 2.2092310670580875, 0.28943778151990673, 0.6455994154610284], [11.584311636048636, 49.59166396799754, 14.364783690198733, 2.2195010064157605, 0.2920765789727648, 0.641378988098588], [11.563271219302855, 49.45029402189723, 14.492162238521425, 2.2024613014350387, 0.28923995814068687, 0.6461273887036919], [11.576675068226834, 49.65651458509983, 14.353828768712214, 2.210164329907269, 0.29185886280300843, 0.6431208275525868], [11.563642883958115, 49.660437692414504, 14.489547264504305, 2.205811415252625, 0.2905895648903621, 0.6449517619756256], [11.648810981686678, 49.63115288041683, 14.024237247612222, 2.2745587109983942, 0.29977139542063963, 0.6321110482134182], [11.560346140145143, 49.525299838140434, 14.503158055613579, 2.195144684469174, 0.2892540458773807, 0.6457975376028771], [11.570685190660756, 49.43974269441693, 14.50808650184565, 2.1947880332556506, 0.2888964823285103, 0.6449523914054046], [11.57084434492665, 49.48232578685609, 14.41555872832033, 2.215094560686136, 0.29170147531064, 0.6420540990190129], [11.562978380537531, 49.450117332378426, 14.411749944790257, 2.2014549278290154, 0.2894836199782746, 0.6447362324073871], [11.585092747132954, 49.54468002661816, 14.29301373865589, 2.2542369528593165, 0.2957076937915362, 0.6376143239826058], [11.56805835747742, 49.316142683314496, 14.494136943019804, 2.195471875634997, 0.28907062045303283, 0.6457365356366923], [11.565293589300174, 49.365456096109746, 14.421810481143957, 2.2091797835096307, 0.28969202933322735, 0.6448582911430167], [11.57207333339259, 49.54910714078575, 14.439989760417461, 2.212012014394141, 0.2912429997484509, 0.6447284768255075], [11.578878782309415, 49.47677771375466, 14.41324392528943, 2.2084386293321825, 0.29155619421954876, 0.6433654888455064], [11.648293733846236, 48.39757270865682, 13.588261780175252, 2.3974036510215018, 0.305715574277513, 0.6235734646327117], [11.561664231672157, 49.42254806090538, 14.508125929166738, 2.1953975254678206, 0.2891375194772232, 0.6458217009624566], [11.575539286574429, 48.54734901746187, 14.32282815718715, 2.2414728272356985, 0.29102089666127406, 0.6403052085204336], [11.566693823121465, 49.640178316466134, 14.481505863807868, 2.1955346359063017, 0.28888621789801955, 0.6466501162024438], [11.584907412914434, 49.31887288098927, 14.397416843755162, 2.2121896495693902, 0.29067860338677665, 0.6416888925924904], [11.563609210061951, 49.346431449066664, 14.482642312799326, 2.2117378771931606, 0.2898242796826919, 0.6446133060986801], [11.57885196347071, 48.933281282028496, 14.401271934473414, 2.241448436191776, 0.2906878562868038, 0.6402577573568583], [11.563573891424271, 49.50342545267767, 14.485467328731575, 2.200027955978991, 0.2896667976035874, 0.6469976607263748], [11.561415541778867, 49.34097108515651, 14.490136641495846, 2.2139982585166984, 0.28942747154596526, 0.6447303125660357], [11.59251811464298, 49.388251900578375, 14.28808089814433, 2.245200414528994, 0.2935022696689896, 0.6381933076787241], [11.625800801381565, 49.77731281462872, 