{"basin_id": 7, "ref_run_idx": 14, "seed": 214, "x_best": [11.485466622546186, 48.93864589769371, 15.252802812785129, 2.034877526562674, 0.26698543465675184, 0.6702416451316234], "best_J": 0.030917004741883924, "P_final": [[11.485466622546186, 48.93864589769371, 15.252802812785129, 2.034877526562674, 0.26698543465675184, 0.6702416451316234], [11.496365911756984, 49.03404897116227, 15.23336146376107, 2.029146018620181, 0.2674236778807261, 0.6707601719523475], [11.507886781463498, 49.42193687810059, 15.228538045112883, 2.0032463604647823, 0.2675691114531146, 0.6722135289595654], [11.507834649936656, 49.13614131684766, 15.156364604654897, 2.0365592116616282, 0.269650585867242, 0.6685710972909037], [11.501307301700052, 49.090877148644495, 15.279510932760719, 2.0150885857060032, 0.2665857570293068, 0.672831309060455], [11.501759345334634, 49.044744986043376, 15.151105994455328, 2.0401719839125256, 0.2694722068424721, 0.6687001499753856], [11.47716868028441, 48.781127588390206, 15.360239830638754, 2.019095100371485, 0.26448274174686476, 0.6734790314651036], [11.496706776226533, 49.15834628960929, 15.278695905532276, 2.0275273650355414, 0.2680264115173856, 0.6703738062937455], [11.490958075343364, 49.0823073228107, 15.151401535171049, 2.0274937825398895, 0.26700945174018276, 0.6710016384939879], [11.568145541319174, 49.69731158883997, 14.530670823490807, 2.1575789964626972, 0.28779733091255466, 0.6494671378829593], [11.484087862809814, 49.15577602036508, 15.327397005794019, 2.0138729307409875, 0.26587125928925176, 0.6740530872844628], [11.49453467897729, 49.3380645518009, 15.224568335923466, 2.0176708663764593, 0.2681333425653942, 0.6721028680650852], [11.504138058934457, 48.94703931671845, 15.207180642166119, 2.051653500628155, 0.269365712898393, 0.6693245487627192], [11.494675814962667, 48.989113185756906, 15.183385387735024, 2.04980372162895, 0.26908693557835406, 0.6690844604187761], [11.489501698217882, 49.697053025969794, 15.339723984129312, 1.983200535688424, 0.2668583193020734, 0.6737734316264896], [11.516258539908774, 49.60085526649557, 14.968453612094336, 2.0756421414939936, 0.27573110605530654, 0.6637576087158377], [11.46352192563872, 48.80590728340862, 15.429583591533596, 1.995703303294575, 0.2626624466090001, 0.6739839305654443], [11.480306237585932, 49.10438153690659, 15.436784542695534, 1.9914276674101719, 0.2635523654094853, 0.6746087082371841], [11.515827407486192, 49.65155372325459, 15.124146329520041, 1.9955819095594367, 0.26836245734136444, 0.6726714754932253], [11.47708603407748, 48.89005278633788, 15.260024274496711, 2.0347591014789486, 0.26699069425066896, 0.6679201214268996], [11.491346995130657, 49.04388186935412, 15.159556656139703, 2.043503091185029, 0.26930241059728377, 0.6676739699425147], [11.483728571682777, 48.864350883466145, 15.14280384958669, 2.0645451034626734, 0.27001476002074337, 0.6665598682783556], [11.537467392030532, 49.00500059369393, 15.034816447279164, 2.0310689506834856, 0.26771583617687916, 0.6702695995466178], [11.483562398211028, 48.78516751414428, 15.250143056902875, 2.0457190053132606, 0.26671327146870183, 0.6701357328688635], [11.498554187209848, 49.390144491587385, 15.244936858117798, 1.996984614387998, 0.26707594682324276, 0.6737816619185252], [11.466469845591181, 48.874651054717525, 15.432726817281388, 1.98533781904346, 0.26110945919569456, 0.6773311142573333], [11.492506493342818, 49.20769704341507, 15.191073537909377, 2.024670095485448, 0.2681118525062682, 0.6716926724843745], [11.545816689953243, 49.53675150755101, 14.8815866893375, 2.053596701665797, 0.2748484743946447, 0.6649854636431346], [11.523024713528779, 49.72672964211719, 15.125272667335159, 2.012556164714153, 0.27012709472458585, 0.6704600688656193], [11.48836255853696, 48.93551412701825, 15.297332455443234, 2.0238057940414906, 0.26644124068327296, 0.6715877572639042], [11.50542761878417, 49.08800632286171, 15.117218003242716, 2.0520168934793475, 0.27009323360896925, 0.6675081314412957], [11.542057804592046, 49.81730970826686, 15.105385844406445, 1.991221180833412, 0.269401357190402, 0.6706757584747598], [11.57109901826317, 50.88124770613984, 14.172980471540823, 2.128953698969498, 0.294709739676785, 0.645600166759686], [11.5037215004183, 48.92515865012539, 15.130639691343603, 2.046554390996635, 0.2680072610320215, 0.668846366251407], [11.50657042454768, 48.746617618036396, 15.137288609794311, 2.060958905238997, 0.2688686582194043, 0.6680422271612202], [11.477739090711355, 48.61321096943415, 15.282043772505562, 2.0423928921496803, 0.26603775193745527, 0.6702870256422377], [11.500649933790434, 49.15086979286449, 15.246440242383926, 2.0170377772508514, 0.26772489366939295, 0.6715732091636039], [11.51408896558265, 49.23901417108948, 15.19894704753044, 2.0165520532115706, 0.26797073384934916, 0.6730608657485144], [11.494193010030171, 49.34162691691198, 15.305071944284443, 2.0141331248569867, 0.265922755119899, 0.6733279766469821], [11.492719642391393, 49.243320456468325, 15.27268430620114, 2.0097208048594855, 0.2666711135896633, 0.6738056085381606], [11.50516620665649, 49.376886194966985, 14.96111216702989, 2.0611353768919867, 0.2734577154315773, 0.6642140528948818], [11.510188544751031, 49.39291567897148, 15.181479317791057, 2.01711346761289, 0.26822314202319686, 0.673470692953816], [11.52370802701484, 49.064697655319435, 15.014682679204805, 2.0437340314509598, 0.2714022073799473, 0.6662622823963362], [11.483686229810102, 48.890027512267025, 15.297303131844322, 2.0292867398779335, 0.2663541795269024, 0.6712422298506864], [11.504968011430103, 49.655132187499646, 15.16695247925387, 2.029318660434317, 0.2712017561116656, 0.6690313588169692], [11.521952925582594, 49.65916815139008, 14.945214598356992, 2.0565877919191347, 0.27442617984678624, 0.6689583963358748], [11.498639617180853, 49.158646431816315, 15.312197641749677, 2.0001508194816706, 0.265135301974128, 0.6734685446091616], [11.486882925715136, 49.2505656200945, 15.364141017721323, 1.993633740655474, 0.26459032293145784, 0.675578746720055], [11.502540096008078, 49.10252478668309, 15.244645639312205, 2.0266214978270365, 0.2678700442278377, 0.6706244980567975], [11.48900788824214, 49.241859594864934, 15.341822434462022, 2.001125655050376, 0.26500731385128024, 0.6746345586705103], [11.483244612453111, 48.748390787425535, 15.196946371944314, 2.056055547530188, 0.2682266305376762, 0.667485258274642], [11.48821172677741, 49.54701198988565, 15.406942911859328, 1.9804143872298048, 0.2643301585147973, 0.6768440497749586], [11.517768829371422, 49.85623467295727, 15.052075547643772, 1.9988970033315525, 0.2699703574095982, 0.6728931916066782], [11.497366316955915, 49.20596468231448, 15.182723304016852, 2.0344856629056864, 0.26835178845488017, 0.6692341051580034], [11.502739067001665, 49.567802635463956, 15.29970262511613, 1.9901084079097522, 0.26645369471649344, 0.6739472753532537], [11.558608040338013, 50.15571455269392, 14.826149692153953, 2.10704156140755, 0.28419699305812873, 0.6534000339283821], [11.49973838883145, 49.05356669730305, 15.14675014994556, 2.0410754585083493, 0.26866597850836, 0.6686770933274644], [11.59110366181315, 50.640909839473686, 14.6953374370634, 2.117703537909859, 0.28931533800029213, 0.6483194939911009], [11.513460838401963, 49.489741538633496, 15.081458607283276, 2.025596840251812, 0.2706727328074651, 0.6675123284538056], [11.494028963573736, 49.09063252463212, 15.201262936894016, 2.0235273390975292, 0.2670520038748897, 0.6704162666667857], [11.497818492946188, 49.32599966950613, 15.247220732001932, 2.013324948766388, 0.2668556361207884, 0.6729520366726681], [11.478891579096553, 49.0724908771799, 15.432293880231137, 2.007059413411827, 0.2638083330668855, 0.6745200390950372], [11.487766165208019, 49.119259943985654, 15.385639166788849, 1.9891964089774186, 0.2629223729380521, 0.6753138773325196], [11.494685929689362, 49.14344366881705, 15.262364823987177, 2.041403986295552, 0.2691514554214928, 0.6696853887163815], [11.480306237585932, 49.10438153690659, 15.436784542695534, 