{"basin_id": 16, "ref_run_idx": 1, "seed": 201, "x_best": [11.549639178192374, 49.164735182380895, 14.758218191732729, 2.1180960354979637, 0.27925406176594975, 0.6561560780355387], "best_J": 0.031070022455926282, "P_final": [[11.549639178192374, 49.164735182380895, 14.758218191732729, 2.1180960354979637, 0.27925406176594975, 0.6561560780355387], [11.542220633718198, 48.61442302364208, 14.6662825636506, 2.19841957998998, 0.28406576319340215, 0.6444296938053327], [11.614928682095023, 49.36563927280536, 14.085526030702422, 2.3444993907173, 0.30265596658128446, 0.6284350929497032], [11.552052431532646, 48.8257745403643, 14.64146463909643, 2.208265305411566, 0.28397845579975306, 0.6476169404877254], [11.613793846188054, 49.53496622924328, 14.178132852721555, 2.2844944480860034, 0.2995934107275006, 0.6321242856123669], [11.744445967706021, 50.696865096190855, 13.505424262301485, 2.487573654040357, 0.3218535312207222, 0.6057364381321982], [11.54861507132818, 48.91502336925699, 14.755314981378493, 2.118442607440303, 0.27852786285125014, 0.656716881279782], [11.561375914451764, 48.916506431535026, 14.538500131115097, 2.1814563979261514, 0.28454976087862455, 0.6500782197354982], [11.541491663437585, 48.8439636183949, 14.684854707974466, 2.1669407785862704, 0.28177246349381757, 0.6502024530241145], [11.586222801134706, 49.521388033480356, 14.41128651027278, 2.20908122647962, 0.29095486020864547, 0.6425839856069491], [11.627637593335571, 49.54561019038565, 13.979828129173864, 2.359519680892026, 0.3056728418734433, 0.6252643791812674], [11.593785573356465, 48.9481045742503, 14.367444594585741, 2.227912442064268, 0.29110579205580533, 0.6392092810222899], [11.568180427785148, 48.89594769534805, 14.540590225529826, 2.195099385067236, 0.28621496248477585, 0.6445037024234905], [11.562926327500312, 49.04799760077132, 14.41689089159321, 2.22398638681487, 0.28978177989452786, 0.644885056557224], [11.56054849179796, 48.85533593116197, 14.29060230169967, 2.2835317388108765, 0.29322133462440847, 0.6392117698450526], [11.55135785075758, 48.51298025692115, 14.458175767946233, 2.208820766625026, 0.28503960825036806, 0.6429799163828438], [11.564735343478581, 49.55651081135974, 14.61081436462922, 2.163881844249399, 0.28607261746802126, 0.6504927954724282], [11.546645817125404, 49.25852305886029, 14.62742296289301, 2.1357690896088473, 0.28217051746364896, 0.6516569645456173], [11.573075194365272, 49.114427558997576, 14.516153642370696, 2.199186455803933, 0.28730334741305197, 0.6442230183725131], [11.585021643668787, 48.92362248383376, 14.32518468529937, 2.271523879160308, 0.29240409854792493, 0.6379488061451997], [11.562394483059013, 48.945667042963926, 14.765639916364039, 2.1305687234415567, 0.279185859848894, 0.6532116701020055], [11.550375032548136, 48.82869825947062, 14.60718992619879, 2.1458721732087818, 0.280998000721658, 0.651890213272075], [11.564291511590666, 49.060432093327485, 14.513506025068525, 2.1904165201064076, 0.28571169432071847, 0.6493004324844337], [11.61267982314176, 49.26734627567587, 14.118615135046198, 2.308715304915329, 0.29945388883633467, 0.6321357181100683], [11.565744887078159, 49.31761538093492, 14.740980687093014, 2.1354230185532863, 0.2829837609245576, 0.6494010286842193], [11.553106572146913, 49.04387393990428, 14.70733494411114, 2.132697587983789, 0.2824271660994963, 0.651203413472932], [11.552257704188467, 48.82077695572096, 14.705712897795305, 2.137519079178625, 0.2797710655613009, 0.6546817546121457], [11.543048810653357, 49.37994132829877, 14.82713690338941, 2.1184752318195312, 0.2783652455541322, 0.655138970355029], [11.545210336508374, 49.2015569354456, 14.76728134010982, 2.1232005882370717, 0.28014055303633184, 0.6541640337834308], [11.55600053252375, 49.42537702942646, 14.63071486699448, 2.168742910756776, 0.2854603981867852, 0.6473361891231287], [11.550148040045542, 48.91448481172398, 14.78170201200634, 2.126204334605828, 0.27923712314575144, 0.6557361286772236], [11.623394968794807, 49.774770276194836, 14.143805047092538, 2.31049265371729, 0.3012998436176666, 0.6346345047171028], [11.583554705454391, 49.444520013564315, 14.36936901624267, 2.223798904986875, 0.2924610064456711, 0.6410193735737879], [11.545501991410196, 49.04952019624447, 14.792253325539205, 2.0959211511323077, 0.27680526201882544, 0.6596554178216115], [11.543063562149777, 48.988469344226864, 14.86405262367754, 2.123757162904794, 0.2786059911491645, 0.657802491135733], [11.568791283196111, 48.845960023254584, 14.749167643201083, 2.1408782793180112, 0.28008076474049814, 0.6517026272763463], [11.555064347827475, 49.23703196461257, 14.749903357925758, 2.1025176064995645, 0.2776800178245718, 0.6583226850190828], [11.580878475185552, 49.28984128696752, 14.209912903125035, 2.273122072595938, 0.2954479046110133, 0.6363733651718261], [11.547384408925355, 49.324421781137254, 14.719995760048892, 2.148148476930829, 0.2843044448627985, 0.6513847150722162], [11.541407149345263, 49.13868080006687, 14.779528069374352, 2.1415961581162395, 0.2816100057772133, 0.6526023141644935], [11.559670475692599, 49.489711308827324, 14.741307757452796, 2.101866473573165, 0.2797428406383173, 0.657087751931636], [11.567992068462992, 49.43738260754064, 14.707386139743443, 2.1316238391847553, 0.2834019774863995, 0.6504986029544529], [11.5606265990742, 49.49032193360504, 14.67837017671279, 2.1366306971243225, 0.28434182706828676, 0.6518422374687378], [11.563596456220488, 48.78493853095452, 14.59499362088694, 2.1971660127764836, 0.28603193225106205, 0.6470365458463361], [11.548946446556824, 49.4338751022772, 14.774205415997878, 2.1224820200967778, 0.2806500501083193, 0.6542163740178647], [11.54943422927444, 49.75350709939382, 14.598009764783018, 2.1737807552203177, 0.2885693909423255, 0.6486069155413778], [11.543106724700666, 48.7526579440892, 14.830586840656068, 2.168272413177279, 0.2793997191720481, 0.655063507325557], [11.58147664821224, 49.35133247230085, 14.386665484737255, 2.236318984308617, 0.29157156634096226, 0.644427545164946], [11.590286228850328, 49.04942180649667, 14.273110524193099, 2.2053613331952486, 0.2890880748970518, 0.6415121260046606], [11.557824927084758, 49.03142097768327, 14.688182300871931, 2.150868490012634, 0.2824194717537198, 0.6500947230318734], [11.568275505070249, 49.20794331724232, 14.594898155277962, 2.1349619656395245, 0.2813153614471904, 0.6552229262174891], [11.551258389725348, 48.689966428874534, 14.603754607650798, 2.1788560766766802, 0.2838278995437677, 0.6477564448980356], [11.566740284251178, 49.09848157392482, 14.622650622135863, 2.16258128784615, 0.28339766267300026, 0.6493411263532632], [11.580924042351333, 48.94347860665049, 14.50603359596598, 2.2253862941050158, 0.2893675454040577, 0.6427318422395439], [11.551627938672128, 48.999411910046376, 14.717528337710426, 2.1363048276002234, 0.27984912425242087, 0.6545962467883908], [11.557938865214082, 49.308945453170544, 14.681244521878272, 2.1284914814492684, 0.2811810897846496, 0.6527796506061038], [11.572186432006825, 48.865559677731866, 14.339140299171133, 2.247942273134312, 0.2911360973028859, 0.6421815684860371], [11.555486227429444, 48.9676615679113, 14.571353694964166, 2.1782277055601513, 0.28478954934954576, 0.6467705833981771], [11.563038367217178, 49.31741219482156, 14.622159630669566, 2.167513618137128, 0.28468374191785367, 0.6501563700293174], [11.550278597042709, 49.38480512265202, 14.829885012906526, 2.085537406670951, 0.2770082327123146, 0.6588026576060386], [11.552826019081698, 48.7104224744987, 14.633406314020416, 2.1910762211866013, 0.2841653897241827, 0.6475309347405437], [11.542731007352547, 48.76947782361251, 14.808684944035855, 2.161928101292822, 0.28004560054509114, 0.6536874967699386], [11.553717851859655, 49.11265199720293, 14.787181397779124, 2.1288509885411333, 0.28040338033786777, 0.6556108661360929], [11.552971454707851, 49.374984234413226, 14.81163321166199, 2.0989196745580125, 0.2789056066204553, 0.6563878775978835], [11.541969333762333, 49.16461839095961, 14.68991982316353, 