{"basin_id": 8, "ref_run_idx": 1, "seed": 201, "x_best": [11.476530559636071, 48.89593796444479, 15.346669272561227, 2.0232239802891314, 0.26521768146855135, 0.673127425384556], "best_J": 0.03091158654834762, "P_final": [[11.476530559636071, 48.89593796444479, 15.346669272561227, 2.0232239802891314, 0.26521768146855135, 0.673127425384556], [11.464060796899561, 48.80636009699325, 15.425215248810158, 1.9970264471853987, 0.2615752990516063, 0.6779470298200974], [11.469823138665697, 49.10135139797723, 15.412225154690912, 2.003343396898492, 0.2642788376881716, 0.6732230743349946], [11.46793948206524, 49.030934491765954, 15.38975532913464, 2.0008644120808197, 0.26371310809140663, 0.676044857282419], [11.487510366563068, 48.99336774569925, 15.152628214077401, 2.03138333760323, 0.26684720209633667, 0.672111938512332], [11.468183924783867, 48.842091931678716, 15.387312038362989, 2.033439460923216, 0.2660054371227837, 0.6714936016447185], [11.466760026172187, 48.89718562214921, 15.307908068162881, 2.017409337168117, 0.26419974988761524, 0.6739058372918315], [11.499700402988323, 48.97389374076274, 15.40462782729884, 2.0043788589766205, 0.26299537465454925, 0.6766297298410624], [11.513034381231261, 50.299671523498105, 14.4953286673481, 2.1552406711810397, 0.28783719154658466, 0.65737982389432], [11.468840266127154, 48.43169007812274, 15.482027255279139, 2.0306884253117925, 0.2622301565018098, 0.6728584617216203], [11.487431865263712, 48.73238759222992, 15.300914102923489, 2.0309857682991566, 0.26560481444383394, 0.6720219737749212], [11.464574737530254, 48.89243402009956, 15.503619880850836, 2.0046446564118674, 0.2621463261415939, 0.6762697523134088], [11.465636983120378, 49.128010734163, 15.456287245292698, 1.9989265819650632, 0.26340367597532605, 0.6767338394817428], [11.480081398936273, 48.7783782043179, 15.426781268650082, 2.0053277219526673, 0.26226339524424075, 0.6762010151592753], [11.46757899820345, 48.90787412107794, 15.334465293079683, 2.0327597975522633, 0.2659663153547816, 0.6731322976691494], [11.465872761706745, 48.862138325261405, 15.483009301491652, 2.010092330740453, 0.26257249558800955, 0.6773637688301558], [11.459588770890024, 48.607296279636955, 15.426119341695875, 2.0191820123507966, 0.2625679679555961, 0.6768218939180073], [11.477878965615345, 48.92776997582887, 15.37454892816936, 2.026824888766218, 0.26486183295125604, 0.6733307996496242], [11.463295286108822, 48.751984464884956, 15.463667330172706, 2.019650525849416, 0.2630612855174261, 0.6748642423812614], [11.46911609480164, 49.129421558284, 15.391412288293276, 1.9968127093691554, 0.2633672524239216, 0.6786950296712283], [11.454334952092351, 48.77257449813168, 15.53099683242398, 1.999542755011281, 0.2608443620291235, 0.6780954818761831], [11.474019570624238, 48.836391935508054, 15.412231153751595, 2.0312179041071894, 0.2656901844140716, 0.6728052794287093], [11.465796335222809, 48.731987241556304, 15.528563122218698, 2.0130166330278247, 0.2625294089486866, 0.6750996863146381], [11.461200085145641, 48.98109051395357, 15.424747467727183, 2.0217367713836363, 0.26510587494796617, 0.6736053487260225], [11.456773809813061, 48.95110521272821, 15.480485906189546, 2.0159002244254265, 0.26395712692468015, 0.6759186916692602], [11.478876631990774, 48.60082353995825, 15.2758418000186, 2.0613884083636336, 0.2678307566456503, 0.6688374400889395], [11.4456243252874, 48.82266436485262, 15.440600399930615, 2.007765018485424, 0.2616587741773641, 0.6783866857416052], [11.466445200151304, 48.86022380879669, 15.42965458436173, 2.0244269157930757, 0.26379326699241074, 0.6730900310733962], [11.466797964787814, 48.91796899911203, 15.414987931584367, 2.016997975946088, 0.2641462503658301, 0.6744637153216959], [11.46776042531775, 48.945343335006434, 15.501368765234227, 2.027792074797008, 0.26512026589191495, 0.6746475278831273], [11.460467702811032, 48.83965809610393, 15.54304805276294, 2.0088043751660902, 0.2621802044427516, 0.6762891116413853], [11.46862012919059, 48.66410552165618, 15.492889537113362, 2.0063264511205205, 0.26120152074586783, 0.6770223885918746], [11.463690964398769, 48.97409442483932, 15.543456299360761, 2.013307297805166, 0.26319532812791746, 0.6759912427507213], [11.466404646282365, 48.88423774295899, 15.439390993079481, 2.0069804800076385, 0.26299468939692494, 0.6765876954409743], [11.46307360096708, 48.903276654927275, 15.406768779957542, 2.0108804401306215, 0.2631470669409526, 0.6752405932479347], [11.48002814138312, 48.89390359286673, 15.307870506430048, 2.0282807149116677, 0.2660548443712137, 0.6721924232623798], [11.457889699502642, 48.03685576178309, 15.487976004279698, 2.05076167570411, 0.2620146013287909, 0.6700389918166483], [11.460741028792441, 48.60276575527901, 15.493181605649793, 2.0246477524486792, 0.2627296314448256, 0.6744968204655363], [11.49696204985749, 48.99514560026179, 15.347555579343055, 2.017682374284167, 0.26507373335095397, 0.6741404367737512], [11.475992081881953, 48.80134711900575, 15.385831085618006, 2.022192445816822, 0.2640762656806833, 0.6741477836271619], [11.454723863685663, 48.73862150823911, 15.420160157552083, 2.024403821116049, 0.2640905321261552, 0.6735366060496013], [11.451923447539167, 48.61926462645652, 15.562380350131743, 2.0058764351792386, 0.26028643962872716, 0.6784306072229258], [11.485737964529664, 49.0466489612027, 15.259734513018081, 2.018153766771579, 0.26610079695086875, 0.6726981466337006], [11.460486949514605, 48.70229894278801, 15.41462034551511, 2.0277200367606225, 0.2637799955041821, 0.6731424412121345], [11.451573986166533, 48.488766125188334, 15.594845380022315, 2.02879758412561, 0.2619043975435499, 0.6753646110196309], [11.461386867952614, 48.72220651008151, 15.488921919380491, 2.023581261108323, 0.26318504695141015, 0.6752805037459795], [11.466044498493163, 49.022800204159395, 15.331994790043527, 2.0115806894333694, 0.2646511489345556, 0.6746146398791728], [11.46891204090078, 48.969848289478534, 15.438506802597875, 2.002816189953491, 0.2628856425405215, 0.6760742379722374], [11.46587648748967, 48.72454891352763, 15.490540556379122, 2.008298630487983, 0.26176327143703465, 0.6751556713179033], [11.46016656931266, 48.60372119333384, 15.507149495095218, 2.022019877478779, 0.26209215644349515, 0.6752220073529949], [11.458287375213592, 48.726335821599, 15.458445341620529, 2.0295010358354557, 0.26364112004900125, 0.6746557963864084], [11.47617098112542, 48.75343060200878, 15.429878631194983, 2.0116130313140443, 0.2632325482939098, 0.6737781500127344], [11.464406086856174, 48.53443117754851, 15.561811214663848, 2.002960788935168, 0.25992477922231794, 0.6781071987612807], [11.46209457062497, 48.61178072078004, 15.468677583453758, 2.0248159846737828, 0.2623213724903961, 0.675223564368886], [11.449781277063394, 48.59691919582282, 15.508838103216858, 2.0328460833539324, 0.2634976792641856, 0.6731886882307091], [11.467483620197978, 48.76393972588175, 15.261091088338489, 2.0222245147420237, 0.2638474116014234, 0.6746475946136712], [11.478353135427273, 49.12399802877316, 15.314556446827432, 2.036642586797878, 0.26825346267753547, 0.6718539070287527], [11.476619268652598, 48.906240774013305, 15.401242521781562, 2.0259972937627975, 0.26552142137541557, 0.6738682991101591], [11.464707342675128, 48.852866372640044, 15.3579686379141, 2.031397909872242, 0.26487402948171956, 0.674047775573089], [11.48965163389997, 48.75307478330131, 15.29930241561493, 2.0169963990025783, 0.26400663193022517, 0.6738312582206213], [11.463945773207218, 48.75201276279313, 15.447230101273643, 2.0309849665192052, 0.2641836084231331, 0.6740222829475226], [11.478577385673596, 48.88290284836814, 15.325125057747623, 2.025383587525604, 0.2656455928926503, 0.6714108323348702], [11.466086264223167, 48.54942979972656, 15.462850423581418, 2.0330333277204566, 0.2635456404855611, 0.67265816152807], [11.476359690056842, 48.83213055753839, 15.362543089902617, 2.0344313049968523, 0.26566676489812463, 0.6726755069937432], [11.48623006473307, 48.764031711343186, 15.495940094558533, 