{"basin_id": 10, "ref_run_idx": 3, "seed": 203, "x_best": [11.5467195152591, 48.97056420611863, 14.580081871276963, 2.2111836979928174, 0.2868653696073536, 0.645291361035318], "best_J": 0.031202958250829013, "P_final": [[11.5467195152591, 48.97056420611863, 14.580081871276963, 2.2111836979928174, 0.2868653696073536, 0.645291361035318], [11.548496125057104, 48.69695430314043, 14.604694663974081, 2.221725143886119, 0.2863318205288121, 0.6453159919529344], [11.5443696677635, 48.94860190711672, 14.610824408311784, 2.212095819646722, 0.28664474964536807, 0.6450480310743965], [11.520815730426882, 48.60222490666543, 14.608951784687488, 2.2358115964385683, 0.2858080374320419, 0.6449170505732861], [11.539797489040216, 48.90758158873918, 14.596270482778506, 2.213686299308855, 0.28661484148565813, 0.6453474079194255], [11.564242503602253, 48.9778925116615, 14.521905833432411, 2.224042345893599, 0.28828331904037147, 0.6444755573454102], [11.538361383522789, 48.79442879225793, 14.604897823237684, 2.2180653864253195, 0.28640117722013075, 0.645316609635215], [11.531592748824735, 48.61067687912182, 14.632358704822286, 2.224314193709565, 0.2852237950995909, 0.6454888720324118], [11.5433443275088, 48.82923476323163, 14.547523725314049, 2.223654966319976, 0.2873996021819847, 0.6440337035284505], [11.539025494870113, 48.80636878414458, 14.556312983145428, 2.228253422404446, 0.2871337416397977, 0.6444934385656611], [11.534435831623528, 48.81719571906667, 14.66143167937568, 2.214872204783473, 0.2863511039869194, 0.6453277828490185], [11.538282240898853, 47.82170470884126, 14.328433278564496, 2.3419171758223496, 0.29151593001208753, 0.6325461365639268], [11.529333788856116, 48.63432744022276, 14.640709448449876, 2.2258775912456112, 0.28601106300680756, 0.6454847956333748], [11.550446105238862, 48.83093025691074, 14.607343160155326, 2.215196248356252, 0.2865135946855209, 0.6451422647878458], [11.5378983029393, 48.904289439173525, 14.603543407396948, 2.214573024687306, 0.28657243994712434, 0.6453534122343407], [11.538948649805482, 48.68161556549761, 14.575509418572704, 2.225135805036263, 0.2868430571021322, 0.6443189298577717], [11.531765189213198, 48.68223106684166, 14.608367876355445, 2.223269012405131, 0.2855959336004984, 0.6453952304622717], [11.550139478348425, 48.925380584758436, 14.589072386007363, 2.2163097274502883, 0.2871803929454294, 0.6449215264271759], [11.53926394614223, 48.76094390584921, 14.625549927341691, 2.220382515550104, 0.2861623070883217, 0.645109676091134], [11.569148430676494, 48.78006727517729, 14.472475711824185, 2.2507649094608024, 0.29004807954680256, 0.6406129125190866], [11.528964592127286, 48.507243832787935, 14.62952288296874, 2.2297020848391806, 0.28524075023946, 0.6453806322408713], [11.536999850697354, 48.67204679440224, 14.615276695534407, 2.220788876030002, 0.2862239233638397, 0.6447631353528751], [11.545008386211137, 48.816352736026374, 14.668747952861175, 2.2144074994569167, 0.2870334179374446, 0.6448783155615896], [11.541394970110732, 48.91483309509935, 14.597737631384643, 2.2133172143337174, 0.28666430803520637, 0.645288357052092], [11.543552068915005, 48.89883834317821, 14.620481502951574, 2.215872651562548, 0.2867093060395608, 0.645226827644825], [11.53044383539867, 48.67119724047656, 14.655731208325303, 2.2193233018411513, 0.2853312377322026, 0.644982955258089], [11.59732154370629, 49.71275147892798, 14.286777286732981, 2.3014045146928996, 0.29856274286263684, 0.6334164797883981], [11.530712967695466, 48.96571016132578, 14.589406206640316, 2.2267555269842547, 0.28730486978305525, 0.6452761951992694], [11.544175291353188, 48.66433992958323, 14.550378569676033, 2.2335604361639247, 0.2873991966743484, 0.642544818871472], [11.548585080309405, 48.82605222859485, 14.518225489024061, 2.2308384276138367, 0.2880299686657796, 0.6428595393961767], [11.537715450757295, 48.87616223482159, 14.582443034236038, 2.21947080984029, 0.2865973776545465, 0.6451230360388857], [11.532368467085714, 48.61601956429559, 14.604106795139208, 2.23392795796781, 0.2864961907047958, 0.6453314160448982], [11.539412663596671, 48.81482024096043, 14.591324709947004, 2.2165077648810203, 0.28628492966061786, 0.6452697281052444], [11.53694045468808, 48.70927430884462, 14.614088236030673, 2.2227850379127134, 0.2856543935174348, 0.6451630338531256], [11.573848010171748, 49.400291963178184, 14.447942790345884, 2.255229680802031, 0.29325626403097255, 0.6391663344748219], [11.530938439263448, 48.705916513238996, 14.620686531954934, 2.2218662659625266, 0.2860334569261489, 0.645243030537515], [11.538701776747487, 48.87228985632353, 14.592147607002953, 2.21795554253272, 0.2873814778346603, 0.6452979974220507], [11.538966779057395, 48.74561703377944, 14.636854418574977, 2.2167892229893273, 0.28569943862699443, 0.6450464335794557], [11.702430117748287, 49.34260027883595, 13.82273128108911, 2.3095698411624968, 0.3014539519119269, 0.6272411253081304], [11.540834422013633, 48.93129825386867, 14.594662210999065, 2.2117758182402714, 0.28686335867040486, 0.6451804199315343], [11.537704267655217, 48.586765195746416, 14.572733478218206, 2.2277211352669437, 0.2858593352670602, 0.6439718614967856], [11.547790507181244, 48.943272621152964, 14.545296900594137, 2.211177671103079, 0.2865263329663583, 0.6445453296522898], [11.530759670974772, 48.63652142535022, 14.625468295971016, 2.2283783961605836, 0.28569017704733185, 0.6453045281595349], [11.677627257439282, 49.63394244695144, 13.90681882152946, 2.441010523385253, 0.31136663084393984, 0.618917639414327], [11.52842477815997, 48.99847998133132, 14.562244867193648, 2.222336177103981, 0.2874526529900007, 0.6448150004690929], [11.543254350502245, 48.81472539140682, 14.560406760550432, 2.222376629572736, 0.2871337278209795, 0.6444240782871562], [11.530073452263366, 48.59984064413923, 14.634016372297587, 2.2284571070787, 0.2855872974901258, 0.6453355747794691], [11.543216578267357, 48.9384101380234, 14.587565707525053, 2.217507249771405, 0.286783116497267, 0.6452852774338127], [11.543103806933727, 48.88420470698379, 14.611420020006065, 2.223673083221368, 0.2864577514142866, 0.6446297207901235], [11.526589099446227, 48.93476643301027, 14.648766394044953, 2.221882289430464, 0.28741878574599966, 0.6454034676494182], [11.551058867754225, 48.879455768107135, 14.590911351691695, 2.213554523937192, 0.28620668474444416, 0.6450328594226309], [11.546587637395769, 48.87632979387428, 14.652487723307523, 2.219468780164095, 0.28677262929737596, 0.6451402406377903], [11.540085258096079, 48.91933460236732, 14.597049015624654, 2.2321656849638334, 0.28747559543173257, 0.6453520386443969], [11.543323543644581, 48.896947472021964, 14.579200313942694, 2.2164334261387952, 0.28661785037968857, 0.64476315358797], [11.537131758543142, 48.65547180289357, 14.57636877132811, 2.2284262042461487, 0.2855917519889239, 0.6446995478574756], [11.539149192812054, 48.770679914694966, 14.598546087161399, 2.22324249766417, 0.28617418169556536, 0.6453117594858846], [11.5458870096829, 48.88356400933042, 14.572578228273317, 2.218227388317831, 0.28712304779312253, 0.6453388305107551], [11.551891081915867, 48.843781637876006, 14.512712351473333, 2.2157157041543014, 0.28703567501365673, 0.6451182584448125], [11.542635518593872, 48.78084743486364, 14.59574011478678, 2.222053334606767, 0.28663581261189, 0.645479155477359], [11.539731178825326, 48.87405181387961, 14.605485229400786, 2.2179403186436537, 0.2865506926422031, 0.6451187488185751], [11.540022734916258, 48.85026735672095, 14.624293766098948, 2.212132742553918, 0.28614947209890573, 0.6448800968256587], [11.533133638681093, 48.77273647477382, 14.639099633726914, 2.2171619159690366, 0.28567449507415493, 0.6447765628614308], [11.609267807477663, 48.59018097539375, 14.164305176904431, 2.2936525001929264, 0.29477759983139984, 0.6348631147450252], [11.540905302178453, 48.973304274176755, 14.613484163310329, 2.214143581840798, 0.2865582742823128, 0.6452981492987859], [11.533736491385719, 48.747999367370575, 14.605566042673942, 