{"basin_id": 23, "ref_run_idx": 8, "seed": 208, "x_best": [11.474231840589628, 48.60424996877682, 15.352852302821518, 2.0402332716141465, 0.2648936094354541, 0.6705130222950116], "best_J": 0.03093220357614121, "P_final": [[11.474231840589628, 48.60424996877682, 15.352852302821518, 2.0402332716141465, 0.2648936094354541, 0.6705130222950116], [11.492259375157813, 48.97535600472876, 14.877923661349175, 2.1256300038753637, 0.2782919445698331, 0.6582611362949038], [11.534047512637683, 49.1228346475558, 14.827798113688784, 2.1202746156047576, 0.27922776345481465, 0.6563763850790743], [11.499443145602807, 48.811203010026006, 15.121110353867438, 2.0733571987813946, 0.2696603563334448, 0.6661016719349122], [11.502630746327148, 48.48773155813086, 15.116328967277191, 2.0669279519670374, 0.26789879862465116, 0.6668949548455555], [11.532837726866141, 49.42753293444788, 14.766857963845098, 2.1919829380557987, 0.28475652894627856, 0.6535274755919198], [11.483692537889146, 48.47222566364708, 14.898157630151696, 2.1675904378022643, 0.2779532255784877, 0.6562621931862899], [11.544628400766667, 49.04553892355759, 14.659742456681238, 2.1250328147056816, 0.27964894633436027, 0.6532701947920037], [11.473257799035746, 48.814389311307465, 15.49199559092065, 2.030100204577643, 0.26371415578740826, 0.6744817091566981], [11.55994044704643, 49.1585180717072, 14.654378653843507, 2.184499803951966, 0.28617882829451924, 0.6531678464463845], [11.475440339867388, 48.549379178587756, 15.457971747729696, 2.024883600640967, 0.26335620980307184, 0.6714596399440392], [11.565898513963425, 48.793490327765625, 14.853433520334482, 2.1058030062502167, 0.28070942582755515, 0.6542279179294636], [11.536497766905066, 48.684861200232746, 14.684339319778871, 2.1955038812125203, 0.2814269965491107, 0.654764458293857], [11.528488139380197, 49.56304363729467, 14.764124038546777, 2.1139946439374073, 0.278714083222004, 0.6607545799127773], [11.49475802073982, 48.051142723794136, 14.664381757034894, 2.299212068858006, 0.28748171371429004, 0.6403416123304126], [11.520511055838258, 48.38288575798977, 14.875718724899507, 2.1246539583119244, 0.2738457634871098, 0.6591042888288086], [11.499017712142388, 48.785564959943436, 15.179900588654968, 2.078034538246754, 0.27018960241999546, 0.6651321867854642], [11.486382988385007, 48.699936900722726, 15.11625624905615, 2.0997708404665536, 0.2725694149002449, 0.6625810646530863], [11.522958259354647, 49.04383862898082, 14.896604191874998, 2.1067837436203978, 0.2770815488681629, 0.6588747514472055], [11.552656275454003, 49.76930288967345, 14.760136706207858, 2.0816890445700262, 0.28076997505546264, 0.6555476659642996], [11.49783628831894, 48.72944086260778, 14.944493408665238, 2.120507475929199, 0.2749212375851147, 0.6614352032366903], [11.520305335766981, 48.68018123988819, 14.907186533783054, 2.1347381283765574, 0.27625113100677284, 0.6547910171147298], [11.581205895208639, 49.44378221910872, 14.768594066043722, 2.11828704843008, 0.2820704091473399, 0.65497947702871], [11.456160874960366, 48.18649567410956, 15.365269549694935, 2.053486832285478, 0.2642890368284585, 0.6674962828591459], [11.63414276896773, 50.19558221135008, 14.021227720679693, 2.2439457507196607, 0.30200198171218545, 0.6341484304153067], [11.432309047883306, 48.588876715617864, 15.543386603974257, 2.0642306505471595, 0.2644891533555478, 0.6722017024914032], [11.516219449817015, 48.830678864340925, 14.842681118336925, 2.1315982927996484, 0.27854501498994516, 0.6585491842942888], [11.49832449694712, 48.824384442685314, 15.090492746837453, 2.0642832614500466, 0.2701352488415565, 0.6645721043464627], [11.473998998529483, 48.46458363594532, 15.44106265562544, 2.051496913587449, 0.26346524176428515, 0.6711650408245259], [11.477699630053344, 48.78625718889143, 15.123097580093301, 2.0569105059450674, 0.2705058732100787, 0.6674790944700216], [11.530472800567832, 48.81778011486881, 14.829344738431722, 2.1107446478393994, 0.2761612684582024, 0.6598601408654423], [11.713732898976579, 50.233840154177926, 14.291687153441286, 2.127170689780752, 0.2919692045367263, 0.6451805200294107], [11.485690044240382, 48.433526224181044, 15.211323191779039, 2.045922358760565, 0.26469852776695313, 0.6713221110844462], [11.454854226445004, 48.57399550682963, 15.35788586776292, 2.0458040795840366, 0.2652160632974606, 0.6706110065656414], [11.524090694580313, 48.590183185423264, 15.126269599774929, 2.0528194962835022, 0.26918842936805637, 0.6654351786447957], [11.487390516756474, 49.12474220196928, 15.132585795351943, 2.114013307342731, 0.27560050175857875, 0.656969994261146], [11.496816273577531, 48.804436133331414, 15.081003303513628, 2.0497601823268523, 0.2698593167332722, 0.6671940980730084], [11.498930420650133, 48.8281696848048, 15.01402937470571, 2.085480828045315, 0.2730220609954035, 0.6637705624985016], [11.42116485237619, 48.21306080411124, 15.191572453482483, 2.1241992877493163, 0.2701212370796102, 0.6645719606932958], [11.453047971249136, 48.65634852492245, 15.403927140744756, 2.000148734148932, 0.26150525372376554, 0.6745746154326825], [11.537160875815113, 50.17814335266525, 14.694821779416536, 2.149272933198227, 0.2863030676250259, 0.6494936205788967], [11.504912722404518, 49.127544328225504, 15.052794897481421, 2.072767364520915, 0.27267392118159905, 0.6631646627386206], [11.525717167819394, 48.90772810343622, 14.99877221042939, 2.0935916727604624, 0.2757958734481025, 0.6560260342674091], [11.490561196476603, 48.884049782761274, 15.195969944292138, 2.0321114393245656, 0.2670307280138293, 0.6721327802161634], [11.460449906380916, 48.46951973047249, 15.436376470489352, 2.0113325708486833, 0.2614013117407553, 0.6762424867527168], [11.48945235074957, 49.00398408307335, 15.142858351051926, 2.0869868330128907, 0.27320532707820094, 0.6644120636994327], [11.518453709157836, 49.00337005826322, 14.94714738361891, 2.120273869954982, 0.277702858706028, 0.6564938155128548], [11.518764717223515, 48.91040933595096, 15.013784110802014, 2.0854352172664656, 0.2735773974624092, 0.6632651305810051], [11.516164828483094, 48.99160176310201, 15.07306052437492, 2.0503828088565745, 0.2698629155079319, 0.6686716909219982], [11.526556207022201, 48.79086273690013, 14.875990485300436, 2.0942681166998756, 0.27498078522950486, 0.6590682595488929], [11.4827091645997, 48.73032773317658, 15.251628194831056, 2.011041849699204, 0.2636166918127569, 0.6750958179243973], [11.461217567913737, 48.73274388954317, 15.333422130898677, 2.038616485504323, 0.2654916074485223, 0.6707680701531781], [11.57108020081908, 49.31339378409159, 14.642740601249697, 2.1222069075672794, 0.28348479592025255, 0.6493872815111974], [11.511356758719344, 49.060502414520236, 15.230733304022008, 2.031633376583084, 0.26858613990371344, 0.6714612131820795], [11.437232525415144, 48.23085283051009, 15.427553559916927, 2.03568992662541, 0.262333865882195, 0.6723481393411797], [11.530954056667628, 49.85983597073117, 14.857539219153523, 2.0842699305365833, 0.27990910830759835, 0.6593458523425789], [11.492775140089599, 48.92068152157811, 14.98949835052597, 2.0973940264237556, 0.27508769962745844, 0.6592612750247017], [11.602642244207564, 50.42377991182428, 14.53547860938343, 2.044358892479877, 0.2838261374223449, 0.6591624098978432], [11.51130196259619, 49.642020087252746, 15.043372616191071, 2.0292143988874844, 0.2720210873550729, 0.6662130790870562], [11.504600674762044, 49.205972661484026, 14.930125088706586, 2.1004765806620505, 0.27630345070810225, 0.6615772369492428], [11.515889753410377, 48.85129956717018, 14.716742719025609, 2.0805397598812703, 0.2744936326050552, 0.6608701405990386], [11.510495739840975, 48.90820892614525, 14.877781811433954, 2.092743916205495, 0.27357269594773187, 0.6628680445578845], [11.558997388724642, 49.3029298402361, 14.671579955226488, 2.207423754784325, 0.2861317117709358, 0.6532735349708984], [11.516903459429152, 48.64480055791184, 15.11511527286391, 2.067106966652969, 0.270090077056728, 0.6662480726675871], [11.487151766395378, 49.0842852663155, 