{"basin_id": 15, "ref_run_idx": 5, "seed": 205, "x_best": [11.639343906534291, 49.534528938760985, 14.125375159912638, 2.3051362704783402, 0.30142722689551305, 0.6296345779999601], "best_J": 0.031681957665646666, "P_final": [[11.639343906534291, 49.534528938760985, 14.125375159912638, 2.3051362704783402, 0.30142722689551305, 0.6296345779999601], [11.67349275406, 49.452745182101594, 14.193809681678868, 2.3588686521824984, 0.30437742600770346, 0.6260985050650806], [11.64713505195767, 49.36378566746074, 14.166330861578384, 2.2910398815884654, 0.297888838330706, 0.6289662792671951], [11.658050462291914, 48.47188785251123, 13.912512269519494, 2.3089208134837578, 0.2995010301616107, 0.6280335555382569], [11.640860308143399, 48.62851652259433, 14.014537459120458, 2.364006380888246, 0.3005306532064656, 0.622769727490813], [11.653382111071608, 50.03998575111896, 13.959073627001098, 2.3473317030337526, 0.3058561301054806, 0.6254172837806281], [11.644470033906705, 49.75131196412352, 14.09835397915841, 2.3157053045669067, 0.30241426785091857, 0.6347366364540216], [11.657912233863687, 50.69484425014849, 13.969298565510334, 2.3286791674071865, 0.30897503197954734, 0.631567472116538], [11.647742431333501, 49.46322026469568, 13.921127171285343, 2.368119795841651, 0.3079953275690598, 0.6226725142411763], [11.641489561486543, 49.30520423540675, 13.994204920969388, 2.3252092282766017, 0.3034238074790064, 0.6229197616863212], [11.638870180039165, 49.245179507530956, 14.026235824283596, 2.323862139390153, 0.3004929493523603, 0.6277521847729908], [11.697936108278823, 50.06038372050983, 14.115671670003207, 2.2570359808147704, 0.30135771052335075, 0.6306767512378503], [11.646501030509658, 48.42747433690956, 13.97966104549879, 2.3724536186911163, 0.3021215962353829, 0.6210510040970596], [11.640526522243164, 49.15517024515916, 14.19974512363602, 2.349094590988671, 0.3022106740634716, 0.6274606219407335], [11.665981378688459, 49.64566871750136, 13.977993312973583, 2.3499923321688008, 0.30458228333454956, 0.6259875553275144], [11.63821163492438, 49.14204443662862, 14.226558352811077, 2.3140508881851725, 0.2981450308362797, 0.6312768524780523], [11.65059127900425, 49.4528799337695, 14.018794567407465, 2.346645792562245, 0.3055961800380489, 0.6219326518879988], [11.651072531411785, 49.932948309771646, 14.06376365544003, 2.357889139063944, 0.3073512504639264, 0.6264039909381681], [11.650533695649742, 49.529232972743166, 14.057728980833506, 2.3564528016344206, 0.3049565033397156, 0.6221392296799547], [11.652987023857628, 49.56473822928331, 14.162741906528677, 2.2804296665801917, 0.3007239963552904, 0.6317400925337036], [11.64189786700554, 49.13464152002855, 14.08926850531339, 2.324944562942161, 0.30124413135167727, 0.6264053188821533], [11.674541828215617, 50.26852107559446, 14.017428988539914, 2.304180209614099, 0.30620937542121296, 0.625118603881406], [11.647716494333665, 49.20146350552774, 14.13936575796991, 2.3190709200590134, 0.3012771047681602, 0.6255729241014455], [11.640563130419427, 49.94763034944128, 14.127310877123216, 2.329551885229649, 0.3044003711394625, 0.6304957646500224], [11.651685831992431, 48.67842278075286, 14.057084694255659, 2.2856541309739353, 0.29977349913744256, 0.6284328767803076], [11.640188915597841, 50.051485597673306, 14.01274385841359, 2.4246284523839927, 0.31032010176383396, 0.6277523779258974], [11.695067617707508, 48.918211795515916, 13.876938818939758, 2.3347543469818888, 0.3031672158838588, 0.6235873254728237], [11.646450540869438, 50.30584691053103, 13.9109002255874, 2.3495504185641742, 0.310947397245464, 0.6232529123631967], [11.638052538389461, 50.00257006264783, 14.138785755189808, 2.2787823078978184, 0.3010027041359907, 0.631820578561088], [11.641437195330806, 49.58561677128514, 14.179469892645969, 2.313843155921653, 0.3028756839936886, 0.6264230389354046], [11.648444085203465, 49.46231656653674, 13.796666058282486, 2.3694641337670226, 0.30750058201044184, 0.6245557893175928], [11.645709391634643, 48.91385094035764, 14.170103795691832, 2.3852066116838584, 0.3028052522192251, 0.6234720349261462], [11.649449977783705, 49.14146073175148, 14.05444765598501, 2.367290760089987, 0.3062355002204359, 0.6207185862662188], [11.636774009586881, 49.694703025257425, 14.169215280179433, 2.308881287662045, 0.3016539364446431, 0.6300530907142488], [11.749660013954346, 49.77285404900655, 13.453529539817662, 2.4434573575466842, 0.3184260588947309, 0.6154785618461832], [11.681029185992996, 49.853523214646, 13.616862906686306, 2.3415160548845972, 0.30582125540670735, 0.625283851894793], [11.638158219082325, 49.06818099843433, 14.045736575307506, 2.3071378726370084, 0.2994921340404689, 0.6325996112798806], [11.664059011686238, 49.66590423566997, 14.154915512950646, 2.304161883438768, 0.30264196599913645, 0.6286981775121263], [11.636184210832477, 49.28957296764385, 14.084829156777918, 2.3056985743823804, 0.2996476641699089, 0.634672324270282], [11.643456003392055, 48.81741298819566, 14.103291808306388, 2.294491167717836, 0.29790146698354164, 0.6312270029469533], [11.645785209030109, 50.14412102820427, 14.018835246491452, 2.3703974360380275, 0.3091191693385894, 0.6222743196973499], [11.637705338315966, 49.38558003507573, 14.101599716280921, 2.3431778215950176, 0.30440882004471864, 0.6254754401410555], [11.653132521907569, 50.07897545584281, 13.894385283420153, 2.34940530604522, 0.30990712639448637, 0.6246344925005076], [11.666591215407772, 49.7235233094027, 13.815044391150359, 2.3936655842139607, 0.3099786901312008, 0.6236365710164582], [11.65334324017396, 49.967918456904606, 13.797100787535307, 2.335930496141639, 0.3077304946577928, 0.623416815527874], [11.642856914586988, 49.4418479325032, 14.185877227785985, 2.3053838694482516, 0.30089052059963817, 0.627161843739881], [11.636776663408819, 49.008717409948765, 14.051279920922578, 2.3449735342353675, 0.3021140044023673, 0.6270303567862405], [11.639154472056974, 49.30094522569064, 14.13954910391291, 2.337632614584591, 0.30281692663040227, 0.6262035086238735], [11.64089081830917, 49.03042178123242, 14.012144742211667, 2.360403998088073, 0.3047783936962762, 0.6234798657929659], [11.652289002613054, 49.88570814540157, 14.064227299170277, 2.3199620535924184, 0.3038180552136922, 0.628172920265884], [11.643476924087114, 50.173321202996355, 14.116893061962276, 2.345973978959574, 0.30780654618246833, 0.630091125666298], [11.636354844976859, 49.542915725874785, 14.02373839465824, 2.3103133247720704, 0.3007183996332466, 0.6251335664607756], [11.64192252541681, 49.221328078116926, 14.110933625323652, 2.285709683846387, 0.30179300363833284, 0.6296818173500455], [11.650997143418849, 49.15570741679487, 14.069413619354036, 2.3396039176130317, 0.30129569578671495, 0.6265208469311574], [11.636211658187689, 49.68932127197333, 14.139408763018121, 2.3047800133419956, 0.3024788996508601, 0.6293108605377266], [11.637001610104868, 48.967255302485995, 14.123638073074243, 2.4021846100400635, 0.3036804129979828, 0.6254736070614126], [11.637987205457513, 48.97845906161349, 13.906854030436747, 2.3446273731102374, 0.3011002512532426, 0.6264218132202858], [11.645902764350971, 49.11231480387468, 14.108031290197209, 2.341259989255794, 0.30173639612578873, 0.6265850904609681], [11.654593836342592, 50.37222966977627, 13.776260142746963, 2.346462861753916, 0.3104325283462901, 0.6210796736179347], [11.654165606626195, 49.70339457911753, 14.072386819027471, 2.3163130924884054, 0.3041217313457387, 0.6232797228815761], [11.638406368464565, 49.865248626693266, 14.094420391651436, 2.364209578190172, 0.3057964492543245, 0.628953327226465], [11.651377064627608, 49.68560919467614, 13.970155226497393, 2.3448536176404096, 0.3073568527011879, 0.6192378968688532], [11.641858159234287, 50.18055616138055, 14.090021797797199, 2.310910739243406, 0.30498005132516626, 0.6294842328049629], [11.641963785900186, 49.35696421556377, 14.083311103919577, 2.3098879708262103, 0.30282044529279495, 0.6284325899829116], [11.644071685245741, 50.30718465021529, 