{"basin_id": 16, "ref_run_idx": 10, "seed": 210, "x_best": [11.539999081763513, 49.35909880431755, 14.837175796777492, 2.086887534724627, 0.2768098942490697, 0.6605441046144895], "best_J": 0.03102021143799969, "P_final": [[11.539999081763513, 49.35909880431755, 14.837175796777492, 2.086887534724627, 0.2768098942490697, 0.6605441046144895], [11.539739438080721, 49.29916215065063, 14.776103811585237, 2.107681852521475, 0.2787967043112019, 0.6566901056538644], [11.543677137239097, 49.232507269445264, 14.724012919670592, 2.1249394469426157, 0.2803823020721186, 0.655824046860394], [11.54042959060069, 49.230926820980606, 14.828989493852667, 2.1013546146833773, 0.2773414358175016, 0.6588980891115578], [11.544360472287936, 49.05881763279382, 14.671377378647387, 2.135657675903008, 0.2808592628945388, 0.6552084346065478], [11.540727348473302, 49.465167127936, 14.832964505665885, 2.082952663683688, 0.2771378605386471, 0.6604647888826539], [11.539754311149924, 49.102801016606016, 14.785451512008871, 2.1128922071500678, 0.27827903660325665, 0.6571541036822469], [11.540128876908781, 49.40738572230419, 14.832548893806923, 2.0837329852444935, 0.2769783657832563, 0.6595034645411649], [11.54207909174341, 49.43617863498812, 14.80709928579626, 2.0870830417393798, 0.2774223580697955, 0.6601167661299869], [11.543357917298145, 49.317838078356125, 14.826805465597928, 2.0898719553586527, 0.27684759924186947, 0.6606746654642933], [11.540999214647234, 49.27833382288479, 14.816337186211063, 2.094658175571862, 0.2773136644939629, 0.6596776510112493], [11.540637342840654, 49.322356097634824, 14.809720717367846, 2.09005125450694, 0.2773581293724819, 0.6596703206988831], [11.540762366709648, 49.32974686686459, 14.826605690766266, 2.088271073815026, 0.2768847791373964, 0.6596411382729555], [11.540494872190973, 49.39907714359924, 14.825322681276223, 2.085366991459444, 0.2770390406146592, 0.6606280125602331], [11.54031211454187, 49.40438605647667, 14.807960628589422, 2.0884270414148345, 0.2773885827421617, 0.6601177773305341], [11.543879425130967, 49.243928774962306, 14.768833645456628, 2.109081136751683, 0.27856654437538025, 0.6581536505415672], [11.540691256854814, 49.38522311816323, 14.807949171231176, 2.087464609333247, 0.27754147572404014, 0.6597164758479205], [11.540066092127669, 49.300772828286206, 14.823084507971435, 2.0925899777569437, 0.27702190605274774, 0.6601978324597327], [11.547134325636337, 49.439333075780084, 14.691959844170006, 2.1286540416407465, 0.2814550725666588, 0.6551778791115713], [11.74579022122475, 49.93600249978608, 13.82156802003773, 2.311712218986842, 0.30878127343831313, 0.6206817467911443], [11.54047710497155, 49.2415008334365, 14.76186928772674, 2.1181008480835097, 0.27939420631842615, 0.6570975584209552], [11.540568524173738, 49.28225830358626, 14.814441215450332, 2.0986843788972083, 0.27763430391918514, 0.659323323111511], [11.540533654349073, 49.380468606967455, 14.83232142436107, 2.084685800678665, 0.27688003037132325, 0.6606462685588816], [11.539894720485982, 49.26006982426509, 14.77940506306945, 2.10221381775488, 0.2780902495417975, 0.6581121226907054], [11.541750250840758, 49.19062220920521, 14.816195717421637, 2.110303100013191, 0.2784768764165072, 0.6570331053153424], [11.540403700895798, 49.40273096342983, 14.830844419612703, 2.0841222116029945, 0.2769004412908037, 0.6608551791823173], [11.540063261377284, 49.33814570326416, 14.82130538584035, 2.091598305280246, 0.27712043232488043, 0.6601095209902094], [11.541333340340277, 49.426743265724, 14.809581531475583, 2.0873040710243616, 0.2775372293275535, 0.6602530655128697], [11.543576724272311, 49.2848171979942, 14.76210477343227, 2.105967402498992, 0.27851138558366617, 0.65745177361602], [11.5404806419121, 49.44892136327005, 14.840153569533786, 2.081532959797855, 0.2770908539086255, 0.6606513275709794], [11.540472654090868, 49.35139139041227, 14.8200514488427, 2.0866825807927896, 0.2771380612258285, 0.660462831469712], [11.540972931864625, 49.31078151821552, 14.806484162328275, 2.0892255549745626, 0.27744662382361274, 0.6594310500527738], [11.540042102285229, 49.38436944415644, 14.819926967776556, 2.0859793499056742, 0.2767484559856362, 0.6609516725850237], [11.540245934541904, 49.34326698723458, 14.814993879276456, 2.1008897516517315, 0.2779963695148782, 0.6599207599325492], [11.540242016657592, 49.37096388085708, 14.82998356794419, 2.082675263030532, 0.2768404764994458, 0.6598596469355532], [11.540644447147907, 49.38013152279341, 14.82376362807511, 2.0985900764160395, 0.27789246543064805, 0.6599283316239775], [11.541893787291826, 49.33380952980864, 14.708405770976162, 2.1197296101354532, 0.2804912315048861, 0.656159129238665], [11.539829668616717, 49.19982808845735, 14.819551817860713, 2.0953783892815685, 0.2768800561276953, 0.6596421829499121], [11.544133168568806, 49.38611475570013, 14.731453450476794, 2.112360681883734, 0.28002089985700207, 0.6560515213900606], [11.543389067729889, 49.47661537216891, 14.565913559669346, 2.164445862198224, 0.28494049905731506, 0.651448081059141], [11.543170777860789, 49.32329563754584, 14.750421506239665, 2.104318078089986, 0.27852548512513, 0.6581203062092729], [11.539928804792874, 49.370513958957325, 14.811221648586024, 2.0914947987673718, 0.27741470828028625, 0.6597456010538675], [11.541553319117684, 49.29951696762942, 14.816727356619976, 2.0951438383208565, 0.27733737513484435, 0.6597360551712034], [11.545074788557963, 49.29454555499675, 14.78190166708035, 2.11091744726825, 0.2788894596285047, 0.6577265968988133], [11.540478222805769, 49.32658181314175, 14.850184572556334, 2.093356967592227, 0.2773159451606596, 0.6595307239357956], [11.540382617947365, 49.22410091757539, 14.802421016154222, 2.1059547827914615, 0.2783872906444865, 0.6582258372504695], [11.571285994144635, 49.48146565880714, 14.637501729874547, 2.151648616162423, 0.2846024636123294, 0.651537889877398], [11.572657187289073, 49.47054873243012, 14.553739878959943, 2.1445867316631952, 0.28518522511438565, 0.6500746451035456], [11.540363081625419, 49.406154978263565, 14.83170729630016, 2.0861045212421754, 0.2771374728910947, 0.6608343512531116], [11.543068722052785, 49.47009256891707, 14.83181439861868, 2.0831453658143406, 0.27694549215341907, 0.6607143371657135], [11.54006726566055, 49.37729405984046, 14.83087374224061, 2.0889754661411133, 0.27744754180691544, 0.6602184023104334], [11.540378312723151, 49.301286474071205, 14.79220060418693, 2.0909106034294154, 0.2769337059758886, 0.6602243565113017], [11.540371715627064, 49.40264790627804, 14.832287766329042, 2.0838261694458877, 0.2767883159120779, 0.6609313021851688], [11.540649641582226, 49.337828264455744, 14.833443318219146, 2.088211313632792, 0.27697249457177975, 0.6602363509703737], [11.542106570596626, 49.34150528224414, 14.821861463947245, 2.0916963093962653, 0.27742719953225886, 0.6596136549337779], [11.542442191946881, 49.28910807210211, 14.77924903054445, 2.114608062303398, 0.27948760002658346, 0.6562545536487459], [11.540347596418611, 49.29506769626435, 14.832711182000626, 2.091082928519776, 0.2770278806362239, 0.6597915052675228], [11.5508362009212, 49.008979613931146, 14.752599776498446, 2.1314844536337776, 0.2798589280451879, 0.655546248836659], [11.543107759414674, 49.2681478257104, 14.816789881696266, 2.0967407382337053, 0.277243485193346, 0.6593707167160556], [11.541222802310756, 49.35927465194338, 14.822188711954325, 2.0913852503156263, 0.2773048288643169, 0.6600427220235006], [11.541956934662343, 49.329787961423435, 14.805064505299644, 2.108132145306832, 0.2785915588199202, 0.6582375255482305], [11.561915390803096, 49.59426810862885, 14.605106383677374, 2.1201765901964382, 0.2827279614372227, 0.6534073381978189], [11.540563607745199, 49.41458196822007, 14.813971519719615, 2.0841483458386003, 0.27728956554391365, 0.6602720783995881], [11.54052250857242, 49.300511390413945, 14.833043990481173, 2.0882691054604807, 0.2768011492294177, 0.6598956600211531], [11.540944193470699, 49.36449379407514, 14.81413842596821, 