{"basin_id": 13, "ref_run_idx": 5, "seed": 205, "x_best": [11.466424895048293, 48.66326628049538, 15.411173242110038, 2.025959529956886, 0.26369601124251196, 0.6733923768386639], "best_J": 0.0309149962832353, "P_final": [[11.466424895048293, 48.66326628049538, 15.411173242110038, 2.025959529956886, 0.26369601124251196, 0.6733923768386639], [11.483573272085811, 48.86990096991236, 15.323586881374352, 2.038683990909191, 0.26585906752884025, 0.6712785183176675], [11.370700126365314, 47.569496836337024, 16.903093241414293, 1.8802041509185323, 0.24004457563619291, 0.6999794446753771], [11.448656625029697, 48.64561052282933, 15.655369963135062, 2.021689692834474, 0.26077014254040554, 0.6775390298575777], [11.390822340796005, 47.51701966181163, 16.545432415237553, 1.9465535169048926, 0.24273493444208347, 0.694623056836075], [11.454089612790565, 48.64965033795528, 15.502145239139535, 2.0231808155041495, 0.26280685903248274, 0.6735770535420448], [11.484521613758446, 48.339623138196025, 15.421145109700422, 2.0179495242645547, 0.26176096419576395, 0.6731992100511124], [11.475277283041411, 48.88949325304956, 15.419529990069158, 2.015498995472529, 0.2634245618999406, 0.6754264956241883], [11.446429323501187, 48.430177574231344, 15.497234281964792, 2.0310020231917623, 0.26141391957427174, 0.6755582835134344], [11.505771576245055, 48.7498059491728, 15.311832664847072, 2.0522647871188493, 0.26755734454932, 0.6698958488610102], [11.36347716350384, 47.0392155128241, 16.625055113201054, 1.9940475512669484, 0.24475255601930385, 0.6932372513865516], [11.439949993730794, 48.21067529979474, 15.47336310581845, 2.0748047352427874, 0.26488112777670586, 0.669557799516286], [11.413436877811304, 48.64616519055448, 15.837917509949051, 1.9857295437952907, 0.2556592837998305, 0.6849843929897753], [11.434762607265116, 48.766101465325896, 15.538482836281235, 2.017981779437104, 0.26257649386852805, 0.6770352406642484], [11.466181900657794, 48.761807207830806, 15.40811383172601, 2.019688512992252, 0.2638361682050855, 0.6734584536104038], [11.438849432746972, 49.21662025977789, 15.909650243144775, 1.9130373775796183, 0.2542944366518155, 0.686992758805277], [11.442009678625853, 48.66965910614109, 15.596755133491236, 2.012708145096022, 0.26090763129698136, 0.6783938708843318], [11.429576527178979, 48.71406420855189, 15.730760907497048, 1.989474167691743, 0.25786707054593305, 0.6828469965090004], [11.406536842204044, 48.29989438122009, 16.22453317669836, 1.9128632112418995, 0.24609314473240246, 0.6945796294974063], [11.448221270490508, 48.66395667558428, 15.387468928538837, 2.0310970667489774, 0.2645128885817863, 0.6724061015994381], [11.357227860143501, 48.30712811785019, 16.085555504870566, 1.9406361305141935, 0.24858194741492695, 0.6917084283362693], [11.46965961728073, 48.60450387190216, 15.301625206222399, 2.0438343821844103, 0.26712627682015644, 0.6680155896433077], [11.394734409191283, 48.617849369348704, 16.253140998363573, 1.9005329125346675, 0.24666775813220254, 0.696913749778493], [11.465003821228617, 48.81423009747365, 15.437677299258988, 2.0234222022263717, 0.264944501354069, 0.6721228882699105], [11.473327092050022, 48.77326860461403, 15.450336943925278, 2.034894191165711, 0.2638475059191283, 0.6758861979514353], [11.481395875009087, 48.49710977733239, 15.42982597600525, 2.0364765396411895, 0.26379147464264824, 0.6742846365258783], [11.394590958278481, 47.87668878215247, 16.133762706266598, 1.9939289772651543, 0.25227723825470516, 0.6849649867221345], [11.450861611745673, 48.52575889555716, 15.244418920755518, 2.078482172862573, 0.26560134348451986, 0.6694769596238519], [11.446275560627695, 49.44838760877057, 15.500853605654148, 1.9883006175356448, 0.26392387449210836, 0.6766641984045104], [11.457602925034639, 48.3496824792177, 15.440797054248627, 2.055694281241052, 0.26472048013848487, 0.6698954441478739], [11.455075895331053, 48.76445529518443, 15.575676909463832, 2.0075304872975908, 0.2626450672107828, 0.675272594441462], [11.468205245981062, 48.63913521944081, 15.559030000869097, 2.020368957603089, 0.2623423925855679, 0.6765904321758617], [11.403623800860519, 48.7831713433359, 15.94034001559118, 1.968280039847899, 0.2547588253730923, 0.6851673201021071], [11.437730971908817, 48.51767657591381, 15.382034727992924, 2.0459818132123933, 0.2642416359831619, 0.6746724501955483], [11.441561555752346, 48.52742109570552, 15.619744867275909, 2.0161220193464, 0.26038602712277176, 0.6764004716375391], [11.396862463566645, 48.3154267832974, 16.100021811828505, 1.9712347228089746, 0.25343447634389293, 0.685043585410284], [11.498583295062845, 48.568425439412714, 15.288108617753709, 2.046770007301363, 0.26632878378343444, 0.6694741921980287], [11.42069354663441, 48.043723951724296, 15.787053203647673, 2.0273894032826174, 0.2580302492538127, 0.678604424811671], [11.393493527547692, 48.01278057710845, 16.360920699497047, 1.9278236841505916, 0.24585010868745139, 0.6936392343416152], [11.448798040483421, 49.06430399232107, 15.33527168775249, 2.0298046501670566, 0.2674799871159451, 0.6728256493641189], [11.47353354084762, 49.40709627838989, 15.201712978291518, 2.020529007431813, 0.267762728046645, 0.6713083799678481], [11.521539578235394, 48.90641023456507, 14.937191167949573, 2.0692383811139297, 0.2715845116619877, 0.6634101220961459], [11.400851917395324, 48.97775998585198, 16.093045257998575, 1.895397547468543, 0.2494097051132204, 0.6963549441056733], [11.466988992040037, 48.506316270325, 15.136305733673783, 2.0735187261847905, 0.26951739257634966, 0.6653526895417284], [11.461679083793893, 48.094559025272005, 15.494088766959702, 2.0367108377317567, 0.26155158087507385, 0.6732877185871008], [11.449282108000528, 47.76644410297921, 15.615994520887597, 2.045993865360734, 0.2591326055556676, 0.6721893195185037], [11.446380548863317, 48.470248657191235, 15.436832664030504, 2.0407446547572277, 0.26270142205800134, 0.6713604021157343], [11.412282512055619, 47.97165166391713, 16.03849294007541, 1.9910471968894905, 0.2519424989982153, 0.6860497957964473], [11.449614644426727, 48.64665342009582, 15.584259078852384, 2.006499785378678, 0.2601881623600387, 0.6787559918311364], [11.495939708561478, 48.89388423839572, 15.097267354572024, 2.036244583645014, 0.2682713173444543, 0.6677578371763108], [11.498366490207566, 48.827097174449314, 15.191750225032834, 2.0664769574995616, 0.26968226680421925, 0.665050442339153], [11.451789992977844, 48.24977693253909, 15.66426366275706, 2.028300385696913, 0.26001706782988987, 0.6753138682201844], [11.399625569227524, 48.54614565341897, 15.9849853542814, 1.950410647004573, 0.2518640048313676, 0.6903480690776824], [11.439761678885628, 48.65750472006341, 15.687052233632667, 2.000311498339526, 0.25920970646221664, 0.6773188763717773], [11.375965943166612, 48.241711986254415, 16.34064342422859, 1.931272468382389, 0.24690499753701922, 0.6942913975981132], [11.397047011299142, 48.31812401179826, 15.927219796661044, 1.982191478570095, 0.2530474700959242, 0.6887151738142179], [11.427059639943346, 49.00863830430092, 15.95528051645698, 1.916782164742009, 0.2521648249897858, 0.6911242386616854], [11.440278768095826, 48.663870488317784, 15.846473271657413, 2.016815577889271, 0.2617322534851367, 0.6773783467226846], [11.465217912762917, 48.436240032833794, 15.508609346620641, 2.00707848074139, 0.26034914971052603, 0.6774380548642934], [11.428024590118751, 48.82374144466788, 15.779188714389985, 1.9985062524542951, 0.25838737149689506, 0.6795693730718038], [11.466664422392725, 48.495082081380964, 15.332978594704818, 2.0344808138432837, 0.26385053321429286, 0.6727251006123823], [11.470724964007182, 48.48533751219568, 15.387526572394954, 2.049151220630952, 0.26564673261883076, 0.6698401807911363], [11.494332055831189, 49.04202504353219, 15.319610471127508, 2.035615915993482, 0.26739375652087516, 0.6695425645693454], [11.422839747503984, 48.39951701616391, 15.663377871950864, 2.011924714404589, 0.2574517932896936, 0.6805562392210712], [11.440248034482666, 48.46691499689012, 