{"basin_id": 19, "ref_run_idx": 5, "seed": 205, "x_best": [11.483202136988073, 48.71486004238351, 15.05226847708133, 2.088376380646875, 0.27113819371220527, 0.6636923663588867], "best_J": 0.030995121771769475, "P_final": [[11.483202136988073, 48.71486004238351, 15.05226847708133, 2.088376380646875, 0.27113819371220527, 0.6636923663588867], [11.551437367158652, 49.471893038069815, 14.504678835813328, 2.1338073960240993, 0.2835463243513535, 0.6495025789033188], [11.564411877392686, 48.89202397777329, 14.597904458660347, 2.1412921027438596, 0.2797389003550393, 0.6526853007956889], [11.50427024524812, 48.991517991353504, 15.036560631681557, 2.1327107809774173, 0.2745403410450495, 0.6589864427102184], [11.509021778177686, 48.823199808842396, 14.955916953120274, 2.1516959104155053, 0.27857512252246586, 0.6540221334678553], [11.58094647322876, 49.528340901549065, 14.47570504616861, 2.2359972751556483, 0.29329229408911967, 0.633313587638134], [11.522776987372875, 49.354374056189144, 14.802625421205994, 2.122252353569927, 0.28104210819815617, 0.6556993961550182], [11.487689761116798, 49.143450823079725, 14.999431872400967, 2.1214066733693118, 0.2774183987416682, 0.660438503431233], [11.560186281497963, 48.835711294313676, 14.875315977264739, 2.1272939920115514, 0.2778205702911616, 0.6524932893834444], [11.526592970655994, 48.78321578082094, 14.860220156481299, 2.0995483664097936, 0.27367238117343295, 0.658989540706436], [11.65432940619983, 49.825162204234964, 14.043286416512512, 2.1905879010001894, 0.29361125114503234, 0.6432993710541395], [11.514055433434978, 48.90075167171497, 14.888899408182196, 2.1135585470592417, 0.274667429534155, 0.6602078152204344], [11.506717757695906, 48.730862998095446, 14.983259186102895, 2.0849960159152414, 0.27165976732710895, 0.6613637329482519], [11.520554289752422, 48.8593434556818, 14.931070949611119, 2.100803428529943, 0.2753773513624224, 0.658150470099603], [11.5465334784677, 49.70566929277835, 14.615541229376849, 2.1328142329082787, 0.28428040272157656, 0.6501605292184015], [11.498473935861398, 48.6223232491439, 14.98578001654846, 2.125136901282589, 0.2745160680249508, 0.6590302499703288], [11.505222601806967, 49.22584770646115, 14.944417445227769, 2.0704182509257083, 0.2727970877393562, 0.6648355379402395], [11.612452756972502, 49.27662218882952, 14.271547194573023, 2.1957104509635155, 0.2893452344972732, 0.6458053184714593], [11.471477952629284, 49.78270182749545, 15.08341882333927, 2.103304155864034, 0.27842513906981786, 0.6591516635169377], [11.557537559978334, 49.21267221114901, 14.369750607446484, 2.1943895537207907, 0.28868151406211695, 0.6405833694123407], [11.521849085551377, 48.92476577684491, 14.928203257222043, 2.1413034786400793, 0.2784503646219132, 0.6562267323307304], [11.510604853843807, 49.12744807660843, 14.95882716282574, 2.103980921999957, 0.2758450809129862, 0.6593271942803286], [11.603291362672493, 50.203167050146675, 14.213479448493318, 2.1436026187022845, 0.28783561758743736, 0.6553827803314842], [11.551605266060692, 49.252798543624024, 14.62026843439716, 2.148914352517082, 0.28265543466914134, 0.6515836428765647], [11.496201272633876, 48.6517338755282, 15.342648315135008, 2.072729378291766, 0.26797843481641304, 0.6651391125744042], [11.551288907261915, 48.94006159562848, 14.781719116924885, 2.15520937337134, 0.2823271928912082, 0.6531469439257943], [11.53064279021047, 48.8589568044902, 14.668992330462283, 2.1590900111344067, 0.28099485708545485, 0.6533929205440511], [11.586163567252603, 49.442391583062395, 14.409568098292059, 2.1544444516893395, 0.2865612723079703, 0.6445092663879157], [11.488827461318818, 48.79416446663191, 14.854704022068752, 2.1648133353487546, 0.27918479449169425, 0.6545654502144528], [11.49077169045912, 48.63236780464121, 15.153242406046035, 2.119752304776579, 0.27311920339826073, 0.660969119506479], [11.48187232755881, 48.77830092544602, 15.055711212878489, 2.0878364353789594, 0.2708431297428532, 0.6689394312020872], [11.50628953644695, 49.396469809943966, 14.838620467543498, 2.1450496640827987, 0.28109921785895836, 0.6540607374924092], [11.55028490768581, 48.963633501105186, 14.607261218203496, 2.1815326599889127, 0.28487630459153856, 0.6484107769579658], [11.53486909868859, 48.744634697055766, 14.729613120892369, 2.163655103597666, 0.28028078808941637, 0.652766194286672], [11.535211624227665, 49.00080652662394, 14.814314829477635, 2.1822297974603098, 0.2829252720272093, 0.6503239757296261], [11.49127185892152, 48.70112796433968, 15.09063100895424, 2.1134487348023185, 0.27299535254864477, 0.6619647279375924], [11.560090357864635, 49.27297277751951, 14.588047895596446, 2.181256626292703, 0.2838180317774221, 0.6485600992595979], [11.666052513662498, 49.64829930667814, 14.186560202137775, 2.2101195108247174, 0.2925073033282241, 0.6413925785388968], [11.56705477658887, 49.17779993522561, 14.58471803931172, 2.1438079634693317, 0.2819847148472906, 0.6530852274735177], [11.592418861506127, 49.31329050564298, 14.374622632123808, 2.156955197535007, 0.28629423640433, 0.6504353075523466], [11.5298676740227, 49.07651520339986, 14.837120791772787, 2.129741038848058, 0.278248178148796, 0.6573119844920046], [11.534547479130067, 48.891153706524335, 14.789702137512212, 2.1315524725103794, 0.27742146808593643, 0.6570006233816024], [11.592616767935379, 50.06137173622242, 14.630372148440753, 2.181064513924877, 0.2902848393411634, 0.656150640277077], [11.584423213224717, 48.941963663162845, 14.409914131155666, 2.1583287966229148, 0.28287369122814643, 0.6499469913866206], [11.54415849893513, 48.67395476330862, 14.708054240758882, 2.1704649867081773, 0.28039254568522276, 0.6513430904901741], [11.527642088638984, 49.2053550939261, 14.860133667829153, 2.1406669587334015, 0.2805828691542853, 0.65591037694724], [11.505649738607495, 48.61859915214492, 14.916109377336745, 2.1284123406389757, 0.2755475992748754, 0.6572454033464745], [11.543690602367334, 49.117469702042904, 14.722271739324103, 2.1430916594187734, 0.2798600852192141, 0.6534908971309672], [11.519034404254281, 48.632381476255134, 14.800528382955033, 2.1825859473698723, 0.28110041143540315, 0.6527509959215093], [11.536649490883244, 49.458772079334636, 14.41494019542863, 2.1674074899541433, 0.2871104440125418, 0.6491600230296533], [11.476657950853523, 48.78404750020724, 15.214976962109324, 2.1061307615782923, 0.2729249196689335, 0.6620305851861703], [11.614589819384781, 49.641498230154966, 14.345966297642805, 2.158624006361051, 0.2880543404313145, 0.648229429554044], [11.527583768695182, 48.88209619305375, 14.936702849651113, 2.1057406695725684, 0.27464284249651066, 0.6593660542082304], [11.497397765141178, 48.66340813440672, 15.055695109710317, 2.110507120738206, 0.2742572348370515, 0.6597851472309465], [11.522227303023422, 49.00027590042607, 14.789622454122757, 2.1228428589181343, 0.2782991561037356, 0.6545916407271054], [11.47010241290302, 48.717672015702874, 15.082647043969693, 2.136651755415573, 0.27432066466171395, 0.6629025882172283], [11.601132484751066, 49.779738602039984, 14.270217645338278, 2.1356116500450066, 0.28589933292094755, 0.6552118378562533], [11.605148392954668, 49.52715624471966, 14.360861388712609, 2.310208608878981, 0.29714360436807996, 0.6437842789669067], [11.486286138100409, 49.069233552578055, 14.945775871822017, 2.1204220210726423, 0.27789418695151596, 0.6585155266439249], [11.54789509022027, 50.14487599610275, 14.505937641647064, 2.2320757885914966, 0.2956398322290487, 0.6421597329374145], [11.509537538439593, 48.65158599266468, 14.959611563471032, 2.1183117332476913, 0.27397568134171346, 0.6589615067206537], [11.599611116280936, 49.823386360917006, 14.315530909819698, 2.1597715361206937, 0.2901458700587382, 0.6470523683067393], [11.48829798546724, 48.99576314831835, 15.013302367467297, 2.136837309835264, 0.27851290832302844, 0.6585357990514111], [11.585347481553516, 49.743259449052104, 14.451693307462495, 2.136507479507455, 0.2858765726484268, 0.6503001272979169], [11.4696360204619, 48.73090508266435, 