{"basin_id": 2, "ref_run_idx": 10, "seed": 210, "x_best": [11.499154119256078, 48.97525449060238, 15.084721096046213, 2.074884131303722, 0.27180604192408564, 0.6651389263953364], "best_J": 0.030935122078460213, "P_final": [[11.499154119256078, 48.97525449060238, 15.084721096046213, 2.074884131303722, 0.27180604192408564, 0.6651389263953364], [11.515049064449695, 49.131356294863295, 15.029058383567714, 2.071920876521944, 0.2734308841928636, 0.6643706711133277], [11.502518198001304, 49.070581592851546, 15.065114398683598, 2.0669142287189137, 0.27189278553792084, 0.6652563919872786], [11.493657254114883, 49.04338377928661, 15.097093301591984, 2.076132673260301, 0.2721598936253628, 0.6641561137576735], [11.512587966343933, 49.21428166563885, 14.922286013082488, 2.0826316141271057, 0.27476184064367626, 0.6624382636983009], [11.507120547369123, 48.88569130510253, 15.04044739782179, 2.0874163138509134, 0.2726963901096308, 0.6635572627054462], [11.492406958947205, 48.94829554141681, 15.11350174800324, 2.078480714355438, 0.27194191153109487, 0.6657004943449483], [11.530113173078448, 49.646996963767045, 14.643894918663685, 2.1708789139962823, 0.28630874528913647, 0.6461774984027066], [11.517810625210714, 49.102221764922454, 15.020870889984025, 2.0684307505171806, 0.2726985276401306, 0.6643629736578216], [11.493896025867075, 48.74657369645788, 15.099114265593972, 2.089495070686069, 0.27185011198581166, 0.6644755995450587], [11.495351536176086, 48.92381219463042, 15.076175677475272, 2.0746891079824334, 0.27197479861524276, 0.6650680418448183], [11.499901028342853, 48.94916046367123, 15.073225493522175, 2.073123110554833, 0.2717143832927656, 0.6647517329062779], [11.494772040357713, 49.03083034898823, 15.100553222531243, 2.072115138475826, 0.2716480682776929, 0.6654577408504506], [11.533959197016104, 49.35327201460083, 14.878329455381868, 2.0765364397668495, 0.27681664587177723, 0.6597283112700116], [11.5099606487037, 48.980510616162825, 15.022883356837564, 2.0805204861108457, 0.27417578398656556, 0.660276141183149], [11.49713059834558, 49.15550575201679, 15.090551233293809, 2.070985795828637, 0.2721614618369349, 0.6649742039774923], [11.506834597105085, 48.988873155428685, 15.068625740771413, 2.0723347327152095, 0.2718155286884431, 0.6649679279699965], [11.497868326854933, 48.924592457753015, 15.084978683435242, 2.0795861100769724, 0.27215122302980255, 0.6640510049372591], [11.503309491781712, 48.80776540678482, 15.048290530908117, 2.104055500623717, 0.2741206731547038, 0.661292633662494], [11.500552470011812, 49.0456395402408, 15.09531687838378, 2.072672459493939, 0.2722793558629112, 0.6651852908744085], [11.487360561212727, 48.9521938017213, 15.112045781054206, 2.075484217371227, 0.2716275442581237, 0.6660851470425271], [11.499608092825195, 48.764439023248, 15.116627966260031, 2.08376914559316, 0.27162206551710333, 0.6634409063821155], [11.535740077576326, 49.45661607842921, 14.874405175053347, 2.0751138767913626, 0.27619378288629376, 0.6627656156831105], [11.522225468866461, 49.44854986354909, 14.788017823370833, 2.1344841014603855, 0.2814466271782557, 0.6526471439035342], [11.523158522360157, 48.80154839119129, 14.931821375423134, 2.120574557169183, 0.27627397991508346, 0.6589145160775229], [11.50327584453631, 48.96485393379043, 15.081897049261029, 2.0723661925012906, 0.2717402628100731, 0.6650739729152588], [11.507027638448445, 49.048919661458136, 15.054076424262693, 2.0659066698819117, 0.2716553566527237, 0.665675632282114], [11.499573988825171, 48.95155825100739, 15.025767079957411, 2.1070021651880895, 0.2747107480377673, 0.6612505361974307], [11.493357356472472, 48.970930410912814, 15.095479878793785, 2.0741910615240955, 0.2717899743605545, 0.6654476816267325], [11.502497406753893, 48.982082568160735, 15.0855214638823, 2.071246327514748, 0.27179029599150534, 0.6654528009357493], [11.502525649862747, 48.99890672991471, 15.076231063214342, 2.0684726287813877, 0.27175196260496903, 0.6649168245689042], [11.516933629577906, 49.22212893483357, 14.999012305526334, 2.078070178483414, 0.27430407155110137, 0.6635742165220833], [11.505610446002324, 48.96873674249648, 15.026628304886085, 2.0752322914866292, 0.2720766745970252, 0.6640899409415005], [11.512990508316605, 49.224589993277476, 14.95825877246074, 2.093158323952881, 0.2750723315747464, 0.6615608595502146], [11.518677116992516, 48.70473122535344, 14.94604026010625, 2.1291666074381252, 0.27631195740398645, 0.6571599018208045], [11.502317662947528, 48.96550244541388, 15.076711907650402, 2.075021233103944, 0.2719499668149104, 0.664839646639233], [11.497067760766031, 49.00262104025348, 15.09955774682304, 2.070015329487042, 0.2718702283160373, 0.6655739064365115], [11.501209348405615, 49.13031786827633, 15.045013738915067, 2.066058186037442, 0.271737179482933, 0.6657952939025725], [11.497051080979936, 49.154072086676805, 15.027095794245595, 2.112463837312415, 0.27635437504808363, 0.6612369119378498], [11.50717808306883, 49.084924627129794, 15.06282654439469, 2.0774355929487656, 0.2731884884787712, 0.6630127542436677], [11.544619099865201, 49.4995931474877, 14.739919765576646, 2.11129513797595, 0.2799295373542497, 0.6608476488660867], [11.499572639791083, 49.05630845279409, 15.054738462915257, 2.0816685472444014, 0.2735075794888924, 0.6635458627410584], [11.499722882960448, 48.90040457130036, 15.085073162319178, 2.0740758681399796, 0.27183389863343604, 0.6644703518209738], [11.500189620123763, 49.086837494293164, 15.072705913633188, 2.065092617444143, 0.2716668226631864, 0.6649693732796432], [11.505681942280034, 48.99845801371952, 15.036597018622546, 2.090575239578928, 0.2741330223468007, 0.6628612231875362], [11.546204105503032, 49.09968567312254, 14.87967282562884, 2.089218034449269, 0.27617265599300334, 0.659508580795219], [11.502214187406471, 48.97888655996294, 15.08041476095555, 2.074822924672058, 0.272139695025133, 0.6639373406417132], [11.501036886835914, 49.1698822296094, 15.011689793309914, 2.092248297700594, 0.2751383473066641, 0.6608834382879557], [11.481865075760595, 49.33448230707316, 15.149521351371302, 2.0615310175370345, 0.2718399529234637, 0.6683983126834254], [11.5128171469685, 49.01387198449992, 15.047073588080199, 2.071109955588041, 0.2723842399565006, 0.6641459091624817], [11.492549148257703, 48.96985716960484, 15.115735165346928, 2.075694932090329, 0.2717687633643023, 0.6644690176116327], [11.504342822807025, 49.00716383689798, 15.085083385123255, 2.0786821686427586, 0.27258985334755936, 0.6646132055138854], [11.49699965189942, 48.982786981924555, 15.079061197118708, 2.083207508470534, 0.2732104190399603, 0.6630988810374171], [11.484356013689496, 48.99281169466325, 15.173113741265455, 2.0887309856945357, 0.2720598748575664, 0.6658287603231424], [11.546488691332048, 49.53634484385864, 14.785217545102542, 2.0825575786225543, 0.2778200874405556, 0.6604923956260844], [11.499347414187488, 48.99950092091181, 15.055995204569344, 2.082485403010318, 0.2731198614936483, 0.663728833549845], [11.481803043823902, 48.76932202004571, 15.161722108634963, 2.089628117199788, 0.2717678300786145, 0.6648838580280625], [11.49641411357686, 49.11021675311484, 15.086972256194574, 2.079297460634576, 0.27174945289797414, 0.6652180047931417], [11.499983164262867, 48.980791847567374, 15.088760606359871, 2.0794905313846055, 0.2725433349720223, 0.6631533971025779], [11.501772288836152, 49.01004115392824, 15.100085334900177, 2.0747989969962077, 0.2717650947053544, 0.6652904692865007], [11.49977737739683, 48.91928926935232, 15.090496709650242, 2.0711632113430887, 0.2717377074949799, 0.6649120106013305], [11.514459976281527, 49.208427590849, 15.034687733858469, 2.057409515881163, 0.2724738457307049, 0.6637294001207847], [11.48125775868655, 48.90321500583941, 15.127560158895594, 2.0923656899259493, 0.2726636797609258, 0.6640003299178757], [11.5084468947356, 49.05239079043544, 15.056522865298607, 2.071658267643779, 0.27232598582694495, 0.6646251759422402], [11.491801768807226, 48.85396308034917, 15.109904647023376, 