{"basin_id": 11, "ref_run_idx": 2, "seed": 202, "x_best": [11.477271300008976, 48.65138139770786, 15.21959018329214, 2.0608925685442583, 0.26783847411230705, 0.6693404079562462], "best_J": 0.030939031848906295, "P_final": [[11.477271300008976, 48.65138139770786, 15.21959018329214, 2.0608925685442583, 0.26783847411230705, 0.6693404079562462], [11.514299354648331, 48.92886521039195, 15.0370160827428, 2.049217785519096, 0.2707731444621602, 0.6639701470565005], [11.536591201744955, 49.85708815628101, 14.85648935529155, 2.042569850115125, 0.2759091052994364, 0.6660968302606952], [11.484946342813993, 48.69688423450334, 15.10468437157534, 2.033868698555115, 0.265020320724236, 0.6703284045872834], [11.456860469103667, 48.80373615046337, 15.161062320043946, 2.0586110683513548, 0.2695197811715247, 0.6664099568901045], [11.486807754571812, 48.640305097126515, 15.239450670232886, 2.030407123651815, 0.26516971940630096, 0.6685770843533064], [11.585714123400964, 50.88441488665393, 14.641126551812693, 2.0426227027487216, 0.28331935566673383, 0.660017394729746], [11.476866323231699, 48.76959132958892, 15.205800307241972, 2.0554562615815315, 0.2686277179428426, 0.6678437422063037], [11.474185107476037, 49.06034361900026, 15.211463871740804, 2.04302341054559, 0.268267625180289, 0.6681536565272497], [11.482858295007656, 48.65081638611569, 15.148484415223072, 2.0603202696048926, 0.2671066230154673, 0.6696418894515641], [11.501068383560915, 48.81139389439267, 15.093610595679387, 2.062748518779262, 0.2701059298415536, 0.6667388988631215], [11.511121358047392, 48.943169370048736, 14.944108335756463, 2.0675996095467783, 0.27182863690890785, 0.6649519896326356], [11.54220042035556, 49.907048425060005, 14.903461695905383, 2.0501312670451277, 0.27576910786593656, 0.6645164191942255], [11.534579374072402, 50.21905286633914, 14.493631304944177, 2.1218717530149998, 0.2845302250418671, 0.6556463590967094], [11.544468541495776, 50.037827642079094, 14.848225178688299, 2.0585809000062505, 0.27659003474898264, 0.6636710944935292], [11.498910898019432, 48.99823263477194, 15.106188150792693, 2.0830587629378106, 0.2719386038522985, 0.6660908863083355], [11.525968071139834, 49.518188943397966, 14.984982253107804, 2.0350472848518635, 0.2719929708554641, 0.666013025642686], [11.48126534379945, 48.84938650111536, 15.179545864770489, 2.0503170867146263, 0.26847970792967246, 0.6672322966252077], [11.561594956511057, 50.07552508045476, 14.569755926302722, 2.1008275439999897, 0.283963214110162, 0.655260606144854], [11.528637616946929, 48.63491199779746, 15.200364193175796, 2.029178756694172, 0.26460785577700413, 0.6733793850415625], [11.503189372192809, 49.13833481556577, 14.979875530777154, 2.0333623024076526, 0.2699659039314708, 0.6681728238530217], [11.493414158201546, 48.851498420821656, 15.241426875272749, 2.056598714474417, 0.2703469726958335, 0.665531455303388], [11.50562460231104, 48.792319401312184, 15.101735406758834, 2.0653902246909936, 0.26934112515960773, 0.6682331604804653], [11.48647348574778, 48.84554183623922, 15.157534755923681, 2.061720155682049, 0.26956726277854903, 0.6644824782681648], [11.580309596061737, 49.9446216594684, 14.383846578234207, 2.074683576531481, 0.2830401150552343, 0.65285445825478], [11.585837103848396, 51.05267559731578, 14.255888914890878, 2.1071200128828544, 0.2926831557074114, 0.65187620593834], [11.507751676512038, 49.13028158798842, 14.985141252668825, 2.08109993410125, 0.2733531072232275, 0.6624154420350564], [11.49181588420556, 49.274656831648876, 15.04629394183525, 2.0559892496326153, 0.2722747552446017, 0.6657593556917009], [11.575693650489114, 50.374739359703604, 14.56599586314593, 2.131182444631364, 0.29105846766731164, 0.6487622964254774], [11.56724780785711, 50.021999491190364, 14.871308928247633, 2.0293415693889636, 0.2748527925620785, 0.6661483833270065], [11.494843540814815, 49.8199960628537, 15.194932623172274, 1.9808763253014563, 0.2685524077595541, 0.6716208674277903], [11.544447767943208, 49.542789003293294, 14.845625831236704, 2.1298399247401707, 0.2816080572261521, 0.6546724808825904], [11.508444618222953, 48.65462226996771, 15.191855469766748, 2.0927464478434548, 0.2709743614240471, 0.6667303610676837], [11.54439606672881, 51.16883362594421, 14.95782457632991, 2.0175662983799465, 0.2773654332521472, 0.6672331342133482], [11.505572527797357, 51.73398218700004, 15.22470265672316, 1.8965427278691358, 0.2694577616409801, 0.677718359432347], [11.603824258070052, 50.32834927689224, 14.668448355997523, 2.09989114959799, 0.2866169279022671, 0.6587807657352589], [11.506770972252863, 49.056196610495405, 15.075979814815481, 2.0711377608038912, 0.27133705656163387, 0.667571305846585], [11.5850576739013, 49.23855355164267, 14.81810995655721, 2.027217735397945, 0.2706023666504381, 0.6680565889747132], [11.52805858746561, 48.991878957720864, 14.987893163097572, 2.059931644440022, 0.2728142749613472, 0.6647283532177811], [11.543847111329159, 50.67920951627556, 14.405414380975966, 2.089135877765939, 0.2850666641836984, 0.6563855423585485], [11.466537865411997, 48.80083959099747, 15.107736789956443, 2.102057298636515, 0.2730409026125272, 0.6631605293238709], [11.536396860357478, 50.225313782332364, 14.809684296520484, 2.0247985483116175, 0.27487859250250823, 0.6639680892588181], [11.552772937875444, 49.0375166968345, 15.03247003917532, 2.062747962897837, 0.2727384330387228, 0.6656036773966297], [11.58142025335224, 49.681127799966, 14.388840615454267, 2.1594806290593898, 0.2881365265677863, 0.6530583125591454], [11.569415534736239, 50.02286723949452, 14.922192054661133, 1.9942893615000816, 0.27198668821150973, 0.6712336400228918], [11.542020397777181, 49.939101659753874, 14.921119809335673, 2.090667528270448, 0.27898988798607854, 0.6584885894558493], [11.557906068904735, 49.80515454265842, 14.518501962078824, 2.130273467209816, 0.2875435809518272, 0.6510993861207016], [11.485421647982234, 49.01695506228848, 15.146683348210942, 2.0613734451310446, 0.2704901256399385, 0.6679241412399753], [11.482646970323477, 49.22092291321859, 15.117371946116299, 2.078103731925769, 0.27319158278452726, 0.66392538394361], [11.542682500161575, 49.527503545113625, 14.83485918222117, 2.0640581703347225, 0.27497055317757796, 0.6637729228057254], [11.457293319641417, 48.70333487154631, 15.478437102707193, 2.0519168573275546, 0.2642431675766046, 0.6753696542783111], [11.505480917120682, 48.60998154332873, 15.04891473217674, 2.101183723574527, 0.2738508769544214, 0.6612501619866945], [11.508172964424697, 49.09874952346263, 15.073857908429144, 2.06905296115625, 0.2724022872055251, 0.6645218785285836], [11.47722134266204, 49.04469830887933, 15.146813481228424, 1.9919920286310442, 0.26305457959680234, 0.674170000071342], [11.58402992419355, 49.85019597395145, 14.673996181726038, 2.040794354435374, 0.27980999282084534, 0.6574550709156484], [11.444578851550093, 48.81350650169968, 15.277970495810756, 2.041809947874992, 0.26555108302543917, 0.6724055209682905], [11.491709901180373, 48.85299834686057, 15.074111991169195, 2.0958329318049334, 0.2744295663258016, 0.6625489610114111], [11.540989454157137, 50.02781370650991, 14.821552077828002, 2.086488318214185, 0.2804786619535259, 0.6614658863362398], [11.553179212451713, 49.61713119976054, 14.56455189805124, 2.184211524773384, 0.2882756169720408, 0.6487274656824283], [11.601111618760648, 51.15739978586953, 14.265485882234595, 2.0226263465172347, 0.285413661935892, 0.6587574409262338], [11.457467638669645, 48.734335453608416, 15.48967842611725, 2.0200173254686047, 0.26149328849034315, 0.6759743043214832], [11.523201786136203, 49.27036923255965, 14.875966724109649, 2.065383762256602, 0.27435538477506977, 0.66156190232709], [11.521133119430328, 49.09743886579851, 14.90891382378483, 2.055257788695719, 0.2707046118615654, 0.6652212252993561], [11.511911145105339, 48.62875701007775, 15.026643335965309, 2.1057029392114135, 0.2741747506286706, 0.6620717460333349], [11.474364397103246, 48.85698850188033, 15.169558760824739, 2.0558573089865653, 