{"basin_id": 21, "ref_run_idx": 10, "seed": 210, "x_best": [11.677472434534659, 49.95035152725811, 13.901319492897137, 2.3104138143878847, 0.3054932575907194, 0.6277440073694129], "best_J": 0.031871866488492745, "P_final": [[11.677472434534659, 49.95035152725811, 13.901319492897137, 2.3104138143878847, 0.3054932575907194, 0.6277440073694129], [11.677409687911611, 49.94916594688471, 13.896640676932922, 2.310702952017245, 0.30541232085442255, 0.6278822602083542], [11.677387836416337, 49.94113861161771, 13.912652503420347, 2.311505124890913, 0.30525453293502725, 0.6281036021636678], [11.677529976148838, 49.960259000005166, 13.908452630556681, 2.3123620899748465, 0.3055459379152182, 0.6277249338728704], [11.677423854839256, 49.91716517658566, 13.919490191307498, 2.310686392413646, 0.30525640557824496, 0.6283543853275253], [11.677449128561557, 49.96255313348231, 13.90195657095925, 2.3108817496210357, 0.3057420441342157, 0.6272030289663814], [11.677410837271529, 49.974692045434956, 13.899629350705297, 2.3111236358106564, 0.3058434916018301, 0.6275203248361545], [11.677331228685535, 49.92955546648759, 13.896885497247899, 2.313359588531429, 0.3057195757731029, 0.6274147320656586], [11.677501593890407, 49.94229028425206, 13.892257832295492, 2.3109363626070305, 0.3054267431772792, 0.6271944645077598], [11.677314157704552, 49.94877513681882, 13.898556109003861, 2.31047820672449, 0.3056967666321951, 0.627489595808143], [11.677622920057253, 49.959470772258676, 13.893250930065918, 2.310455230091203, 0.305746870920291, 0.6275179126075334], [11.677404275363086, 50.022957629817604, 13.895448710862727, 2.311211141318798, 0.30616750583855584, 0.6271903199136649], [11.677455539250191, 49.95128877715227, 13.89840740430491, 2.310618967176308, 0.30536630703157125, 0.6280356316704182], [11.677305352200317, 49.9257430503943, 13.900006502914284, 2.3107836860973885, 0.30532339286428833, 0.6279363098352638], [11.677593534423487, 49.90988011087834, 13.914028533825247, 2.3106572175072264, 0.30532604136992086, 0.6273539985989399], [11.677393717499237, 49.97051974193309, 13.907592878360093, 2.311190996851399, 0.30584673340213286, 0.6278498897239702], [11.677357488497735, 49.93338229054064, 13.902701092012224, 2.31055112951766, 0.30533282671239315, 0.6277064942628033], [11.677495379417104, 49.98960227545913, 13.905817001393686, 2.3109235814451514, 0.3057635405895068, 0.6277683239881195], [11.677495601590504, 49.94724527051029, 13.896406095410608, 2.312860999809555, 0.3057239761752182, 0.627128295824181], [11.677393337566023, 49.941413262564346, 13.89701791172849, 2.3116333973997447, 0.3056152778626441, 0.6275759882731904], [11.677476078750269, 50.01141399346415, 13.912198396372602, 2.311112636294627, 0.3054021003069811, 0.6282110364462719], [11.677383146686962, 49.93003391411191, 13.900778102233373, 2.3117482738847945, 0.3057434820904868, 0.6271319586283238], [11.677499649395656, 49.95858054711817, 13.890582369940004, 2.3104929690740392, 0.30576592221916243, 0.6278356452906354], [11.677398010514068, 49.94705137523693, 13.902662139685733, 2.310830099597645, 0.3054672775783429, 0.6277111917145584], [11.677426124997744, 49.91591944342828, 13.903983760874667, 2.3113823661065798, 0.3056771287255904, 0.6276319341067483], [11.677440479531302, 49.96789445025417, 13.910821499572425, 2.3115958373066348, 0.3056192742969172, 0.6275288243826265], [11.677430785988085, 50.077961385882034, 13.908227700849134, 2.3134923461046557, 0.30617054247909603, 0.6275905968783628], [11.677377303096808, 49.961092718819735, 13.902992931982931, 2.3105529070201105, 0.3056979431739866, 0.6271794440769548], [11.677778167059282, 49.9347172463027, 13.898098413087146, 2.3112139885246896, 0.30528169179230513, 0.6277105707416618], [11.677785271622513, 49.98183925369354, 13.907043433582933, 2.3108632905188955, 0.30591294507021133, 0.6274525229224], [11.677518378968974, 49.94114518288315, 13.893573866574338, 2.313206930305713, 0.30559325036893753, 0.6275016963886817], [11.677497303010002, 50.03773095291609, 13.898236320831728, 2.3125711220318914, 0.30632040193012733, 0.6273763599909677], [11.677438755712432, 49.939386502713994, 13.905179248461847, 2.3170462676882613, 0.305721505241664, 0.6275143864145262], [11.677471647517558, 49.932139078454, 13.905616475535314, 2.3132970867378413, 0.30560974406545177, 0.6270441898307173], [11.677502534324475, 49.93057280080499, 13.914346967718831, 2.3111781354078373, 0.30543886028051764, 0.6275044538469524], [11.677389754640133, 49.885253302467255, 13.90863635631249, 2.311714464825411, 0.30536435337906687, 0.6277528299488706], [11.67754642471169, 49.94694263126362, 13.904289105373099, 2.3108239722727655, 0.30537200243825335, 0.6275801596054936], [11.677491801525239, 49.906546652008544, 13.899283004543822, 2.3139282193770687, 0.30554114256849746, 0.6272513728344172], [11.677516764153768, 50.00443762265913, 13.910354982111016, 2.315215504346288, 0.3060954164349242, 0.6272030312844663], [11.677438242031684, 49.98230862089355, 13.910701474281447, 2.311410154015941, 0.3057127091115584, 0.6277084373213055], [11.677345807950658, 49.95446176286355, 13.894486126868717, 2.3114402400805396, 0.3057390266965106, 0.6270967294451735], [11.677443689319047, 49.97390728070756, 13.89924263195198, 2.3112012219051126, 0.30568815603538424, 0.6275165885297987], [11.677337991610937, 49.92822692457446, 13.891472693493702, 2.3145091613967326, 0.3056554771500396, 0.6275174856163961], [11.677485966854935, 49.9570571965368, 13.901307714275651, 2.310791350605253, 0.3054852223650839, 0.6274409157086792], [11.677345014484189, 49.977770016466415, 13.894309633022786, 2.3107317015574917, 0.30586077094687686, 0.6273844088956664], [11.67745163067741, 49.97704278616851, 13.890947622313627, 2.3106247972166107, 0.3057189242600083, 0.6276114233480097], [11.67741347242586, 49.91538295701405, 13.904067360395223, 2.311962576671631, 0.3053140788184401, 0.6279668911214562], [11.677601235490084, 50.00545084777046, 13.908704782363385, 2.3104696833077174, 0.3056747493514608, 0.6275117515874381], [11.677592815580903, 50.056149373241674, 13.901226541028356, 2.3110779163316377, 0.30579969915681554, 0.6277886266563544], [11.677523165037577, 49.97759864161055, 13.90723553357405, 2.3140922718763632, 0.30602824918984517, 0.6269181010885259], [11.677445059088985, 49.97322058526685, 13.90562509824046, 2.310855961046386, 0.305825422295948, 0.6276491169059478], [11.677429592334695, 49.92919581868394, 13.924853777316178, 2.310889314631173, 0.3054358293295332, 0.6274202855776749], [11.677357923673725, 49.92972667467491, 13.89450758101298, 2.3127848440731245, 0.3054548838066821, 0.6276368757304469], [11.677339555208809, 50.00003970990669, 13.888081794652944, 2.310410379782641, 0.30609486245458356, 0.6273282932638609], [11.677555395694055, 49.94738823325938, 13.902164134018136, 2.311396131032909, 0.3056531122806415, 0.6273291265173301], [11.677438191100062, 49.99820485526464, 13.901867277791277, 2.31138590002598, 0.30593612305870427, 0.6273765705817855], [11.677471292121798, 49.9563648045084, 13.89546428988764, 2.31141477757081, 0.30587391614522713, 0.6272642205461725], [11.677439333409056, 49.9013263911582, 13.92845488806605, 2.3116048203124553, 0.30534662888691405, 0.6275055077772902], [11.677827540845485, 50.00547084761865, 13.890909422383773, 2.3143856107484155, 0.3061327490299931, 0.6274613331043437], [11.677369234507468, 49.95909823503462, 13.89799425850546, 2.3123896138882225, 0.30577300349830827, 0.627537533143065], [11.67729885843386, 49.91973472676224, 13.913369477181757, 2.313938502024607, 0.30553162049000565, 0.6277918259534749], [11.677515372525818, 49.90501366988377, 13.91725759546487, 2.312514588341975, 0.30531093383736446, 0.627543956432764], [11.677342355593565, 49.96434810266291, 13.92251932561919, 2.310783853205638, 0.30542650249183556, 0.6278861835628391], [11.677505246515596, 49.9807825366882, 13.895350359051934, 2.3110379526208376, 0.3056815050867915, 0.6274885024081142], [11.67740972426364, 50.00323542666838, 