{"basin_id": 4, "ref_run_idx": 10, "seed": 210, "x_best": [11.466966508619054, 48.53848822125557, 15.299553400914405, 2.058140618979629, 0.2662740720141378, 0.6685590339714934], "best_J": 0.030943668834432288, "P_final": [[11.466966508619054, 48.53848822125557, 15.299553400914405, 2.058140618979629, 0.2662740720141378, 0.6685590339714934], [11.473228228640703, 48.534607936978595, 15.312930761200475, 2.0692299827418457, 0.2665750197969706, 0.6691714153813085], [11.551138406814925, 49.73000365724593, 14.64896965351057, 2.0665620157948665, 0.2788606527628188, 0.6600958699283435], [11.461025059367348, 48.48159067615225, 15.361107151846376, 2.0331884871250536, 0.2636103247191675, 0.6712036931080316], [11.513641441635952, 48.79107161439065, 15.018969592173478, 2.077975978987352, 0.2715958710454233, 0.6624224446434619], [11.545680704829625, 49.52162362463353, 14.819030081469853, 2.2060386068465547, 0.28792615830848634, 0.6422393746856598], [11.481565990210278, 49.39227696475837, 14.899285434028045, 2.1403324445752965, 0.2779974410161103, 0.6573072167669808], [11.476089604925631, 48.53640143929496, 15.294975366378482, 2.0557831896761654, 0.2668189352875564, 0.6677722694530773], [11.486064014434179, 49.34045735400585, 14.966339508582703, 2.1646799683486226, 0.28317398081078854, 0.6493534453142553], [11.409814016861198, 48.13617207385077, 15.679320501718664, 2.0163582987995854, 0.2582717276786576, 0.6751992657837184], [11.574195527859395, 49.7430246500449, 14.813170847224384, 2.1408409950947855, 0.2851295614650911, 0.6494050142055836], [11.478934802881755, 48.48455609915624, 15.175602353240384, 2.1267522091575484, 0.2720921754400332, 0.663791993457784], [11.458607256027678, 48.98633501816364, 15.028915312801642, 2.0706896296095585, 0.2710905675029075, 0.6673324016748405], [11.465333320824564, 48.374575617424505, 15.337510870560006, 2.0588531386767177, 0.2651680408304826, 0.6683890128494775], [11.441357448403151, 48.02476106125507, 15.455038224605211, 2.0691411345306796, 0.26239610163201926, 0.6704677903211993], [11.498572983780269, 49.020441022576115, 15.091091338245294, 2.119618881818289, 0.27555266559604885, 0.6601152193305476], [11.482194320955033, 48.457783262024655, 15.258163645679145, 2.0755626023903653, 0.2676918855835773, 0.6678821476311462], [11.511979381477573, 48.68117964035392, 15.252641328611778, 2.0745715347200337, 0.2697788624573717, 0.6613317765306884], [11.430105859100756, 48.185871723287576, 15.359923276370965, 2.0477404854528816, 0.26219648962115766, 0.6761908077978281], [11.492171997913998, 49.13370145453887, 15.059593435214705, 2.0737621469830794, 0.270635642221173, 0.6684361455235026], [11.54626904935924, 49.419826886626616, 14.973614682856029, 2.068976938098789, 0.27492397043027633, 0.6614664013883376], [11.497153546385396, 48.59254514888501, 15.293862461532632, 2.068460910117637, 0.2673725509994192, 0.6687076550682917], [11.581599521831263, 50.17268467452106, 14.711660022017979, 2.069071188940236, 0.2800866459415836, 0.6596964146794176], [11.506482621854536, 48.77414683158751, 14.896492390384422, 2.0910871334595877, 0.2728477063325306, 0.6618291787217467], [11.540006802960963, 49.962712872657924, 14.635139546419747, 2.191165261586683, 0.288279527388986, 0.6563090459145265], [11.489573974931812, 49.37981828086558, 15.045083857986658, 2.0918854030969127, 0.2777180278667255, 0.6563896268408459], [11.546139156015977, 49.445972282852104, 14.392339172946196, 2.214600540672747, 0.28851723984905553, 0.6485597203445858], [11.450593671107029, 48.267170644040924, 15.420318551499292, 2.0531198548561997, 0.26366639962562793, 0.6702342635096609], [11.530978007254175, 48.995064389926384, 14.775102660583034, 2.0996016276164124, 0.2748266843824565, 0.6627579863589541], [11.56970518620244, 49.54861177783045, 14.740636483170034, 2.1320507094237318, 0.28238082113076807, 0.6526695540805584], [11.457988654189963, 48.52368812908738, 15.318941870020291, 2.0686319290037125, 0.26664753315574996, 0.6693987699060824], [11.511118352913968, 48.62430139478094, 14.981264363465337, 2.0992826202413037, 0.2735184973830146, 0.6625534040669929], [11.47839695189313, 48.53755751222314, 15.087196690919782, 2.094220095598956, 0.2700700702743449, 0.6633719579051635], [11.594364354471235, 49.53098910144169, 14.401490331189022, 2.1094814689211328, 0.285234527177928, 0.6440190478760793], [11.501703768293295, 49.07317667644849, 15.052489682251368, 2.0882908752906704, 0.273545445734827, 0.6645054262479995], [11.529259127155186, 49.072292399031326, 15.042223915834803, 2.1390936016422604, 0.27833432536341307, 0.6587370347042424], [11.516765733055701, 49.11742966336631, 15.043665063573282, 2.0782191533818377, 0.2727521773599725, 0.6632185999772382], [11.442103923443984, 48.70544694912341, 15.407094870624913, 2.035696328834812, 0.2650982796786967, 0.671994534472677], [11.527701840463653, 48.65421186462744, 14.786802576111352, 2.0906869004539606, 0.2733243375074038, 0.6604763924156899], [11.58133826687084, 49.59540781493219, 14.87390714859382, 2.057399921341328, 0.27518841121341436, 0.6614914796263209], [11.438533447861955, 48.15044825599694, 15.10939578270132, 2.141957085269424, 0.27169735123619454, 0.6600544716298885], [11.466097135769258, 48.43770782630392, 15.27436409519551, 2.064264818374175, 0.2667808499094079, 0.6674433949722828], [11.471510484206018, 49.01328058484358, 15.015140239867257, 2.0948101571220863, 0.2739796674443937, 0.6640547645065946], [11.450830755475947, 48.19726145878892, 15.501807579782675, 2.0471637720134352, 0.26239378318680395, 0.6709004738615182], [11.468275425609153, 48.56549431477354, 15.243050668304463, 2.0740265978874524, 0.2675934757840439, 0.6682254913433255], [11.573493245284824, 49.55200701701227, 14.905454120930228, 2.153166328998522, 0.28372795377526017, 0.6496641799746314], [11.590625975934005, 49.265400480629964, 14.745638827936052, 2.1015955996425415, 0.2799097278114535, 0.6527003385579966], [11.468722359754471, 48.65454584416203, 15.325792973094932, 2.0433130427982142, 0.2649360906707038, 0.6684678975598021], [11.423533993298893, 48.30701598241487, 15.658983290179364, 2.0406428725785277, 0.2592876096284617, 0.6793051635490848], [11.44333072215808, 48.30671549820914, 15.355583948201868, 2.0662714171814383, 0.26500426047312714, 0.6700349873115407], [11.460649324157897, 48.055791870727326, 15.251985077470843, 2.0699736231266295, 0.26570180379189995, 0.6655773651480866], [11.475441301486347, 48.51104664365605, 15.152737628188344, 2.083088172589576, 0.27080748956910894, 0.6654724999346027], [11.47031467291452, 48.24291859794322, 15.284471218513929, 2.0632735257980217, 0.26573189978640055, 0.6672560203894359], [11.48154580460758, 48.27650157135381, 15.261201555254662, 2.043032474066606, 0.2629614930723664, 0.671346942474411], [11.4854844322883, 48.15948676640764, 15.066024882058832, 2.1156626509611116, 0.2697926127376142, 0.6617441171533102], [11.445475357634612, 48.4024689558709, 15.511301116395714, 2.0261257725301776, 0.26048684119259263, 0.6735996025268082], [11.51038261947169, 48.88450314708762, 15.041552326136927, 2.054819660418002, 0.2708248579920506, 0.6621780879653044], [11.461805826160974, 48.68850644726262, 15.320764709681965, 2.073904334548636, 0.2679135832342877, 0.6675239969169985], [11.577910686546005, 49.349845585141566, 14.740660095433595, 2.1185084709926163, 0.2798920178137198, 0.6543689702815461], [11.447962534150093, 47.98264330193732, 15.601151955584465, 2.036244774434803, 0.25994915565019944, 0.6730654220064928], [11.43469704836069, 48.22121586841188, 15.475105079105324, 2.034926005142087, 0.2612150610093613, 0.6719964733549013], [11.489085101195368, 49.22456515775332, 15.077787281798724, 2.0466173668615517, 0.27193282892753096, 0.6666247113866145], [11.497245023530926, 48.698634715947684, 15.25143046508247, 2.0554623026076904, 0.2686742806421028, 0.6646580172600348], [11.442583523098486, 48.605696416622216, 15.299969341745722, 2.043772572600528, 0.2660559348648841, 0.6691686901143153], [11.514375742121269, 49.277595498838295, 