{"basin_id": 2, "ref_run_idx": 2, "seed": 202, "x_best": [0.679348364289944, 18.157800831545, 5.164825228355923], "best_J": 0.1485002351804009, "P_final": [[0.679348364289944, 18.157800831545, 5.164825228355923], [0.6788550800666809, 18.191573332976194, 5.125300115852305], [0.6841996092785667, 18.152241933063205, 5.193159552326445], [0.6673782180545036, 17.866124691278404, 5.3935180415517605], [0.6809876243575388, 18.27793181565576, 5.010009864372606], [0.688396619991889, 18.372221469285027, 5.156621935726969], [0.6541087712356082, 17.7574029545234, 5.480136749998641], [0.6795360866322694, 18.04490850627667, 5.245357592964459], [0.6781177879994759, 18.072162215505895, 5.241139428794948], [0.6974577131833644, 18.689958893475726, 4.918453535654877], [0.6967348401434138, 18.584016910290874, 5.038695525765284], [0.6803117406337187, 18.414399754221336, 5.133252352450777], [0.6806941551517283, 18.130136380412154, 5.310885530277187], [0.6813714597988987, 18.290515459672818, 4.902066734822482], [0.6987733639977034, 18.419645790938613, 5.162642060044302], [0.7023963374181559, 18.694081251114593, 4.8483277761312555], [0.6630367758959883, 17.717015603260492, 5.3416368151673606], [0.6720714196813224, 17.57988123404949, 5.576114303923108], [0.6701867333073677, 17.88892812901336, 5.3033999845746], [0.6568558811474156, 17.699571354516983, 5.390305169803494], [0.670255195707478, 17.831979042946262, 5.390359317507135], [0.695969079036495, 18.385187385074378, 5.114488267699287], [0.6755964864217239, 18.070309489962888, 5.19588417104489], [0.6798919710905631, 18.154915842948803, 5.227819104345633], [0.6682084374517303, 17.829855443395743, 5.314974048897505], [0.638851990445229, 16.90186737549373, 5.8316378585386], [0.6863823893364129, 18.5980316881248, 4.922659483724341], [0.6885099952725204, 18.426673534076638, 5.0433759386696835], [0.6839265162220224, 18.367059066236603, 5.191479053944402], [0.67193879486061, 17.931047092517783, 5.193888613514746], [0.7188152140874822, 19.1991578646559, 4.6059644847263135], [0.6781276633816845, 18.239431869915713, 5.0550870777253305], [0.6872497702113564, 18.44930883633648, 5.092949780173458], [0.6836672716352775, 18.61147320881624, 5.098007914513539], [0.6854609414910637, 18.20026568662306, 5.248080403718153], [0.6846810523972267, 18.303541818389217, 5.125498502646369], [0.6866655986700276, 18.455524084741537, 4.94449211343172], [0.6776981235421753, 18.42582873949449, 5.0720505732589904], [0.6870720844687828, 18.3794809628161, 5.07599858385948], [0.685677340712415, 18.037255200150852, 5.276060849431274], [0.6934753869687015, 18.101430966356954, 5.167185841711861], [0.6907487883921059, 18.51183851120313, 5.014146506659573], [0.6812530163382372, 18.41901126399885, 5.096890757575134], [0.6783849879461694, 18.263889974433482, 5.196398104261069], [0.6482094913025477, 17.107532503311802, 5.656251208492161]], "J_pop": [0.1485002351804009, 0.14852801076971014, 0.14876667998943743, 0.1490180538672447, 0.14890269303517892, 0.14929116606339038, 0.15056032673549088, 0.14867203876678728, 0.14858547083844517, 0.1495796535112797, 0.1499106857159021, 0.1492434159717781, 0.1492668544413238, 0.1501419708673159, 0.1510205322744109, 0.14999648538678506, 0.14960572726920657, 0.1506931564261748, 0.14879610799787674, 0.15009212873578257, 0.1489598660314957, 0.149890260668769, 0.14855097056690375, 0.1486655747563648, 0.14898698602414695, 0.15571309073145684, 0.1492040937423877, 0.1487986630494761, 0.1494007481513859, 0.1490813501720016, 0.15267283098629494, 0.14878623900868698, 0.1490644826817966, 0.15047744941992505, 0.14927060308179232, 0.14866638920445358, 0.14893577979248884, 0.14920942360318873, 0.14873917485199412, 0.14944121563268917, 0.15031725657792108, 0.14900699278154078, 0.14899498697043184, 0.14886264353998666, 0.15367431350117608]}