{"basin_id": 2, "ref_run_idx": 10, "seed": 210, "x_best": [0.679348364289944, 18.157800831545, 5.164825228355923], "best_J": 0.1485002351804009, "P_final": [[0.679348364289944, 18.157800831545, 5.164825228355923], [0.6840073413401743, 18.397553768242357, 5.15442277218054], [0.6807096351796099, 18.257019275803604, 5.09098376645699], [0.6782124051624775, 18.093944500149338, 5.1789361194639625], [0.6790959375254517, 18.25671056436237, 5.077945557860845], [0.6771252581270474, 18.121509813498218, 5.335368689478013], [0.6940219534120933, 18.796333604001507, 4.750227799305826], [0.6786489544114517, 18.32581377654257, 5.039103983885658], [0.6801599392369653, 18.11796285252317, 5.165493512151998], [0.6725237916862917, 18.050501786757636, 5.22910872280758], [0.6685033328429115, 17.497686482470556, 5.27956681373919], [0.6840152188913411, 18.207338944755385, 5.117758283104438], [0.6771543638626983, 18.126540767384885, 5.243753808879286], [0.6798378071314806, 18.234734949777078, 5.156184009801671], [0.6874947062205199, 18.368570988890355, 5.038034155744413], [0.6842925885684065, 18.21926647294622, 5.1253749941465125], [0.6823678416624248, 18.217373981236168, 5.058809242590891], [0.6797143525046867, 18.161867265731775, 5.12067569655347], [0.6771992485643666, 18.09054234592591, 5.22867949339368], [0.6799205222408253, 18.16017563184999, 5.190806699495534], [0.6937338546773373, 18.60398142141724, 4.909370933435444], [0.6715877493356609, 17.987998400128195, 5.306085689654876], [0.6788315156177887, 18.018270369165595, 5.238007978690398], [0.6833292632523447, 18.2752047262178, 5.070952202808596], [0.6770422299444866, 18.15923938519586, 5.105914101861213], [0.6805998262343651, 18.13694167280787, 5.124880568654322], [0.680363812053642, 18.895313197776858, 5.100159437150055], [0.6762718217917248, 18.11484900043544, 5.187167326073617], [0.6727942075933724, 18.095835306755337, 5.201826574185759], [0.6845657467929531, 18.29431556277514, 5.050893709941399], [0.681689636425684, 18.143833749776682, 5.15770888130609], [0.6811963346968029, 18.273448395530526, 5.112905260779703], [0.6788295348899084, 18.197548709688853, 5.113730119114224], [0.6771288590384094, 18.14972800742842, 5.233085468764997], [0.6686546703965978, 18.044288527440383, 5.272675064702572], [0.6786452907125923, 18.063261171975597, 5.194452786095911], [0.6495434270983309, 17.251263648612095, 5.526547279382243], [0.6830398839577255, 18.27261686719015, 5.134544663388084], [0.6794389116291384, 18.174196459169114, 5.185739648947893], [0.6791340579710153, 18.04474811020691, 5.255830776607997], [0.6779929942189684, 18.135858649801403, 5.142588973255596], [0.6821516306525635, 18.2415510585402, 5.054723165533429], [0.6822401682816922, 18.271142015388133, 5.0873413687311935], [0.675425327680535, 18.023993274969854, 5.276933071994632], [0.6785432296597896, 18.190747989605146, 5.186763611249948]], "J_pop": [0.1485002351804009, 0.14922456752118723, 0.14854975952740934, 0.148538509737567, 0.1486254888274522, 0.14934278741422216, 0.1500748839079139, 0.14881369602818956, 0.14855626633274982, 0.1486275126653176, 0.15275706412379947, 0.1486138383783328, 0.14864338443715427, 0.14855757346383547, 0.1487025425875566, 0.14861017955088796, 0.1487331474283644, 0.1485690811971801, 0.14854488108645347, 0.14853899698108117, 0.1491847760760357, 0.1487176376033053, 0.1486714389980903, 0.14858341138730097, 0.1486799741228353, 0.1486255786317586, 0.15532038049637545, 0.14852184795789763, 0.1486510217249447, 0.14863830308687542, 0.14857496969219214, 0.1485427431240449, 0.1485513961243356, 0.1486524523833972, 0.14893192548728063, 0.14858469109847905, 0.15308388964201564, 0.14859306305620257, 0.14853329539729904, 0.1486751748527323, 0.1485517398469289, 0.1486875499127405, 0.1485464957811037, 0.1486218881281249, 0.14856209941179416]}