{"basin_id": 2, "ref_run_idx": 3, "seed": 203, "x_best": [0.679348364289944, 18.157800831545, 5.164825228355923], "best_J": 0.1485002351804009, "P_final": [[0.679348364289944, 18.157800831545, 5.164825228355923], [0.6685991460090043, 17.80665916462793, 5.333587815363115], [0.6812122009494347, 18.109099873583634, 5.191402304809612], [0.6978423151160451, 18.63299149149933, 4.810545027588952], [0.7142696063686335, 19.29645417117399, 4.344579065550276], [0.6677391796049109, 17.73738701176171, 5.337006826916338], [0.6861682286532774, 18.366161669222997, 5.123251577252785], [0.6689476537865717, 17.83024857460988, 5.289075595148556], [0.6802328808561217, 18.225992307369616, 5.086589196079375], [0.6753490491353513, 18.007473570185685, 5.232214866480452], [0.6687996262871758, 18.022622538803546, 5.2229804050597854], [0.6729739799183213, 17.959372279254655, 5.280288977025198], [0.6759683137167406, 18.294026540204918, 5.276156958838409], [0.6771378513229682, 18.15367984982808, 5.2045171348368715], [0.6664844725105524, 17.695678363864737, 5.2016990964999055], [0.6821198160890602, 18.095430485020405, 5.278401798173113], [0.6723483648894328, 17.915113699562617, 5.235246994127409], [0.6664747262675067, 18.28393792371428, 5.01065606720065], [0.684178509436696, 18.435710834477153, 5.091966008155494], [0.6786155908921205, 18.2733991832471, 5.189676855039374], [0.6832392871244669, 18.030594052247178, 5.151829395861933], [0.6772655384078411, 17.906810428058012, 5.236328793916696], [0.686348866316065, 18.11487215558412, 5.207119213000976], [0.6677063183568831, 17.96924594343341, 5.257978030587565], [0.6744042357995395, 18.291344715901904, 5.196628041381344], [0.6773687526997727, 18.197130139566347, 5.098244219771526], [0.678842782191172, 18.16223560582552, 5.1946239775280745], [0.6790337391123652, 18.26652233832549, 5.219174070537283], [0.68337574130904, 17.938838871779556, 5.266862342662092], [0.6818783759416893, 18.25205442559001, 5.389871118244975], [0.6815528530610644, 18.20290528826346, 5.183555341902708], [0.6800796122304379, 18.15916407140757, 5.151694961625042], [0.6776307384697006, 18.08780408974893, 5.169992170486797], [0.6785171456345025, 17.905619375025207, 5.233810228739678], [0.673791412459009, 18.018254571353854, 5.317968499468429], [0.6867935309045595, 18.253207970472452, 4.748781869706463], [0.6767168823532778, 18.07224240727302, 5.186455225163208], [0.6532273480316668, 17.370124818165813, 5.675115209799403], [0.6844997461516463, 18.392702233479877, 5.015631712800949], [0.6769375096544855, 17.818970059931765, 5.319107348628232], [0.6793414855141774, 18.376065742075788, 5.041897008203166], [0.6838946716725617, 18.474213176950478, 4.924771149470525], [0.6822691907033095, 18.196621846346286, 5.141334769268356], [0.6792693617787349, 18.30663479593807, 5.14251527489899], [0.6864669964637695, 18.465717367115012, 5.115489611411982]], "J_pop": [0.1485002351804009, 0.14900684637533737, 0.1486058503401545, 0.14986796200031444, 0.1556108859107657, 0.1493304967413491, 0.14888033480963891, 0.14906251925148112, 0.1485853014115053, 0.14859675519603194, 0.14889973629635558, 0.14865037509676474, 0.1499540336221427, 0.14855831571436187, 0.1511872601752729, 0.14900305694174726, 0.14888586487785532, 0.1508127783935536, 0.14896832573843707, 0.1488601681760702, 0.1491544616080738, 0.14904542186175374, 0.14908697354177108, 0.14892254352045517, 0.14926724782577383, 0.1486510710773795, 0.14853681181204156, 0.14902977894476385, 0.14943787301399108, 0.15145818869980163, 0.1486045207722647, 0.14851276627891966, 0.14856369153145124, 0.14915223655941853, 0.14877906994385545, 0.15412376486998614, 0.14855469564686513, 0.15109784753768637, 0.14869396629467074, 0.1493104336093736, 0.14884057209153254, 0.14914304993960542, 0.148542186884237, 0.14874545589991692, 0.14932510768486215]}