basin_id,ref_run_idx,seed,best_R,best_MRT,best_Pe,best_J,nit,nfev,success,message
2,1,201,0.679348364289944,18.157800831545,5.164825228355923,0.1485002351804009,9,450,True,Optimization terminated successfully.
2,2,202,0.679348364289944,18.157800831545,5.164825228355923,0.1485002351804009,11,540,True,Optimization terminated successfully.
2,3,203,0.679348364289944,18.157800831545,5.164825228355923,0.1485002351804009,9,450,True,Optimization terminated successfully.
2,4,204,0.679348364289944,18.157800831545,5.164825228355923,0.1485002351804009,11,540,True,Optimization terminated successfully.
2,5,205,0.679348364289944,18.157800831545,5.164825228355923,0.1485002351804009,10,495,True,Optimization terminated successfully.
2,6,206,0.679348364289944,18.157800831545,5.164825228355923,0.1485002351804009,10,495,True,Optimization terminated successfully.
2,7,207,0.679348364289944,18.157800831545,5.164825228355923,0.1485002351804009,9,450,True,Optimization terminated successfully.
2,8,208,0.679348364289944,18.157800831545,5.164825228355923,0.1485002351804009,14,675,True,Optimization terminated successfully.
2,9,209,0.679348364289944,18.157800831545,5.164825228355923,0.1485002351804009,11,540,True,Optimization terminated successfully.
2,10,210,0.679348364289944,18.157800831545,5.164825228355923,0.1485002351804009,11,540,True,Optimization terminated successfully.
