{"run_idx": 16, "seed": 116, "x_best": [0.676437662223038, 18.1731288292388, 5.162648241183369], "best_J": 0.1485519325334378, "P_final": [[0.676437662223038, 18.1731288292388, 5.162648241183369], [0.7321523549034734, 19.856078206502254, 4.123502986038336], [0.6815648241835041, 17.783770775467474, 5.335721092160076], [0.6581504969467891, 17.499844586542874, 5.637852526398792], [0.6824240606331741, 18.25902613952634, 4.9618717977537425], [0.7048259759862142, 18.7972835068907, 4.857905753516103], [0.6751933643322237, 18.10567352154004, 5.235625839694395], [0.6746448880735336, 18.201730075853163, 5.166971880652808], [0.67114867381745, 17.707762615417597, 5.577427553474655], [0.6907844675367603, 18.725359789933215, 4.93537465290826], [0.6860674645688603, 18.214280642658338, 5.117192519467478], [0.6887310950389407, 18.33224712320787, 5.068310962280604], [0.676445647321441, 18.03748256346328, 5.30408387133369], [0.6916673971708834, 18.444944331381485, 5.0098063769871874], [0.6686328801341627, 17.979619164384516, 5.35354678689602], [0.6909353407244574, 18.728117593887873, 4.655586280580893], [0.6747057265295248, 18.072615128189085, 5.1813242415648215], [0.695117794385109, 18.55263604566506, 4.994436788461083], [0.6917793092874861, 18.32966660681253, 5.105224579231374], [0.664792555587586, 17.85303370153528, 5.284080318970339], [0.6852130637420281, 18.380251240082043, 5.012908959575324], [0.656614881823636, 17.66317219735732, 5.480722544398521], [0.6647138830022128, 18.090394678931297, 5.311021089386809], [0.6658469460565007, 18.046778341271494, 5.2993925929395616], [0.6729771355186562, 18.071671263480845, 5.211870603168773], [0.6672737532779597, 17.95351050961983, 5.386304013184846], [0.6863381447300709, 18.476162255880563, 4.914718092141527], [0.6797217105315052, 18.319111763943148, 5.16805360610584], [0.6762478259882954, 17.925889123445504, 5.288479136111766], [0.6665851276463745, 17.752861863894474, 5.507082365958032], [0.6897140353419573, 18.458204892909585, 4.926839647716518], [0.680689055745589, 18.195693446712028, 5.082233880097315], [0.6866705248788341, 18.38948243895264, 4.981532743487799], [0.6654353029022767, 17.507630755472714, 5.585437295408109], [0.6880315064487593, 18.44288659617974, 5.073369196642377], [0.692898930287595, 18.19390241037329, 4.949300782203659], [0.6777707880590774, 17.91440445585692, 5.3834052424108805], [0.7026990005313478, 18.767275587543242, 4.872650596972669], [0.6974363146058806, 18.686253148590094, 4.9578923892099755], [0.6733133164973624, 18.250483855298334, 5.1218069660216035], [0.6858718489436937, 18.3957206030868, 5.034772005278537], [0.6867452512617237, 18.313630725300676, 5.185855304178478], [0.6925042009832223, 18.512082179351488, 4.972097387713216], [0.6650150115890158, 17.921765508393335, 5.2336070705564115], [0.6730116153565749, 18.11396233197524, 5.1663848985692695], [0.6805919418292077, 18.328138305216346, 5.048164617486529], [0.6746946896522026, 18.15592950070822, 5.211236382609066], [0.6829173680916246, 18.294851535697482, 5.1526589736521835], [0.6738742843287858, 17.939825507866832, 5.258392603431648], [0.6745036193527023, 18.130002620535375, 5.182422813271089], [0.6741706440732377, 17.96876101571378, 5.187964418668441], [0.6935385596482507, 18.60926010494419, 4.717974957324971], [0.689300314434895, 18.4014323152669, 4.891660961751418], [0.7034588805760054, 18.676210715940538, 4.9965049994218305], [0.6770275483418324, 18.257260707555588, 5.162138388864044], [0.6824762648666629, 18.334863367798164, 5.107983893833085], [0.6880347882586109, 18.667414139459797, 4.718717970635948], [0.6896790998993388, 18.221410658411074, 5.168375733576411], [0.664790953169507, 17.515341786231737, 5.4879692446951935], [0.6805773254289595, 18.275313882832904, 5.041466033937903], [0.6828625637345009, 18.267187469861447, 5.147371582415069], [0.6730218316641757, 17.92376454684123, 5.336739936388943], [0.6826073628613103, 18.35823824433395, 5.085210740136555], [0.6687885838565271, 18.068000324856456, 5.261778911280389], [0.7176875661094432, 19.135794418345597, 4.548210557487501], [0.7336752513226934, 19.84820753577752, 4.3406488995833055], [0.6880701877564924, 18.2360230883345, 5.059158380895763], [0.6826028577855224, 17.94580036742233, 5.175917346813243], [0.6837356708198343, 18.488939997708833, 5.009106938649586], [0.6912558504299535, 18.76868535153358, 4.795929878062607], [0.6838319579868162, 18.366625843651523, 4.945486196549174], [0.6787527423446164, 18.36942863363023, 5.082654247205012], [0.6943444969393254, 18.77879838475392, 4.816087724357429], [0.679524772631694, 18.115869917547137, 5.147493148867465], [0.6554136164110597, 17.92392116455532, 5.240025111763288], [0.6594973740226894, 17.535006719583677, 5.422025618626455], [0.6848434014139397, 18.221407627872598, 5.205405832114803], [0.6725036907154984, 18.186651247961283, 5.284933260948792], [0.6682940095851748, 17.879122094235992, 5.281097869860897], [0.6761677368628967, 17.999543977451218, 5.217294540309075], [0.6924267577266586, 18.71662522918031, 4.891348182746134], [0.6951892432766191, 18.445362310143874, 4.9097217974377045], [0.6550078074833352, 17.359949826557603, 5.776470464336375], [0.6804668304756047, 17.999538786156336, 5.17288761744639], [0.6955981850642674, 18.34462915024545, 4.998857150331105], [0.6844871517206114, 18.544480179211, 4.898453767230571], [0.6799512063812566, 18.33126964066743, 5.055331464098121], [0.6791722806514333, 17.99127064243563, 5.296205363875002], [0.6866615752885208, 18.21917598193627, 5.13563503240751], [0.6771996409066785, 18.1165393650521, 5.292442707220223], [0.6803585773854127, 17.831547348705943, 5.28395326893574], [0.6607423206141521, 17.51410197425199, 5.479427255279484], [0.6752674167928225, 18.319040310460025, 5.157531113490856], [0.6692195720006248, 18.002618102523556, 5.2790875429413], [0.6752036159051916, 18.043520274484692, 5.201529904238745], [0.6650411856491265, 17.671372490678348, 5.370628094146657], [0.6651129517392284, 17.7528330931182, 5.5321628638327365], [0.6815022034216793, 17.972303757271227, 5.380088455309769], [0.7213108567226045, 19.20204275025246, 4.610741574741322], [0.6841588648129651, 18.232897334497707, 5.128563092174273], [0.6828404580639512, 18.158434456297982, 5.157393385197119], [0.7012463286871902, 18.97391767257171, 4.689323291093249], [0.6713239072759443, 17.90856451907456, 5.3789473171473094], [0.6882836374910768, 18.092437766849443, 5.116641533899648], [0.6811964014908811, 18.320176851031935, 5.066077168541888], [0.6888299440311765, 18.67500365195768, 4.921101605995691], [0.6890433114822597, 18.29177631098024, 5.088422814729576], [0.6828764475202503, 17.90069726412561, 5.3436311208755285], [0.676175543923738, 17.838334326155163, 5.221581598532266], [0.6927360441795106, 18.43519139380048, 5.058581713971067], [0.6894097937358278, 18.321114934195272, 4.988862544712552], [0.689726396025723, 18.39228570948863, 5.011955397846027], [0.6599204109248024, 17.467897243377564, 5.482328893889093], [0.6864096831391201, 18.27346739853685, 5.14261635430374], [0.6912374394416305, 18.393285935286453, 5.054252771569619], [0.6768811315193298, 18.007467231795687, 5.201410864986261], [0.6375877609810511, 17.12814590615093, 6.069498238327498], [0.6748611707686958, 17.947850121350058, 5.2149139418894634], [0.6808853848322921, 18.25309814186432, 5.193297850245235], [0.6724842544689753, 18.028550188315595, 5.198669789820945], [0.6724617032235153, 18.11340887645318, 5.254163534914948], [0.7084701995555184, 18.963331183016066, 4.7907458650743955], [0.6696659263696789, 17.986700832430703, 5.273370985223178], [0.6827170756133016, 18.230037586751777, 5.04364692992981], [0.6634963415785865, 17.787571909262958, 5.386899334487646], [0.6837254339027883, 18.33347078611581, 5.179362714400314], [0.6787219646181483, 18.18218345850222, 5.102887139282531], [0.6987300395752433, 18.864373102020302, 4.831404302999726]],