{"run_idx": 27, "seed": 127, "x_best": [0.6748388454810259, 18.06529352757169, 5.233631285376095], "best_J": 0.1485558881335104, "P_final": [[0.6748388454810259, 18.06529352757169, 5.233631285376095], [0.6961087576346194, 18.54780718319784, 4.923709742115573], [0.6749497227269092, 17.897632148830965, 5.252210671217371], [0.6857712333657298, 18.526588383719233, 4.844935249414064], [0.704417640359587, 18.909858978648707, 4.665991829773217], [0.67285040625767, 18.096853969135, 5.216186563917681], [0.6891156337610391, 18.342508009734427, 5.075213690710738], [0.6493460530428379, 17.83795768710396, 5.2965868767724995], [0.6881486711961269, 18.648999805282465, 4.937244182755277], [0.6909563966270372, 18.383421665237762, 5.022030127843509], [0.6888561996036615, 18.279022306359128, 5.127701205319168], [0.6537941582982593, 17.440394402403278, 5.630658200644394], [0.6695944437511233, 17.658848830281112, 5.496476351230131], [0.6851459436521519, 18.508995690932597, 4.938468899882878], [0.6673629529003895, 18.06113905654675, 5.136598113130793], [0.6824715379210534, 18.060160169823448, 5.212562209314189], [0.6781917915993495, 18.149949043369748, 5.0712803060607925], [0.6850420377809715, 18.440253711524825, 5.048706073682306], [0.6829340512545802, 18.6199148586959, 4.937339339422504], [0.6820940546213898, 18.206128096411092, 5.301504601530832], [0.6806945013005065, 18.05556065614919, 5.211766666493402], [0.6900563945449492, 18.437539642582237, 4.757073940323002], [0.6759724594149576, 18.10020210177515, 5.486236986405848], [0.6982778540776718, 19.21004605263607, 4.545238227480386], [0.666171631669646, 17.846461639431936, 5.407253247823158], [0.6849218596394681, 18.14913565899068, 5.212785408950923], [0.6667260099577337, 17.87112286897917, 5.248597017236904], [0.6758345746992698, 17.83250315731133, 5.321026462808771], [0.6966877160881948, 18.419804395387896, 5.0943631898567805], [0.6563482990666395, 17.69938520447029, 5.4777262706241086], [0.6670341718514802, 17.723554864397293, 5.422466788599813], [0.6820574381230091, 18.047402907701393, 5.278514919408751], [0.6585615279143686, 17.970185827417286, 5.299910719228004], [0.6787077673601315, 17.986607363400886, 5.195886637300832], [0.6753266203139531, 18.15288927149877, 5.23136745263813], [0.6630359176011834, 17.59925161381699, 5.643896578968997], [0.6685607512934194, 17.897251663231646, 5.289620441092223], [0.6846430096335224, 18.460760252007514, 4.795826838495117], [0.6783657780133804, 18.28064750764008, 5.028155145237696], [0.6788313463959645, 18.12472097432565, 5.242921628426631], [0.6762194796970844, 17.85777055273384, 5.5076970755000225], [0.6813342211347586, 18.236233596267887, 5.088230394704755], [0.6879199226582813, 18.43932787361218, 4.8873658947947956], [0.690095031239026, 18.40945581597525, 5.113836323528918], [0.6841618765053045, 18.087744767156572, 5.237320004120818], [0.6886689897455627, 18.044666108174127, 5.134627988567667], [0.6917432170656899, 18.46901117403992, 5.000077908690033], [0.6628108903473634, 17.542074301336633, 5.533888172775688], [0.6713439351543506, 17.683090272066774, 5.5549230896527195], [0.6926264464514692, 18.47384719506343, 4.876778356596983], [0.6600332543570724, 17.88962538448904, 5.429627114116222], [0.693847106376046, 18.27581296976427, 5.193031488492965], [0.674455740319199, 18.154343241492658, 5.145530104691764], [0.6703333645135366, 18.08527673014064, 5.250231145920157], [0.6978574998524153, 18.43022769210515, 4.864508074088063], [0.6663829214335748, 17.83303185839254, 5.40459464377844], [0.6696790791279011, 17.961810463579013, 5.350238188612593], [0.7014913677253518, 19.163551109872287, 4.722955341477666], [0.664466676294323, 17.709758666321562, 5.456739656285832], [0.6562722040503706, 17.797981307823402, 5.5230529982230845], [0.6838286756990843, 18.209012755633637, 5.148164394024276], [0.6689375495518264, 17.888856157555317, 5.185803696938946], [0.6780303821267859, 17.830847002462257, 5.258761631131488], [0.6546369829596458, 17.7492321429655, 5.553593562541021], [0.6835585535947296, 18.14542972684256, 5.245047515088601], [0.6732057326511707, 18.21791912262588, 5.177439900120502], [0.6737967216566297, 17.832475806146157, 5.582815094841539], [0.6921802626645513, 18.235717901537733, 5.2915831511778535], [0.6725577880855338, 17.905237181161926, 5.245014327146627], [0.6652299658932657, 17.629484900306117, 5.572454910298887], [0.6739095065021679, 18.011235717092184, 5.224058131811072], [0.6758532060596703, 17.885015947179234, 5.463003995974949], [0.663243320329143, 17.525297659943504, 5.560372479020577], [0.6928357187851427, 18.50383381428722, 4.944025756766777], [0.6731899004767964, 17.741603479141837, 5.444187102973288], [0.6780327422354494, 18.27917917341777, 5.215414335485953], [0.687227720688781, 18.68509360914132, 4.86033963765952], [0.666873687556896, 17.758902691626346, 5.429174247895757], [0.7430143466778392, 20.020827375177923, 4.198992164175946], [0.713599442925885, 19.74916925487011, 4.442322157290947], [0.6692010860797769, 17.543399567229578, 5.548074982068632], [0.6909513053999856, 18.552021738061768, 4.89127698796454], [0.6759645789252665, 18.109987860500183, 5.323712090300262], [0.6815918549905133, 17.950964104151712, 5.207314821150925], [0.644125763891537, 17.677893663851144, 5.362226212013162], [0.6840855954990295, 18.400010441217063, 4.846546464743959], [0.6796738347875618, 18.244830340844324, 5.158409825209251], [0.6904210760903635, 18.47253969140217, 4.985219133426208], [0.6856263699722235, 18.395499858405124, 4.915460772734951], [0.6853903521995685, 18.472268468025007, 5.051732769838422], [0.6901742141457129, 18.306266983452858, 5.080350886851223], [0.6565298837511109, 17.489137160285534, 5.625541656178857], [0.6739116312550097, 18.547997030707247, 5.031262308457627], [0.6793475196759244, 18.207534171190154, 5.101710502155965], [0.6931984262258292, 18.783432775237433, 4.7939018769383], [0.6434218107738033, 17.068831070193028, 6.1649133588359994], [0.6809802791259003, 17.998283071520248, 5.3406226324387305], [0.6607714844932724, 17.67191191749822, 5.473808123881028], [0.6705950035436066, 17.859526705699103, 5.149250692261553], [0.6947405901665997, 18.586914721847595, 4.9025618889647635], [0.6747748526341356, 18.253557344648165, 4.959439502769214], [0.6650460156104965, 17.7161424838144, 5.380875216973475], [0.6702401305685762, 17.818302890193273, 5.36748864459242], [0.6653134021271475, 17.77732045678243, 5.22181191335677], [0.6682211063035423, 18.040252745985565, 5.257437546376465], [0.6794430164734715, 18.131386938802294, 5.215440662969975], [0.6551302938707806, 17.615271286281477, 5.351639962479455], [0.6689164367880575, 17.727952300686752, 5.319424881260694], [0.6990017051135646, 18.729710529326038, 4.867346666245538], [0.6803369029367804, 18.03040842979342, 5.374361855908706], [0.6669480487637567, 17.783131199057596, 5.3635872891971275], [0.6721224016973364, 17.92031129430377, 5.233902043903802], [0.6857204567693675, 18.281646929071552, 5.108250924609884], [0.6892513793968329, 18.344946602599514, 5.010832751624722], [0.6859639811911428, 18.2802247586975, 5.128814395639571], [0.6898255580835418, 18.11516122247199, 5.115448178121952], [0.6813106003764833, 18.339075046426053, 5.143194047363938], [0.6693675800359716, 17.439055402902543, 5.409973959990285], [0.6863658034722109, 18.25524999796926, 5.00873399221676], [0.6801064637459491, 18.240080524349253, 5.087511093366977], [0.6802065077536505, 18.171170998385666, 5.240677295959227], [0.6949687418197649, 18.546797095934455, 4.962564555213826], [0.7050200030506781, 18.58290451279361, 4.693031672405809], [0.6675212668008307, 17.885816463143787, 5.2655035840598305], [0.6791161514486922, 17.90830718230221, 5.247448873475863], [0.668135012350439, 17.944214088117086, 5.401115355345205], [0.6754885346293116, 17.853642613836524, 5.255609734275179], [0.6828572768414164, 18.644474072228206, 4.811635219119811]],