{"run_idx": 25, "seed": 125, "x_best": [0.6799544921505326, 18.156478910771774, 5.163706202603434], "best_J": 0.1485078632897764, "P_final": [[0.6799544921505326, 18.156478910771774, 5.163706202603434], [0.672304937723196, 17.975880917341925, 5.387701210679332], [0.7085596720828613, 19.350764814011047, 4.751797397288605], [0.7002373557126569, 18.810781492453835, 4.774558062626028], [0.6431510464944696, 17.270103098655078, 5.9867024481110995], [0.68576665434785, 18.312341948906134, 5.135089857701962], [0.6728031014704032, 18.273592583459497, 5.101504922781071], [0.6673263513781285, 17.64850172111891, 5.538451209264082], [0.6909492258759906, 18.312048969143476, 5.068914276333075], [0.6771735694041295, 18.110942963097116, 5.183430793960596], [0.6824566336384994, 18.141886659203344, 5.185988015939648], [0.6845701260183861, 18.271759282935466, 5.2464953110463775], [0.6861515559585987, 18.64670105949461, 4.939148365071725], [0.6901947743139241, 18.331285989776173, 5.055445354899467], [0.6528157338868247, 17.470876747514296, 5.437258781249517], [0.7105205586150223, 18.85613058813582, 4.66199394378633], [0.6860466957498161, 18.32484925392319, 5.055116137681397], [0.6717890151256903, 17.795512910201072, 5.295579820182667], [0.698917309641069, 18.68108989560714, 4.865151762124617], [0.6793666412046732, 18.097612206986927, 5.126682864283239], [0.6619424264365503, 17.830644367087814, 5.407974504319418], [0.6780692300124229, 18.130859012795618, 5.32784311802415], [0.6826806720098361, 18.292832426678775, 5.243135426409053], [0.6576397557207, 17.636329520097092, 5.692909941287629], [0.6750836326725892, 17.794696125859303, 5.622148207934465], [0.6934060526146465, 18.699520338419106, 4.670904717988526], [0.6863288520647877, 18.398332864746582, 4.94770755889739], [0.6916304071716042, 18.86748976156053, 4.985794650037313], [0.6673725202148393, 17.836003504465598, 5.186736477106315], [0.689272383246628, 18.124713537524286, 5.084435355203659], [0.6906889506553923, 18.403168566983, 4.868551696587565], [0.6597064442832107, 17.551690592102823, 5.396189495449912], [0.6856804197291999, 18.40514628341213, 4.918178817260834], [0.6997490129821464, 18.476052276725696, 4.959625465096865], [0.6824881687583018, 18.274534876404687, 5.06435769185212], [0.6698266416675609, 17.85481356474327, 5.231347832965374], [0.666856206076191, 17.798095721155125, 5.443020048233947], [0.6874933320657611, 18.3195163626983, 5.021983934903631], [0.7031874415903099, 18.915145788943416, 4.72300601508076], [0.6709068545611248, 17.919733184520286, 5.235719224525834], [0.6818754599651491, 18.148202474829287, 5.175435325073494], [0.6734862801633225, 17.823064965846847, 5.347254035568438], [0.686989799987745, 18.611175142347285, 4.860305517424321], [0.6727866957884562, 17.644916223862907, 5.251024152779147], [0.6881747605242443, 17.979346368174888, 5.279446974686037], [0.6744352049126017, 18.056062907248304, 5.27955601815502], [0.6957023475730763, 18.8574730543409, 4.557532201198121], [0.6639845697118634, 17.511235618493934, 5.518486994282588], [0.6676959010490614, 17.269030809212424, 5.683770464860668], [0.6824751124365991, 18.261406060505305, 5.0637460803685155], [0.6664651801527035, 17.72075693129318, 5.54173477001855], [0.6571404246438537, 17.46371212289249, 5.618753431572909], [0.6791916087878964, 18.006218821271737, 5.176078836508429], [0.6698615327336458, 17.8370921444469, 5.157295196601105], [0.6830888408813102, 17.946231951960865, 5.3362516103161735], [0.6905722420181862, 18.322462507207064, 5.18724101503755], [0.6696755656847188, 18.46113619769085, 5.011891579088083], [0.6509234800237386, 17.511827415746968, 5.574503165949276], [0.683986064589342, 18.582607418795014, 5.008827002105797], [0.6984002944333125, 18.653374452147695, 4.80469614339701], [0.7087442697916996, 18.827030571888017, 4.792896418330594], [0.6896492703135039, 18.506231023264863, 4.863291125865999], [0.6724806835724593, 18.043686985307588, 5.393707253902873], [0.6760588468708166, 17.630676648229965, 5.527530235676659], [0.6649846965097598, 17.424044864731407, 5.669290317820337], [0.6663841393626971, 18.27893617717396, 5.12963450734388], [0.6958835172590225, 18.544694889523242, 5.260465594747494], [0.6783915859898282, 18.143732046763027, 5.198449917863767], [0.6749580756848054, 17.85815392767266, 5.308595845950158], [0.6799952639913223, 18.256451952498082, 5.214758139292686], [0.6851307817989869, 18.59195535906199, 4.665196901531736], [0.6550551696327613, 17.67570747558848, 5.413082934506365], [0.6730668048717154, 18.08092478096937, 5.275239575552376], [0.6867526220666405, 18.63477453287144, 4.962919174512352], [0.6695605271839778, 17.992467423280054, 5.265113961175265], [0.664442954801094, 17.605894345852356, 5.5792041557465915], [0.6679669645293326, 17.855759345036013, 5.432584739491432], [0.6955999565417667, 18.716446425265595, 4.983953284185095], [0.6738918321925281, 17.52100567907257, 5.537158037049673], [0.6760475318073638, 18.116029886255895, 5.18239676016487], [0.6560021661026082, 17.554754950117573, 5.533209500801396], [0.6596494427743628, 17.64249301601989, 5.313334505652694], [0.6769336595184267, 18.470434832451165, 5.002825477474188], [0.6897714021516772, 18.440651275477578, 4.942162427659685], [0.6892194337191886, 18.528725667961666, 4.937301265635202], [0.7190515833895674, 19.42943105478321, 4.503833314529967], [0.6802785284228454, 18.08507856011218, 5.288454277185828], [0.6742193334069927, 17.56773609020692, 5.574015725891945], [0.6624259352325581, 17.531044089474726, 5.682853765017851], [0.6999412849111434, 18.6164825344238, 4.88071414166566], [0.6751765460406308, 17.89134365718486, 5.345475284046103], [0.6515341549736211, 17.48244924403117, 5.565830848738589], [0.6616343656077656, 17.51870556375293, 5.682264145543757], [0.6977551246162407, 18.926038396169982, 4.565977173773556], [0.6754191732458166, 17.746034258516204, 5.423734989782002], [0.6493338747606135, 17.147822966612768, 5.869097605919004], [0.6559048319474383, 17.499923962305715, 5.659788264021364], [0.6542483039109027, 17.93821159323314, 5.569131132921832], [0.697115715528481, 18.775557050137675, 4.952911773123018], [0.7047216396428332, 18.835330713210453, 4.621568511065437], [0.6804727650634146, 18.483290704076865, 5.006749106318136], [0.6865263617660738, 18.160753717114837, 5.310640399576172], [0.6803595942647083, 18.239027434959674, 5.066556847742524], [0.6712159166575049, 18.03808127375744, 5.262965570870374], [0.6839492969192946, 18.609032848910196, 5.088794278010441], [0.6787353684849754, 18.187946473924317, 5.069282728654269], [0.6891158534918463, 18.18295448193933, 4.979651977588233], [0.6828209780633625, 18.429020961334302, 5.186761434426417], [0.6781898835811435, 18.07154934042179, 5.309739823631745], [0.642864182902421, 17.434998113920468, 5.666208791228346], [0.6730872778527452, 17.875558566001295, 5.287051139531872], [0.6956765983651301, 18.183699825351592, 5.080030574073991], [0.6844980767181892, 18.522693624384022, 4.996262505188396], [0.6751057341331085, 18.05028042509101, 5.263470558882657], [0.668722438028897, 17.86978093416129, 5.4231852884878755], [0.7165490018479661, 19.035346897102638, 4.810340795795513], [0.6761384241221884, 18.21962836838021, 5.18859805921258], [0.6674378197965856, 17.94974525365925, 5.406113587449909], [0.6743586090865811, 17.82729373935772, 5.383755213825346], [0.684101577642996, 18.16796431753209, 5.167311199318004], [0.691024191093153, 18.43373238598083, 4.993370604457258], [0.685893570333814, 18.540377149633507, 4.936462084535222], [0.6694017563943782, 17.532644196429594, 5.399432900349913], [0.6895956033611005, 18.437015432629593, 5.043772735384437], [0.6589546270729432, 17.64504906465486, 5.552071423267835], [0.7029218973151086, 18.972826962499077, 4.606235750027363], [0.6531022098740602, 17.69446799893408, 5.5436000971715895], [0.6868419006931079, 18.152010397953383, 5.247851538436933]],