{"run_idx": 11, "seed": 111, "x_best": [0.6786039911501196, 18.213222636343637, 5.148112759953104], "best_J": 0.14852818737404005, "P_final": [[0.6786039911501196, 18.213222636343637, 5.148112759953104], [0.6568733191967439, 17.752101060087313, 5.402047825581967], [0.70758310240313, 19.178826522428466, 4.623530707367749], [0.6621680014398487, 17.8897086401914, 5.357282655570886], [0.68733834985796, 18.205145597183865, 5.092228670072112], [0.7008674577364221, 18.282952746697752, 4.9542171104216255], [0.7076918356298373, 19.112631492665688, 4.74398356434434], [0.6713327929212777, 17.80127507499901, 5.347259272439601], [0.6911311794678034, 18.1024682721911, 5.039398493110324], [0.6482688409470118, 17.49042661494958, 5.513635113993589], [0.6696805244560065, 18.289134534395323, 5.166632864301809], [0.6532959881469756, 17.11632629035018, 5.7066345596576955], [0.6960790781328371, 18.37619153282948, 4.943083006685551], [0.6827849493757561, 18.533868145546187, 4.854830659762024], [0.6843868699484639, 17.94760923186575, 5.3990888317376875], [0.6627523369028933, 17.86249858512837, 5.245950053073196], [0.7003155717555674, 18.61034920390912, 4.943079202462329], [0.6834358249186961, 18.307055623748937, 5.1584694938292355], [0.6935877557581624, 18.675183162911246, 4.87011658936907], [0.6704529991162765, 17.918582638859675, 5.316044463614261], [0.6722160955177326, 17.878392553446428, 5.466054770411361], [0.6508734671157765, 17.660013224062475, 5.394804624143292], [0.6685574672318829, 18.180525244499005, 5.095014070861428], [0.6756614470097337, 18.369838705887698, 5.079730825185154], [0.6866807099385417, 18.114054088373404, 5.116946361810216], [0.6746995915481705, 18.217024860650895, 5.390462651180938], [0.6679812155790169, 18.07141315368612, 5.242100149124221], [0.6889912199233623, 18.234778690345614, 5.127672264468403], [0.6859080324114472, 18.26842850458562, 5.0540050918224875], [0.6751558446500425, 17.68017764942155, 5.539436048840798], [0.6794850175846915, 17.925760320822057, 5.360215383307896], [0.7146167322412822, 19.64065477726907, 4.268183964449017], [0.6793979592623233, 18.106751851242034, 5.024316633008745], [0.6645579622685175, 18.290484842894763, 5.101110563838212], [0.706473362782995, 18.850175333800138, 4.481331912865036], [0.6755991926840078, 17.965004439884723, 5.33348193135248], [0.6720391631157542, 18.247132236875196, 5.258216206005894], [0.6606620564994133, 17.51501804338107, 5.503962663398454], [0.6717460155128754, 18.050857901014332, 5.49384209459399], [0.6750353430198043, 17.757891517913468, 5.386996789764952], [0.6724776348691077, 18.074096544062595, 5.138207576943733], [0.6906962837967993, 18.66032151884915, 5.055565267358723], [0.6817649703923842, 18.424611856802755, 5.30904485831884], [0.680358283755551, 18.03591371277703, 5.2773065106145385], [0.6509159074270922, 17.723642232818086, 5.411420564439474], [0.6772296555240355, 18.234853615448817, 5.159874653362676], [0.675431032051487, 18.273320783863507, 5.208841933763447], [0.6801914553230899, 18.17722652124396, 5.3110870967527575], [0.6453644683841706, 17.170375206234425, 5.87958132023099], [0.6796252570919818, 17.997336419491656, 5.206782512766589], [0.6657771115110134, 18.101447566826387, 5.3043340930522564], [0.6750274156704058, 18.212163823746714, 5.008741455634722], [0.6662784960344664, 17.862895525721978, 5.421172607655826], [0.6805469188140119, 18.357332075651097, 5.071067230857164], [0.6836898921497914, 18.224878270376813, 5.213187918680013], [0.6998673600875206, 18.483547147751768, 4.935003844801951], [0.6667877192602618, 18.18121221101594, 5.009828098461748], [0.6660567977191227, 17.97135601508114, 5.434750009539327], [0.6856849386894146, 18.128828326926577, 5.248759612089554], [0.6841265580040108, 18.14991919901447, 5.189826690710687], [0.6551722073021822, 17.187817258862157, 5.781167734900055], [0.6761467702463445, 17.979165240715925, 5.367531959030492], [0.6711624357309183, 17.41527592357558, 5.971731538452607], [0.6638910632472667, 18.044765538170765, 5.28628606262366], [0.687591573329103, 18.4553073164344, 5.116904965883547], [0.6901940818823635, 18.292622305817126, 5.2060198794827155], [0.6916713254326429, 18.419298082451306, 5.182366787714585], [0.6576087564353554, 17.662544969442, 5.464924409745253], [0.6674099256797831, 18.027606425947397, 5.135877398628637], [0.6492692355320685, 17.603463628174495, 5.591820717242916], [0.7013192378242906, 18.59358586510435, 4.870065508659264], [0.6820602545263714, 18.09920715015227, 5.268839358455898], [0.7008988933954651, 18.493684845662358, 4.91095999621513], [0.6725572701881976, 18.341555908994536, 4.949958556451186], [0.6679493521663492, 18.251676651587406, 5.145175107573561], [0.7063372566991953, 18.977750855721723, 4.592892672747817], [0.6715106719589337, 18.388917332918297, 5.450206452839224], [0.7022662751818132, 18.519255643163348, 4.930480245071076], [0.6932903440417933, 18.538592564285366, 5.074941289799913], [0.6747722551190929, 18.129532530718215, 5.169115072269715], [0.6613254543083374, 18.062617510064072, 4.986418035035632], [0.6922257966050304, 18.441439262027725, 5.056787430558929], [0.6622677141005644, 17.65873905429666, 5.502180130988252], [0.6750611230956733, 18.073617375030267, 5.244974951321517], [0.6809786781030969, 18.268377166263, 5.060817109084979], [0.701860144416994, 19.05187628040952, 4.797393783734929], [0.6863903064344643, 18.241012297816727, 5.181650538481243], [0.6777667172760016, 18.51794391454883, 5.014472424421603], [0.6798218099033257, 18.460594864761937, 5.0620505235941184], [0.6736240925834655, 17.815874337837165, 5.5376873143537875], [0.6814793679528023, 18.107970226002426, 5.232372728807572], [0.698476521834438, 18.893086103060014, 4.740433151495328], [0.6740793624554823, 18.31734753148992, 5.218645115661593], [0.6587110549404324, 17.378486556699173, 5.5182020327025505], [0.6856804263820835, 18.31605326771954, 5.154485260766673], [0.6701650084852936, 17.821577754223288, 5.421275781059906], [0.6924167306043786, 18.490963118111292, 5.033051643013996], [0.7075977141697095, 19.21482634257407, 4.7180552846210215], [0.6769134463403854, 17.678513674158477, 5.38054279234033], [0.6746649522043107, 17.991057816891587, 5.401495212737434], [0.6669714251662185, 17.984636298672292, 5.2926751312420635], [0.692931837885281, 18.890119463502245, 4.75011889599959], [0.6938848493632743, 18.55754011213932, 5.044678847246493], [0.7183175610080453, 18.854744580592296, 4.814821937777053], [0.6990120300919098, 18.244517627839052, 5.113985174375522], [0.7070592806543659, 18.587271941282317, 4.83314870938794], [0.6731660326855561, 18.036190056483335, 5.208275871192084], [0.6749158230869522, 17.99335688911527, 5.10970179346943], [0.6708851692224264, 17.581218974139652, 5.545256183611693], [0.696222518663214, 18.60961204845612, 5.055167985273503], [0.6889465408329178, 18.44137249072739, 5.09496561222743], [0.6942735684530077, 18.85405014655152, 4.825857443861043], [0.6640905722966438, 18.248981467687777, 4.95841373976798], [0.6667239620921469, 17.914681403353907, 5.332334122614123], [0.6740677254324722, 17.81701317171505, 5.206842591637994], [0.6879104146196249, 18.130627138325327, 5.251646941155027], [0.6937529212282324, 19.03224541696253, 4.685809540385103], [0.6730964591173758, 17.893293712838833, 5.507013204781138], [0.7123793401504923, 18.811479510587894, 4.946400644482846], [0.6729488603329069, 17.674529940257525, 5.488895095423224], [0.6902724669448638, 18.797457199397627, 4.703890437201762], [0.6740125054320985, 18.518133512250913, 4.9670456508461704], [0.6605394298061629, 17.727483271556395, 5.550644122732338], [0.6647899230062128, 17.53142124990095, 5.710689383424615], [0.673358717385486, 18.14160662559823, 5.079747279298179], [0.6641578419241384, 17.55232595082424, 5.557139907324691], [0.663579927389347, 17.63661726657029, 5.418342921919372], [0.6821347286443932, 18.39675815671279, 5.151766630809146]],