{"run_idx": 3, "seed": 103, "x_best": [0.6788648192997533, 18.109556945537626, 5.2092755583223145], "best_J": 0.14853734703485602, "P_final": [[0.6788648192997533, 18.109556945537626, 5.2092755583223145], [0.6619804473568437, 17.800755700761023, 5.515904386082228], [0.6763554690159284, 18.023984763754207, 5.172719391244106], [0.679878436046015, 18.655152916882777, 4.880257622312509], [0.6694585968484023, 18.21857251645602, 5.272390873897246], [0.6912725542345252, 18.13914435925537, 5.327269825404356], [0.6861753537321146, 18.10670378742475, 5.266674284738254], [0.685260465497282, 18.404386144275982, 4.981928048501732], [0.6782776260009408, 18.084749015332154, 5.25516171101836], [0.6819669495950361, 18.525316477854382, 4.893782282897796], [0.6860941778120658, 18.359549369928345, 5.149118560279664], [0.6796315343634494, 18.297510042297375, 5.12015382724768], [0.6771240645586757, 17.92030712601981, 5.329501394135553], [0.7044146408357507, 18.71449830070511, 4.78269094765473], [0.6906714565851765, 18.725821811671413, 4.900892217531357], [0.6829263220613012, 18.410849990129954, 4.996283076306435], [0.6916078310146448, 18.12037364689312, 5.1333004086718415], [0.6822426341078457, 18.356228875597296, 5.044071128278112], [0.6638143969675756, 18.05485850775023, 5.315040810899783], [0.682742376020322, 17.872216167101616, 5.331651891089354], [0.661491539425967, 17.885954942591376, 5.264913636973894], [0.671022605647246, 18.189024865438093, 5.251920434780686], [0.6680487541670179, 17.986916133613963, 5.183802317965538], [0.6717838408406643, 17.85628785687129, 5.29366023004088], [0.6698123021328999, 17.564373477868042, 5.621151316031373], [0.6709936603978679, 17.78842995982825, 5.428528317464027], [0.7399951816274097, 19.698135162006956, 4.424213861656824], [0.6840848253926358, 18.676613322244513, 4.823997416794704], [0.7030808493584976, 18.649490485610254, 4.905915251279241], [0.6708675017603988, 17.85841151384432, 5.344535588066016], [0.6984627550757241, 19.02000765837966, 4.6270769302180135], [0.683991611834411, 18.646544401697035, 4.889947282371569], [0.6775733366227308, 18.075008647939356, 5.363216958639251], [0.6795878574334766, 17.952185880797188, 5.416594829983099], [0.6889719851165729, 18.808515854564366, 4.8279664657517145], [0.6744574954519967, 17.988007237878243, 5.340314304403284], [0.6889804252526268, 18.562504834078556, 5.001179877139828], [0.6726920227551386, 17.778346830863878, 5.425132160933156], [0.6753764525991911, 18.09557849180745, 5.361958906139128], [0.6838176499291259, 18.132610762152275, 5.217123696001021], [0.6732051183132539, 17.9121081784678, 5.258646567999557], [0.6397852772689966, 17.21791144469512, 5.663604210892364], [0.716216560928123, 19.32660172875765, 4.461297069395119], [0.6993183070809437, 18.52676724203719, 4.941642132298815], [0.6612038062235099, 17.732069760241902, 5.567089182871989], [0.6917105652248859, 18.853351552252946, 4.6713870155762365], [0.6736522544849787, 18.184965378870707, 5.300312697103742], [0.6451643913473362, 17.308655901589283, 5.871232259443989], [0.6598003013464789, 17.702232153665328, 5.4757396546226484], [0.6826449224217284, 18.396207026993366, 5.047973217692775], [0.6876279485816416, 18.75154675250581, 4.918595528206351], [0.6678253377267603, 17.608624493266333, 5.545292972207029], [0.6624432310674732, 17.802285298195592, 5.384641532588576], [0.6624369912837975, 17.73151231727409, 5.490141674592614], [0.6730279350293144, 17.825277232816475, 5.436810082262591], [0.6707665977753897, 17.879641020166535, 5.347311692496959], [0.6817453407117934, 18.341855298227095, 5.0765616718242015], [0.6648696269811074, 18.06189896028823, 5.338022276831266], [0.6812979489800924, 18.67902018594375, 4.761928925372969], [0.6692991451016378, 18.25524959653758, 5.048095233546139], [0.6865983535136413, 18.30368746781709, 5.068812831552071], [0.6612513297829111, 17.7182939820074, 5.4492943914793255], [0.6874569276782403, 18.367197359528276, 5.044014623878432], [0.6930810690759449, 18.43428220342573, 5.017479030803674], [0.6952164847857677, 19.05344070195292, 4.78917601523572], [0.6872930542938513, 18.660345401859168, 4.975615233545707], [0.6814946418158578, 18.214489044459814, 5.0932887624748435], [0.6854655314682417, 18.152716993785333, 5.231523310051735], [0.6729222865555348, 17.938989962896393, 5.325931271841133], [0.6645518226211993, 17.716862562060452, 5.389194866876325], [0.6687370513909696, 17.77205548006018, 5.354338874667768], [0.6652710031443463, 17.85347675201915, 5.354551166973348], [0.6790381252458054, 17.712537533833213, 5.296487578606671], [0.6860779277721685, 18.350278475680227, 5.0965057891459775], [0.6795928877506336, 18.39557268221229, 5.045261023920396], [0.6969435436480722, 18.733738662037677, 4.745761656481495], [0.6672419709465927, 17.841042993790406, 5.3226237707002575], [0.6799249660079416, 18.645750894559406, 5.014969429586371], [0.6635334696492077, 17.853714251912827, 5.426035617083741], [0.708775839275775, 19.268109979996296, 4.612660504517111], [0.6702373987349464, 17.890060425283625, 5.324281711980268], [0.6482526976394821, 17.597474206500262, 5.415613551759511], [0.6705243411451594, 18.10917833284255, 5.2643357226645655], [0.6812756080854308, 18.42482725994332, 5.023224308418424], [0.6826049030540454, 18.347275956213675, 5.091510415793923], [0.6739025038224475, 17.70344972230871, 5.41248625789312], [0.7224377751391104, 19.4287921235344, 4.3516773941227544], [0.6894424279287026, 17.86362987243085, 5.266851641993815], [0.693544394433409, 18.681802719490214, 4.8226489614867205], [0.6720678291302064, 18.02334106331424, 5.134959064102434], [0.6702966829406098, 18.4131308421995, 5.0583231837263245], [0.6871864372059997, 18.254183927462464, 5.162696684860549], [0.6876275017870299, 18.28549377902931, 5.093580251663946], [0.7073741282662466, 18.820054239062777, 4.781605722956263], [0.6527433993812699, 17.74113689076824, 5.3486109920236995], [0.6870639861187359, 18.33907280930424, 5.09643525799653], [0.685847980151297, 18.65355907994645, 4.9271591305399], [0.6590449808416003, 17.40433180522705, 5.608850523254173], [0.6954428637649551, 18.664648570557823, 4.892688460296759], [0.6642817277010349, 18.09090517862157, 5.16955162019328], [0.6527462819899028, 17.573422750672588, 5.613419774417503], [0.6473342053122652, 17.24570705443014, 5.691056563048965], [0.6708200189623514, 18.04748090254211, 5.029597335922574], [0.6721885290503635, 18.15539664573376, 5.204505845839805], [0.6771936729761618, 18.293673849628632, 4.9551028101585], [0.7055496810833312, 19.0034310195265, 4.752711826647749], [0.6622559371868284, 17.8199696397257, 5.376078281946043], [0.6730641359217129, 18.010118245643476, 5.2587760005104585], [0.6733083663781557, 18.657875469506607, 5.104299366581348], [0.6755779034388175, 18.203635538088875, 5.097900147752609], [0.6879414370130535, 18.461496079442313, 4.941349920758471], [0.6779481993238723, 17.848879167583327, 5.336437034992475], [0.6818369005489149, 18.387909606869705, 5.183749868372111], [0.6896799439757036, 18.65237643256272, 4.828863285548229], [0.6703642829783341, 17.792211983017307, 5.3207436598255615], [0.6727191399763531, 18.17939936682759, 5.200928351595673], [0.7072117092150155, 19.1396320130847, 4.650726832475039], [0.658901038835323, 17.776704385147973, 5.276952155386862], [0.68269717346485, 18.352044786292133, 5.06268575202281], [0.6921937379661683, 18.44245019273038, 4.981140406895912], [0.6672763095327523, 17.67688257657115, 5.418136636932964], [0.6811296304453213, 18.34936378487677, 5.079061883439815], [0.6777144784715293, 18.06721093954331, 5.161547163311013], [0.6909959222498047, 18.34225839011075, 4.937846459240337], [0.7010682096448831, 18.89975698936818, 4.7139393131960095], [0.6830578037729399, 18.555361600710008, 5.10102570187704], [0.6896106875839457, 18.841217279094387, 4.914059008366154], [0.6796503782836748, 18.67111512986604, 4.785027953930035]],