{"run_idx": 6, "seed": 106, "x_best": [0.6788361952999049, 18.17210523778418, 5.149723149948425], "best_J": 0.14850218629687617, "P_final": [[0.6788361952999049, 18.17210523778418, 5.149723149948425], [0.6832215581397731, 18.36266043312736, 5.052259829937812], [0.6860018748671215, 18.277159842066794, 5.172734972367081], [0.6767085668922417, 17.88259146368233, 5.319981414033986], [0.6939276787485196, 18.34998842213089, 5.011593968445908], [0.6791541786034355, 17.958115258631615, 5.412109050997609], [0.7022991335008121, 18.929014199959596, 4.711015274201047], [0.6769035048115405, 18.123188974382607, 5.300254025036329], [0.6897988467331931, 18.691077683349633, 4.921227710842629], [0.6856552385565985, 18.622540200680938, 4.90328412037573], [0.6700416258572287, 18.185792838881135, 5.040461491288426], [0.672819127355614, 18.010811467126597, 5.411270724315482], [0.6885398329660584, 18.091525529942015, 5.167830165085306], [0.6720645333356747, 17.638407087837244, 5.31744202269542], [0.689178485521351, 18.336838749589717, 4.967572530850951], [0.6935282206407241, 18.722615714501455, 4.888881078991744], [0.6798838644402792, 18.21702963412841, 5.138460460263094], [0.7134702029491401, 18.89884443979188, 4.778974657357484], [0.6985538799820947, 19.037372292749097, 4.698995871333745], [0.6906657917791515, 18.748462184425712, 4.888542205218023], [0.6856194271258959, 18.435782833802804, 4.997966094330639], [0.6855280346813099, 18.367438493725388, 5.041163321923499], [0.6873288443043843, 18.376092308859533, 5.039237929167115], [0.6995899333844202, 19.173243259048817, 4.646908919603801], [0.6819827073654489, 18.595824655840282, 4.870120738584976], [0.6835118928194024, 18.279258068333675, 5.150227874444658], [0.7034179168427147, 18.8737019963961, 4.664038268063765], [0.6712776111777594, 17.904430465376315, 5.289659675023419], [0.7041718415409506, 18.96442824172386, 4.800311553447667], [0.6634851418258427, 17.589036480682502, 5.579665359323835], [0.6836461946995334, 18.356135553659936, 5.016227727017659], [0.6759357309684725, 18.290367160044827, 5.100823243019324], [0.6702902244949624, 18.066253364294898, 5.329037497280741], [0.6904895149801888, 18.288991307088814, 4.974386305903934], [0.6714520712661303, 17.91348065937116, 5.333049196190924], [0.6815196496132682, 18.167715795612153, 5.234016540944204], [0.6670589684980591, 18.002751090681144, 5.322815615986341], [0.7171015789950838, 19.000580144250584, 4.704182315725543], [0.6674136002988901, 17.885163784642373, 5.401933348134946], [0.688593843567459, 18.61425462320927, 4.897260578746808], [0.6591842890314272, 17.394330384206175, 5.594233646833274], [0.736859833612558, 19.327115066223634, 4.5088132278095845], [0.6671981703278456, 18.007290286434447, 5.330678384507188], [0.6798674238638583, 18.403671243996605, 5.057707190255993], [0.6699823806500419, 18.087362363957546, 5.238622500851655], [0.6735368046394358, 17.90393771532179, 5.291779096318397], [0.6959112850462725, 18.251826662380925, 5.013313597633454], [0.6661103528409307, 17.688160420491393, 5.554456927984363], [0.6870831910428676, 17.916946858175, 5.300087288865802], [0.6847147108269863, 18.54671377610056, 4.825130675985617], [0.700438044364792, 18.481921805824165, 5.022166403067507], [0.6764854164786286, 18.07187605676043, 5.316442957443899], [0.7089669401714408, 19.25218856731948, 4.5114994596298725], [0.6854659541624185, 18.418244741338754, 5.009480544742045], [0.6822989556770302, 18.034070159351757, 5.230912526832176], [0.6814472519570183, 18.800654573514677, 4.935612478933352], [0.6694080429651097, 17.81623737491624, 5.367230710090864], [0.6812575782272016, 18.262594813200757, 5.210866371939753], [0.6653272454297584, 17.7104120101732, 5.607308807748693], [0.6805971574962882, 18.154371102666556, 5.129433993213574], [0.6774407760852573, 17.950473112031133, 5.2527947415688345], [0.6674889791752412, 18.339623534752405, 5.121495334046999], [0.6783478054563302, 17.85690330686176, 5.296134862188765], [0.684421797765767, 18.39481621850414, 4.9397508088851385], [0.6754585937440621, 17.936751074344333, 5.243887437411354], [0.6723233222191805, 18.088437378572046, 5.385991901708023], [0.6477493022680376, 17.517582105300267, 5.507598624593037], [0.6805527097489086, 18.482460136772897, 4.861655349286787], [0.6610165146186903, 17.409496147638123, 5.623775019638211], [0.6848137861317385, 18.390170163762047, 5.002395306471051], [0.6703017905466968, 17.828338146948017, 5.514640629560812], [0.6855595443273463, 18.191503798444934, 5.221212331071465], [0.6738032546382192, 17.99792320366705, 5.364599151352827], [0.6609326687365955, 17.752903340182222, 5.552195936404367], [0.6619522816488352, 17.440649022349966, 5.805090416705305], [0.6763079748159716, 18.177397771300264, 5.119566329179669], [0.6622933604049516, 17.54115922160107, 5.565243707072751], [0.6801554429837398, 17.83961654994793, 5.286077200324847], [0.6747660190798617, 18.26645068063184, 5.099179577392585], [0.6926553414844345, 18.663340108595364, 4.8938137453651365], [0.6876925447438164, 18.0124692282755, 5.064461750262444], [0.6804102747895149, 18.136470595121015, 5.299429143200674], [0.6884187793326234, 17.869327731582963, 5.251623947572584], [0.6889300114689794, 18.59465751568108, 4.899860189389962], [0.6694941564643717, 17.72662417429846, 5.329266440438374], [0.70614649719487, 19.21187081120403, 4.740119022512985], [0.670436310010478, 18.07052444618092, 5.244460488394015], [0.6580830074627583, 17.692960125161136, 5.440509516198015], [0.7006717003747398, 18.57868919294485, 4.838753883054318], [0.6686257816438251, 17.721599490649524, 5.449814321571177], [0.6590421807698421, 17.738736965606513, 5.457782135941008], [0.6903768365981887, 18.606381534885656, 4.8807595505984285], [0.665398211525217, 18.007079008551848, 5.2722910022665985], [0.6793223164915235, 18.082116429970263, 5.192586158016335], [0.6762728273251049, 18.31923728271194, 5.088200235300629], [0.6843675229436117, 18.211343117436705, 5.4875848163910526], [0.6707317752938116, 17.861641348644753, 5.282257388639245], [0.7012844157567432, 19.15157803762129, 4.819921574640201], [0.6784952337004342, 18.203692195392094, 5.131944022138589], [0.7168653987056103, 19.66528736403284, 4.331692820585454], [0.6915374358960371, 18.192053425062866, 5.003897753478817], [0.6832144917823666, 18.18030664135344, 5.1641833323323905], [0.6809762622075406, 18.33600095063423, 5.142701928033686], [0.6756363359177779, 17.993772387504578, 5.377520155981028], [0.6643559856792195, 17.383288990832803, 5.663420162324364], [0.6957818961914436, 18.48156451489707, 4.97250868324155], [0.6963810728638982, 18.2305813849226, 4.882144755950344], [0.695404321181507, 18.82764574030788, 4.885957878579809], [0.6721636163147215, 17.944826597465354, 5.416425632138326], [0.6426749857249597, 17.477535085235274, 5.608942738584831], [0.6853945083576757, 18.46221426984965, 4.999361742774504], [0.6839322997706558, 18.42962195025363, 5.115175475824765], [0.6719261913623368, 17.407981706055963, 5.5310236314588686], [0.6794577186997136, 18.49789941579278, 5.023919397930632], [0.6786409873815086, 17.893220803476396, 5.384937213641312], [0.6625290527223436, 18.06081426579382, 5.22504084181713], [0.6689453268816656, 17.675840855021978, 5.466392289887528], [0.658551980829455, 17.72872997198358, 5.339091460950918], [0.7006612364753421, 18.745932649760192, 4.844650550355356], [0.7007697747291176, 18.706208677507497, 4.888382371271998], [0.6682791597197884, 17.838625722199684, 5.365920261464394], [0.68503693839549, 18.196426805594076, 4.959214227195162], [0.7099934020320233, 19.41677110165201, 4.436625192100726], [0.6867839447827122, 17.97070966490353, 5.225203061503775], [0.6660903666736072, 18.002293624383352, 5.322317439375617], [0.696137483724369, 18.414671868536175, 4.991756861626742], [0.679508243917702, 18.202522346141272, 5.0448504371215375], [0.6710247864856586, 17.91136573323146, 5.299932076241777]],