{"run_idx": 13, "seed": 113, "x_best": [0.674288786576014, 18.086835347183268, 5.200794678075869], "best_J": 0.14857235984304898, "P_final": [[0.674288786576014, 18.086835347183268, 5.200794678075869], [0.6705240874226339, 17.769361432850367, 5.450465615981104], [0.6951360385518273, 18.620291237851035, 4.857799574018312], [0.6605950531485469, 18.207768370657107, 5.117106687888958], [0.67469251516523, 18.230239804392546, 4.98825083345821], [0.6794164130099076, 18.22727226800361, 4.945141272778667], [0.6824260208500523, 18.22148065461028, 5.3092707774383605], [0.6566516585636004, 17.7872235362911, 5.28327105775765], [0.6679060588531543, 18.161186537132856, 5.11722866454984], [0.6699169768901124, 18.053097588394845, 5.198195300311982], [0.6760637192467864, 18.35028130268815, 5.101382002919101], [0.6638646576175846, 17.839371875708917, 5.361077057171837], [0.697843116807589, 18.880759633124462, 4.8563258985501605], [0.6637538278558944, 18.067167112312514, 5.1566874150953], [0.6679008342390433, 17.99667954453728, 5.417567794070845], [0.6801948240055384, 18.07546695554513, 5.224978555724459], [0.6882781230237288, 18.375238909466777, 5.062875366961459], [0.6883615033860391, 18.769688768740828, 5.0113483398330345], [0.6914574522054643, 18.56658222562058, 4.95044439664537], [0.6762125398474959, 18.0230342023668, 5.200852840793104], [0.685103337879886, 18.484704880005147, 5.254440168211005], [0.6616236170420601, 17.70378723083057, 5.418146547619605], [0.6871018028018065, 18.192127139647855, 5.133376958252912], [0.6524454121461909, 17.424228091452157, 5.740291095515358], [0.6793122366148517, 17.963258212327943, 5.29164457136484], [0.6864102303109607, 18.533447094034297, 5.024259705279313], [0.6798855060534356, 17.960186687263064, 5.180260791506756], [0.659074685441808, 17.449959246163314, 5.508309026478669], [0.6565285695203842, 17.376567073911783, 5.761396555433738], [0.6638347954938172, 17.4596197513563, 5.5621136166841385], [0.6750617784153657, 17.80197137396876, 5.53933444825757], [0.6826432194697688, 18.397858471209336, 4.933479497188397], [0.6630968522726164, 18.12837458153868, 5.204908105631958], [0.6660649533873385, 17.527659780195975, 5.5955853909492035], [0.6791546915277953, 18.243341289701554, 5.013562169293321], [0.6709465830977175, 18.049731689243206, 5.158460155497492], [0.6605579582939072, 17.712273224153897, 5.415136662101247], [0.6916871039660859, 18.823708809188567, 4.74469411535606], [0.689286599823631, 18.48933849586427, 4.8597444116783315], [0.6843863877919284, 18.81736574623176, 4.702204597929255], [0.6821979966446126, 17.863767161230005, 5.372769688907967], [0.6513905784188218, 17.28800095950991, 5.572199363415507], [0.6830189796552468, 18.5276907080304, 5.051580858780456], [0.6735668552790549, 18.033878980160893, 5.2670753780304445], [0.6932349803454693, 18.396660376274344, 5.14859358482669], [0.689740508575942, 18.4796896877155, 5.059522460143105], [0.6758226384236011, 18.282431979687207, 4.988834262410368], [0.6735628395226222, 18.214423846591643, 5.279974301974082], [0.6521515812382377, 17.630051430888283, 5.643447325003429], [0.6863760442758658, 17.923585730774633, 5.267650224991902], [0.6552087980687894, 17.283515586655298, 5.486437750865802], [0.6848847953058566, 18.275693863489035, 5.08562564875189], [0.6892950954340195, 18.47994387836264, 5.019853212284447], [0.6614085475426179, 17.587551181523988, 5.572458912260085], [0.6839498411108329, 18.747457245647944, 4.877054556994413], [0.6606163287932688, 17.722574344713884, 5.364426572304133], [0.6700364658472849, 17.873022257906324, 5.2145388582612515], [0.6748113149939562, 18.036192671454128, 5.272469261356537], [0.6739442999518466, 18.217248875723044, 5.026469731807952], [0.6749296354315855, 17.74968457081833, 5.237844579700315], [0.6751909304767474, 17.593861558359297, 5.505540888948268], [0.6855559059585371, 17.99918716734545, 5.185699315821809], [0.6891009670755912, 18.225228987476868, 5.069402743835884], [0.6806986331895757, 18.06836743909927, 5.1477233082621225], [0.6664132488044325, 17.774475723044745, 5.464796116171691], [0.6806967249292658, 17.712345448561475, 5.377544352322765], [0.6546379650239557, 17.41043947959787, 5.581518514444387], [0.65853333912751, 17.53508042025156, 5.455657033483732], [0.6750570321230418, 18.459895806741933, 4.899881901072893], [0.6664431810365566, 17.854887547831044, 5.4374040386462905], [0.685935245665874, 19.50860238862151, 4.64609334665354], [0.6827914289937984, 18.246655374492747, 5.004371579450124], [0.6967688347728508, 18.608725377389447, 4.989081549407665], [0.6627304040011017, 17.55258085514454, 5.529118493615373], [0.6782820717957034, 18.004348774298794, 5.241184293289642], [0.6642909933685, 17.583639026301817, 5.5872127983668385], [0.7208854211461699, 19.352306701141185, 4.6464749446734785], [0.6725316781322546, 18.384129672881024, 4.997985345809221], [0.6814366219613083, 18.520653413956552, 4.977873818262706], [0.6839349431278182, 18.02436991794424, 5.346165391563824], [0.6904085392176977, 18.807351712657226, 4.922003889178484], [0.6796497206144326, 18.218848122106536, 5.035417157394329], [0.678492695019343, 18.083896846071887, 5.234186563563593], [0.6905021735785464, 18.166094695953138, 5.248112515707627], [0.6667120374620276, 17.837752324894193, 5.447223523639508], [0.6846253255438617, 18.637846264701395, 4.969888308271839], [0.6691150015914824, 17.526819079749664, 5.5931768722202975], [0.6863249451101983, 18.432155428860636, 4.993849194990965], [0.6678140346921289, 18.04038909605882, 5.3674834737025865], [0.6793091408990151, 18.069247926293155, 5.348894500477003], [0.6978992994049006, 18.848552132227102, 4.744117795527684], [0.648655835211208, 17.189375412178112, 5.824585049037717], [0.6853545833803668, 18.38657218423051, 5.097624616522767], [0.6522604342151452, 17.011973683391687, 5.979208955937484], [0.667031900877056, 17.90770576016292, 5.410593902505751], [0.6905608675134038, 18.41271219943125, 4.940472296057967], [0.6743555045405872, 18.12836932229497, 5.178948952960782], [0.6682381329723466, 17.823692515344703, 5.339875832402434], [0.6874110937873402, 18.391274910844473, 5.003079579195521], [0.6703598333888441, 17.827301808601963, 5.3253681302076], [0.6844269596272842, 18.377571294029433, 5.020519438735047], [0.6645629157455122, 17.750369105265822, 5.373858613330762], [0.6563982274546858, 17.66241464465686, 5.5800362066997735], [0.7058479644705403, 19.404042618140494, 4.421108895595845], [0.6959323838628987, 18.935848474491845, 4.776261036686501], [0.6524035342670248, 17.77658659706025, 5.4827059069535995], [0.6902685151293539, 18.61781945649187, 4.895418595706392], [0.6725090613866865, 17.725850778917806, 5.390498667595496], [0.6665328246839222, 17.75920134517172, 5.46924615463673], [0.685113293986509, 18.270091611934447, 5.219657816034111], [0.6401565939682127, 17.203711999238468, 5.694462046044524], [0.6707318857821712, 18.09153573541368, 5.140593323854356], [0.6868481839659536, 18.347766602782492, 5.109019529516374], [0.6661632144509362, 18.009776271870415, 5.278618532886796], [0.6624550295096596, 18.153924478012144, 5.213426326809394], [0.6489331744641434, 17.088412116918622, 5.606473751089691], [0.676860178268548, 18.04059894435474, 5.332064653037634], [0.668989425462394, 17.859589744232533, 5.414740900816913], [0.6407743629510081, 17.2360961989114, 5.960719445029174], [0.6936842655034614, 18.893815464395466, 4.77261795910195], [0.6722471434599696, 18.04258945210966, 5.280616517226109], [0.684167405136348, 18.264971878247565, 5.124766443146598], [0.6783464235322255, 17.99879569411418, 5.151035685866052], [0.6612718144554813, 18.14741676372339, 5.110690885316313], [0.6828384768240467, 18.084424672826486, 5.22426437423178], [0.6920110677145305, 18.750874815545803, 4.818272298970911], [0.6731244837809558, 18.25964826101186, 5.1187263122467], [0.6621511977699462, 18.173692087754283, 5.173777780960307]],