{"run_idx": 21, "seed": 121, "x_best": [0.6776059981651851, 18.128386016794696, 5.158193449598254], "best_J": 0.14852792273961168, "P_final": [[0.6776059981651851, 18.128386016794696, 5.158193449598254], [0.6774174027918959, 18.224601293664332, 5.124243597936925], [0.6833964700682449, 18.218156262283387, 5.060377270379538], [0.6849667391283036, 17.926746368913793, 5.157624268317965], [0.6703609169798768, 18.053750990875173, 5.3890538934875085], [0.6652073562273769, 17.79022062726603, 5.35681070714049], [0.6845809305278192, 18.17521672787286, 5.110633304039672], [0.6737549237729107, 17.643808575005306, 5.486380181396296], [0.7033694591376479, 18.830545594111733, 4.790685280259229], [0.6849285055789885, 18.248315293599873, 5.091888593522869], [0.6952974819111991, 18.994725774018974, 4.712931300230538], [0.6958398387748945, 18.651276100043347, 4.849448072222927], [0.6764468709949728, 18.207958650707482, 5.136207030583588], [0.7113978362415957, 19.212281365139, 4.646400601778733], [0.6723311900393821, 18.012864992608183, 5.2218758248986035], [0.6735044477162893, 18.27129152603179, 5.062557601036991], [0.7050089107583606, 18.4308525198772, 4.932547449938525], [0.6798182522527267, 18.281922252489068, 5.092019685752124], [0.6870583291177811, 18.158649967238738, 5.033603154572317], [0.671489730771488, 18.04027894666862, 5.275284810581281], [0.652439609062795, 17.343371746689574, 5.4814716998138024], [0.6700698707990703, 17.992832158003882, 5.34951375300022], [0.6736336465455707, 18.02651816280792, 5.326912824462097], [0.673373120414357, 17.957238423563293, 5.188808286539864], [0.6889371254203062, 18.11244163031767, 5.1648237538503174], [0.6850732109933987, 18.479888034918943, 5.020774032649609], [0.6691469998724008, 17.761108698384717, 5.361458247385908], [0.7284760569120554, 19.530810625855267, 4.327801687295931], [0.6761254871879295, 18.227899466618425, 5.206995899384777], [0.6775528075393639, 18.027256821062817, 5.247248085784575], [0.686035648298334, 18.320568706363037, 5.045026265782399], [0.6825791937280627, 18.262935873033648, 5.108968853736609], [0.6962075856558569, 18.76971532290309, 4.882375461724726], [0.6844769236756224, 18.514793681546998, 4.976107530223592], [0.6688138668663604, 17.71233138716249, 5.490137171923374], [0.6635833864094643, 17.95691726247839, 5.468439982333798], [0.6728657287937021, 17.983780346546673, 5.271565209234469], [0.6616618384541866, 17.87418507295476, 5.371697237918442], [0.686801887279415, 18.714293985159067, 4.886989692444967], [0.6790446829337692, 18.389479284604555, 5.081088661290988], [0.685448350763921, 18.282394549140445, 5.065542675836573], [0.6718049256429262, 18.07666357928439, 5.223186450208296], [0.6831282605841009, 18.206936965644182, 5.1060786435456595], [0.6845160050180589, 18.46713193940659, 4.942817326004562], [0.6914515864205336, 18.827598160966176, 4.783777217735615], [0.6702977151304527, 18.029890463339775, 5.304072613385166], [0.6978382534557904, 18.956056640735603, 4.69940958361356], [0.6847722245472759, 18.104718208063428, 5.098604311711716], [0.6760189742106303, 18.187914481469566, 5.238051795488927], [0.6834932945677573, 18.175986720171203, 5.077989028123007], [0.6889527606883182, 18.60222910343347, 4.940683534343183], [0.6775521068890578, 18.24261135278538, 5.008101780493709], [0.6853592390331251, 18.140478273807926, 5.2361709555873155], [0.683674151327506, 18.16100900712702, 5.114166895021054], [0.6848103458433632, 18.646728821380638, 4.914890146577969], [0.676764600866487, 18.356131748831075, 5.100062051219995], [0.6589457930941774, 17.637631316190497, 5.573837364333226], [0.695344291542179, 18.614974877344924, 4.9063959703604425], [0.6968239855258429, 18.703463420816, 4.85498324170673], [0.6874903741626099, 18.236107586143124, 5.090595039775247], [0.6719195997420438, 17.802999829473833, 5.285418111010506], [0.6796686828022422, 18.327974734397312, 5.103512717164804], [0.6789868045832438, 18.4184880823945, 5.162711816500559], [0.6576580853098891, 17.847297856540933, 5.410832960470733], [0.7022836161418043, 18.81039427113121, 4.823362918424833], [0.6596710852466809, 17.551474163785, 5.534793068428753], [0.6742674404884409, 18.271032041282588, 5.117907143436803], [0.6894153620594171, 18.35581002975359, 5.122343024933091], [0.6896400063712873, 18.385222783978957, 5.109322765941519], [0.69008492195082, 18.653706997354227, 4.883609365668033], [0.6913029175225208, 18.77015890621783, 4.741673318299135], [0.66798631903344, 17.854796068938274, 5.3338352528177815], [0.6747566574379104, 18.355610021528722, 5.055683893422245], [0.6700002128286336, 18.094150852375105, 5.2316887969618335], [0.6941513423530561, 18.34388766168557, 5.100662023917685], [0.6825120980591322, 18.423246837663534, 4.9584273232280065], [0.6959684463427501, 18.586259542433798, 4.966056292560557], [0.681497918818441, 18.13091666293483, 5.123530957628649], [0.6634593334392226, 17.794049718239762, 5.20156519606091], [0.6742261305916925, 18.080481440669114, 5.2821486544747245], [0.675610706383552, 17.94876584729808, 5.267474660867833], [0.6768608897140778, 18.233164869428286, 5.0920902692510115], [0.6532399285515185, 17.328881231509975, 5.634767927986015], [0.6745793231236509, 18.024515912184413, 5.254526448282736], [0.6716428156754837, 17.76283936584312, 5.358927361652839], [0.6711662953831287, 18.136005005801323, 5.2415983570862075], [0.6427049933494974, 17.363669869575943, 5.793869500388407], [0.6840295947396634, 18.343449141633506, 5.031226277601199], [0.6730089389378983, 18.502063564109875, 5.126644930499626], [0.6876806315242057, 18.565597768475843, 4.8449433676306235], [0.6734920733574261, 18.366239520610442, 5.143415151780804], [0.6660187482896676, 17.88337392631714, 5.3555275659529595], [0.6990586918091556, 19.241275874493333, 4.655433007182454], [0.6727227721295599, 18.284375253610882, 5.073965922047252], [0.676707673191936, 18.311473335103905, 5.157643805140891], [0.7232152083360929, 19.80079427595289, 4.30780035187898], [0.6677195642002609, 17.553345318598808, 5.710864644380342], [0.692388616007606, 18.596603961574235, 4.950002391153928], [0.6565287088452552, 17.60331032414767, 5.492547838425994], [0.6938764458885808, 18.640558453483777, 4.805205581197349], [0.6554196359604574, 17.60782636084702, 5.524295446528162], [0.688088799188911, 18.16047675951377, 5.068893878903664], [0.671097725615811, 17.95301258775961, 5.268199005595429], [0.6934946603277572, 18.8080011045053, 4.880032830196802], [0.6749587100835158, 18.068030601221736, 5.19730227514858], [0.6734490604004749, 17.867170936892066, 5.355812931449201], [0.6908138769914776, 18.173145985333413, 5.231781226337734], [0.6752779958190014, 18.09742895005676, 5.157274060776583], [0.6651407579776977, 17.63648892492802, 5.473174216227774], [0.6555044436550556, 17.472397012847082, 5.566672544834956], [0.6902136369357044, 18.751453047859727, 4.852553729380283], [0.6754866070114544, 17.894127765819658, 5.3835640884586535], [0.6786326756747229, 18.087001061695638, 5.1546128136564775], [0.6861330996027614, 18.414381015557318, 4.8468282307688195], [0.6643166085198249, 17.91678133821503, 5.236728157805606], [0.6687252508293071, 17.9003691296378, 5.465763595075163], [0.6797959448506532, 18.331579821142185, 5.043290345123431], [0.6771780963342473, 18.35043956837772, 4.98578488842422], [0.6775394317006592, 17.91576142110008, 5.175360560144664], [0.7029203507021897, 18.79896005673853, 4.8436392288250065], [0.6803372967107326, 17.807884901651104, 5.280661293595678], [0.6582572035815497, 18.029691772848558, 5.228307845155566], [0.6858793422590436, 18.11507913880212, 5.1119016484970174], [0.6611571481644125, 17.640534325226433, 5.41430953316128], [0.6769023665726523, 18.10567825581297, 5.144101624655653], [0.6616596706348713, 17.782856345892533, 5.441638066186936], [0.693281001290552, 18.45076707030754, 4.986574529279672], [0.6237862307234466, 16.620212776293105, 6.358604287244184]],