{"run_idx": 31, "seed": 131, "x_best": [0.6779290493404172, 18.127494833569656, 5.216900052825771], "best_J": 0.14854964481108163, "P_final": [[0.6779290493404172, 18.127494833569656, 5.216900052825771], [0.691592615258142, 18.50485331618429, 4.997833311389444], [0.6811119683556626, 18.14064212997998, 5.027086174227273], [0.6638536553718181, 17.49282022273742, 5.587584032893766], [0.6824457176925381, 18.047982348800375, 5.153656555702302], [0.6850061053199372, 18.09792212645333, 5.168848307702607], [0.6390919530605992, 16.709626763040696, 6.045968474678272], [0.7010489023316862, 18.884820656909096, 4.671536586047647], [0.6839381974482045, 18.197832897083327, 5.264103504286908], [0.6864037163996439, 18.43870544049833, 5.077306335622181], [0.6685898582668304, 17.773683850361326, 5.316002132394985], [0.6778920325410879, 17.919404874188057, 5.341819992424234], [0.6702585733284061, 18.233878069399708, 5.086020623915347], [0.6891526683439708, 18.53865783829565, 4.835355119536782], [0.6728348023840526, 17.83159862235747, 5.513243794405879], [0.67518435139697, 17.90861090423341, 5.20363860407528], [0.6901489241001822, 18.70705412094569, 4.907605463215665], [0.6854276092937776, 18.244328341222527, 5.024918610709747], [0.6903892482110499, 18.4410853311024, 4.9398920680376435], [0.6756108327890739, 18.242480906496745, 5.434482287150246], [0.6751662133961518, 18.10530294635457, 5.125916886295856], [0.6818525369687816, 18.464177258223387, 5.034673675620795], [0.6939515945673415, 18.514219247977827, 4.953799523612531], [0.6859718079849949, 18.460254037669543, 4.938712031128107], [0.6811612165177742, 18.506478887608665, 5.030187076491195], [0.7011763998571894, 18.76819370474486, 4.856849195933702], [0.6713584386037321, 18.12512177815036, 5.090290783200368], [0.6693746878193569, 18.014710265670423, 5.325247205340304], [0.6700321030721427, 17.720216739037355, 5.4708282971910585], [0.6671680479203607, 17.983276339358454, 5.3047112757785175], [0.6825051498547619, 18.234932710166063, 5.091974243541586], [0.6774908395753172, 18.319374080055717, 5.0620316946601385], [0.6740928726419206, 18.194924269792082, 5.103979774004305], [0.6710371202629218, 17.950101442393894, 5.409583421306504], [0.68612567952245, 18.71041357712674, 4.8067071619502], [0.6792940528793734, 18.326209206747095, 4.979039988534364], [0.6952217166345225, 18.66084693511314, 5.024596526296664], [0.6650998138006293, 17.873364592248258, 5.4684681758175735], [0.682400341336797, 17.994842927087557, 5.202061592620314], [0.6918405777954948, 18.36769547210749, 5.143948226261308], [0.673715904885217, 18.023514631329274, 5.203885222374154], [0.6883301197708794, 18.622751084337203, 4.957151071167001], [0.6962879676511018, 18.968027616564736, 4.759638430018544], [0.6594188034639697, 17.981077682388843, 5.300363334052806], [0.6893752137471317, 18.21827664977402, 5.136437047485732], [0.6897242628704189, 18.43044566523123, 5.041212746546034], [0.6873307291191, 18.56517940522985, 4.997158198394109], [0.6672645977370381, 18.120455894758233, 5.193576904861009], [0.6731687883338716, 18.13312809150465, 5.263415264169529], [0.6610692712299331, 17.466268431569578, 5.656901214219001], [0.691063613569863, 18.77415435850444, 4.7704135199843964], [0.7007703682020826, 18.658913399924693, 4.9221714399041225], [0.7099459464749376, 18.81533350083125, 4.840089113809734], [0.6802794698466271, 18.36951290153109, 5.0909083461857065], [0.6839742838432041, 18.38348069915595, 4.956313232600692], [0.6832803804289848, 18.41461870543071, 4.982125077776489], [0.6866510783562246, 18.28876129003412, 5.148343589442053], [0.6774454749188448, 17.952626434383237, 5.228148524912868], [0.6986426230183483, 18.996987068040678, 4.742741894455499], [0.6765864489453498, 18.237667307982765, 5.145887949212463], [0.687803033789326, 18.640784747872342, 5.120531168193626], [0.6746566729804306, 17.968810732464824, 5.2820079753979154], [0.6621827534947828, 17.447857758964766, 5.5428393603939305], [0.6607425984720112, 17.6889725249953, 5.568315417940312], [0.7357334390655447, 20.35840945431773, 4.126880994277208], [0.679105738144906, 18.46922520222806, 5.069025486848545], [0.6858586425374072, 18.520272338892376, 4.945224242800229], [0.6675530896845605, 17.76685677353176, 5.339745547832626], [0.6744715785479942, 18.138614739706316, 5.163159755341274], [0.6892176166740568, 18.17391360348407, 5.028740033813786], [0.6647493818365816, 17.85852326097357, 5.3884861064166145], [0.7018142723723532, 18.802196811977407, 4.846432679166542], [0.6895085578693856, 18.532890182530586, 4.986843490504516], [0.6757648531773616, 18.131921227217788, 5.164552010911192], [0.6745910212796665, 17.938486994052013, 5.281712108018278], [0.6706850062136296, 17.992735240989248, 5.224932606883806], [0.6732429331246119, 17.875400153997717, 5.454021961001221], [0.68791965424554, 18.580818262721458, 4.97882545983925], [0.6807238279735566, 18.056298392562034, 5.2489763096453945], [0.6865487483890227, 18.29300632991695, 5.035909641296989], [0.6630668662919744, 17.770969925262584, 5.379592858507399], [0.6873085685350351, 18.59900218787595, 4.8788259641675555], [0.6876231563120255, 18.259801211803925, 5.100041366857296], [0.6887180114112021, 18.517611161817122, 5.092035852273261], [0.656925084859049, 17.736710902127637, 5.402563870728754], [0.681008827792493, 18.029036689575882, 5.173749338030477], [0.6565188250128375, 17.395536569922633, 5.601212458549883], [0.6724620068340397, 17.96872289807164, 5.187019509873581], [0.7032662068178999, 19.24885649318867, 4.581190162179427], [0.702275431075324, 19.31056412055626, 4.621231569567836], [0.7089077677288785, 18.72232959605952, 4.780451502793564], [0.7046779513275505, 18.64090051680335, 4.828442313377501], [0.6720191522547249, 18.15603484327478, 5.287971249491957], [0.6600457377637775, 17.73481672229029, 5.50218460667204], [0.6703804858427387, 17.98266716108703, 5.183401531041996], [0.683243742568562, 18.5084807107009, 5.058015646453459], [0.6815541000605482, 18.362328490068656, 5.142843762578098], [0.6781353386900579, 17.836328813345766, 5.362391337151834], [0.6706930295869331, 18.06192770801791, 5.2674880230609435], [0.6858394312042102, 18.369760052716614, 4.976274912387138], [0.668459861517537, 17.967533767542808, 5.3639910896418375], [0.7001396723227141, 19.004220532283203, 4.730614655822041], [0.6874714346601076, 18.47835144149798, 4.935748513562245], [0.6806284888793456, 18.544922665285537, 4.903249724067715], [0.6607908879214409, 17.521072800452618, 5.534557365742687], [0.6934782723900391, 18.743470998963218, 4.968864219772689], [0.6649421352148029, 17.789486600921926, 5.408562207340081], [0.6890844864239117, 18.638914497187223, 4.8878228239958865], [0.6799369583000788, 18.60435873367163, 5.0675246410478145], [0.667327859087224, 17.70928715200954, 5.44613109295388], [0.6971033201012643, 18.88775178284603, 4.816103304961018], [0.6626004705129563, 17.47105607032187, 5.593033955119292], [0.6867933711463001, 18.458647726391064, 4.883799349623011], [0.6829790785181873, 18.33761610217683, 5.075696766012992], [0.6817170039203749, 18.3255127193042, 5.121152653880175], [0.697343388659437, 18.760185720472588, 4.8801221570486], [0.6818171608647854, 18.51046693221636, 5.060695052629546], [0.6598264176561356, 17.626770087059498, 5.490544715705468], [0.6675366718522284, 17.815959690245958, 5.440014672174941], [0.6606365170023444, 17.267042168340858, 5.914191390337503], [0.6635734790055625, 17.33090020092647, 5.724873294257849], [0.6695675352060579, 17.707605215816972, 5.471042751744028], [0.6577195067578048, 17.90348551407397, 5.409185045474336], [0.6860810778137579, 18.428643548032355, 4.942710055408007], [0.6836544533221868, 18.15732797250792, 5.131143512603767], [0.6494306922841773, 17.462040398737322, 5.638306618147487], [0.6710977510028816, 18.053290129133558, 5.194984050716423], [0.6744528796293573, 18.10911312717488, 5.220969146839266]],