{"run_idx": 17, "seed": 117, "x_best": [0.6797693842029471, 18.201990310766288, 5.148694695684977], "best_J": 0.14850463129548633, "P_final": [[0.6797693842029471, 18.201990310766288, 5.148694695684977], [0.6694901324883975, 17.69793587102005, 5.421184386042182], [0.6939314459006134, 18.692609442459016, 4.7399712033922], [0.6635527803346027, 17.97800031834072, 5.409217693212042], [0.6776038830259573, 17.852051214809435, 5.391431019193712], [0.6759218416988753, 18.000751259761742, 5.2589859152644305], [0.7005304093708713, 19.077513450486627, 4.702269318282639], [0.6745758737292172, 17.95854385470888, 5.227878865213658], [0.6806169680934265, 18.20615644453499, 5.2101348743058615], [0.6791632136631071, 18.195706058797313, 5.278566310253323], [0.6864860662803054, 18.476105625394865, 5.1249504952541365], [0.6778027504128762, 17.910726908244584, 5.179568281357964], [0.6864524756928525, 18.500907447500325, 4.834540898373479], [0.6848540897525262, 18.137040918790447, 5.19312272960161], [0.6776150608396042, 18.475863334375305, 4.986502495661325], [0.6609451044187242, 17.5502937469408, 5.59666299859118], [0.6844711095395444, 18.556120419192514, 5.085504242884989], [0.6837798735269887, 18.665700196442476, 4.864260230770553], [0.7026963158969671, 18.755936323223924, 4.850522811740396], [0.6483857786527691, 17.376127945229808, 5.529914066645816], [0.6711491891895538, 18.10335008322147, 5.287035397775348], [0.6880819340280656, 18.62626598897242, 4.90222305306539], [0.7037943270053159, 18.63107292926039, 4.669107482523657], [0.6826978953696017, 18.536302641731428, 4.973037897728638], [0.6791534640631791, 18.20609743524527, 5.034823903383916], [0.7005065412985402, 18.741317345917988, 4.810529487514513], [0.6891274290244703, 18.26875613271805, 5.017609803859433], [0.67212915614621, 17.966925247059276, 5.335893751868083], [0.6630338756268224, 17.675783415804492, 5.456194069306216], [0.6750819016044542, 17.903538734941247, 5.382938779649791], [0.6764574131606449, 17.887729834551237, 5.124294889949024], [0.6668975827673698, 17.83251378535405, 5.371931233833912], [0.6874158354470739, 18.345943546048417, 5.048647693906352], [0.6681335454191757, 18.000869932857377, 5.34757364570898], [0.6703498306064136, 18.28251132541765, 5.147554272674295], [0.6640781427388744, 17.799884686218903, 5.4772941378350986], [0.6794793931048236, 18.342366194608207, 5.142377131396527], [0.6737960448941803, 18.205247070268975, 5.033611966833735], [0.6887235839666698, 18.327340306723947, 5.063132240327743], [0.6792584868231349, 18.12339716151046, 5.081274013110603], [0.6677886723035203, 18.194349679202908, 5.1692360744640045], [0.6909564660293386, 18.42840948881772, 5.037694066376215], [0.6851131265812157, 18.460638562484725, 4.960083906420593], [0.6693260063973973, 17.953383080562723, 5.352893480294901], [0.6903031566621435, 18.489742456518474, 4.865832415234962], [0.6917342980536554, 18.55328709151629, 4.934202150457555], [0.6762127492553313, 18.289195711226192, 5.103977678882227], [0.6940537652228356, 18.538826980816026, 4.983345446914145], [0.6762821440511889, 17.809920077209572, 5.345927788255111], [0.7064503397951017, 18.8485264146439, 4.682910544057767], [0.6726573571276809, 17.99707362604011, 5.275442299392662], [0.6777761506120876, 18.268170969200725, 5.16953216255815], [0.6965977005577245, 18.859968918036344, 4.771997343862797], [0.6826661437508321, 18.47739835948244, 4.955605102656902], [0.6675311830046536, 17.95065234009453, 5.476254234986557], [0.6886420327525922, 18.272183677858212, 5.2811687451680065], [0.6896712651747965, 18.37073312114695, 4.983995553443862], [0.7041210580954946, 18.818832289316113, 4.7317409586351005], [0.6793756681686249, 17.906848619931463, 5.288108665307661], [0.6833701435816636, 18.31386657620109, 4.881143905244951], [0.7149098412882483, 19.362280942669944, 4.527712938099286], [0.6842247417887223, 18.420057026146026, 5.030201860136344], [0.668512928196203, 18.061032422037215, 5.207182632927072], [0.6695092019133003, 18.064871350662358, 5.3225498603683565], [0.6786389204456902, 18.275927697367987, 5.011970205459381], [0.677317407701125, 18.121593474643443, 5.103249958409579], [0.6711752279558066, 18.11180173671486, 5.120743075455538], [0.6813283729152619, 17.940955106549474, 5.236096773520487], [0.6989614086477557, 19.033962427959814, 4.803658519712867], [0.6711636183411229, 17.792230331875924, 5.493578671269399], [0.6901448071082695, 18.624072745678724, 4.869134512512645], [0.684923311179942, 18.0229204557694, 5.21278787615509], [0.6872206156336672, 17.974629920035156, 5.0686705636968945], [0.6854442217594574, 18.48772286260335, 4.976310907187649], [0.6854426931984302, 18.263958913506976, 5.201541913876991], [0.6690388807776491, 17.602615914773924, 5.336695461882364], [0.6604208340361832, 17.964744567035687, 5.206174757151027], [0.677539738076156, 18.165624181983063, 5.093924373720272], [0.6911357705499558, 18.444631047605984, 4.992163024420611], [0.6693237159417562, 18.051796355625385, 5.237218944539704], [0.6674913146462077, 17.906069678098394, 5.316845746641894], [0.6856933318268735, 18.461931105126254, 4.9450714217498515], [0.6950941443358692, 18.48720500275602, 4.803182195325295], [0.684890022670667, 18.18862886935257, 5.123986227200998], [0.6723230622243607, 17.888694642322154, 5.312551755245089], [0.6591878496824437, 17.501941598718865, 5.598925314418292], [0.6719912444946173, 17.942141329193163, 5.229703914430706], [0.6794704547384376, 18.230064211797085, 5.1360412331481164], [0.695319396873305, 18.834763861901937, 4.7825798872537995], [0.6823777304151567, 18.003163310486094, 5.269861904079539], [0.6646515016134981, 17.407994945918645, 5.852571560521584], [0.6853424658284218, 18.197848117998305, 5.105656889559857], [0.6850437950383081, 18.343336772087994, 5.113384828408629], [0.6836102596814804, 18.392130347931, 4.963216199961453], [0.6840682208555059, 18.141040175263704, 5.1037856975681635], [0.6762902951050528, 18.183675306075116, 5.228415330950838], [0.6763781133253122, 18.141384992655233, 5.145498670042491], [0.6708132657378675, 18.04621857163792, 5.075177510178301], [0.6946728505573087, 18.401398196206927, 5.055790796976952], [0.6966641523618785, 18.52363847997033, 4.872073961792774], [0.6924177844129282, 18.85915932210712, 4.766138920564185], [0.7238054794235661, 19.882229650124913, 4.45024050262319], [0.6849998256150465, 18.579733519541232, 4.854882611593352], [0.6800019207763673, 18.142669342846233, 5.0829554957384815], [0.6606995681843286, 17.636270966574035, 5.575486180900352], [0.7044526186777398, 19.039231405195764, 4.667102920092681], [0.6647307899971814, 18.314950991010775, 5.0639439991092505], [0.6944810577115134, 18.544760755911422, 4.955740402706718], [0.6763177363156844, 18.104430901839272, 5.1338100720206725], [0.6593363517396282, 17.911826754724494, 5.446489902233363], [0.6902686925670776, 18.46092761395419, 4.857007531449941], [0.6851508160327443, 18.419419722760374, 4.982164513792439], [0.6991804122775179, 18.889883917375677, 4.841479944998845], [0.6832659476472804, 18.514909536428465, 5.127704267115281], [0.6779982743929777, 18.181210446540675, 5.163141383463307], [0.6878478609657425, 18.287164464352095, 5.0616944699117195], [0.6908394489821248, 18.531794813387968, 5.0097336805914985], [0.6885494775685965, 18.467592846763203, 5.033066871630911], [0.6842390068672569, 18.354159625482858, 5.136543238842917], [0.6580523657248001, 17.472675136197893, 5.566721661222189], [0.6809983601172774, 17.919190599626052, 5.252132095513835], [0.6816206305793109, 18.39935061770059, 5.239144522334454], [0.6996371368827071, 18.61984744198013, 4.912157419258845], [0.6838558250733395, 18.41272460397634, 5.108490632509218], [0.6741024732040901, 17.86232643617098, 5.364282036244935], [0.6737914233308344, 17.750207060209668, 5.432990584876478], [0.669608015172248, 17.84937495620803, 5.413636128092053], [0.6960821584481532, 18.57211935059033, 4.980789465740907]],