{"run_idx": 22, "seed": 122, "x_best": [0.6795325837018873, 18.192120412638072, 5.1601187591758215], "best_J": 0.1485072719514613, "P_final": [[0.6795325837018873, 18.192120412638072, 5.1601187591758215], [0.6805237592339923, 18.225091565763357, 5.141999392762463], [0.6802703425279846, 18.313532893378905, 5.175074296091916], [0.6879385526713514, 18.308544451840213, 5.1369884602357505], [0.6624299375918657, 17.510960095508544, 5.563182165191781], [0.6627027535287787, 17.62575633141178, 5.539905768744742], [0.6924340794017476, 18.67216566104133, 4.877280482256689], [0.7136857925658221, 18.68569058011552, 5.017943781414019], [0.6636408964652221, 17.534729111021704, 5.427514789926731], [0.6623679983595778, 17.794945340355945, 5.4303434373968695], [0.7043323125714555, 18.660960363308, 4.842344521025483], [0.6824334306696953, 18.219548816315054, 5.118781216171319], [0.6924550041519123, 17.913690791286356, 5.06839968084121], [0.6686652703263444, 17.98556558783219, 5.1859790463147935], [0.6597604236651093, 17.58493774243596, 5.385797790200797], [0.6536873949637024, 17.63850041572008, 5.658690731371662], [0.6808678595931525, 18.21426700437246, 5.168371899824576], [0.6437747283309964, 17.183026524680002, 5.82941865953403], [0.6664323121489295, 17.808092262269714, 5.340643514836815], [0.6920472830934221, 18.680747185141225, 4.844240539728535], [0.6920094569632377, 18.388792003412327, 5.009277013566514], [0.7087502706532643, 18.76311859722012, 4.825231505558778], [0.670364694901904, 17.853349353409513, 5.394709165365223], [0.6472644177820017, 17.64417751299291, 5.5321994245098125], [0.6893185924110977, 18.247167560425023, 5.088072777084246], [0.6881556531517122, 18.151693970335327, 5.289862969272733], [0.6796488831452271, 18.2138717383757, 5.070642834411679], [0.6691148227757329, 17.86075099278794, 5.31507808506], [0.6656830407782531, 18.040042591266918, 5.562133322353979], [0.6380056758876081, 17.347921044784723, 5.6058276420251385], [0.6953712487759193, 18.716459603674863, 4.80211738574088], [0.6652699470856224, 18.244287444081642, 5.134774604629753], [0.6537200195270664, 17.459228136057487, 5.764565964836459], [0.6877837563878317, 18.506295400626183, 4.996157287631766], [0.69632060680886, 18.463360894989265, 4.990864198472066], [0.6733142346232854, 18.024507241714808, 5.253892265872501], [0.6804188326000364, 18.216504312488755, 5.112123633547464], [0.6577672781517023, 17.50553209143489, 5.581924748607925], [0.6770952136406778, 18.448047802142312, 5.118482195957158], [0.678194114422457, 18.355426940232284, 5.04388459143704], [0.6836165338473981, 18.297576777654456, 5.180289556586175], [0.6674875009029453, 17.905026331271777, 5.24848483904564], [0.7013380242949723, 19.068825274022483, 4.708454108681478], [0.6781765704465349, 18.34430092126508, 5.075844233569963], [0.6482145387327224, 17.223618595359067, 5.904105630965116], [0.6842363229270875, 18.18205297793341, 5.22062837916895], [0.6973719731564918, 18.70902260630628, 4.887149473091622], [0.6729951089119635, 18.010396530616728, 5.1723920161984385], [0.7106272267971103, 19.323332603318416, 4.697324117588803], [0.7004256722104064, 18.823159305543626, 5.025207124069343], [0.6767172137466875, 18.314195010204333, 5.0196739963369446], [0.6678732032661155, 18.200887357476702, 5.0957353705224975], [0.681825635587097, 18.456060142845956, 4.960709032119297], [0.7133953763454608, 19.269009548182723, 4.603765936747978], [0.6893349274630663, 18.589241999356627, 4.957112025138899], [0.6706555584541782, 18.138402832597084, 5.165870537216376], [0.6612670358816969, 17.887859726827024, 5.196532311584674], [0.6772178051441016, 18.184701017703006, 5.083606915124712], [0.7070462078049031, 18.889992259997605, 4.645691262807258], [0.6903262608527556, 18.393383720899116, 4.950553773527627], [0.7031107881578943, 18.889011542831447, 4.621216934152081], [0.6645300252422381, 17.520096672005515, 5.500547972110235], [0.6952074638820763, 18.864917582858652, 4.7920843392522485], [0.6983412173698683, 18.576535443026046, 4.95336416753352], [0.6754374057369543, 18.11868980781298, 5.195417323651737], [0.6621504632938603, 17.888033758063052, 5.233572592096252], [0.6562638144700371, 17.527935419016686, 5.686074628906292], [0.6686127194446458, 18.140589987979162, 5.180741079945587], [0.6810086600984839, 18.077605183648714, 5.303202963491287], [0.6670726129540916, 17.63191147290571, 5.479724948080163], [0.6790951037294621, 18.080676454725065, 5.295395339545896], [0.6687352304819734, 17.95859972829433, 5.265627863443944], [0.6795759347296291, 18.13486979181092, 5.04024828290531], [0.6651124405845089, 18.21813509243022, 5.079965743329556], [0.6495750190673015, 17.225150906272944, 5.735653395538295], [0.6590320637705482, 17.399044991458993, 5.709828695152481], [0.6795339270733393, 18.117069893922974, 4.991645286464175], [0.6970145737771613, 18.77064388414884, 4.899075431544027], [0.6805966623695887, 18.37326143002239, 4.991993713936736], [0.6839968612972598, 18.522234663787746, 5.030678531783796], [0.6516675185939009, 17.40437925843293, 5.761264893172056], [0.670905564944243, 18.259869388487488, 5.279562276266249], [0.6919234796769603, 18.493108651468567, 4.933562610799802], [0.6736788737562515, 17.820078424240545, 5.431243182225643], [0.6605881446042197, 17.637301054748583, 5.507090522769182], [0.6742865890246488, 17.951010808087105, 5.326944049393141], [0.7122594822811972, 18.755065488890637, 4.908782844882284], [0.6768972063443456, 18.03478047905742, 5.251347504300126], [0.6774230122146395, 17.9037934708954, 5.3310227359247815], [0.6804182611621699, 18.603552025706612, 4.964994281229233], [0.6876643606550402, 17.910624899498114, 5.232391126977349], [0.666998175029671, 18.122363813877243, 5.358936325160521], [0.6802286327564685, 18.123976061336094, 5.101941297656742], [0.6799952273776471, 18.559532485385212, 4.95131513471466], [0.6462140686220985, 17.078384921316704, 5.946237428110331], [0.6689166326965503, 18.04336257875311, 5.298399087078009], [0.6699691610891383, 17.762600814143674, 5.554950774809745], [0.6741264729763304, 18.25688474298496, 5.170507200619266], [0.6786463105437395, 18.025299024285214, 5.10834471290122], [0.703702781602472, 18.71549853894127, 4.94871501434546], [0.7175251597075439, 19.27562751567327, 4.826290827548556], [0.6835426773904558, 18.477493885871127, 4.993274394250951], [0.71729940003162, 19.401262246459368, 4.682806409599891], [0.6398554351180792, 17.284074360554712, 5.6039065244504], [0.6921196844960592, 18.787989547585234, 4.8703884506167245], [0.6871489693246509, 18.350439124813683, 5.2075303596710665], [0.6863407714966709, 18.634277368180975, 4.95144306064824], [0.6938604016130889, 18.455090297065777, 5.1149269286803065], [0.7110311992481485, 18.993701940332084, 4.792118137353599], [0.6857514125818849, 18.658137051591083, 4.90281494371399], [0.6958627824763344, 18.630313252366903, 4.826831259623475], [0.6695464379219629, 18.115425770234197, 5.11254091214143], [0.6729369450836662, 17.799751723265892, 5.245679427438427], [0.6470511766410412, 17.20116232328843, 5.997478747840972], [0.671166379399224, 17.87430926949767, 5.371079450619783], [0.6890271456306344, 18.596692692468512, 4.931798351610041], [0.6681983229519842, 18.36645207566848, 5.00313954533085], [0.6796903963290886, 18.140442217119347, 5.270760892936751], [0.6725325415361378, 18.054726277088633, 5.2473247051838765], [0.6606664615234423, 17.717010082155756, 5.753733159600976], [0.6853521133412043, 17.921132951131582, 5.274569789784344], [0.6823385772460829, 18.408626836088978, 5.019717217715934], [0.6817499740936837, 18.567468845598267, 4.967150352192096], [0.6749738622040544, 18.00375641738198, 5.349143680957448], [0.7201291484058349, 19.048754519658196, 4.619809584919208], [0.6798453760561598, 18.166463324701034, 5.044236478275646], [0.6833412423963465, 18.509577703530223, 4.91382888985936], [0.6714195817206671, 18.0377741538318, 5.2767822797844985]],