{"run_idx": 5, "seed": 105, "x_best": [0.6791442060252965, 18.13314216823739, 5.191698366815267], "best_J": 0.1485171586548946, "P_final": [[0.6791442060252965, 18.13314216823739, 5.191698366815267], [0.6769162795599976, 18.03368363175745, 5.311885038553836], [0.6787275275067485, 18.088145265687366, 5.205877428734972], [0.6838730101861296, 18.200912503231045, 5.041608396371132], [0.6599824430481575, 17.44327634245892, 5.4674876375141], [0.6689807506690869, 17.966162583299695, 5.26874732864486], [0.6920565421827106, 18.44790621465671, 5.013376979771623], [0.6828034741041258, 18.231038087585752, 5.116640258641965], [0.6653973269368577, 17.64066110301287, 5.338269666381985], [0.6821590792517653, 18.234493875232758, 5.24977399400019], [0.6483871358781563, 17.752404709997684, 5.244910658622407], [0.6693390831685493, 18.115378559990624, 5.1373500119307085], [0.67072282050887, 17.542767726982888, 5.571096435406066], [0.6903697400107319, 18.47177210981669, 4.983238540768454], [0.6863603364310771, 18.51003549164666, 4.975549087874526], [0.6625625967467189, 17.96312772321827, 5.287122849301809], [0.6566316562349771, 17.788532600628862, 5.370579622961266], [0.6697450320309194, 18.085744079907386, 5.198885409953917], [0.6738431233679563, 18.305895954589225, 5.040786187796741], [0.6852988090625346, 18.457838977132777, 4.944622039512428], [0.6834195748260901, 18.40643424659362, 5.047107808871186], [0.705051594706753, 18.67572906977854, 4.867227246078121], [0.6773688736173971, 18.134443094261407, 5.057641577890106], [0.672632475564772, 18.134556061837717, 5.07351641732504], [0.6785377047051062, 18.283443181148993, 5.083714369079043], [0.662412789071095, 18.24197370030522, 5.029753912223285], [0.6711675396744556, 17.812511869502337, 5.388726397115878], [0.7183998999473868, 18.673038429979034, 4.991552915484011], [0.6747129302298928, 18.045804037072774, 5.213604926977252], [0.6760419542986054, 18.03559452070448, 5.118312300213846], [0.6872687398479735, 18.46779576295979, 5.044625434725173], [0.6867577073927527, 18.545063222078873, 4.95259757201093], [0.6894897334187363, 18.459138217010462, 4.973282673206082], [0.6690127728264231, 18.08481423841871, 5.309293660767528], [0.667680921348115, 17.547727078858923, 5.372674075229954], [0.6678079162794821, 17.613617026583245, 5.625049363530284], [0.6907637115115957, 18.34783371555901, 5.111337051297493], [0.6989802097969134, 18.76052081836358, 4.86789752846488], [0.6811299878560135, 18.250821653811652, 5.160246489407005], [0.6762629817719331, 18.38143395276886, 5.055090294488961], [0.6857801875653016, 18.412980638871794, 5.045953074946407], [0.6825513644369322, 17.913233006621034, 5.27598299111559], [0.6759281974345227, 18.041720365180915, 5.2803543656604095], [0.6890904833312855, 18.43529739619078, 5.076194232604507], [0.6778181880130489, 18.20318655802991, 5.22084296270007], [0.6907559209694552, 18.59300955858444, 4.927910545240257], [0.6808083366828609, 18.260878267023223, 5.197766557713674], [0.6641410013600354, 17.84715075472932, 5.340725545086919], [0.6924635018641098, 18.60976019043211, 4.949595149438908], [0.6689588598598769, 18.119767267048395, 5.1763135509829254], [0.6756746118072973, 18.091361534123102, 5.175187275351103], [0.6839488383368935, 18.398674740594572, 4.981300635334758], [0.7218051604603408, 19.300730764969547, 4.191579456434251], [0.6817165074582154, 18.06395351289361, 5.204417023626803], [0.6844477355070151, 18.295813565309086, 5.1570161299007395], [0.6824608965100072, 18.2046352513751, 5.156709927986288], [0.6897253148298191, 18.48207599107669, 4.972824871322299], [0.6698704238820071, 17.76269091611106, 5.409128995754724], [0.6769622236002169, 18.191062637188708, 5.13697568892222], [0.6778654389111265, 17.997770055814428, 5.287748811076815], [0.7071527494647233, 19.017506982828422, 4.506449135073392], [0.6886848045409807, 18.580637364792562, 4.914961714865939], [0.6891424653630013, 18.36486138200566, 5.084707541106525], [0.6856568650969989, 18.181207860193688, 5.096974970304846], [0.6926652848981277, 18.80330400566184, 4.816783140008447], [0.6598965639822446, 17.780322970137938, 5.5461624287642906], [0.681154585268039, 18.294831082687104, 5.056650759333213], [0.6901778970503616, 18.34164800025072, 5.1540204172439665], [0.6843826068076266, 18.369183353803926, 4.93938665252219], [0.671037894322843, 17.70741823900766, 5.611339155573859], [0.6878297352550142, 18.213311102505376, 4.916707464530232], [0.7001975254310508, 18.510937898366045, 4.995768544666628], [0.6615355344098088, 17.8416321014134, 5.4596703448182], [0.6841694068639561, 18.23982639353316, 5.154963998601758], [0.6769085089693072, 17.82806202431363, 5.339084837722961], [0.6708729628751079, 17.890313799378628, 5.312985784942182], [0.6932482963720793, 18.429760015822914, 4.989152464105688], [0.6821206161645188, 18.355810219061524, 5.18376094906462], [0.6882838991553397, 18.54432228733441, 5.010158265728416], [0.6807679333366444, 18.1171779310347, 4.9918954663720925], [0.6763266214480587, 18.101886723510816, 5.160398728059587], [0.6558823216085113, 17.631360158847997, 5.498202866862531], [0.6882236698768132, 18.590616901811256, 4.875991679009131], [0.6903700157351471, 18.403921665035323, 4.9829279675173], [0.684996460668366, 18.518531221564963, 4.9932285572126585], [0.6841550389139782, 18.458163989951473, 5.002052988326492], [0.6748525269694673, 17.78898660161135, 5.4031735405524355], [0.6695368688752266, 18.08261407339088, 5.041969163440239], [0.6923748813592657, 18.451972868446454, 4.936014447256085], [0.6423881440822917, 17.171443881191408, 5.888047000355169], [0.6883461365747539, 18.531594965315048, 4.875754912287027], [0.6691879035424472, 18.082996432702352, 5.236179209714278], [0.6764245502073862, 17.944904858388128, 5.377309235753632], [0.6912789319853972, 18.4982550230551, 4.938729357190487], [0.6734652009549172, 17.964298208533354, 5.3896190604667], [0.666499150207022, 17.89323033897304, 5.456467004951051], [0.6731073853158742, 17.999057341408115, 5.174544632678707], [0.6764509188830296, 18.070828041224893, 5.210227008562068], [0.6867608986201059, 18.331763558936927, 5.02366685904412], [0.6902001176281846, 18.135488819238155, 5.145855902884492], [0.6669288262256259, 17.661366469937775, 5.433870500272754], [0.6787847598177539, 18.39413593011824, 5.107998294022975], [0.684379326261035, 18.268324794896298, 5.277451445500649], [0.6760925440038628, 18.0687475389356, 5.210617870887351], [0.6675407478821296, 17.90728535236937, 5.2970476544859615], [0.6602672008970385, 18.038287869514647, 5.141621395190834], [0.6907384516040531, 18.18561282839866, 5.067696123957122], [0.7022436531371539, 19.148127970819434, 4.748014613752261], [0.6880468201719627, 18.34609409223456, 5.063707459323275], [0.6963056734747558, 18.70182279588811, 4.835242999530614], [0.6628413393670965, 17.809612134464793, 5.364489049736472], [0.6890937833762992, 18.628069502134593, 4.912317950379903], [0.6644928911401651, 17.90075510265263, 5.33976855329767], [0.6808838826422168, 18.46545646040002, 5.040677179231514], [0.6949747760600554, 18.532579876114077, 5.006887888945144], [0.6816711047021616, 18.06575312762815, 5.216726817070629], [0.6688943723371175, 17.812248359840407, 5.3373118020497206], [0.6886681267897011, 18.292505415316292, 5.151609348086051], [0.6626735932495722, 17.42850931901326, 5.7290709646422755], [0.6610784785984769, 17.840667006836878, 5.331175739316468], [0.6729143453868899, 18.125967997984024, 5.164990224586731], [0.7084150044075752, 18.73609363103386, 4.854784479903353], [0.6826228978864465, 18.558139175563287, 4.96010373990193], [0.6775315934851495, 17.84145294943604, 5.182122872441171], [0.6830115759303118, 18.14514144214783, 5.2345964743744045], [0.671607334369224, 17.76261205821599, 5.414794096136921], [0.6518434183876408, 17.590461141619507, 5.495366026088421], [0.6861031685464772, 18.270789037693156, 5.166745123853087]],