{"run_idx": 32, "seed": 132, "x_best": [0.6832595596869532, 18.25663998449275, 5.122852204415375], "best_J": 0.14855827031151417, "P_final": [[0.6832595596869532, 18.25663998449275, 5.122852204415375], [0.6766961505237072, 17.71337113605912, 5.363240216865869], [0.6893577087619069, 18.52304490900775, 4.779563579875241], [0.6887356144535491, 18.279778395442065, 5.208437515977277], [0.6580731769315571, 17.598187889748527, 5.491823307003552], [0.6615948304359398, 17.71379091971189, 5.38874954221995], [0.7104753436029095, 18.71565744625991, 4.772667847804026], [0.6747414380136126, 18.13689935101329, 5.195420650536084], [0.6995304324251049, 18.14734317352461, 5.504383320939626], [0.682417409570391, 18.538830753202934, 4.894565997764358], [0.7057460075144388, 18.770345958890108, 4.739775777293465], [0.66662049203744, 18.067350938834863, 5.288012286213185], [0.7012955527454077, 18.562024523667784, 4.920486639976804], [0.6840355183425497, 18.31227582816134, 5.137131256854852], [0.6825431863037376, 18.282494380035473, 5.151479970014476], [0.7024703095079249, 18.43838905468126, 5.1005874500632284], [0.6738255802519687, 18.172578715260634, 5.127552573344374], [0.6525655728318829, 17.539398686437885, 5.445421111654516], [0.6614173269737301, 17.538026572327233, 5.499770067864912], [0.6743022192310286, 17.997112129963604, 5.3591551157527135], [0.6864992665577424, 18.159578571091647, 5.161047216229681], [0.6948141932601538, 18.65129329175603, 4.831903015148219], [0.7130926754122119, 18.815650495473122, 4.8298616870348905], [0.6744438630993754, 17.999599317258042, 5.319832170557493], [0.692365750480828, 18.681985295860418, 4.8799101187425045], [0.6692584253159086, 17.82463396443562, 5.347731535050224], [0.6796165345099211, 18.066483620815205, 5.2362235932920225], [0.6720163425408524, 17.87496797125148, 5.385111869577695], [0.6852336016976075, 18.405722452361754, 5.038789875600408], [0.6628665940563992, 18.038474040825456, 5.302526120019932], [0.6719994912244411, 18.171896796486912, 5.185621527546111], [0.6777637747005898, 18.36349262414147, 5.139343665689914], [0.6765388291325979, 18.196540197525913, 5.080360089195683], [0.6649837462406966, 18.13340348581696, 5.252812815360413], [0.6840798441447775, 18.189175394800888, 5.051633289321021], [0.6943918960439082, 18.65841333531175, 4.820813823813204], [0.6863178456817463, 18.337327671943513, 5.20530224542169], [0.6804188970490384, 18.14289294858243, 5.139744694266584], [0.657956219002235, 18.020850206686923, 5.230596481140422], [0.6517496981372147, 17.1561565300758, 5.801338379441582], [0.6556971490804819, 17.396182929283874, 5.709672770033594], [0.6622586572628687, 17.83883362086867, 5.542384682981686], [0.6641326932321262, 17.612053589734366, 5.698382434048765], [0.6869328408420894, 18.64565670727721, 4.8762440969538385], [0.6740633285686919, 18.180078481185966, 5.188836958914859], [0.6855721743963694, 18.27492841417083, 4.962708506670674], [0.6964714642859912, 18.916808717678403, 4.770119609304741], [0.6868399164606868, 18.024647469507023, 5.188323154836054], [0.6621343646256105, 17.632147275857637, 5.467295007947985], [0.6892410116650554, 18.411542088132894, 5.165283819233993], [0.6811496877431098, 18.486506424455552, 5.059286361428313], [0.6892418450607788, 18.36242787504673, 4.863014783511684], [0.6710828702510749, 17.99534139749253, 5.306780373927278], [0.6908377235389714, 18.56684179290564, 4.890108078698539], [0.6957213028462906, 18.945039233624435, 5.042820434323165], [0.639103833801576, 17.12841741254104, 5.816219911416262], [0.6653352925791678, 17.787569669658808, 5.421776289635279], [0.6719299094349463, 18.37985787914993, 4.955748284120162], [0.7104281019206549, 18.76907921459575, 4.785872461386715], [0.6752538975756287, 18.09291073219927, 5.117851469221645], [0.6885337904045914, 18.415286825429142, 5.064221676093219], [0.6651852290601535, 17.663827575167645, 5.537867413211313], [0.6679041106446859, 17.69237626317723, 5.544419027373985], [0.7048894622718102, 18.883043250575046, 4.786014741484488], [0.651786558242776, 17.169895482793194, 5.785521348635314], [0.6734866391188108, 17.747318065827976, 5.324484210254811], [0.6791041076381106, 18.183653662464074, 5.21620922841975], [0.6903685001618504, 18.24892281494938, 5.100527030072271], [0.6855941203426281, 18.478748775018126, 4.857464245696574], [0.6658872948307133, 17.7565373613461, 5.323677222651659], [0.6897035978326432, 18.263940231827696, 5.072225022360875], [0.6940809285191086, 18.52528419295882, 4.721864171920403], [0.6812339180050427, 18.372335871100162, 5.095573361646094], [0.6582664942976398, 17.773876635274295, 5.407697753253455], [0.6589101487970468, 17.837010704508135, 5.407533329709871], [0.691088880408496, 18.618484919869495, 4.949375585449852], [0.6650959134857597, 17.844833182521647, 5.529908380704454], [0.6697818679951171, 17.864804808267568, 5.408261219952253], [0.6575144343897082, 17.61041368796007, 5.518015280402908], [0.6662669966632745, 17.757064392190507, 5.411474842037224], [0.712817407422652, 19.629148522293747, 4.4335104872119135], [0.6640676204149439, 18.1232836305504, 5.2086803210522685], [0.6963447388020029, 18.70936917232966, 4.870641363628717], [0.6690239516186428, 17.822391385680874, 5.47652469087347], [0.6739295201833245, 17.857354822726222, 5.144422698135987], [0.6604679694083967, 17.59718588993645, 5.634009424278117], [0.6913481750081459, 18.428250763474175, 4.736678158461379], [0.6924067513446117, 18.362022755005057, 4.985579213427798], [0.6760603347166873, 18.155181974205412, 5.207579816178114], [0.660600142741998, 17.864013338461795, 5.377345291671464], [0.6613628692731098, 17.879520076124148, 5.577778781706964], [0.6886528958074067, 17.98857596910368, 5.239150187232234], [0.6887982020821602, 18.091239023685922, 5.099947143219023], [0.6739989387011271, 18.03329138840105, 5.210795072383563], [0.6692488791032492, 17.942258145929937, 5.236515850393912], [0.6678774553147744, 17.9080433058466, 5.331727438596607], [0.6777309604765657, 18.318814045449592, 5.257180736239869], [0.6547010206546475, 17.175848368974837, 5.8370316834769405], [0.6727056422024263, 18.183840087378925, 5.252587281460187], [0.6741561463505878, 18.130936969798043, 5.228761186150564], [0.6838469405746818, 18.158642754299205, 5.222388261428902], [0.6807259014071337, 18.150628673936524, 5.067015237138092], [0.710281689243769, 18.844262746759618, 4.7573225672933095], [0.7004516955163321, 18.29056057930242, 4.993450085694551], [0.6774569826030556, 18.24805583422929, 5.1677107276420795], [0.720563149768989, 18.932788526598777, 4.891393134155061], [0.6678996054923989, 17.780205230226997, 5.38894903344689], [0.6823678304608222, 18.56715446788968, 4.860501747719788], [0.6862339091843889, 18.31089693395504, 4.969552597963304], [0.6868658308869825, 18.164677690989354, 5.065724385622046], [0.6639325392147664, 17.61849821411829, 5.50129993849011], [0.6912972228884613, 18.429691099220502, 4.921830748004048], [0.6877675934011948, 18.268953014300937, 5.053246465562742], [0.6606074233586218, 17.520468075672664, 5.565978765920443], [0.6948797427531487, 18.493266904043622, 4.889914633111575], [0.6958716012448353, 18.76781403849269, 4.883483086963583], [0.6674850699439475, 17.609290256738703, 5.458952034420047], [0.6839259217192202, 18.462316826254984, 4.9359578332765], [0.6834052695952882, 18.315054026948893, 5.1005010066589165], [0.6851732993358918, 18.169074241017945, 5.201449940165475], [0.6932596538578869, 18.77906423268478, 4.806112852110704], [0.6510958642226389, 17.454128209172936, 5.657502223391422], [0.6695889631687572, 17.99675261698136, 5.200984554016664], [0.6814602600321901, 18.114646429675624, 5.2326344265394535], [0.664796689818837, 17.665434370213138, 5.475874023130325], [0.67598703732377, 18.73717675567596, 4.807081775875911], [0.6841503580186529, 18.56799683346084, 5.1484425806173455], [0.6830439308468826, 18.32488202725655, 5.162361965696999]],