{"run_idx": 24, "seed": 124, "x_best": [0.6788177490237242, 18.198466798530195, 5.138307047238893], "best_J": 0.14851188486691094, "P_final": [[0.6788177490237242, 18.198466798530195, 5.138307047238893], [0.6631026224186195, 18.099152164078564, 5.279368791574852], [0.686885627421389, 18.109615299349517, 5.153907764085416], [0.675568504793149, 17.83927343813232, 5.424579697135892], [0.6806159007624915, 18.647595480156742, 5.026263074046316], [0.6798582554705529, 18.271203681826506, 4.989776483633378], [0.6966513004283806, 18.36848962897664, 5.0363416360529225], [0.6720161105149259, 17.856821099864625, 5.402715350905968], [0.6666802830415205, 18.02983746779532, 5.269319483152898], [0.6795867054283465, 17.482946029510217, 5.630209805955767], [0.6870814626711531, 18.571216407608542, 4.975846566899397], [0.6886801855937174, 18.444610874364685, 4.9976605930464455], [0.6641607090505494, 18.08781348989224, 5.140369277912821], [0.6871599101084241, 18.203518755646204, 5.131437685752747], [0.6750815405264337, 18.065465507729563, 5.215801933347681], [0.6774674589983897, 18.124367646904233, 5.04322686351586], [0.717885139199042, 19.378573660463584, 4.443646456607482], [0.6881516412696591, 18.54488777651859, 5.03446268433879], [0.6719570348805461, 17.705645951953557, 5.800845966749652], [0.6976759463616005, 18.30146990483889, 4.996389528136287], [0.6736563908470828, 18.093888359677397, 5.217533867379785], [0.6692244335483324, 17.678572897781784, 5.412009906828516], [0.6535788638136103, 17.41768763728335, 5.6308878797518265], [0.7068248865093969, 18.67762080042952, 4.980945640902846], [0.677733966597937, 18.560008257380012, 4.898581717802479], [0.6936680952561293, 18.48127133753718, 5.0828239763038265], [0.673261925814164, 17.82701954129957, 5.248941174808628], [0.669085767512261, 17.825803570928393, 5.440133218391523], [0.67618600633893, 17.829818135298243, 5.281239484748422], [0.6635576621434272, 17.56181216408743, 5.469933918970016], [0.6671011787368729, 17.905676311904813, 5.331687443658739], [0.6319818382320243, 17.047716713748116, 5.896716770758616], [0.6677207636892122, 17.966069720412268, 5.175864684174391], [0.6463737411985747, 17.485039600854858, 5.884605252725073], [0.6721688994316146, 17.961293788038432, 5.402868221122999], [0.6633995368546459, 17.4411092195481, 5.463489550783095], [0.6771391052618295, 18.16735568402502, 5.078504384479901], [0.6891376467668597, 18.589839751651972, 4.836571455202433], [0.6584800978045011, 17.70993460253999, 5.52738843621079], [0.6785135581467271, 18.388962657748557, 5.090973131750433], [0.6790840758330023, 17.923399871257146, 5.507925304820601], [0.6603952826647477, 16.943161350630948, 5.997170379937556], [0.6712715800717157, 18.337858943591215, 5.089432781551306], [0.6962674982773844, 18.998888299869627, 4.7256551357269725], [0.6852214517982431, 18.283552154898643, 5.104145697103407], [0.6709013878301034, 17.66595174549024, 5.49558053672698], [0.650234175121915, 17.45131245791186, 5.545928629804697], [0.6930796815941724, 18.67011743483676, 4.931866095004516], [0.6959391860067241, 18.49503271759393, 4.981890923040126], [0.6511627449174812, 17.299048941456377, 5.602433183255744], [0.6471764007463019, 17.223145263751515, 5.810259470725713], [0.6810427821063376, 18.380245846823847, 5.05997735897663], [0.6732550893728239, 17.829768676358977, 5.47579506398756], [0.6988495849301939, 19.24470366789997, 4.6345391435173795], [0.6856953517593842, 18.460238425044444, 4.938296575294707], [0.6979195648742821, 18.93641569308278, 4.917239403609342], [0.6896943677206194, 18.54036276017325, 4.800842426445756], [0.6950747976758095, 18.476584781653816, 5.022978147361492], [0.6849406103495266, 18.60560984605261, 5.004482149565273], [0.6911168044891813, 18.70033101863688, 4.747054112198271], [0.6743917210022827, 18.07794949035755, 5.216289250740626], [0.6899759931419529, 18.468023501033553, 4.970536629446231], [0.6568358545373993, 17.233350416138137, 5.781458852398529], [0.6963388883465977, 18.783209379447054, 4.804861848155753], [0.6747430967788515, 18.021800773295706, 5.263784208115018], [0.7019243403796505, 19.329294434494173, 4.606678544099953], [0.6612403890427374, 17.35255922729601, 5.821977008365181], [0.6922177947501321, 18.65615799732977, 4.834811641952793], [0.6723193727207105, 18.050017650061875, 5.45374740738143], [0.6631609427717076, 17.372184293523972, 5.473089369067623], [0.668794597716351, 17.63261465484333, 5.522173596982508], [0.659963768647635, 17.894447161006784, 5.18794747298848], [0.6815086677676165, 18.26338434273837, 5.106870473804211], [0.6743188978045994, 17.99333195327116, 5.367874638236783], [0.669743260899015, 17.851540283726166, 5.415586126711695], [0.6649790485685625, 17.982302734856738, 5.403959074900136], [0.6837679011316894, 17.961036825875013, 5.377094261313664], [0.6728433176217883, 17.902484143214632, 5.2430194407507], [0.6717988132832902, 17.561625932164098, 5.572565609636355], [0.678653228179313, 18.377409759576103, 5.401611422601743], [0.6912391090431204, 18.801627749754033, 4.979080158619421], [0.6792544081432392, 18.054447193716502, 5.179166171289916], [0.6782191132830534, 18.311644615120073, 5.0321905363212345], [0.7054144143429625, 18.843195692012177, 4.801388791492148], [0.6784141873662574, 17.78935602772515, 5.409775770921971], [0.6583199515692584, 17.63803017682463, 5.387191351387907], [0.6743667119739694, 17.970103886113193, 5.1383911411031065], [0.6488174754402457, 17.46479623034987, 5.6514299390397635], [0.6804990810317496, 17.8482247076035, 5.266506028435254], [0.6676189979989271, 17.67004285457841, 5.469595050067456], [0.6634990589394579, 17.78770196043362, 5.498063651611361], [0.6705400142920378, 17.75013937295883, 5.338291101328387], [0.6615064725655596, 17.30139923632425, 5.662445089600546], [0.6810530680634939, 18.20220593673561, 5.187352011876868], [0.6790373548339076, 18.250000957596296, 5.1236625739409085], [0.6538518442929371, 17.652472162690124, 5.642060967919235], [0.6664352701102636, 17.8116673642123, 5.6134510765365615], [0.6876821391088955, 18.80875933336798, 4.8025665076262385], [0.691390596405989, 18.393619839527688, 4.99480137869682], [0.6912988220310077, 18.189250245700066, 5.095335928308078], [0.6603735811491943, 17.584733737339636, 5.533684402488756], [0.6817996231677872, 18.19637801524829, 5.070024020038334], [0.685838335526531, 18.508777178870943, 5.065309600356148], [0.6842517361974414, 18.378109078269297, 5.088614487479546], [0.6928216373852174, 18.367519787873682, 5.15988327823055], [0.7091218630054951, 19.05929959460362, 4.694207846727377], [0.6733065177242659, 18.009402016452526, 5.260178442473734], [0.6997295043723741, 18.729709009442033, 4.7889740725069], [0.6986568601694919, 18.232910750285146, 5.066298367575399], [0.6971560763725262, 18.41776122333609, 5.044334701161711], [0.6631226622507945, 17.488059938355157, 5.733533130886164], [0.679656479894232, 18.174806801027582, 5.134576314016153], [0.6729885785419609, 17.489301450514507, 5.491337254096591], [0.6840746639352479, 18.215454244633424, 5.056004346689587], [0.7037247055499294, 18.356712628321045, 5.111588970190834], [0.6638940505652026, 17.979551430235652, 5.348212304793282], [0.6816865856856166, 18.268053087628996, 5.107796563088357], [0.6808900109677413, 18.545315713548646, 4.876672519494319], [0.6905401747094989, 18.40364984781135, 5.093254306294659], [0.6933671996542429, 18.250219748641683, 5.203134620797115], [0.6644809571677036, 17.7855418784954, 5.519308195324907], [0.6973974405683165, 18.435217438099436, 4.9554612433035015], [0.6985433983637289, 18.67956063416581, 4.945217443707385], [0.6663300378327954, 17.668521476010433, 5.30967731390375], [0.6694898248121138, 18.001515477670313, 5.2875409660738875], [0.6821644532396414, 18.502486603116957, 4.882383229717801], [0.6727683521983532, 17.753816801952837, 5.385815053688061], [0.6721738757621396, 18.16102646629248, 5.104765736352052]],