{"run_idx": 4, "seed": 104, "x_best": [0.6795759535638931, 18.144843329997627, 5.142852123873334], "best_J": 0.1485374218253992, "P_final": [[0.6795759535638931, 18.144843329997627, 5.142852123873334], [0.6894669970284252, 18.37037202706539, 5.073553369686708], [0.6784528832034342, 18.663666347720277, 4.820924996586115], [0.6747707249948846, 18.002488483654524, 5.232419573345711], [0.6824452498773079, 18.532908297982345, 4.9983300127291415], [0.68083067267415, 18.375075767261087, 5.209965799345467], [0.6337744219997964, 17.413192448538535, 5.610452385294629], [0.6887567631289913, 18.46425810736436, 4.928578582127921], [0.6775915999935735, 18.73897117166821, 5.026021012010389], [0.6810485854344763, 18.294962560598893, 5.202936144971931], [0.6492336048266494, 17.593713606200936, 5.54319859154338], [0.6830061016654619, 18.355183496296775, 5.079424605377996], [0.6922423833353651, 18.129345486804112, 5.171321928264534], [0.6904101714104576, 18.299673474094554, 5.12820913054664], [0.6791528437779912, 18.316044579166757, 5.1261740690782815], [0.6751348213949148, 18.07731516010827, 5.360894102472267], [0.6912554185693451, 18.36000961919144, 5.051204521081205], [0.674700694021749, 18.103743757917478, 5.144164524073169], [0.7085063544648027, 19.14824699109485, 4.63475313808207], [0.6881556240657193, 18.599252618265375, 4.9321677504725585], [0.6778826506439298, 18.296628851328986, 4.982338351541355], [0.6836092995021493, 18.342923689597132, 5.232893602122031], [0.6755649932644815, 18.049542049843218, 5.232860692502735], [0.6737795269976841, 18.451221321667383, 4.984761094198589], [0.6442081168711529, 17.657667914422763, 5.454170292781869], [0.6818508925040713, 18.294460990012258, 5.1100580644849], [0.6775578270793373, 18.091587225480154, 5.1605247863622665], [0.688065153324231, 18.504447087717033, 4.936151476283813], [0.6888964752213504, 18.477388600041362, 5.048216634004891], [0.6924324316207012, 18.77679022836381, 4.763632959531131], [0.6852379765246638, 18.06947487094491, 5.230846484445522], [0.6684116770197619, 18.36785773166617, 4.9843118190874645], [0.6783041872256896, 18.2371316382186, 5.14375207101315], [0.6636559057403626, 17.797965559390647, 5.533772114264247], [0.65897798715365, 17.828227646066704, 5.364485727688152], [0.6930096655861213, 18.622264116824866, 4.898931346346082], [0.6506868559690331, 17.44305363462211, 5.515771528388612], [0.68726700834337, 18.147435483085324, 5.1813163902981145], [0.6839425719692005, 18.363629315853956, 5.11931649520643], [0.6548796456020736, 17.629311406683204, 5.355318414319843], [0.6905766307765709, 19.142978902105853, 4.665121253057885], [0.6532270921584182, 17.519376642539253, 5.53099825802542], [0.6696634800591083, 17.88485452736885, 5.490192282024381], [0.6791158224332736, 18.46293760745079, 5.087746180767946], [0.6957285233049414, 18.918151747366203, 4.894246776924874], [0.6897815879432909, 18.412613639092985, 4.9384559915849895], [0.6768058983948831, 18.239598905347027, 5.194433292583394], [0.6844343902777319, 18.259374014882233, 5.102673743595986], [0.6752827944395012, 18.139583069789914, 5.215636766898459], [0.6988742026973375, 18.442709810414286, 4.937411905568926], [0.6906572737138561, 18.557348686339857, 4.892613934827368], [0.6959069869811142, 18.666006925510555, 4.868258985890128], [0.7018671451287282, 19.03534303283605, 4.799067837882577], [0.6878065738464899, 17.80340672503322, 5.230731696870249], [0.6838576120020451, 18.468667114447268, 5.084149076089567], [0.6636385627239728, 17.790311100271527, 5.233631503698911], [0.6663466024867796, 18.075345410677542, 5.161101076050487], [0.6779961261998343, 18.084485822768816, 5.164471016319048], [0.6643774667931207, 17.79537373596034, 5.33491188919516], [0.6787689783048955, 18.401924619693037, 4.989883332325494], [0.6834071128423825, 18.02251839200333, 5.226825396756553], [0.7164801553508999, 18.80527617588374, 4.882158882992474], [0.6940374413897927, 19.141701978635727, 4.826910738767483], [0.6590404969079621, 17.917910221002188, 5.301035851247972], [0.6871058558660735, 19.021563488465617, 4.7548624893249425], [0.6437304128407327, 17.057292964817734, 5.9410285593497765], [0.6727303601296053, 17.874858357221107, 5.403752209321484], [0.6698639067522554, 18.247027101295686, 5.203348337016832], [0.6756155177744065, 17.95585010544072, 5.296572985369107], [0.6841558107383391, 18.271774551492722, 5.195399359795141], [0.6671243852688937, 17.782151310499387, 5.457358570977721], [0.685892958906, 18.28088577831675, 5.141495285163023], [0.688024797630872, 18.40017850071702, 4.985983008434731], [0.6795264616551072, 18.13502582007073, 5.23295656173473], [0.654541705838789, 17.06374073193016, 5.890537388732357], [0.6693506875778807, 18.26404164692058, 5.138198014055645], [0.6759518801033634, 17.84263080592375, 5.497757438003653], [0.6864001453375188, 18.40894455620762, 5.151346052931178], [0.6866376399962547, 18.606599716662892, 4.796083357304299], [0.691164828334092, 18.499898974920413, 4.918910836313399], [0.6795943308081152, 18.10958207124357, 5.121868297296212], [0.695269469259091, 19.026669611956432, 4.675597454393618], [0.6817186238346752, 18.32525260131151, 4.990288944545057], [0.690566993493706, 18.362131857925412, 5.014902507925102], [0.6755010726244959, 17.217182600975107, 5.5979417217948], [0.6810964373993673, 18.278363319048616, 5.004055562367965], [0.6915651119357488, 18.438860830993313, 4.947964870501767], [0.6661285450303268, 17.88298166448105, 5.340121857995106], [0.6668789463760268, 17.767541247542876, 5.341021001862224], [0.6733784413191428, 17.82478268721383, 5.2757124919439935], [0.6834100491591195, 18.452614128456048, 4.977450239128846], [0.6912997778833281, 18.502789091362082, 4.936359231376311], [0.7118735747110254, 18.384174668426393, 4.865801616087575], [0.6761010099416376, 17.797707373475802, 5.281950985110932], [0.690720848430902, 18.397290394939738, 4.982016750834189], [0.7027193951379161, 19.12571289275862, 4.8707573519046505], [0.704575044451409, 18.806364707252072, 4.68782376148793], [0.6750388748305894, 18.545191593967253, 4.96244697789815], [0.694198395460181, 18.39412352985122, 5.005585333174276], [0.6859865981228843, 17.9582486395089, 5.455681102448402], [0.6822446822367173, 18.129678197887834, 5.1948857249544975], [0.6880976882709186, 18.188337081473634, 5.147812379613008], [0.666214698148274, 17.928504238508218, 5.309761841513248], [0.6611333967749122, 17.99155611059279, 5.349841234340694], [0.6624551631635199, 17.63787212587117, 5.501912497779347], [0.6507861157718142, 17.66488353753661, 5.392581692423805], [0.6766351592053441, 17.81703033816779, 5.228179051178273], [0.6466819907323805, 17.311758271082574, 5.724063262398939], [0.6891592371475915, 18.370341207779973, 4.9587673316174055], [0.6714615015454724, 18.38010852838672, 5.090547471632659], [0.6818506817213986, 18.510542146958315, 5.1592203657507465], [0.6840422285217409, 18.347322621019316, 4.936548363243874], [0.6787012675979651, 18.11331125806044, 5.377137078183724], [0.6866567188795502, 18.672507866817732, 4.814403151417476], [0.6735438348007465, 17.852806215230014, 5.268228646149311], [0.6756765468047137, 18.50173054164384, 5.193585337609047], [0.6631888117847754, 17.866636492298703, 5.510266301253155], [0.646345139170565, 17.55225629028645, 5.5754186877294565], [0.6400663263542117, 17.168953628859356, 5.852247816302619], [0.6553936685623281, 17.87261676653103, 5.468110708126014], [0.6813156102349048, 18.15313012031838, 5.2253732334454455], [0.6652516893676784, 17.69373908621369, 5.3368519251463695], [0.6942088593303682, 18.591685056205712, 4.882575741823521], [0.6756353041018167, 18.179720747747734, 5.280211913739917], [0.686618480347964, 18.427921319548858, 5.050189828394824], [0.6858925767278113, 18.067436009077355, 5.0996875329220295], [0.6626467976134941, 18.3810052124728, 5.1659057035445475], [0.6809666699804185, 17.877883233886845, 5.080777656828797]],