{"run_idx": 26, "seed": 126, "x_best": [0.679348364289944, 18.157800831545, 5.164825228355923], "best_J": 0.1485002351804009, "P_final": [[0.679348364289944, 18.157800831545, 5.164825228355923], [0.6683732220366532, 17.763208738492995, 5.2656296695769065], [0.6930135370123155, 18.54103597294729, 4.8701266983112195], [0.6710360072131443, 18.04786186811045, 5.157121070642463], [0.6659030203254319, 17.822451899408588, 5.3498109367982245], [0.688343100854059, 18.347159875136043, 4.973681658789548], [0.6792826090757531, 18.424114570018634, 5.119425150110741], [0.6870985806631354, 18.72251118952633, 4.802029626056699], [0.6885747089814459, 18.498874499490903, 4.915381049867676], [0.6801936943665965, 18.390793006449016, 4.957099129241856], [0.6867865774636261, 18.280799262644955, 5.096301575086446], [0.685976858787918, 18.371416616179104, 4.998695396737396], [0.6902197059138411, 18.47037119213173, 4.991412666117014], [0.6632398015928855, 17.651572412207006, 5.4600984649782305], [0.6749009369297062, 18.09028961463351, 5.264456118215103], [0.6780121466902566, 18.041372648832485, 5.262960857083986], [0.6868858254106972, 18.282876408711136, 5.133991791983913], [0.6798002571071894, 18.523787612257912, 5.003459382140697], [0.6831285228953875, 18.23035110043819, 5.097220636827975], [0.6757295154791579, 18.515854663963477, 4.903089863495065], [0.6872818184412754, 18.253524036878034, 5.079630407238815], [0.6705838097948301, 17.98225073188159, 5.248415413366033], [0.6863703074960201, 18.327061895815106, 5.056504870431715], [0.67759745735666, 18.156760004614576, 5.1421008419733845], [0.6748954655173187, 18.18414816252904, 5.099895260471028], [0.6948397956094227, 18.554488358986827, 4.956635841277295], [0.6783041177433125, 18.2394957019436, 5.119331919474842], [0.6832732246454941, 18.398485100191042, 4.926318900726889], [0.6812303144010448, 18.163627485467014, 5.215690760090904], [0.6739917660452452, 17.979692427643162, 5.158695689670887], [0.6768428672199001, 18.532200666000076, 5.000149990006447], [0.693311886403191, 18.701418423735316, 4.739573862281915], [0.6810491786250995, 17.859201088360606, 5.367718423096763], [0.6803104313878496, 18.10852887181739, 5.168564412158235], [0.6586997932662116, 17.520294544680763, 5.599713407366565], [0.6886990535223337, 18.570754600930766, 4.9501186679710525], [0.6856696884002971, 18.283019176579714, 5.161016334786408], [0.6785650232370105, 18.165753430441843, 5.192134160666342], [0.6848703132488934, 18.287772397144344, 5.022123027789155], [0.6857683771087362, 18.4170208436843, 4.971956145285517], [0.662623948212168, 17.79852417302297, 5.451643803649439], [0.6840853548679691, 18.44907445468946, 4.989829609947492], [0.6759521917295541, 18.025215791357333, 5.33590104612462], [0.6750243772933632, 18.2089017837713, 5.123136020825179], [0.6914039711314471, 18.584300326026245, 4.9839849809843635], [0.6889068196509974, 18.323946376104445, 4.989953133345786], [0.6829263786767135, 18.24910745043505, 5.098766285762066], [0.6682038878965414, 17.673645390532528, 5.535908497643549], [0.690339748000046, 18.591653317352986, 4.893474185660663], [0.71044675035203, 18.956067406981226, 4.801693385310639], [0.6882662093630288, 18.116588031639406, 5.117975898470014], [0.6731040060876992, 17.88055141813762, 5.354342243547615], [0.6968600327739776, 18.76832634656214, 4.7710400774130655], [0.6869001417665946, 18.428347868005144, 5.017208551196887], [0.6853993215585082, 18.46530986206525, 5.003363487288162], [0.6993919159439191, 18.664554362115343, 4.753247358188892], [0.6871353986269471, 18.17506490214627, 5.166211625403841], [0.6838020845015591, 18.052707008983226, 5.1906144271268975], [0.6904211761324206, 18.402568368599987, 4.968167557199386], [0.6418354233730797, 17.196283628156444, 5.725482524529733], [0.6729803552708139, 18.23765930546551, 5.1591798595439275], [0.6780149689190141, 18.304689063425876, 5.18397059121544], [0.7026557819764575, 18.728331477444023, 4.864640888724393], [0.691057736194824, 18.477076940502876, 4.922446999688113], [0.6858941070788565, 18.38043043682731, 5.177854944889772], [0.6804140630557308, 18.117327590435544, 5.255279384782678], [0.6732093895997598, 18.005037235618428, 5.2542847625436515], [0.6860167803541461, 18.496964333800957, 5.009610231997753], [0.6888300009139363, 18.64131593107725, 4.946987898676188], [0.6786508740098461, 18.046186485523453, 5.367471289131059], [0.6868173549159281, 18.221402015632343, 5.195760259352985], [0.6762588290491338, 18.260922238071256, 5.065858990377569], [0.6905857401072589, 18.526307311586724, 4.901183589316313], [0.6844428481022137, 18.086771061504507, 5.096574189678684], [0.6742061438809431, 17.983732098917308, 5.256167900986158], [0.6832519657552271, 18.28710603532734, 5.139398724530675], [0.6743048191628672, 18.25469880653448, 5.122617278387944], [0.6909050849283535, 18.525183639948864, 4.8382679137202], [0.6865166082420957, 18.358255636776754, 4.968563218968617], [0.6947169489652437, 18.084952309020792, 5.250357841116292], [0.6935138878227822, 18.51860013176799, 4.923602455704517], [0.6967298444980172, 18.390739320831095, 4.984499162656858], [0.6747618639521051, 18.05723289920578, 5.28312797296039], [0.6734891087507692, 18.11306761268169, 5.083106367079186], [0.6713315542350775, 17.93858214032805, 5.357940014891534], [0.6779207492988406, 17.89849320383522, 5.2471462194249145], [0.6834880358404316, 18.209980999726156, 5.204217234013571], [0.6649933531843933, 17.90653381598558, 5.2797833179979765], [0.6851083445477038, 18.284169251586846, 5.065200041529639], [0.6811769575278942, 18.10263367463665, 5.187732927544692], [0.6849392588322386, 18.321850784349074, 5.022210413389171], [0.6903211148864201, 18.63337276439361, 5.01285481556703], [0.6774616886116414, 18.29441509382447, 5.083033290764211], [0.6847045524096713, 18.15726273937145, 5.143089710691216], [0.6849329898373356, 18.17051922860306, 5.177909889587067], [0.6890706173248752, 18.25627398253691, 5.060569250329856], [0.6807483319264716, 18.299225999883838, 4.994323803417959], [0.6824694238364465, 18.486226884133107, 4.965750717509556], [0.6571369603247177, 17.725824682863433, 5.402884304978397], [0.6965505527247035, 18.732122965728124, 4.884880648841342], [0.6644992174641473, 17.743623118890124, 5.501989135696439], [0.6720266286988742, 18.133644710550847, 5.229329182340745], [0.6874686230077671, 18.453436935121324, 5.023933185148788], [0.6851011651823834, 18.152281510015804, 5.094531757011252], [0.6660551522940233, 17.794982922361502, 5.494942943707693], [0.6826206045342901, 18.125161081725842, 5.126874758377172], [0.6778124998938819, 17.94150144552367, 5.273057089300112], [0.6769503978981388, 18.112751561442042, 5.106484621671143], [0.6762277604199988, 18.301105132952372, 5.128521421650026], [0.6886768387616051, 18.320909669525676, 5.101698390657052], [0.6698080778045019, 18.081875730021142, 5.173779961677187], [0.6938395726340341, 18.545764172482357, 4.941489684912348], [0.6821430422048228, 18.14326328292057, 5.22278665288767], [0.6869018789227306, 18.2156852986147, 5.114080803820304], [0.6766001210693426, 17.891267569315204, 5.38432234379634], [0.6716165729431209, 17.91722079012505, 5.323053365077209], [0.687671252470107, 18.303482043938477, 5.107474183255631], [0.7028627007573056, 18.91548762750476, 4.7497977937476605], [0.6850297398103327, 18.10020526084079, 5.2152675030437585], [0.6690260209019507, 17.881635701686967, 5.43505082025578], [0.6775581653893797, 18.29882547663243, 5.078111261747033], [0.6782269235171761, 18.07991123433369, 5.166793275967901], [0.7025172502647432, 19.079065452029237, 4.591960243682644], [0.691098074955996, 18.50936504209087, 5.024988821157336], [0.6850460762929802, 18.26482448952494, 5.118942443894838], [0.6854778958765021, 18.387549982744908, 5.004220529520715], [0.6725763987378244, 18.255412183770304, 5.096658020571425], [0.6798068933413222, 18.433347587480903, 5.013011388779814]],