{"run_idx": 23, "seed": 123, "x_best": [0.6795334702975858, 18.163371734633124, 5.148686469842406], "best_J": 0.14850650233228507, "P_final": [[0.6795334702975858, 18.163371734633124, 5.148686469842406], [0.6893052975694812, 18.618913946680657, 4.9503987920885475], [0.6803841391269068, 18.332735322097474, 4.995462023893715], [0.6863038814452643, 18.295234489908577, 5.103995360619221], [0.6897736982291298, 18.267687275510653, 5.0600454427806], [0.6663608856521749, 17.790445993460935, 5.429497462039812], [0.671531768992207, 18.061304221966616, 5.1427837999540404], [0.6613296723197853, 17.65211271732877, 5.44076165077667], [0.6765691304375652, 18.008789496121867, 5.1946186028252335], [0.6901759656890084, 18.603275645926104, 4.96310731228486], [0.7084294311825027, 19.009139986314334, 4.611220847570456], [0.6753164058903863, 18.275606416005882, 5.136893223936042], [0.6735349727084167, 18.165375566586086, 5.208834842710013], [0.6689985668224506, 18.335431539822075, 5.1918544285042], [0.6902012509778523, 18.41341909182782, 4.992791385261796], [0.6799654472668215, 17.88754711990876, 5.358186164770386], [0.6836028939128578, 17.912918538873058, 5.245796129014085], [0.6701695646858017, 17.957746890375873, 5.210485404243627], [0.6969404228474333, 18.59572838460263, 4.926259806791677], [0.6900023522147836, 18.423958945672023, 5.013986385548684], [0.6654243273887616, 17.657710435509923, 5.41038829268753], [0.6778693806539728, 17.96788799040831, 5.224637567615547], [0.6819626017533104, 18.19154295329393, 4.964661157050255], [0.6821031630244418, 18.11704241274349, 5.174170449655257], [0.661313102302107, 17.46659694664345, 5.51952965430756], [0.677299165117736, 18.58027089433437, 4.916590060180297], [0.6724185918719444, 17.978514200012775, 5.3212529219946045], [0.6656740222148527, 17.80196811606895, 5.319899152770789], [0.6911436080653581, 18.236827353368888, 5.128940146839401], [0.676720661867435, 17.820189746158555, 5.286624724590968], [0.656410859159637, 17.471174490330196, 5.6465542403913656], [0.7147899905185635, 19.31129371507614, 4.628901432941992], [0.7028734681284946, 18.875531896644702, 4.7263633161533765], [0.6905506545111634, 18.423047310265396, 4.969472800629408], [0.6810576588398528, 17.956335986212864, 5.25229137997105], [0.683040522798219, 18.28608801477266, 5.06071819095542], [0.667109935179365, 18.019422751873158, 5.254083744911643], [0.6757112317135041, 17.983666492313887, 5.243582580973049], [0.6645295336748744, 17.751486843694266, 5.315920546182619], [0.6866572000151066, 18.560047211865545, 4.8366572875355], [0.6831265935228998, 18.50265634267119, 4.9784978486800355], [0.683352888488998, 18.06631648839694, 5.115032618673366], [0.7115983177885787, 18.97657360863949, 4.699783062537458], [0.6757847875686694, 18.248993510928724, 5.142447523326254], [0.6481729643174291, 17.207322964192254, 5.736478802462429], [0.6674524023656799, 17.744689569830133, 5.673335160358908], [0.6764950292588207, 18.331727180128073, 4.952886683747641], [0.6871142984294599, 18.1730896441931, 5.162639632392764], [0.6483644824890695, 17.546642333781023, 5.560538610442018], [0.6724495301541349, 17.839716925017306, 5.381087183329498], [0.6631074361005136, 17.539748616993364, 5.440068107591021], [0.7013145908628127, 18.805353741409967, 4.646134314158074], [0.6837242782612859, 18.05033865433449, 5.2531688017776705], [0.663441395458837, 17.469387079119585, 5.510355922279983], [0.6776202898786456, 18.04745095063224, 5.265245551225105], [0.6519392301704757, 17.280904955262283, 5.628290355376729], [0.6719489903145773, 18.28357883903793, 5.022611425384701], [0.7072888971876815, 18.915984497670753, 4.833796309174872], [0.654969388569506, 17.549471521689952, 5.5250641873736335], [0.6524175086932461, 17.20230111716566, 5.643735499313781], [0.6732560830716973, 18.072508796211423, 5.212319424453609], [0.6973689013444124, 18.40854137261909, 4.98996001488546], [0.6923933591390578, 18.18026098694489, 5.099646208262371], [0.6820988276682693, 18.237304252810873, 5.00394887478727], [0.6799498888893236, 18.495415184586328, 5.190693944098838], [0.6731145166029321, 17.933301749115206, 5.3539763318251214], [0.6891575308376446, 18.763590182633187, 4.794607904224776], [0.6987964996214259, 18.825472269299453, 4.887807345998979], [0.6837956785196438, 18.12553595030171, 5.172427116896458], [0.6533532561510328, 17.141994921119196, 5.674814748853821], [0.6829222885191898, 18.169398008191763, 5.159324743452071], [0.676035204255273, 18.10083461886315, 5.209924999802537], [0.6733242212037513, 18.581841501480664, 4.998570685908902], [0.6934763141308535, 18.616708364177192, 4.959419215617579], [0.6758720213441117, 18.05561169476395, 5.235377034075118], [0.6515446681914436, 17.507853126110987, 5.661761288348922], [0.6740964036161414, 18.092139793539346, 5.191749888396242], [0.714788553698405, 19.13830915355691, 4.599663125430741], [0.6761292120698887, 18.184408227247843, 5.111872920405304], [0.6764926222241878, 17.69411238757183, 5.543406708803943], [0.6719781865829887, 18.084710683107858, 5.291185092788963], [0.6561688196778358, 17.927112273885268, 5.3428957171620315], [0.6872937008109057, 18.32513517729431, 5.167724166462337], [0.676329784899067, 17.86385258726738, 5.363019914788005], [0.6966750959049853, 18.85501799095483, 4.841161302932866], [0.6599405356940672, 17.29035746554019, 5.52170743826405], [0.6591838269249071, 17.744928197466106, 5.575633424042211], [0.67306771713562, 18.22349162868641, 5.088323794157965], [0.6786286559516544, 18.18910653553811, 5.180092505048814], [0.6577869767669865, 17.4632445610578, 5.490655231993717], [0.6633690877484479, 17.525921415208842, 5.59756967561724], [0.6733019951497922, 17.990921242634464, 5.344094929787234], [0.6661599111530047, 17.90917773362235, 5.5110186437915765], [0.7002293214387327, 18.55932808904084, 5.0604007431887545], [0.6835500884238666, 18.81568758509136, 4.821144990164283], [0.6729432432150468, 18.175883639030406, 5.095907631664925], [0.6904189071572348, 18.753940881623173, 4.7697269698858165], [0.6749417196045615, 17.8969617801377, 5.190572364593937], [0.6724187066276284, 18.33996059300344, 5.038802191740292], [0.6951103206654211, 18.482877823555093, 4.9542105775756795], [0.6627869287728586, 17.518051833329018, 5.506218124735835], [0.6816512434405343, 17.994678464499565, 5.366907493433462], [0.6610693780085757, 18.08933729490016, 5.290826589236836], [0.6650387672820302, 17.943467176205253, 5.238566978446814], [0.6706548085504244, 18.204278229589363, 5.150014016415268], [0.6779812681697199, 18.067516570167342, 5.1920562982734975], [0.6839467314180707, 18.491489969625416, 4.93155042933798], [0.6945710460941089, 18.71200244876581, 4.769614633120309], [0.6817371319172033, 17.93779015986824, 5.336806060351595], [0.7010060791640883, 18.586143841663862, 4.907924519193703], [0.694723966223183, 18.32514535035941, 5.051651332671163], [0.6922502909348933, 18.784540707179065, 4.789014709257252], [0.6701162711896156, 18.012930368047208, 5.300874560889108], [0.708400449781225, 19.030285790483198, 4.707093424843439], [0.6914832668843343, 18.601397165488205, 4.939642897223575], [0.6764212407270547, 17.976397648291528, 5.27085603582219], [0.6727622908557559, 18.246682468698083, 5.166450142851], [0.662996050016668, 17.83737848777048, 5.382824517541405], [0.6664899190537248, 17.487502939988765, 5.655147402939917], [0.6450240752276512, 17.393850514376865, 5.526068052022016], [0.6868041106302156, 18.414207412976296, 4.997045768696282], [0.6770691078388653, 18.295514228192815, 5.092651230872779], [0.6725974972066878, 18.164033510712148, 5.088204507884406], [0.6979603077326684, 18.504545018257854, 4.87195978587391], [0.683001927639738, 18.436935911792304, 5.047281438896096], [0.6765879196321076, 17.974240988818824, 5.285722383993521], [0.6757074854627152, 17.902215291035052, 5.277380202247485], [0.6787066122371023, 18.05973884332284, 5.23639949801947]],