{"run_idx": 29, "seed": 129, "x_best": [0.6775549826912889, 18.139704980366712, 5.171374165795704], "best_J": 0.14850603734196852, "P_final": [[0.6775549826912889, 18.139704980366712, 5.171374165795704], [0.669649082646826, 18.271836303311964, 5.158056342214071], [0.6608800305316401, 17.91947252249927, 5.264051742996173], [0.6675738683145661, 17.77319772838924, 5.395663856549284], [0.6987923665700754, 18.79535328406123, 4.6977148962288275], [0.6857151569031174, 18.392389127855004, 4.959272219657111], [0.6636993761300959, 17.883258640383616, 5.352430304076934], [0.6859067952751144, 18.134146092549905, 5.186325827636345], [0.6886177606034911, 18.0839274791607, 5.290875016775061], [0.6705111470813915, 17.652281385733414, 5.400066651745785], [0.691830321157882, 18.223493881500026, 5.1161508578262715], [0.707573739967959, 19.24348998257667, 4.7212385102223795], [0.6729758770639468, 18.02330485824025, 5.365021329539685], [0.679100586566954, 18.144949951300042, 5.279464662471176], [0.6900015959209056, 18.488734276155938, 5.118113634394987], [0.6996808537792254, 18.72772492611606, 4.7139181957486755], [0.6927122663123467, 18.662532406371238, 4.90505210183575], [0.6734037111940618, 17.936032316405537, 5.267304082672643], [0.6874747098354917, 18.53220801995731, 5.049970579530417], [0.6856780040260065, 18.148421359670536, 5.298983015380955], [0.665776916602261, 17.803669236235912, 5.450771801718709], [0.6692620867973509, 18.198962460971554, 5.078827505731329], [0.6731177539310209, 17.73110630259785, 5.331988138412761], [0.6847154629312213, 17.93001798390663, 5.438927320926897], [0.6530584479439128, 17.227422449705657, 5.7163616775565025], [0.6831874464310951, 18.517692503605453, 4.958922622629936], [0.6763943968211102, 17.9297057769885, 5.254523040198617], [0.6795819879286938, 18.476586616249932, 5.232099400086609], [0.6980866528950385, 18.618154861417366, 4.940983375981869], [0.6632915510687065, 17.62638195090458, 5.646872862164889], [0.6934590784348846, 18.42457868023795, 5.012931382402563], [0.6509826783154875, 17.42626299674774, 5.855982712643099], [0.6935215501279641, 18.52921854149681, 4.911933291422228], [0.6632783152213296, 17.98115468025994, 5.48415293620414], [0.679154168801297, 18.34219032772065, 5.067240919493523], [0.693107277588736, 18.793764717561785, 5.034537838378059], [0.6711151459087583, 17.67734886877806, 5.4475731546000965], [0.6804471253164338, 18.353282842999516, 5.235322196922613], [0.661035295828929, 17.59243493031223, 5.538752923546188], [0.6724256279690016, 18.07378271668463, 5.2417885160252595], [0.6848129544321224, 18.242907299386484, 5.070245788883623], [0.6807348641458127, 18.19047243048435, 5.261150770286578], [0.6934190665053106, 18.451363655832132, 5.1045386728175615], [0.6836180600833175, 18.169965421503694, 5.130061290360139], [0.6873187753210557, 18.246468015187695, 5.021341224111033], [0.6649318598635581, 17.769237009175505, 5.270855301508917], [0.6760830253199102, 18.47959146445563, 5.0672181176682685], [0.6761053731308155, 18.03551033849185, 5.223678836989567], [0.6753032442055371, 18.310374910261487, 5.047336074767328], [0.6574870836876576, 17.46584750591185, 5.520765339708767], [0.690149097636354, 19.03662003148112, 4.773077507870045], [0.6776464920571262, 18.42624779287476, 5.021381795331244], [0.679076282629319, 18.2668272394846, 5.102710510655095], [0.6933234926721786, 18.44984032151637, 5.029012283835613], [0.6615776942220819, 17.744792232621784, 5.627943720336043], [0.680076207228458, 18.277595799794234, 5.083519393887919], [0.6603612238905253, 17.7045729809351, 5.329677219013803], [0.7070372129166996, 18.738284166741987, 5.007195581240193], [0.6647212270478919, 17.654551707330224, 5.500678721367121], [0.6682572796317879, 17.793760033867024, 5.229700774755408], [0.6806157129489956, 17.90738095773877, 5.281416585211332], [0.6897854107985476, 18.109763854146134, 5.264397965301425], [0.6738748664503786, 18.561918115524914, 4.898627553471009], [0.6753900005559191, 18.072731160251767, 5.049823996051286], [0.6752603607078118, 18.069669242762778, 5.2107344221192236], [0.636236626233523, 16.825244228481587, 6.0614053215629955], [0.6869713353492322, 18.530010234091602, 5.064482048254476], [0.6860601899110115, 18.264640606929774, 4.97850840468727], [0.6563452120103089, 17.363227826173073, 5.77846473605355], [0.6791398076639046, 18.129475833592032, 5.101812563352919], [0.657049293046563, 17.276483646500083, 5.750420400660461], [0.6740468961741523, 18.118370471511188, 5.30632055450444], [0.6825396060985014, 17.99204724514726, 5.292763425663779], [0.7050094329308402, 18.892951775201922, 4.739852002437226], [0.6860594137834728, 18.285438634283246, 5.00504614992221], [0.685004054454545, 18.33235337002792, 5.141708438504223], [0.6690545662449567, 18.255822585277734, 5.1197376963019465], [0.6879378476674903, 18.12591246250791, 5.345967403389617], [0.6551900143452519, 17.354521443885847, 5.709021260466747], [0.6790633553642451, 17.788346387179413, 5.43704181906071], [0.6804297270467697, 18.26427623774358, 5.045745832831464], [0.6521753532056292, 17.586437639152997, 5.41364488030397], [0.6763150182048779, 18.03924491329427, 5.304587277413546], [0.7080217599920042, 19.223591484224787, 4.647050777862319], [0.6769786244113869, 17.966946689026425, 5.2255459390515515], [0.6796356059063592, 18.28137285275951, 5.018633375579654], [0.6815314569093359, 18.03996088920855, 5.289486438449355], [0.6582481927153413, 17.475495788504503, 5.658850212604872], [0.6608040732798288, 17.42634633363809, 5.458328831066693], [0.6772719932498292, 18.28302693629154, 5.171479407547462], [0.6557287724457572, 17.910240693219688, 5.3304864980423545], [0.6624097576711652, 17.735498692378833, 5.285945289260985], [0.6697293022834473, 17.920155340070597, 5.33568917595818], [0.7005856753818618, 18.933597821808792, 4.624971613578682], [0.6702617444729851, 17.867553341154824, 5.373770628047607], [0.6823831280783423, 18.428910493864382, 5.090814683270791], [0.6750984343942423, 18.105181049460047, 5.167360025990458], [0.6944350828435988, 18.345144380056784, 5.162430834635144], [0.6935766602196731, 18.563398354273204, 4.999074587153807], [0.6794012702353154, 18.049988255345134, 5.247295032273593], [0.6884082733109573, 18.49766416109233, 5.0137435246642195], [0.6968470705049166, 18.96009014335621, 4.745292075938069], [0.6534482744125568, 17.75119057566709, 5.316485041515719], [0.6611066470756004, 17.68632228457569, 5.499955440594862], [0.6744534891136437, 18.060538635348742, 5.099045624834941], [0.6805535181927955, 18.1606264592591, 5.246017467324005], [0.6582592614261762, 17.719527254574814, 5.259834551417779], [0.6846417751598766, 18.15872444107042, 5.305025590470089], [0.6636475228359535, 17.76335789018752, 5.424228578471595], [0.6690226778227762, 17.860497642251225, 5.516976548837485], [0.6720912196680598, 17.968257931698147, 5.3443558198391745], [0.6960609760568482, 18.726431624379227, 4.837412166482416], [0.6675173562950767, 17.912677550749223, 5.205118995114262], [0.6994421019061916, 18.96611927729129, 4.77652728294267], [0.6750383131103252, 18.401021453334142, 4.973574236460831], [0.6893036201669335, 18.264439117987802, 5.084773097237859], [0.674147227768385, 18.060805216519928, 5.1678781502075335], [0.684056920849315, 18.292547478198397, 5.090830949615956], [0.6565893496174611, 17.580888276413255, 5.588698198859179], [0.7090597554707708, 18.93690483048692, 4.6662391414044055], [0.699266197633562, 18.842804363935034, 4.713450679849965], [0.6800741834665595, 18.10204945602603, 5.2663523756708805], [0.6852109538911549, 18.36817170104789, 4.984294893561184], [0.6797889953989953, 18.233159625641882, 5.1499683851349545], [0.6647355443868064, 18.191951505424804, 5.3085896697271], [0.6941623955281888, 18.562235391597213, 4.8871976373448565], [0.6597791957571744, 17.852446268876257, 5.348306677672994], [0.7025136070259446, 18.572644539216412, 4.998387249413993]],