{"run_idx": 19, "seed": 119, "x_best": [0.6794069344091532, 18.121837050031104, 5.1938159395807], "best_J": 0.1485270214467767, "P_final": [[0.6794069344091532, 18.121837050031104, 5.1938159395807], [0.6801748134776103, 17.923924488771874, 5.471767529092459], [0.6762577833325323, 18.17846789137137, 5.171740643869173], [0.6989235695114842, 18.667861887809465, 4.7877415610422815], [0.6680353404006413, 18.143752843230377, 5.037824813706374], [0.6858227603597439, 18.268931962984766, 5.140548566565803], [0.6464676741157616, 17.57663156898918, 5.609578156944593], [0.6829846792106449, 18.3048175363326, 5.085888572590617], [0.6672078066545654, 17.66098281421533, 5.485499610472035], [0.6761256732539136, 18.017768614513443, 5.156956351806166], [0.6635631797528705, 17.86989646859613, 5.374043784052651], [0.6834995462048216, 18.30586521592022, 5.127240351826975], [0.6769302268063089, 18.0025608326672, 5.339279969856353], [0.6784039851589005, 18.072449755333174, 5.0842401435342985], [0.6799437049046853, 18.04710175229056, 5.293142714206066], [0.6863832827051181, 18.346827131372073, 4.952056096336349], [0.6851120494975166, 18.243558781517454, 5.088983667409581], [0.6899899915821407, 18.532465428538817, 4.988142848280777], [0.6760122684694048, 18.05507906548347, 5.288924455274694], [0.6601466272056158, 17.813330112972054, 5.4235436357733064], [0.6832316935786311, 18.304402371735616, 5.040104252890043], [0.67842338214876, 18.10168390376588, 5.119855407410311], [0.6884530984331315, 18.398743969196765, 5.024136387299407], [0.6733413552969131, 18.03304794427929, 5.121539181532928], [0.6858493257273506, 18.309179893953306, 5.122021963874616], [0.6836125326696332, 17.98278672264076, 5.343423018022278], [0.6713525182983502, 18.16976796827439, 5.2285529989217885], [0.6725712372129751, 18.110596968169396, 5.147902515644418], [0.6771074259339874, 18.035642238778824, 5.338493127555761], [0.6748655994114875, 17.815790984518397, 5.176944405645539], [0.6804417709111745, 18.036562816213973, 5.121649898083682], [0.6726108106682214, 18.069796205614097, 5.168643620976537], [0.6860552704334807, 18.334108563191457, 5.036398731971758], [0.675805234269477, 18.032980546011988, 5.308242011544568], [0.6679102403833121, 17.96652740579999, 5.458015470834393], [0.6899540660224106, 18.47434205512451, 4.977995943899591], [0.6803168360101867, 18.160524110276786, 5.120527420691451], [0.698609818234287, 18.643934559588963, 4.911748562825805], [0.6827893669802574, 18.235813754115732, 5.0722010337962615], [0.6812860912287398, 18.134921809257598, 5.096964485749595], [0.6943067517836511, 18.37645290886948, 4.998724234353592], [0.7080482688700348, 18.983104753591483, 4.668099151774422], [0.6834034904749866, 18.504054735897252, 4.863024579999642], [0.6833513436956055, 18.43211181635875, 5.053930612493076], [0.6712097342205765, 17.91771501711313, 5.215060434028683], [0.6860517648148627, 18.06348055174964, 5.319051763530277], [0.6880416423354065, 18.228189110457492, 5.175688352872246], [0.6568049653253453, 17.513890365222505, 5.827105340224609], [0.6428891135646116, 17.57566443072761, 5.526292262497904], [0.6823317301114489, 18.084223826428563, 5.32007544394652], [0.677850592477789, 18.043154605167253, 5.236539037002217], [0.6830633398483376, 18.35330003974264, 5.047606527782198], [0.6729067713625602, 17.93245623907423, 5.250588702684519], [0.6508926131027761, 17.667774542956867, 5.492357786178831], [0.6798635610039957, 18.198492496599776, 5.031276173437282], [0.7056271166920098, 18.500960363017654, 5.03317489447077], [0.6934320718192232, 18.786814214972352, 4.714796538398403], [0.6639895822910864, 17.64293501636284, 5.589049639468211], [0.6854883960855829, 18.230475295121494, 5.098018214892226], [0.6881616508826345, 18.4726323213959, 5.004817402283473], [0.6782296405137411, 18.115089737116747, 5.24758498518789], [0.6832056251222961, 18.226890517519866, 5.194411645922058], [0.6752508292943653, 18.298261053492155, 5.108098269510064], [0.6627196358947384, 17.732655872997917, 5.568241425286425], [0.6548212307986107, 17.69910350302019, 5.388457037038725], [0.6654755129722161, 17.71068033539519, 5.4319921504550965], [0.6925843747440452, 18.28155101387397, 5.104896036058918], [0.6889436126427609, 18.35091968607626, 5.056587676077433], [0.6840376013215398, 18.333122738739323, 5.044684975282248], [0.6901842611159965, 18.433978938760042, 5.010646151188192], [0.6810882728239575, 18.22744519778321, 5.071374470579116], [0.7013840939775011, 18.950115522440107, 4.703199069488667], [0.6898307457894958, 18.664101679967565, 4.9392930971141435], [0.6951976932042772, 18.524929518831264, 5.121696882022576], [0.6571996455390443, 17.767779340497825, 5.391326885216781], [0.6697131640505218, 17.89371602666447, 5.334480856948311], [0.6806940235172931, 18.3044423983179, 5.168211075352712], [0.6813677420724222, 18.288686948325253, 5.055170249843455], [0.6800191655333143, 17.9845099263837, 5.3260482745390245], [0.6914545039807424, 18.621732576023, 4.801412828340315], [0.6767828419396913, 17.855500751164737, 5.322364765505409], [0.6664000246552031, 17.97027383133084, 5.329364179946337], [0.6736649987819417, 18.30511081143296, 5.118707679050024], [0.6718751477352409, 18.021976984029045, 5.213406985816151], [0.6764845658338917, 18.03927771143018, 5.341316637128923], [0.6883996357110678, 18.63632723438574, 4.9962266827479045], [0.6711978472748674, 17.818046750263193, 5.281775517885208], [0.6911431152557381, 18.56644404976928, 4.971761907072054], [0.6782291288723519, 18.05246677629323, 5.202545775273384], [0.6795938732959974, 17.98657466180988, 5.167027814319237], [0.6806599127055998, 18.42776214589055, 5.122389409639274], [0.6731279615348488, 18.015928055069857, 5.468152201899645], [0.6592487574562043, 17.175979870390584, 5.839154721681437], [0.6737689897808727, 17.921575728990558, 5.30904989537224], [0.6882032256187699, 18.331877817130135, 5.020158718101033], [0.680699272864306, 18.3894071628238, 4.960611309236647], [0.6895837494210295, 18.480316859305265, 5.016914880179499], [0.6708830857380581, 18.037227539894047, 5.244636393486957], [0.6811416793999832, 18.24854846225784, 5.178840649229631], [0.6895618692816314, 18.426064404765633, 5.06265783684662], [0.6838850360815109, 18.626812607620963, 4.947704914712913], [0.6792647160390948, 17.943437893152613, 5.2813801699112926], [0.6750325257123958, 18.085037758068523, 5.343909836482821], [0.682782749674341, 18.419309841194384, 4.88645407539355], [0.6635181794411151, 17.45154611100414, 5.581077110503529], [0.6924002674249956, 18.73600915395294, 4.763571017623351], [0.6841841647224013, 18.295607090079876, 5.029081795882092], [0.6797484502983918, 18.28425514376534, 4.973606859594701], [0.6745682937103896, 18.12258474865245, 5.254707861969122], [0.6921604592417185, 18.423677664855088, 5.005934105928835], [0.6704891538195803, 17.89770624022412, 5.300505385879674], [0.676698452597341, 17.95583094435164, 5.2832296560966014], [0.6804313852062327, 18.01378353850062, 5.272090176076286], [0.6796723783818454, 18.252309289330277, 5.035201395915905], [0.6754808985459642, 18.254121220077295, 5.152489398469696], [0.685660714383309, 18.221486174257485, 5.229636919943895], [0.6830874806023258, 18.490128197313883, 4.967047945650359], [0.6750564449746335, 18.144838336031764, 5.106248616700238], [0.6611663655742641, 17.572160609301157, 5.5457721186241535], [0.6837294223068395, 18.269944483435847, 5.169738416540284], [0.6923370340159859, 18.06388707565624, 5.179539537937259], [0.6768351297918391, 18.17615446236888, 5.297449276933216], [0.6973218579819703, 18.725800342434177, 4.907693982303821], [0.6730111269932488, 17.747479217805164, 5.411948521890007], [0.6770659651162138, 18.508108569677717, 5.016052926264276], [0.6811277800284014, 18.278588367461943, 5.186264175618113], [0.6885221375294248, 18.603479456745838, 4.796770276153451], [0.6723370160997408, 18.027846231429166, 5.184457630184037]],